k,b,status,cyc_modular,num_attractors,delta,lower_bound_ok,M,max_tail_depth_overall,branching_max,distinct_modular_anchors,elapsed_s
1,2,ok,1,1,0,True,3,2,2,1,0.0001
2,2,ok,1,1,0,True,7,3,3,1,0.0001
3,2,ok,1,1,0,True,12,3,5,1,0.0001
4,2,ok,1,3,2,True,18,3,5,1,0.0001
5,2,ok,1,4,3,True,24,3,7,1,0.0001
6,2,ok,1,3,2,True,31,4,5,1,0.0001
7,2,ok,1,1,0,True,38,8,6,1,0.0001
8,2,ok,1,5,4,True,45,3,6,1,0.0002
9,2,ok,1,2,1,True,53,7,6,1,0.0002
10,2,ok,1,5,4,True,61,4,9,1,0.0003
11,2,ok,1,3,2,True,68,4,9,1,0.0003
12,2,ok,1,2,1,True,76,11,8,1,0.0004
13,2,ok,1,4,3,True,85,6,9,1,0.0005
15,2,ok,1,3,2,True,101,5,9,1,0.0006
14,2,ok,1,3,2,True,93,5,11,1,0.0007
16,2,ok,1,3,2,True,110,5,9,1,0.0007
17,2,ok,1,5,4,True,119,10,10,1,0.0011
18,2,ok,1,5,4,True,127,7,9,1,0.0009
19,2,ok,1,4,3,True,136,12,8,1,0.0013
20,2,ok,1,3,2,True,145,7,8,1,0.0011
21,2,ok,1,3,2,True,154,15,8,1,0.0012
22,2,ok,1,2,1,True,163,9,11,1,0.0013
23,2,ok,1,5,4,True,172,14,8,1,0.0015
24,2,ok,1,3,2,True,181,6,10,1,0.0016
25,2,ok,1,3,2,True,191,10,8,1,0.002
26,2,ok,1,6,5,True,200,9,10,1,0.0024
27,2,ok,1,4,3,True,210,10,11,1,0.0022
28,2,ok,1,4,3,True,219,8,10,1,0.0024
29,2,ok,1,3,2,True,229,8,12,1,0.0027
30,2,ok,1,3,2,True,238,14,13,1,0.0027
31,2,ok,1,6,5,True,248,12,11,1,0.0029
32,2,ok,1,3,2,True,258,20,11,1,0.0032
33,2,ok,1,5,4,True,268,6,13,1,0.0037
34,2,ok,1,4,3,True,277,21,12,1,0.0035
35,2,ok,1,7,6,True,287,9,12,1,0.004
36,2,ok,1,4,3,True,297,9,10,1,0.0044
37,2,ok,1,5,4,True,307,8,10,1,0.0046
38,2,ok,1,2,1,True,317,21,9,1,0.0047
39,2,ok,1,6,5,True,327,10,12,1,0.0052
40,2,ok,1,3,2,True,337,14,12,1,0.0055
41,2,ok,1,3,2,True,347,9,12,1,0.0055
42,2,ok,1,5,4,True,358,12,12,1,0.0063
43,2,ok,1,5,4,True,368,13,11,1,0.0064
44,2,ok,1,3,2,True,378,10,13,1,0.0067
45,2,ok,1,3,2,True,388,10,15,1,0.0069
46,2,ok,1,2,1,True,399,9,12,1,0.0075
47,2,ok,1,3,2,True,409,24,10,1,0.0076
48,2,ok,1,3,2,True,420,11,12,1,0.0086
49,2,ok,1,2,1,True,430,11,14,1,0.0084
50,2,ok,1,5,4,True,441,15,11,1,0.0094
51,2,ok,1,3,2,True,451,21,15,1,0.0097
52,2,ok,1,5,4,True,462,10,13,1,0.0102
53,2,ok,1,7,6,True,472,10,12,1,0.0104
54,2,ok,1,4,3,True,483,13,9,1,0.0115
55,2,ok,1,4,3,True,493,16,14,1,0.0113
56,2,ok,1,3,2,True,504,25,13,1,0.012
57,2,ok,1,6,5,True,515,18,11,1,0.012
58,2,ok,1,4,3,True,526,20,12,1,0.0125
59,2,ok,1,4,3,True,536,14,13,1,0.0131
61,2,ok,1,4,3,True,558,21,14,1,0.0134
60,2,ok,1,5,4,True,547,17,13,1,0.0144
62,2,ok,1,4,3,True,569,10,13,1,0.0143
63,2,ok,1,3,2,True,580,19,14,1,0.0144
64,2,ok,1,7,6,True,591,23,11,1,0.0151
65,2,ok,1,2,1,True,602,28,12,1,0.0156
66,2,ok,1,2,1,True,612,26,14,1,0.0162
67,2,ok,1,3,2,True,623,14,14,1,0.018
68,2,ok,1,2,1,True,634,14,15,1,0.0181
69,2,ok,1,2,1,True,645,21,13,1,0.0181
70,2,ok,1,6,5,True,657,11,11,1,0.0188
71,2,ok,1,3,2,True,668,23,12,1,0.0195
72,2,ok,1,3,2,True,679,12,16,1,0.0202
73,2,ok,1,5,4,True,690,16,14,1,0.0228
74,2,ok,1,5,4,True,701,14,13,1,0.0235
75,2,ok,1,3,2,True,712,27,13,1,0.0225
76,2,ok,1,4,3,True,723,11,12,1,0.0232
77,2,ok,1,3,2,True,735,19,17,1,0.0242
78,2,ok,1,4,3,True,746,18,12,1,0.0249
79,2,ok,1,8,7,True,757,11,14,1,0.027
80,2,ok,1,7,6,True,768,19,14,1,0.0263
81,2,ok,1,3,2,True,780,25,15,1,0.0274
82,2,ok,1,5,4,True,791,12,18,1,0.028
83,2,ok,1,7,6,True,802,12,14,1,0.0286
84,2,ok,1,4,3,True,814,16,14,1,0.0294
85,2,ok,1,4,3,True,825,14,17,1,0.0319
86,2,ok,1,3,2,True,836,30,14,1,0.031
87,2,ok,1,5,4,True,848,23,15,1,0.032
88,2,ok,1,4,3,True,859,18,15,1,0.0329
89,2,ok,1,3,2,True,871,12,15,1,0.0336
90,2,ok,1,5,4,True,882,20,16,1,0.0346
91,2,ok,1,5,4,True,894,13,20,1,0.0378
92,2,ok,1,4,3,True,905,39,13,1,0.0368
93,2,ok,1,5,4,True,917,16,15,1,0.0379
94,2,ok,1,4,3,True,928,15,14,1,0.0394
95,2,ok,1,5,4,True,940,27,12,1,0.04
96,2,ok,1,5,4,True,951,9,18,1,0.0411
97,2,ok,1,4,3,True,963,14,14,1,0.0449
98,2,ok,1,6,5,True,974,17,15,1,0.0433
99,2,ok,1,5,4,True,986,27,14,1,0.0444
100,2,ok,1,4,3,True,998,16,15,1,0.0463
101,2,ok,1,5,4,True,1009,22,15,1,0.0466
102,2,ok,1,6,5,True,1021,16,17,1,0.0473
104,2,ok,1,4,3,True,1044,23,14,1,0.05
103,2,ok,1,2,1,True,1033,18,18,1,0.0516
105,2,ok,1,5,4,True,1056,24,15,1,0.0511
106,2,ok,1,8,7,True,1068,21,13,1,0.0525
107,2,ok,1,3,2,True,1080,36,15,1,0.0533
108,2,ok,1,4,3,True,1091,18,14,1,0.0548
109,2,ok,1,4,3,True,1103,17,15,1,0.056
110,2,ok,1,3,2,True,1115,29,12,1,0.0633
111,2,ok,1,6,5,True,1127,23,15,1,0.0587
112,2,ok,1,3,2,True,1139,17,17,1,0.0599
113,2,ok,1,2,1,True,1150,19,15,1,0.0609
114,2,ok,1,3,2,True,1162,32,20,1,0.0622
115,2,ok,1,2,1,True,1174,26,14,1,0.0638
117,2,ok,1,5,4,True,1198,26,15,1,0.0668
116,2,ok,1,2,1,True,1186,21,14,1,0.0694
118,2,ok,1,2,1,True,1210,27,13,1,0.0695
119,2,ok,1,2,1,True,1222,19,15,1,0.0693
120,2,ok,1,4,3,True,1234,24,15,1,0.0708
121,2,ok,1,3,2,True,1246,26,14,1,0.0726
122,2,ok,1,5,4,True,1258,28,13,1,0.0727
123,2,ok,1,3,2,True,1270,19,13,1,0.0781
124,2,ok,1,8,7,True,1282,18,17,1,0.0757
125,2,ok,1,3,2,True,1294,15,16,1,0.0772
126,2,ok,1,4,3,True,1306,24,15,1,0.0788
127,2,ok,1,3,2,True,1318,32,13,1,0.0799
128,2,ok,1,6,5,True,1330,20,15,1,0.083
129,2,ok,1,5,4,True,1342,26,15,1,0.0848
130,2,ok,1,4,3,True,1354,24,14,1,0.0839
131,2,ok,1,5,4,True,1366,11,20,1,0.0905
132,2,ok,1,4,3,True,1378,20,18,1,0.0873
133,2,ok,1,4,3,True,1390,19,13,1,0.0896
134,2,ok,1,4,3,True,1402,23,15,1,0.0914
135,2,ok,1,5,4,True,1414,19,15,1,0.0926
136,2,ok,1,4,3,True,1426,30,18,1,0.0931
137,2,ok,1,5,4,True,1439,29,18,1,0.1008
138,2,ok,1,3,2,True,1451,27,16,1,0.097
139,2,ok,1,5,4,True,1463,26,15,1,0.0998
140,2,ok,1,3,2,True,1475,14,15,1,0.1017
141,2,ok,1,4,3,True,1487,27,15,1,0.103
142,2,ok,1,5,4,True,1500,14,16,1,0.1074
143,2,ok,1,2,1,True,1512,28,14,1,0.1116
144,2,ok,1,7,6,True,1524,20,15,1,0.1074
145,2,ok,1,4,3,True,1536,15,16,1,0.1105
146,2,ok,1,3,2,True,1549,39,17,1,0.1124
147,2,ok,1,7,6,True,1561,19,16,1,0.114
148,2,ok,1,5,4,True,1573,23,18,1,0.1151
150,2,ok,1,2,1,True,1598,40,17,1,0.1189
149,2,ok,1,4,3,True,1585,24,20,1,0.1236
151,2,ok,1,4,3,True,1610,27,18,1,0.1267
152,2,ok,1,3,2,True,1622,34,13,1,0.1242
153,2,ok,1,5,4,True,1635,22,18,1,0.127
154,2,ok,1,5,4,True,1647,44,18,1,0.1255
155,2,ok,1,3,2,True,1659,38,16,1,0.1311
156,2,ok,1,5,4,True,1672,24,16,1,0.1361
157,2,ok,1,5,4,True,1684,32,16,1,0.1366
158,2,ok,1,5,4,True,1697,28,15,1,0.1348
159,2,ok,1,6,5,True,1709,24,16,1,0.1378
160,2,ok,1,5,4,True,1721,25,15,1,0.1378
161,2,ok,1,6,5,True,1734,43,15,1,0.1478
162,2,ok,1,4,3,True,1746,28,18,1,0.1429
163,2,ok,1,5,4,True,1759,29,15,1,0.1454
164,2,ok,1,6,5,True,1771,19,19,1,0.1478
165,2,ok,1,5,4,True,1784,30,17,1,0.1499
166,2,ok,1,5,4,True,1796,23,18,1,0.1504
167,2,ok,1,5,4,True,1808,25,18,1,0.1596
168,2,ok,1,5,4,True,1821,35,15,1,0.1592
169,2,ok,1,6,5,True,1833,21,18,1,0.1584
170,2,ok,1,4,3,True,1846,25,14,1,0.161
171,2,ok,1,5,4,True,1858,32,16,1,0.1631
172,2,ok,1,8,7,True,1871,16,15,1,0.1644
173,2,ok,1,5,4,True,1884,31,17,1,0.1716
174,2,ok,1,6,5,True,1896,28,18,1,0.1765
175,2,ok,1,3,2,True,1909,27,15,1,0.1782
176,2,ok,1,6,5,True,1921,41,14,1,0.1761
177,2,ok,1,5,4,True,1934,26,15,1,0.179
178,2,ok,1,7,6,True,1946,27,20,1,0.1808
179,2,ok,1,6,5,True,1959,28,20,1,0.1815
180,2,ok,1,4,3,True,1972,25,15,1,0.202
181,2,ok,1,7,6,True,1984,24,18,1,0.1898
182,2,ok,1,2,1,True,1997,30,16,1,0.1899
183,2,ok,1,5,4,True,2009,32,15,1,0.1912
184,2,ok,1,5,4,True,2022,28,17,1,0.2064
185,2,ok,1,4,3,True,2035,29,17,1,0.1938
186,2,ok,1,6,5,True,2047,20,16,1,0.1948
187,2,ok,1,4,3,True,2060,21,16,1,0.1996
188,2,ok,1,8,7,True,2073,26,16,1,0.2021
189,2,ok,1,4,3,True,2085,28,17,1,0.2057
190,2,ok,1,6,5,True,2098,35,20,1,0.2129
191,2,ok,1,4,3,True,2111,23,20,1,0.2102
192,2,ok,1,3,2,True,2123,34,16,1,0.2125
193,2,ok,1,4,3,True,2136,22,23,1,0.2382
194,2,ok,1,7,6,True,2149,19,15,1,0.2288
195,2,ok,1,2,1,True,2162,30,21,1,0.2261
196,2,ok,1,4,3,True,2174,39,18,1,0.2374
197,2,ok,1,5,4,True,2187,33,16,1,0.2332
198,2,ok,1,3,2,True,2200,16,15,1,0.2287
199,2,ok,1,4,3,True,2213,28,20,1,0.2378
200,2,ok,1,4,3,True,2225,29,18,1,0.2332
201,2,ok,1,2,1,True,2238,31,19,1,0.2441
202,2,ok,1,3,2,True,2251,25,18,1,0.2558
203,2,ok,1,7,6,True,2264,12,16,1,0.2427
204,2,ok,1,6,5,True,2277,27,22,1,0.2469
205,2,ok,1,2,1,True,2289,23,16,1,0.2489
206,2,ok,1,6,5,True,2302,31,20,1,0.251
207,2,ok,1,2,1,True,2315,39,18,1,0.2607
208,2,ok,1,4,3,True,2328,35,16,1,0.2895
209,2,ok,1,5,4,True,2341,26,16,1,0.261
210,2,ok,1,3,2,True,2354,34,17,1,0.2664
211,2,ok,1,4,3,True,2366,35,18,1,0.2743
212,2,ok,1,5,4,True,2379,28,16,1,0.2692
213,2,ok,1,3,2,True,2392,24,21,1,0.2779
215,2,ok,1,4,3,True,2418,33,17,1,0.2817
214,2,ok,1,6,5,True,2405,19,16,1,0.3056
216,2,ok,1,5,4,True,2431,26,22,1,0.2831
217,2,ok,1,5,4,True,2444,27,17,1,0.2946
218,2,ok,1,7,6,True,2457,38,19,1,0.3028
219,2,ok,1,5,4,True,2470,22,17,1,0.3214
220,2,ok,1,6,5,True,2483,22,20,1,0.3275
222,2,ok,1,4,3,True,2508,27,17,1,0.3188
221,2,ok,1,5,4,True,2495,44,16,1,0.3415
223,2,ok,1,3,2,True,2521,32,22,1,0.3115
224,2,ok,1,4,3,True,2534,19,19,1,0.3143
225,2,ok,1,5,4,True,2547,28,20,1,0.3111
226,2,ok,1,6,5,True,2560,46,18,1,0.3345
227,2,ok,1,4,3,True,2573,24,16,1,0.3173
228,2,ok,1,6,5,True,2586,40,18,1,0.3183
229,2,ok,1,4,3,True,2599,27,21,1,0.3276
230,2,ok,1,9,8,True,2612,22,21,1,0.325
231,2,ok,1,6,5,True,2625,32,20,1,0.3327
233,2,ok,1,2,1,True,2651,35,19,1,0.3359
232,2,ok,1,4,3,True,2638,28,19,1,0.3502
234,2,ok,1,4,3,True,2664,20,18,1,0.3376
235,2,ok,1,8,7,True,2677,20,24,1,0.3466
236,2,ok,1,4,3,True,2690,30,17,1,0.3446
237,2,ok,1,3,2,True,2703,25,20,1,0.3538
238,2,ok,1,4,3,True,2716,29,18,1,0.3527
240,2,ok,1,4,3,True,2743,66,15,1,0.3631
239,2,ok,1,6,5,True,2729,28,16,1,0.3659
241,2,ok,1,4,3,True,2756,48,15,1,0.3812
242,2,ok,1,4,3,True,2769,23,19,1,0.3927
243,2,ok,1,4,3,True,2782,37,19,1,0.3776
244,2,ok,1,5,4,True,2795,35,16,1,0.3707
245,2,ok,1,7,6,True,2808,34,17,1,0.3832
246,2,ok,1,4,3,True,2821,34,17,1,0.3936
247,2,ok,1,3,2,True,2834,44,19,1,0.3852
248,2,ok,1,3,2,True,2847,58,20,1,0.3994
249,2,ok,1,4,3,True,2860,25,21,1,0.3963
250,2,ok,1,7,6,True,2874,27,16,1,0.3924
251,2,ok,1,4,3,True,2887,31,15,1,0.4006
252,2,ok,1,4,3,True,2900,32,18,1,0.4303
253,2,ok,1,2,1,True,2913,42,16,1,0.4221
254,2,ok,1,6,5,True,2926,33,18,1,0.4119
255,2,ok,1,4,3,True,2939,18,20,1,0.4384
256,2,ok,1,5,4,True,2953,41,19,1,0.4466
257,2,ok,1,3,2,True,2966,33,17,1,0.4188
258,2,ok,1,4,3,True,2979,36,16,1,0.4307
259,2,ok,1,5,4,True,2992,25,19,1,0.4315
260,2,ok,1,3,2,True,3005,28,19,1,0.4328
261,2,ok,1,5,4,True,3018,37,21,1,0.4439
263,2,ok,1,5,4,True,3045,32,17,1,0.4495
262,2,ok,1,4,3,True,3032,54,18,1,0.4677
264,2,ok,1,3,2,True,3058,27,18,1,0.4801
265,2,ok,1,5,4,True,3071,43,19,1,0.4605
266,2,ok,1,8,7,True,3085,20,15,1,0.4869
267,2,ok,1,3,2,True,3098,26,16,1,0.4704
268,2,ok,1,6,5,True,3111,27,20,1,0.4689
269,2,ok,1,8,7,True,3124,39,16,1,0.4707
270,2,ok,1,6,5,True,3138,23,21,1,0.4939
271,2,ok,1,7,6,True,3151,37,18,1,0.5222
272,2,ok,1,2,1,True,3164,47,19,1,0.485
273,2,ok,1,8,7,True,3177,20,15,1,0.5142
274,2,ok,1,7,6,True,3191,24,23,1,0.5019
275,2,ok,1,3,2,True,3204,40,16,1,0.4935
276,2,ok,1,5,4,True,3217,22,18,1,0.53
277,2,ok,1,6,5,True,3231,23,20,1,0.5257
278,2,ok,1,5,4,True,3244,33,19,1,0.5096
279,2,ok,1,4,3,True,3257,49,18,1,0.5245
281,2,ok,1,5,4,True,3284,19,25,1,0.5256
280,2,ok,1,4,3,True,3271,27,17,1,0.5424
282,2,ok,1,5,4,True,3297,51,20,1,0.5288
284,2,ok,1,7,6,True,3324,41,20,1,0.545
283,2,ok,1,6,5,True,3311,35,23,1,0.5755
285,2,ok,1,5,4,True,3337,47,19,1,0.5738
287,2,ok,1,4,3,True,3364,22,18,1,0.555
286,2,ok,1,5,4,True,3351,55,16,1,0.5735
288,2,ok,1,4,3,True,3377,41,18,1,0.5834
289,2,ok,1,5,4,True,3391,37,18,1,0.5666
290,2,ok,1,5,4,True,3404,33,15,1,0.6019
291,2,ok,1,6,5,True,3417,24,23,1,0.5746
292,2,ok,1,3,2,True,3431,45,19,1,0.5718
293,2,ok,1,5,4,True,3444,39,16,1,0.5942
294,2,ok,1,4,3,True,3458,39,16,1,0.5894
295,2,ok,1,6,5,True,3471,33,17,1,0.5846
296,2,ok,1,3,2,True,3484,40,17,1,0.5997
297,2,ok,1,4,3,True,3498,26,19,1,0.6303
298,2,ok,1,5,4,True,3511,23,16,1,0.5991
299,2,ok,1,7,6,True,3525,42,17,1,0.6393
300,2,ok,1,5,4,True,3538,33,18,1,0.6412
301,2,ok,1,4,3,True,3551,27,20,1,0.6142
302,2,ok,1,5,4,True,3565,31,19,1,0.627
303,2,ok,1,5,4,True,3578,34,22,1,0.6812
304,2,ok,1,4,3,True,3592,39,24,1,0.6282
305,2,ok,1,4,3,True,3605,52,20,1,0.6319
306,2,ok,1,4,3,True,3619,47,18,1,0.6408
307,2,ok,1,6,5,True,3632,28,18,1,0.6394
308,2,ok,1,3,2,True,3646,56,17,1,0.6588
309,2,ok,1,5,4,True,3659,24,14,1,0.7044
310,2,ok,1,5,4,True,3673,44,18,1,0.6535
311,2,ok,1,5,4,True,3686,23,22,1,0.6594
312,2,ok,1,3,2,True,3700,37,18,1,0.6956
313,2,ok,1,4,3,True,3713,49,17,1,0.6669
314,2,ok,1,7,6,True,3727,54,17,1,0.7302
315,2,ok,1,6,5,True,3740,24,21,1,0.6891
316,2,ok,1,3,2,True,3754,55,20,1,0.6887
317,2,ok,1,5,4,True,3767,32,18,1,0.703
318,2,ok,1,3,2,True,3781,34,17,1,0.7036
319,2,ok,1,8,7,True,3794,26,16,1,0.7025
320,2,ok,1,3,2,True,3808,43,20,1,0.7362
322,2,ok,1,5,4,True,3835,29,18,1,0.7439
321,2,ok,1,8,7,True,3821,38,18,1,0.7491
323,2,ok,1,3,2,True,3848,37,15,1,0.7366
324,2,ok,1,5,4,True,3862,18,16,1,0.7596
325,2,ok,1,6,5,True,3875,25,17,1,0.7371
326,2,ok,1,4,3,True,3889,33,20,1,0.7793
327,2,ok,1,4,3,True,3903,41,18,1,0.7589
328,2,ok,1,5,4,True,3916,29,21,1,0.7651
329,2,ok,1,4,3,True,3930,32,18,1,0.7684
330,2,ok,1,3,2,True,3943,31,19,1,0.7828
331,2,ok,1,5,4,True,3957,53,16,1,0.8376
332,2,ok,1,4,3,True,3971,50,24,1,0.7872
333,2,ok,1,3,2,True,3984,40,20,1,0.7785
334,2,ok,1,6,5,True,3998,25,18,1,0.8306
335,2,ok,1,3,2,True,4011,34,20,1,0.7914
336,2,ok,1,3,2,True,4025,27,18,1,0.8392
337,2,ok,1,9,8,True,4039,20,19,1,0.874
338,2,ok,1,8,7,True,4052,26,18,1,0.818
339,2,ok,1,4,3,True,4066,88,23,1,0.8131
340,2,ok,1,6,5,True,4079,23,19,1,0.8391
341,2,ok,1,6,5,True,4093,24,24,1,0.8231
342,2,ok,1,4,3,True,4107,55,21,1,0.8381
343,2,ok,1,4,3,True,4120,47,18,1,0.8492
344,2,ok,1,4,3,True,4134,29,18,1,0.9028
345,2,ok,1,7,6,True,4148,20,18,1,0.8801
347,2,ok,1,5,4,True,4175,40,17,1,0.8609
346,2,ok,1,6,5,True,4161,33,18,1,0.8958
348,2,ok,1,6,5,True,4189,39,16,1,0.9019
349,2,ok,1,3,2,True,4202,59,20,1,0.8655
350,2,ok,1,3,2,True,4216,48,21,1,0.921
351,2,ok,1,6,5,True,4230,48,19,1,0.8846
352,2,ok,1,7,6,True,4243,24,24,1,0.8846
353,2,ok,1,3,2,True,4257,40,20,1,0.9046
354,2,ok,1,4,3,True,4271,40,16,1,0.9217
355,2,ok,1,4,3,True,4284,30,16,1,0.9399
356,2,ok,1,5,4,True,4298,26,20,1,0.9293
357,2,ok,1,5,4,True,4312,58,18,1,0.9251
358,2,ok,1,4,3,True,4326,31,21,1,0.9249
359,2,ok,1,6,5,True,4339,36,22,1,1.0337
360,2,ok,1,5,4,True,4353,58,19,1,1.0026
361,2,ok,1,6,5,True,4367,27,18,1,0.9501
362,2,ok,1,3,2,True,4381,43,18,1,0.9738
363,2,ok,1,3,2,True,4394,38,18,1,0.9596
364,2,ok,1,2,1,True,4408,50,22,1,0.9605
365,2,ok,1,9,8,True,4422,45,16,1,1.0321
366,2,ok,1,6,5,True,4435,21,20,1,1.0149
367,2,ok,1,3,2,True,4449,38,20,1,0.9991
368,2,ok,1,9,8,True,4463,34,24,1,1.0152
369,2,ok,1,7,6,True,4477,23,16,1,0.9912
370,2,ok,1,5,4,True,4491,24,19,1,0.9921
371,2,ok,1,4,3,True,4504,34,20,1,1.058
372,2,ok,1,4,3,True,4518,27,20,1,1.0819
373,2,ok,1,5,4,True,4532,49,20,1,1.0819
374,2,ok,1,3,2,True,4546,38,20,1,1.0344
375,2,ok,1,7,6,True,4559,41,20,1,1.0257
376,2,ok,1,7,6,True,4573,39,20,1,1.0339
377,2,ok,1,6,5,True,4587,36,27,1,1.0567
378,2,ok,1,4,3,True,4601,36,21,1,1.0485
379,2,ok,1,4,3,True,4615,29,21,1,1.0695
381,2,ok,1,1,0,True,4642,54,16,1,1.0628
380,2,ok,1,2,1,True,4628,40,20,1,1.1315
382,2,ok,1,4,3,True,4656,36,24,1,1.0905
383,2,ok,1,4,3,True,4670,50,23,1,1.1515
384,2,ok,1,4,3,True,4684,48,18,1,1.1415
385,2,ok,1,6,5,True,4698,26,22,1,1.0934
386,2,ok,1,4,3,True,4711,50,20,1,1.1181
387,2,ok,1,8,7,True,4725,74,20,1,1.1208
388,2,ok,1,4,3,True,4739,23,22,1,1.1266
389,2,ok,1,8,7,True,4753,41,20,1,1.1656
390,2,ok,1,2,1,True,4767,42,26,1,1.134
391,2,ok,1,7,6,True,4781,41,19,1,1.1638
392,2,ok,1,7,6,True,4794,20,23,1,1.1625
393,2,ok,1,2,1,True,4808,54,17,1,1.1622
394,2,ok,1,8,7,True,4822,36,18,1,1.1779
395,2,ok,1,2,1,True,4836,33,19,1,1.2374
397,2,ok,1,8,7,True,4864,29,20,1,1.1754
396,2,ok,1,3,2,True,4850,24,19,1,1.2529
398,2,ok,1,5,4,True,4878,34,25,1,1.1927
399,2,ok,1,6,5,True,4892,54,18,1,1.2104
400,2,ok,1,6,5,True,4906,41,30,1,1.2283
401,2,ok,1,6,5,True,4919,36,21,1,1.2077
402,2,ok,1,8,7,True,4933,37,18,1,1.2214
403,2,ok,1,6,5,True,4947,59,20,1,1.2408
404,2,ok,1,8,7,True,4961,21,17,1,1.2296
405,2,ok,1,3,2,True,4975,46,17,1,1.2362
406,2,ok,1,4,3,True,4989,43,18,1,1.2441
407,2,ok,1,5,4,True,5003,36,18,1,1.3236
408,2,ok,1,2,1,True,5017,76,20,1,1.2937
409,2,ok,1,8,7,True,5031,22,24,1,1.3316
410,2,ok,1,7,6,True,5045,36,20,1,1.3094
411,2,ok,1,2,1,True,5059,60,19,1,1.2885
412,2,ok,1,4,3,True,5073,38,24,1,1.3246
413,2,ok,1,4,3,True,5086,28,20,1,1.3338
414,2,ok,1,7,6,True,5100,35,21,1,1.3545
415,2,ok,1,7,6,True,5114,26,21,1,1.3598
417,2,ok,1,7,6,True,5142,34,20,1,1.361
416,2,ok,1,4,3,True,5128,32,19,1,1.3774
418,2,ok,1,3,2,True,5156,47,18,1,1.3877
419,2,ok,1,5,4,True,5170,34,20,1,1.4954
420,2,ok,1,7,6,True,5184,55,18,1,1.4796
421,2,ok,1,5,4,True,5198,27,20,1,1.4705
423,2,ok,1,7,6,True,5226,28,18,1,1.5106
422,2,ok,1,3,2,True,5212,41,24,1,1.5354
424,2,ok,1,6,5,True,5240,30,21,1,1.4939
425,2,ok,1,2,1,True,5254,45,16,1,1.4624
426,2,ok,1,7,6,True,5268,37,18,1,1.4266
427,2,ok,1,3,2,True,5282,52,20,1,1.4206
428,2,ok,1,4,3,True,5296,68,18,1,1.4328
429,2,ok,1,7,6,True,5310,22,21,1,1.4173
430,2,ok,1,6,5,True,5324,30,21,1,1.4996
431,2,ok,1,3,2,True,5338,32,18,1,1.5262
432,2,ok,1,4,3,True,5352,39,19,1,1.4412
433,2,ok,1,4,3,True,5366,27,18,1,1.4512
434,2,ok,1,6,5,True,5380,45,20,1,1.5087
435,2,ok,1,3,2,True,5394,52,17,1,1.5204
436,2,ok,1,4,3,True,5408,40,22,1,1.5127
437,2,ok,1,5,4,True,5422,41,19,1,1.5154
438,2,ok,1,2,1,True,5436,73,20,1,1.5346
439,2,ok,1,7,6,True,5450,49,27,1,1.5149
440,2,ok,1,7,6,True,5464,27,18,1,1.5471
441,2,ok,1,5,4,True,5478,37,20,1,1.5344
442,2,ok,1,5,4,True,5493,41,19,1,1.5352
443,2,ok,1,3,2,True,5507,34,18,1,1.6631
444,2,ok,1,4,3,True,5521,37,24,1,1.5416
445,2,ok,1,3,2,True,5535,54,20,1,1.5553
446,2,ok,1,5,4,True,5549,84,16,1,1.5643
447,2,ok,1,4,3,True,5563,26,20,1,1.5785
448,2,ok,1,3,2,True,5577,27,18,1,1.6026
449,2,ok,1,3,2,True,5591,34,20,1,1.5879
450,2,ok,1,5,4,True,5605,32,21,1,1.6224
451,2,ok,1,5,4,True,5619,46,20,1,1.6015
452,2,ok,1,5,4,True,5633,35,20,1,1.6393
453,2,ok,1,5,4,True,5647,34,17,1,1.6672
454,2,ok,1,7,6,True,5661,48,21,1,1.6558
456,2,ok,1,2,1,True,5690,40,18,1,1.6305
455,2,ok,1,7,6,True,5676,27,21,1,1.72
457,2,ok,1,5,4,True,5704,33,22,1,1.6504
458,2,ok,1,2,1,True,5718,28,21,1,1.6906
459,2,ok,1,5,4,True,5732,26,21,1,1.6829
460,2,ok,1,7,6,True,5746,52,22,1,1.7292
461,2,ok,1,2,1,True,5760,60,19,1,1.6703
462,2,ok,1,3,2,True,5774,39,19,1,1.7765
463,2,ok,1,5,4,True,5788,39,22,1,1.7821
464,2,ok,1,4,3,True,5803,40,20,1,1.7459
465,2,ok,1,4,3,True,5817,48,21,1,1.722
466,2,ok,1,4,3,True,5831,48,21,1,1.7484
467,2,ok,1,4,3,True,5845,43,20,1,1.8351
469,2,ok,1,6,5,True,5873,67,22,1,1.7829
468,2,ok,1,5,4,True,5859,36,20,1,1.8457
470,2,ok,1,7,6,True,5887,28,20,1,1.7663
471,2,ok,1,5,4,True,5902,34,23,1,1.8034
472,2,ok,1,4,3,True,5916,48,20,1,1.7709
473,2,ok,1,7,6,True,5930,26,20,1,1.831
474,2,ok,1,5,4,True,5944,39,20,1,1.7986
475,2,ok,1,4,3,True,5958,22,21,1,1.848
476,2,ok,1,5,4,True,5972,41,21,1,1.8618
477,2,ok,1,6,5,True,5987,53,18,1,1.8555
478,2,ok,1,4,3,True,6001,29,19,1,1.8329
479,2,ok,1,5,4,True,6015,51,18,1,1.8752
480,2,ok,1,3,2,True,6029,52,20,1,1.8656
481,2,ok,1,3,2,True,6043,57,19,1,1.9917
482,2,ok,1,7,6,True,6058,31,20,1,1.9209
483,2,ok,1,6,5,True,6072,41,18,1,1.9212
484,2,ok,1,2,1,True,6086,32,23,1,1.9611
485,2,ok,1,6,5,True,6100,48,20,1,1.9676
486,2,ok,1,5,4,True,6114,38,23,1,1.9819
487,2,ok,1,4,3,True,6129,47,20,1,1.9474
488,2,ok,1,3,2,True,6143,45,18,1,1.9293
489,2,ok,1,6,5,True,6157,32,24,1,1.94
490,2,ok,1,4,3,True,6171,34,19,1,1.9525
491,2,ok,1,6,5,True,6185,46,25,1,1.9734
492,2,ok,1,7,6,True,6200,50,20,1,1.9748
493,2,ok,1,7,6,True,6214,27,19,1,2.1942
494,2,ok,1,4,3,True,6228,43,20,1,1.9667
495,2,ok,1,4,3,True,6242,55,20,1,2.0081
1,3,ok,2,2,0,True,5,2,2,2,0.0001
2,3,ok,2,4,2,True,11,1,3,2,0.0001
3,3,ok,2,4,2,True,18,3,6,2,0.0001
4,3,ok,2,3,1,True,26,4,5,2,0.0001
5,3,ok,2,3,1,True,35,4,6,2,0.0001
6,3,ok,2,2,0,True,44,5,4,2,0.0001
7,3,ok,2,8,6,True,53,5,5,2,0.0002
8,3,ok,2,8,6,True,63,4,7,2,0.0002
9,3,ok,2,7,5,True,73,7,6,2,0.0003
10,3,ok,2,2,0,True,83,7,7,2,0.0003
11,3,ok,2,3,1,True,93,8,9,2,0.0004
12,3,ok,2,4,2,True,104,9,7,2,0.0004
13,3,ok,2,7,5,True,115,5,8,2,0.0005
14,3,ok,2,8,6,True,126,7,9,2,0.0006
15,3,ok,2,8,6,True,137,8,10,2,0.0007
16,3,ok,2,7,5,True,148,8,7,2,0.0008
17,3,ok,2,3,1,True,159,6,12,2,0.0009
18,3,ok,2,6,4,True,171,10,9,2,0.001
19,3,ok,2,6,4,True,183,10,8,2,0.0011
20,3,ok,2,5,3,True,194,10,9,2,0.0012
21,3,ok,2,8,6,True,206,9,9,2,0.0013
22,3,ok,2,9,7,True,218,9,8,2,0.0014
23,3,ok,2,4,2,True,230,9,11,2,0.0016
24,3,ok,2,5,3,True,242,17,8,2,0.0018
25,3,ok,2,7,5,True,255,8,10,2,0.0019
26,3,ok,2,6,4,True,267,8,9,2,0.0021
27,3,ok,2,7,5,True,279,13,8,2,0.0022
28,3,ok,2,6,4,True,292,12,10,2,0.0025
29,3,ok,2,5,3,True,304,11,9,2,0.0026
30,3,ok,2,9,7,True,317,6,10,2,0.0029
31,3,ok,2,7,5,True,330,11,9,2,0.0031
32,3,ok,2,7,5,True,342,9,12,2,0.0033
33,3,ok,2,6,4,True,355,14,11,2,0.0035
34,3,ok,2,10,8,True,368,7,13,2,0.0038
35,3,ok,2,5,3,True,381,15,10,2,0.0041
36,3,ok,2,5,3,True,394,12,9,2,0.0043
37,3,ok,2,9,7,True,407,12,10,2,0.0046
38,3,ok,2,5,3,True,420,15,11,2,0.0049
39,3,ok,2,5,3,True,434,22,10,2,0.0048
40,3,ok,2,8,6,True,447,15,13,2,0.0051
41,3,ok,2,8,6,True,460,22,10,2,0.0055
42,3,ok,2,8,6,True,473,13,15,2,0.0057
43,3,ok,2,8,6,True,487,10,11,2,0.0061
44,3,ok,2,6,4,True,500,16,12,2,0.0064
45,3,ok,2,7,5,True,514,13,12,2,0.0067
46,3,ok,2,5,3,True,527,10,12,2,0.0071
47,3,ok,2,5,3,True,541,10,10,2,0.0075
48,3,ok,2,7,5,True,555,15,10,2,0.008
49,3,ok,2,9,7,True,568,11,10,2,0.0083
50,3,ok,2,6,4,True,582,13,9,2,0.0088
51,3,ok,2,4,2,True,596,23,10,2,0.0121
52,3,ok,2,10,8,True,610,14,10,2,0.0095
53,3,ok,2,7,5,True,624,12,12,2,0.01
54,3,ok,2,7,5,True,637,11,9,2,0.0106
55,3,ok,2,7,5,True,651,10,9,2,0.0109
56,3,ok,2,7,5,True,665,18,12,2,0.0113
57,3,ok,2,6,4,True,679,17,10,2,0.0119
58,3,ok,2,6,4,True,693,13,12,2,0.0123
59,3,ok,2,5,3,True,707,12,10,2,0.0127
60,3,ok,2,4,2,True,721,20,11,2,0.0134
61,3,ok,2,9,7,True,735,12,11,2,0.0138
62,3,ok,2,8,6,True,750,20,11,2,0.0144
63,3,ok,2,6,4,True,764,14,12,2,0.015
64,3,ok,2,7,5,True,778,15,12,2,0.0155
65,3,ok,2,7,5,True,792,20,13,2,0.016
496,2,ok,1,3,2,True,6257,57,24,1,1.9989
66,3,ok,2,6,4,True,807,23,14,2,0.0167
67,3,ok,2,8,6,True,821,15,11,2,0.0174
68,3,ok,2,5,3,True,835,16,12,2,0.0179
69,3,ok,2,9,7,True,850,13,13,2,0.0186
70,3,ok,2,4,2,True,864,21,12,2,0.0192
71,3,ok,2,8,6,True,879,15,11,2,0.0199
72,3,ok,2,14,12,True,893,14,12,2,0.0205
73,3,ok,2,5,3,True,908,13,12,2,0.021
74,3,ok,2,6,4,True,922,17,15,2,0.0219
75,3,ok,2,6,4,True,937,24,18,2,0.0227
76,3,ok,2,8,6,True,951,16,13,2,0.0235
77,3,ok,2,7,5,True,966,17,13,2,0.024
78,3,ok,2,8,6,True,981,19,11,2,0.0242
79,3,ok,2,11,9,True,995,20,12,2,0.0247
80,3,ok,2,5,3,True,1010,19,11,2,0.0258
81,3,ok,2,6,4,True,1025,16,11,2,0.0269
82,3,ok,2,6,4,True,1039,13,17,2,0.0273
83,3,ok,2,6,4,True,1054,25,14,2,0.0283
84,3,ok,2,5,3,True,1069,12,15,2,0.0289
85,3,ok,2,5,3,True,1084,18,14,2,0.0293
86,3,ok,2,7,5,True,1099,28,13,2,0.0306
87,3,ok,2,11,9,True,1114,17,11,2,0.0313
88,3,ok,2,9,7,True,1128,19,12,2,0.0325
89,3,ok,2,9,7,True,1143,18,13,2,0.033
90,3,ok,2,6,4,True,1158,15,17,2,0.0345
91,3,ok,2,6,4,True,1173,12,15,2,0.0349
92,3,ok,2,6,4,True,1188,18,14,2,0.0362
93,3,ok,2,8,6,True,1203,15,11,2,0.0365
94,3,ok,2,10,8,True,1218,20,13,2,0.038
95,3,ok,2,7,5,True,1233,18,13,2,0.0394
96,3,ok,2,5,3,True,1248,21,13,2,0.0399
97,3,ok,2,6,4,True,1264,10,12,2,0.0406
98,3,ok,2,4,2,True,1279,20,12,2,0.0421
99,3,ok,2,5,3,True,1294,23,12,2,0.0424
100,3,ok,2,6,4,True,1309,21,13,2,0.044
101,3,ok,2,6,4,True,1324,13,14,2,0.0442
102,3,ok,2,8,6,True,1339,25,11,2,0.0461
103,3,ok,2,5,3,True,1355,26,12,2,0.047
104,3,ok,2,4,2,True,1370,20,12,2,0.0483
105,3,ok,2,5,3,True,1385,29,13,2,0.0487
106,3,ok,2,7,5,True,1400,21,14,2,0.0505
107,3,ok,2,7,5,True,1416,21,12,2,0.0514
108,3,ok,2,7,5,True,1431,20,11,2,0.0554
109,3,ok,2,9,7,True,1446,22,15,2,0.0533
110,3,ok,2,10,8,True,1462,14,12,2,0.0585
111,3,ok,2,8,6,True,1477,19,14,2,0.0565
112,3,ok,2,9,7,True,1493,25,14,2,0.0608
113,3,ok,2,9,7,True,1508,21,17,2,0.0582
114,3,ok,2,7,5,True,1523,14,13,2,0.0639
115,3,ok,2,10,8,True,1539,19,13,2,0.0616
116,3,ok,2,8,6,True,1554,24,12,2,0.0669
497,2,ok,1,6,5,True,6271,31,24,1,2.0485
117,3,ok,2,7,5,True,1570,15,14,2,0.062
118,3,ok,2,11,9,True,1585,17,12,2,0.0679
119,3,ok,2,6,4,True,1601,22,14,2,0.0652
120,3,ok,2,7,5,True,1616,30,14,2,0.0669
121,3,ok,2,11,9,True,1632,11,14,2,0.0725
122,3,ok,2,8,6,True,1648,12,16,2,0.0694
123,3,ok,2,4,2,True,1663,25,15,2,0.0705
498,2,ok,1,4,3,True,6285,36,20,1,2.0953
125,3,ok,2,6,4,True,1694,26,16,2,0.0735
124,3,ok,2,7,5,True,1679,19,17,2,0.0767
126,3,ok,2,10,8,True,1710,17,13,2,0.0751
127,3,ok,2,8,6,True,1726,22,13,2,0.0757
128,3,ok,2,6,4,True,1742,18,15,2,0.081
129,3,ok,2,4,2,True,1757,19,12,2,0.0834
130,3,ok,2,12,10,True,1773,21,12,2,0.0803
131,3,ok,2,6,4,True,1788,14,15,2,0.0822
132,3,ok,2,15,13,True,1804,19,15,2,0.0849
133,3,ok,2,7,5,True,1820,15,14,2,0.0942
134,3,ok,2,9,7,True,1836,16,15,2,0.0977
135,3,ok,2,10,8,True,1852,20,17,2,0.0903
136,3,ok,2,8,6,True,1867,19,14,2,0.0908
137,3,ok,2,9,7,True,1883,19,17,2,0.0937
138,3,ok,2,13,11,True,1899,23,13,2,0.0903
499,2,ok,1,4,3,True,6299,72,18,1,2.0484
139,3,ok,2,9,7,True,1915,22,13,2,0.1011
140,3,ok,2,7,5,True,1931,15,14,2,0.0986
141,3,ok,2,12,10,True,1947,14,17,2,0.0982
142,3,ok,2,6,4,True,1962,17,16,2,0.0987
143,3,ok,2,7,5,True,1978,30,12,2,0.1038
500,2,ok,1,5,4,True,6314,44,18,1,2.0288
144,3,ok,2,5,3,True,1994,23,14,2,0.1018
145,3,ok,2,11,9,True,2010,16,13,2,0.1083
146,3,ok,2,6,4,True,2026,32,15,2,0.1076
147,3,ok,2,7,5,True,2042,22,16,2,0.1066
148,3,ok,2,6,4,True,2058,16,12,2,0.108
149,3,ok,2,8,6,True,2074,27,17,2,0.1153
150,3,ok,2,7,5,True,2090,28,13,2,0.1129
151,3,ok,2,8,6,True,2106,23,15,2,0.1196
152,3,ok,2,11,9,True,2122,25,14,2,0.1169
153,3,ok,2,7,5,True,2138,25,16,2,0.1184
154,3,ok,2,7,5,True,2154,19,13,2,0.1243
156,3,ok,2,8,6,True,2186,31,16,2,0.1213
155,3,ok,2,7,5,True,2170,25,14,2,0.1236
157,3,ok,2,8,6,True,2202,21,14,2,0.1291
158,3,ok,2,9,7,True,2219,21,12,2,0.1257
159,3,ok,2,7,5,True,2235,26,14,2,0.1278
160,3,ok,2,5,3,True,2251,22,18,2,0.129
161,3,ok,2,5,3,True,2267,18,14,2,0.1331
162,3,ok,2,7,5,True,2283,25,15,2,0.1404
163,3,ok,2,10,8,True,2299,15,13,2,0.1423
164,3,ok,2,7,5,True,2315,24,18,2,0.1382
165,3,ok,2,8,6,True,2332,17,14,2,0.1399
166,3,ok,2,7,5,True,2348,26,15,2,0.1471
167,3,ok,2,9,7,True,2364,30,14,2,0.1436
168,3,ok,2,7,5,True,2380,22,15,2,0.1473
169,3,ok,2,9,7,True,2397,13,14,2,0.1547
170,3,ok,2,4,2,True,2413,26,15,2,0.1499
171,3,ok,2,11,9,True,2429,16,15,2,0.1514
172,3,ok,2,7,5,True,2445,27,14,2,0.1534
173,3,ok,2,5,3,True,2462,25,16,2,0.1579
174,3,ok,2,5,3,True,2478,18,18,2,0.1588
176,3,ok,2,7,5,True,2511,29,18,2,0.1624
175,3,ok,2,11,9,True,2494,20,14,2,0.167
177,3,ok,2,4,2,True,2527,17,16,2,0.1652
178,3,ok,2,10,8,True,2543,16,17,2,0.1733
179,3,ok,2,11,9,True,2560,20,15,2,0.1689
180,3,ok,2,10,8,True,2576,14,19,2,0.1732
181,3,ok,2,8,6,True,2592,22,16,2,0.1737
182,3,ok,2,7,5,True,2609,32,14,2,0.1794
183,3,ok,2,9,7,True,2625,22,13,2,0.1766
184,3,ok,2,6,4,True,2642,29,15,2,0.1865
185,3,ok,2,7,5,True,2658,23,14,2,0.184
186,3,ok,2,4,2,True,2675,24,18,2,0.192
187,3,ok,2,5,3,True,2691,23,19,2,0.1889
188,3,ok,2,6,4,True,2708,21,18,2,0.1908
189,3,ok,2,8,6,True,2724,18,13,2,0.1945
190,3,ok,2,7,5,True,2740,18,20,2,0.2005
191,3,ok,2,6,4,True,2757,21,15,2,0.1972
192,3,ok,2,7,5,True,2773,28,14,2,0.2053
193,3,ok,2,4,2,True,2790,35,14,2,0.2036
194,3,ok,2,5,3,True,2807,36,17,2,0.2049
195,3,ok,2,8,6,True,2823,23,16,2,0.2046
196,3,ok,2,6,4,True,2840,17,15,2,0.2143
197,3,ok,2,7,5,True,2856,22,14,2,0.2112
198,3,ok,2,8,6,True,2873,15,16,2,0.2198
199,3,ok,2,4,2,True,2889,23,17,2,0.2215
200,3,ok,2,6,4,True,2906,21,15,2,0.2224
201,3,ok,2,12,10,True,2923,22,14,2,0.2234
202,3,ok,2,10,8,True,2939,17,15,2,0.233
203,3,ok,2,9,7,True,2956,21,14,2,0.23
204,3,ok,2,9,7,True,2972,26,14,2,0.2524
205,3,ok,2,3,1,True,2989,27,17,2,0.2403
206,3,ok,2,7,5,True,3006,23,16,2,0.2372
207,3,ok,2,12,10,True,3022,17,16,2,0.2351
208,3,ok,2,7,5,True,3039,26,16,2,0.236
209,3,ok,2,6,4,True,3056,29,15,2,0.2473
210,3,ok,2,8,6,True,3072,19,15,2,0.2466
211,3,ok,2,6,4,True,3089,26,15,2,0.2577
212,3,ok,2,6,4,True,3106,17,17,2,0.2513
213,3,ok,2,6,4,True,3123,23,14,2,0.2553
214,3,ok,2,8,6,True,3139,24,14,2,0.2549
215,3,ok,2,7,5,True,3156,24,20,2,0.259
216,3,ok,2,6,4,True,3173,26,16,2,0.2671
217,3,ok,2,7,5,True,3190,23,17,2,0.2704
218,3,ok,2,5,3,True,3206,16,17,2,0.269
219,3,ok,2,10,8,True,3223,26,18,2,0.2684
220,3,ok,2,7,5,True,3240,22,16,2,0.2806
221,3,ok,2,3,1,True,3257,32,15,2,0.2829
222,3,ok,2,6,4,True,3274,22,16,2,0.2796
223,3,ok,2,8,6,True,3290,35,18,2,0.2847
224,3,ok,2,5,3,True,3307,27,15,2,0.2849
225,3,ok,2,9,7,True,3324,35,18,2,0.2896
226,3,ok,2,11,9,True,3341,21,16,2,0.3007
227,3,ok,2,13,11,True,3358,24,14,2,0.2936
228,3,ok,2,5,3,True,3374,32,14,2,0.2962
229,3,ok,2,7,5,True,3391,26,15,2,0.3029
230,3,ok,2,10,8,True,3408,23,16,2,0.3035
231,3,ok,2,9,7,True,3425,19,16,2,0.3109
232,3,ok,2,11,9,True,3442,27,16,2,0.325
233,3,ok,2,8,6,True,3459,28,15,2,0.3149
234,3,ok,2,9,7,True,3476,39,17,2,0.3162
235,3,ok,2,10,8,True,3493,28,16,2,0.3203
236,3,ok,2,5,3,True,3510,16,16,2,0.331
237,3,ok,2,9,7,True,3527,27,15,2,0.3249
238,3,ok,2,6,4,True,3544,24,17,2,0.3281
239,3,ok,2,6,4,True,3560,36,15,2,0.3308
240,3,ok,2,10,8,True,3578,24,18,2,0.3392
241,3,ok,2,10,8,True,3594,19,18,2,0.3593
242,3,ok,2,8,6,True,3612,27,16,2,0.3525
243,3,ok,2,9,7,True,3628,29,14,2,0.3449
244,3,ok,2,12,10,True,3645,20,14,2,0.35
245,3,ok,2,9,7,True,3662,40,16,2,0.378
246,3,ok,2,6,4,True,3679,38,21,2,0.3861
247,3,ok,2,7,5,True,3696,28,16,2,0.3894
248,3,ok,2,11,9,True,3713,37,17,2,0.387
249,3,ok,2,5,3,True,3731,25,18,2,0.3958
250,3,ok,2,9,7,True,3748,26,14,2,0.3988
251,3,ok,2,7,5,True,3765,24,16,2,0.3867
252,3,ok,2,7,5,True,3782,24,17,2,0.3807
253,3,ok,2,10,8,True,3799,17,16,2,0.3774
254,3,ok,2,6,4,True,3816,28,15,2,0.3842
255,3,ok,2,8,6,True,3833,21,16,2,0.3906
256,3,ok,2,10,8,True,3850,39,15,2,0.3995
257,3,ok,2,9,7,True,3867,31,16,2,0.3943
258,3,ok,2,4,2,True,3884,28,19,2,0.4017
259,3,ok,2,13,11,True,3901,16,16,2,0.4112
260,3,ok,2,12,10,True,3918,26,18,2,0.4073
261,3,ok,2,10,8,True,3936,24,17,2,0.4096
262,3,ok,2,10,8,True,3953,18,16,2,0.413
263,3,ok,2,12,10,True,3970,20,17,2,0.4236
264,3,ok,2,6,4,True,3987,36,15,2,0.4338
265,3,ok,2,8,6,True,4004,22,14,2,0.4205
266,3,ok,2,8,6,True,4021,21,18,2,0.4372
267,3,ok,2,6,4,True,4039,26,16,2,0.4282
268,3,ok,2,6,4,True,4056,40,15,2,0.4303
269,3,ok,2,8,6,True,4073,19,17,2,0.452
270,3,ok,2,10,8,True,4090,33,15,2,0.4649
271,3,ok,2,5,3,True,4108,36,15,2,0.4454
272,3,ok,2,7,5,True,4125,31,16,2,0.4515
273,3,ok,2,5,3,True,4142,22,18,2,0.4509
274,3,ok,2,8,6,True,4159,17,20,2,0.4557
275,3,ok,2,8,6,True,4176,32,19,2,0.4629
276,3,ok,2,7,5,True,4194,22,16,2,0.4694
277,3,ok,2,5,3,True,4211,24,16,2,0.4846
278,3,ok,2,9,7,True,4228,39,18,2,0.4773
279,3,ok,2,9,7,True,4245,37,15,2,0.4709
280,3,ok,2,7,5,True,4263,27,17,2,0.4716
281,3,ok,2,7,5,True,4280,27,16,2,0.4997
282,3,ok,2,6,4,True,4297,23,17,2,0.4858
283,3,ok,2,8,6,True,4314,20,15,2,0.5221
284,3,ok,2,9,7,True,4332,30,14,2,0.4999
285,3,ok,2,6,4,True,4349,32,16,2,0.4991
286,3,ok,2,11,9,True,4366,28,20,2,0.4973
287,3,ok,2,8,6,True,4384,30,17,2,0.519
288,3,ok,2,9,7,True,4401,32,15,2,0.542
290,3,ok,2,6,4,True,4436,22,17,2,0.5399
289,3,ok,2,10,8,True,4418,28,16,2,0.5479
291,3,ok,2,6,4,True,4453,33,16,2,0.5385
292,3,ok,2,7,5,True,4471,32,18,2,0.5335
293,3,ok,2,7,5,True,4488,23,15,2,0.544
294,3,ok,2,10,8,True,4505,31,16,2,0.5366
295,3,ok,2,9,7,True,4523,22,18,2,0.5404
296,3,ok,2,11,9,True,4540,29,18,2,0.5527
297,3,ok,2,11,9,True,4557,33,15,2,0.5893
298,3,ok,2,10,8,True,4575,24,16,2,0.5523
299,3,ok,2,5,3,True,4592,28,18,2,0.5603
300,3,ok,2,5,3,True,4610,43,19,2,0.5692
301,3,ok,2,7,5,True,4627,28,18,2,0.5701
302,3,ok,2,9,7,True,4645,26,16,2,0.5749
303,3,ok,2,9,7,True,4662,23,16,2,0.611
304,3,ok,2,5,3,True,4679,42,16,2,0.5721
305,3,ok,2,8,6,True,4697,24,17,2,0.5893
306,3,ok,2,7,5,True,4714,24,16,2,0.597
307,3,ok,2,9,7,True,4732,22,16,2,0.6039
308,3,ok,2,7,5,True,4749,27,16,2,0.598
309,3,ok,2,7,5,True,4767,20,18,2,0.6446
310,3,ok,2,7,5,True,4784,24,17,2,0.611
311,3,ok,2,8,6,True,4802,31,19,2,0.6255
312,3,ok,2,9,7,True,4819,25,19,2,0.6129
313,3,ok,2,4,2,True,4837,35,20,2,0.6446
314,3,ok,2,7,5,True,4854,24,18,2,0.6282
315,3,ok,2,11,9,True,4872,28,18,2,0.6326
316,3,ok,2,7,5,True,4889,25,18,2,0.6281
317,3,ok,2,9,7,True,4907,18,21,2,0.657
318,3,ok,2,8,6,True,4924,22,18,2,0.6402
320,3,ok,2,10,8,True,4959,29,16,2,0.651
319,3,ok,2,4,2,True,4942,29,16,2,0.6678
322,3,ok,2,6,4,True,4995,33,17,2,0.6562
321,3,ok,2,8,6,True,4977,27,15,2,0.6863
323,3,ok,2,9,7,True,5012,25,15,2,0.6742
324,3,ok,2,9,7,True,5030,38,18,2,0.6688
326,3,ok,2,9,7,True,5065,18,22,2,0.682
325,3,ok,2,9,7,True,5047,24,16,2,0.7012
328,3,ok,2,7,5,True,5100,24,18,2,0.6887
327,3,ok,2,7,5,True,5082,38,18,2,0.7023
329,3,ok,2,14,12,True,5118,22,16,2,0.7247
330,3,ok,2,6,4,True,5135,36,15,2,0.7157
331,3,ok,2,5,3,True,5153,27,18,2,0.7121
332,3,ok,2,9,7,True,5170,34,16,2,0.7143
333,3,ok,2,9,7,True,5188,30,18,2,0.7207
334,3,ok,2,8,6,True,5206,34,16,2,0.7499
335,3,ok,2,6,4,True,5223,24,15,2,0.7339
336,3,ok,2,6,4,True,5241,38,16,2,0.7493
337,3,ok,2,13,11,True,5259,29,18,2,0.7763
338,3,ok,2,6,4,True,5276,25,15,2,0.7864
339,3,ok,2,9,7,True,5294,24,18,2,0.7627
340,3,ok,2,5,3,True,5312,23,16,2,0.7763
341,3,ok,2,10,8,True,5329,38,18,2,0.7848
342,3,ok,2,7,5,True,5347,25,19,2,0.7913
343,3,ok,2,9,7,True,5365,31,22,2,0.7967
344,3,ok,2,7,5,True,5382,40,17,2,0.7978
345,3,ok,2,6,4,True,5400,32,17,2,0.7957
346,3,ok,2,4,2,True,5418,34,18,2,0.7788
347,3,ok,2,6,4,True,5436,24,18,2,0.8031
348,3,ok,2,8,6,True,5453,19,16,2,0.7986
349,3,ok,2,6,4,True,5471,21,17,2,0.8032
350,3,ok,2,7,5,True,5489,23,18,2,0.8451
351,3,ok,2,8,6,True,5506,37,18,2,0.8026
352,3,ok,2,8,6,True,5524,33,17,2,0.8091
353,3,ok,2,5,3,True,5542,35,20,2,0.8284
354,3,ok,2,9,7,True,5560,27,18,2,0.8357
355,3,ok,2,5,3,True,5578,36,18,2,0.8335
356,3,ok,2,9,7,True,5595,37,17,2,0.8612
357,3,ok,2,7,5,True,5613,33,17,2,0.8411
358,3,ok,2,7,5,True,5631,20,20,2,0.8434
359,3,ok,2,9,7,True,5649,25,19,2,0.8528
360,3,ok,2,5,3,True,5666,40,18,2,0.8529
361,3,ok,2,9,7,True,5684,51,20,2,0.8661
362,3,ok,2,8,6,True,5702,22,20,2,0.8921
363,3,ok,2,9,7,True,5720,23,18,2,0.8711
364,3,ok,2,10,8,True,5738,34,21,2,0.8729
365,3,ok,2,12,10,True,5756,25,20,2,0.8929
366,3,ok,2,9,7,True,5773,30,19,2,0.8915
367,3,ok,2,11,9,True,5791,24,22,2,0.9004
368,3,ok,2,5,3,True,5809,38,16,2,0.9166
369,3,ok,2,6,4,True,5827,38,16,2,0.9093
370,3,ok,2,8,6,True,5845,32,17,2,0.9249
371,3,ok,2,6,4,True,5862,27,18,2,0.9199
372,3,ok,2,8,6,True,5880,36,18,2,0.922
373,3,ok,2,6,4,True,5898,33,18,2,0.9464
374,3,ok,2,6,4,True,5916,34,19,2,0.9367
375,3,ok,2,5,3,True,5934,24,19,2,0.94
376,3,ok,2,6,4,True,5952,37,18,2,0.9703
377,3,ok,2,8,6,True,5970,21,16,2,0.972
378,3,ok,2,6,4,True,5987,24,16,2,0.9649
379,3,ok,2,9,7,True,6005,25,16,2,1.0415
380,3,ok,2,9,7,True,6023,22,18,2,1.1172
381,3,ok,2,7,5,True,6041,60,16,2,1.1126
382,3,ok,2,10,8,True,6059,28,17,2,1.1351
383,3,ok,2,6,4,True,6077,28,25,2,1.1549
384,3,ok,2,10,8,True,6095,30,20,2,1.1632
385,3,ok,2,9,7,True,6113,17,19,2,1.1214
387,3,ok,2,9,7,True,6149,32,20,2,1.0271
386,3,ok,2,6,4,True,6131,33,18,2,1.0838
388,3,ok,2,7,5,True,6167,19,17,2,1.0187
389,3,ok,2,10,8,True,6185,32,19,2,1.0494
390,3,ok,2,9,7,True,6203,28,16,2,1.0618
391,3,ok,2,5,3,True,6221,31,20,2,1.0914
392,3,ok,2,7,5,True,6238,41,22,2,1.0774
393,3,ok,2,8,6,True,6256,24,18,2,1.0853
394,3,ok,2,9,7,True,6274,30,17,2,1.0741
395,3,ok,2,8,6,True,6292,27,21,2,1.2122
396,3,ok,2,8,6,True,6310,30,24,2,1.1972
397,3,ok,2,8,6,True,6328,28,18,2,1.2163
398,3,ok,2,7,5,True,6346,24,18,2,1.2495
399,3,ok,2,5,3,True,6364,32,18,2,1.319
400,3,ok,2,8,6,True,6382,36,20,2,1.311
401,3,ok,2,7,5,True,6400,36,18,2,1.3489
402,3,ok,2,9,7,True,6418,28,18,2,1.368
403,3,ok,2,9,7,True,6436,24,17,2,1.4684
404,3,ok,2,7,5,True,6454,34,16,2,1.4243
405,3,ok,2,6,4,True,6472,38,18,2,1.4176
406,3,ok,2,6,4,True,6490,29,16,2,1.3843
407,3,ok,2,8,6,True,6508,28,18,2,1.2984
408,3,ok,2,11,9,True,6527,28,20,2,1.2703
409,3,ok,2,8,6,True,6545,24,18,2,1.2484
410,3,ok,2,7,5,True,6563,23,16,2,1.1812
411,3,ok,2,6,4,True,6581,56,19,2,1.2053
412,3,ok,2,6,4,True,6599,27,18,2,1.2137
413,3,ok,2,9,7,True,6617,26,18,2,1.222
414,3,ok,2,8,6,True,6635,39,19,2,1.224
415,3,ok,2,4,2,True,6653,29,16,2,1.2351
416,3,ok,2,8,6,True,6671,43,19,2,1.2288
417,3,ok,2,7,5,True,6689,30,17,2,1.2669
418,3,ok,2,9,7,True,6707,30,18,2,1.245
419,3,ok,2,7,5,True,6725,31,16,2,1.2359
420,3,ok,2,7,5,True,6744,35,20,2,1.25
422,3,ok,2,10,8,True,6780,20,18,2,1.2538
421,3,ok,2,8,6,True,6762,28,17,2,1.2948
423,3,ok,2,7,5,True,6798,31,16,2,1.2609
424,3,ok,2,7,5,True,6816,32,18,2,1.2579
425,3,ok,2,9,7,True,6834,32,20,2,1.3042
426,3,ok,2,10,8,True,6852,22,18,2,1.3245
427,3,ok,2,5,3,True,6870,33,20,2,1.2983
428,3,ok,2,7,5,True,6888,22,17,2,1.3399
430,3,ok,2,9,7,True,6925,20,18,2,1.3186
429,3,ok,2,10,8,True,6907,28,18,2,1.3403
431,3,ok,2,7,5,True,6943,37,18,2,1.327
432,3,ok,2,9,7,True,6961,30,20,2,1.3559
433,3,ok,2,5,3,True,6979,42,18,2,1.3281
434,3,ok,2,7,5,True,6997,32,19,2,1.3532
435,3,ok,2,5,3,True,7015,32,20,2,1.3519
436,3,ok,2,10,8,True,7034,24,19,2,1.3867
437,3,ok,2,9,7,True,7052,46,17,2,1.3893
438,3,ok,2,10,8,True,7070,43,25,2,1.3639
439,3,ok,2,8,6,True,7088,35,17,2,1.3925
440,3,ok,2,8,6,True,7106,34,19,2,1.3851
441,3,ok,2,5,3,True,7125,48,17,2,1.3991
442,3,ok,2,8,6,True,7143,41,20,2,1.421
443,3,ok,2,6,4,True,7161,22,18,2,1.4034
444,3,ok,2,10,8,True,7179,25,22,2,1.4015
445,3,ok,2,6,4,True,7197,25,17,2,1.4301
446,3,ok,2,5,3,True,7216,31,20,2,1.4318
447,3,ok,2,7,5,True,7234,44,20,2,1.4247
448,3,ok,2,5,3,True,7252,22,18,2,1.4565
449,3,ok,2,6,4,True,7270,40,18,2,1.4563
450,3,ok,2,9,7,True,7289,30,19,2,1.4784
451,3,ok,2,12,10,True,7307,19,24,2,1.4888
452,3,ok,2,6,4,True,7325,38,19,2,1.4981
453,3,ok,2,10,8,True,7343,23,17,2,1.4888
454,3,ok,2,10,8,True,7362,21,19,2,1.4943
455,3,ok,2,11,9,True,7380,33,18,2,1.4966
456,3,ok,2,7,5,True,7398,49,17,2,1.5063
457,3,ok,2,7,5,True,7416,27,19,2,1.542
458,3,ok,2,7,5,True,7435,45,16,2,1.5211
459,3,ok,2,8,6,True,7453,45,20,2,1.5238
460,3,ok,2,7,5,True,7471,37,18,2,1.5572
461,3,ok,2,7,5,True,7490,19,17,2,1.5651
462,3,ok,2,11,9,True,7508,30,19,2,1.5529
463,3,ok,2,8,6,True,7526,25,17,2,1.5565
464,3,ok,2,5,3,True,7544,42,18,2,1.5704
465,3,ok,2,8,6,True,7563,25,20,2,1.5565
466,3,ok,2,10,8,True,7581,37,19,2,1.6401
467,3,ok,2,7,5,True,7599,41,18,2,1.5989
468,3,ok,2,11,9,True,7618,23,21,2,1.5772
469,3,ok,2,9,7,True,7636,32,18,2,1.588
470,3,ok,2,7,5,True,7654,35,19,2,1.6597
471,3,ok,2,9,7,True,7673,23,18,2,1.6044
472,3,ok,2,10,8,True,7691,38,18,2,1.6473
473,3,ok,2,9,7,True,7709,30,21,2,1.6451
474,3,ok,2,8,6,True,7728,26,17,2,1.6749
475,3,ok,2,8,6,True,7746,30,22,2,1.6939
476,3,ok,2,7,5,True,7764,36,17,2,1.722
477,3,ok,2,13,11,True,7783,26,18,2,1.6972
478,3,ok,2,7,5,True,7801,35,18,2,1.7311
479,3,ok,2,7,5,True,7819,27,18,2,1.7258
480,3,ok,2,6,4,True,7838,28,19,2,1.702
481,3,ok,2,8,6,True,7856,29,19,2,1.6888
482,3,ok,2,7,5,True,7875,33,19,2,1.7248
483,3,ok,2,8,6,True,7893,24,19,2,1.7291
484,3,ok,2,8,6,True,7911,25,18,2,1.7794
485,3,ok,2,9,7,True,7930,23,18,2,1.7663
486,3,ok,2,6,4,True,7948,53,18,2,1.7558
487,3,ok,2,9,7,True,7967,46,22,2,1.7881
488,3,ok,2,10,8,True,7985,27,19,2,1.8045
489,3,ok,2,9,7,True,8003,38,18,2,1.7618
490,3,ok,2,8,6,True,8022,35,17,2,1.7748
491,3,ok,2,12,10,True,8040,33,18,2,1.7768
492,3,ok,2,11,9,True,8059,30,19,2,1.81
493,3,ok,2,7,5,True,8077,40,17,2,1.8109
494,3,ok,2,6,4,True,8095,41,19,2,1.8242
495,3,ok,2,9,7,True,8114,39,20,2,1.8213
1,4,ok,3,3,0,True,8,2,3,3,0.0001
2,4,ok,2,2,0,True,15,3,4,2,0.0001
3,4,ok,3,6,3,True,24,4,4,3,0.0001
4,4,ok,2,5,3,True,34,2,9,2,0.0001
5,4,ok,3,5,2,True,44,4,5,3,0.0001
6,4,ok,2,4,2,True,56,3,8,2,0.0002
7,4,ok,3,6,3,True,67,6,7,3,0.0002
8,4,ok,2,3,1,True,79,5,8,2,0.0002
9,4,ok,3,10,7,True,91,5,7,3,0.0003
10,4,ok,2,5,3,True,104,5,8,2,0.0004
11,4,ok,3,9,6,True,117,5,7,3,0.0004
12,4,ok,2,4,2,True,130,4,14,2,0.0005
13,4,ok,3,9,6,True,143,6,7,3,0.0006
14,4,ok,2,3,1,True,156,6,16,2,0.0007
15,4,ok,3,9,6,True,170,6,8,3,0.0007
16,4,ok,2,7,5,True,184,8,15,2,0.0009
17,4,ok,3,9,6,True,198,8,9,3,0.001
18,4,ok,2,8,6,True,212,5,11,2,0.0011
19,4,ok,3,8,5,True,226,8,8,3,0.0012
20,4,ok,2,8,6,True,241,7,18,2,0.0013
21,4,ok,3,11,8,True,255,8,10,3,0.0014
22,4,ok,2,6,4,True,270,16,10,2,0.0016
23,4,ok,3,12,9,True,285,9,10,3,0.0018
24,4,ok,2,6,4,True,300,6,12,2,0.0019
25,4,ok,3,10,7,True,315,12,9,3,0.0021
26,4,ok,2,6,4,True,330,9,14,2,0.0023
27,4,ok,3,8,5,True,345,11,7,3,0.0025
28,4,ok,2,8,6,True,360,7,18,2,0.0026
29,4,ok,3,9,6,True,375,7,10,3,0.0029
30,4,ok,2,6,4,True,391,6,20,2,0.003
31,4,ok,3,9,6,True,406,13,10,3,0.0032
32,4,ok,2,7,5,True,422,7,13,2,0.0035
33,4,ok,3,11,8,True,438,11,11,3,0.0037
34,4,ok,2,6,4,True,453,11,20,2,0.0039
35,4,ok,3,9,6,True,469,14,11,3,0.0042
36,4,ok,2,4,2,True,485,10,24,2,0.0045
37,4,ok,3,12,9,True,501,11,9,3,0.0048
38,4,ok,2,4,2,True,517,13,15,2,0.0051
39,4,ok,3,9,6,True,533,15,9,3,0.0055
40,4,ok,2,7,5,True,550,12,18,2,0.0056
41,4,ok,3,8,5,True,566,21,10,3,0.006
42,4,ok,2,6,4,True,582,13,18,2,0.0063
43,4,ok,3,14,11,True,598,12,10,3,0.0067
44,4,ok,2,7,5,True,615,15,17,2,0.007
45,4,ok,3,10,7,True,631,15,11,3,0.0073
46,4,ok,2,5,3,True,648,15,17,2,0.0077
47,4,ok,3,12,9,True,664,16,12,3,0.0081
48,4,ok,2,8,6,True,681,16,18,2,0.0085
49,4,ok,3,11,8,True,698,15,11,3,0.0089
50,4,ok,2,5,3,True,714,17,16,2,0.0093
51,4,ok,3,14,11,True,731,11,10,3,0.0097
52,4,ok,2,6,4,True,748,14,26,2,0.0102
53,4,ok,3,9,6,True,765,16,11,3,0.0106
54,4,ok,2,6,4,True,782,14,19,2,0.0112
55,4,ok,3,13,10,True,799,15,11,3,0.0116
56,4,ok,2,4,2,True,816,11,19,2,0.0121
57,4,ok,3,8,5,True,833,19,11,3,0.0126
58,4,ok,2,5,3,True,850,14,22,2,0.0132
59,4,ok,3,8,5,True,867,13,11,3,0.0137
60,4,ok,2,8,6,True,884,15,19,2,0.0136
61,4,ok,3,11,8,True,902,13,10,3,0.0141
62,4,ok,2,4,2,True,919,20,28,2,0.0146
63,4,ok,3,12,9,True,936,20,11,3,0.0152
64,4,ok,2,8,6,True,954,21,19,2,0.0158
65,4,ok,3,16,13,True,971,25,13,3,0.0165
496,3,ok,2,10,8,True,8132,27,16,2,1.8271
66,4,ok,2,8,6,True,988,13,20,2,0.0171
67,4,ok,3,12,9,True,1006,19,11,3,0.0179
68,4,ok,2,7,5,True,1023,20,18,2,0.0183
69,4,ok,3,11,8,True,1041,15,11,3,0.0191
70,4,ok,2,9,7,True,1058,11,20,2,0.0194
71,4,ok,3,11,8,True,1076,22,13,3,0.0204
72,4,ok,2,6,4,True,1094,18,24,2,0.0209
73,4,ok,3,11,8,True,1111,18,11,3,0.0219
74,4,ok,2,11,9,True,1129,12,20,2,0.0222
75,4,ok,3,15,12,True,1147,15,11,3,0.0229
76,4,ok,2,10,8,True,1165,17,20,2,0.0236
77,4,ok,3,10,7,True,1182,25,14,3,0.0249
78,4,ok,2,8,6,True,1200,16,18,2,0.0252
79,4,ok,3,11,8,True,1218,11,12,3,0.0263
80,4,ok,2,8,6,True,1236,15,22,2,0.0264
81,4,ok,3,7,4,True,1254,25,11,3,0.0277
82,4,ok,2,10,8,True,1272,17,19,2,0.0281
83,4,ok,3,13,10,True,1290,20,11,3,0.0294
84,4,ok,2,8,6,True,1308,15,25,2,0.0299
85,4,ok,3,14,11,True,1326,18,14,3,0.0314
86,4,ok,2,5,3,True,1344,15,21,2,0.0314
87,4,ok,3,9,6,True,1362,23,11,3,0.0328
88,4,ok,2,7,5,True,1380,16,19,2,0.0334
89,4,ok,3,7,4,True,1398,19,11,3,0.0344
90,4,ok,2,11,9,True,1417,14,16,2,0.035
91,4,ok,3,11,8,True,1435,20,12,3,0.0359
92,4,ok,2,7,5,True,1453,12,22,2,0.0365
93,4,ok,3,10,7,True,1471,16,12,3,0.0378
94,4,ok,2,9,7,True,1490,11,25,2,0.0385
95,4,ok,3,13,10,True,1508,15,12,3,0.0398
96,4,ok,2,6,4,True,1526,18,18,2,0.0405
497,3,ok,2,10,8,True,8151,28,20,2,1.8438
97,4,ok,3,14,11,True,1545,19,13,3,0.0414
98,4,ok,2,10,8,True,1563,11,18,2,0.0425
99,4,ok,3,11,8,True,1582,21,15,3,0.0438
100,4,ok,2,7,5,True,1600,15,27,2,0.0447
101,4,ok,3,10,7,True,1618,19,17,3,0.0454
102,4,ok,2,9,7,True,1637,21,19,2,0.0472
103,4,ok,3,11,8,True,1656,23,11,3,0.0478
104,4,ok,2,6,4,True,1674,27,21,2,0.0488
105,4,ok,3,10,7,True,1693,25,14,3,0.0501
106,4,ok,2,6,4,True,1711,21,18,2,0.051
498,3,ok,2,6,4,True,8169,41,18,2,1.8499
107,4,ok,3,8,5,True,1730,26,13,3,0.0521
108,4,ok,2,8,6,True,1748,15,24,2,0.0536
109,4,ok,3,10,7,True,1767,22,15,3,0.0548
110,4,ok,2,8,6,True,1786,20,21,2,0.0555
111,4,ok,3,11,8,True,1805,23,12,3,0.0569
112,4,ok,2,7,5,True,1823,26,25,2,0.0581
113,4,ok,3,9,6,True,1842,30,11,3,0.0596
114,4,ok,2,8,6,True,1861,16,21,2,0.0611
115,4,ok,3,8,5,True,1880,20,11,3,0.0621
116,4,ok,2,7,5,True,1898,19,21,2,0.0638
117,4,ok,3,12,9,True,1917,18,12,3,0.0648
118,4,ok,2,7,5,True,1936,16,20,2,0.0657
119,4,ok,3,10,7,True,1955,32,17,3,0.0673
120,4,ok,2,9,7,True,1974,21,19,2,0.0672
121,4,ok,3,14,11,True,1993,16,12,3,0.0685
122,4,ok,2,9,7,True,2012,15,23,2,0.0703
123,4,ok,3,9,6,True,2031,21,13,3,0.0711
124,4,ok,2,8,6,True,2050,26,24,2,0.0733
125,4,ok,3,14,11,True,2069,31,14,3,0.074
126,4,ok,2,8,6,True,2088,24,20,2,0.0755
127,4,ok,3,15,12,True,2107,23,13,3,0.0775
128,4,ok,2,8,6,True,2126,35,21,2,0.0829
129,4,ok,3,14,11,True,2145,34,15,3,0.0792
130,4,ok,2,8,6,True,2164,19,23,2,0.0812
131,4,ok,3,10,7,True,2183,29,13,3,0.082
132,4,ok,2,9,7,True,2202,16,23,2,0.0847
133,4,ok,3,14,11,True,2221,20,11,3,0.0905
134,4,ok,2,6,4,True,2240,18,28,2,0.0866
135,4,ok,3,20,17,True,2260,18,12,3,0.0886
136,4,ok,2,7,5,True,2279,18,21,2,0.0908
137,4,ok,3,11,8,True,2298,30,13,3,0.0927
138,4,ok,2,6,4,True,2317,28,26,2,0.0938
139,4,ok,3,10,7,True,2337,27,14,3,0.0954
499,3,ok,2,13,11,True,8188,30,17,2,1.853
140,4,ok,2,6,4,True,2356,20,19,2,0.1026
141,4,ok,3,11,8,True,2375,19,11,3,0.0988
142,4,ok,2,7,5,True,2394,20,21,2,0.0995
143,4,ok,3,12,9,True,2414,22,14,3,0.1011
144,4,ok,2,12,10,True,2433,18,30,2,0.1025
145,4,ok,3,9,6,True,2452,15,14,3,0.1067
146,4,ok,2,6,4,True,2472,20,24,2,0.1065
147,4,ok,3,10,7,True,2491,28,12,3,0.1103
148,4,ok,2,10,8,True,2511,30,24,2,0.1096
149,4,ok,3,13,10,True,2530,25,20,3,0.112
150,4,ok,2,7,5,True,2550,18,22,2,0.1131
151,4,ok,3,13,10,True,2569,30,12,3,0.1151
500,3,ok,2,7,5,True,8206,34,20,2,1.9113
152,4,ok,2,6,4,True,2588,23,22,2,0.1156
153,4,ok,3,12,9,True,2608,24,14,3,0.1224
154,4,ok,2,8,6,True,2627,23,23,2,0.1197
155,4,ok,3,7,4,True,2647,39,17,3,0.1213
156,4,ok,2,8,6,True,2667,13,26,2,0.1255
157,4,ok,3,13,10,True,2686,19,13,3,0.1298
158,4,ok,2,12,10,True,2706,27,28,2,0.1292
159,4,ok,3,11,8,True,2725,27,13,3,0.1289
160,4,ok,2,7,5,True,2745,29,32,2,0.1315
161,4,ok,3,8,5,True,2764,26,12,3,0.1339
162,4,ok,2,6,4,True,2784,20,31,2,0.136
164,4,ok,2,7,5,True,2823,21,24,2,0.1383
163,4,ok,3,10,7,True,2804,25,13,3,0.1415
165,4,ok,3,12,9,True,2843,19,14,3,0.1405
166,4,ok,2,7,5,True,2863,20,26,2,0.1441
167,4,ok,3,10,7,True,2882,22,14,3,0.1448
168,4,ok,2,9,7,True,2902,18,23,2,0.1478
169,4,ok,3,13,10,True,2922,21,14,3,0.1504
170,4,ok,2,9,7,True,2942,17,25,2,0.1575
171,4,ok,3,13,10,True,2961,36,16,3,0.1532
172,4,ok,2,7,5,True,2981,31,22,2,0.157
173,4,ok,3,10,7,True,3001,33,15,3,0.16
174,4,ok,2,8,6,True,3021,19,21,2,0.1623
175,4,ok,3,9,6,True,3041,24,15,3,0.1612
176,4,ok,2,8,6,True,3060,19,28,2,0.1705
177,4,ok,3,12,9,True,3080,28,14,3,0.1663
178,4,ok,2,8,6,True,3100,23,25,2,0.1679
179,4,ok,3,9,6,True,3120,24,17,3,0.1705
180,4,ok,2,6,4,True,3140,14,23,2,0.1719
181,4,ok,3,13,10,True,3160,21,16,3,0.1735
182,4,ok,2,8,6,True,3180,18,27,2,0.1812
183,4,ok,3,11,8,True,3200,32,14,3,0.1762
184,4,ok,2,7,5,True,3220,15,28,2,0.1821
185,4,ok,3,13,10,True,3240,29,14,3,0.1878
186,4,ok,2,7,5,True,3259,24,25,2,0.1896
187,4,ok,3,12,9,True,3279,30,14,3,0.1871
188,4,ok,2,11,9,True,3299,18,24,2,0.1938
189,4,ok,3,10,7,True,3319,20,17,3,0.1908
190,4,ok,2,10,8,True,3339,25,25,2,0.1926
191,4,ok,3,11,8,True,3360,32,13,3,0.1987
192,4,ok,2,6,4,True,3380,23,27,2,0.2121
193,4,ok,3,14,11,True,3400,29,16,3,0.2041
194,4,ok,2,7,5,True,3420,20,28,2,0.2051
195,4,ok,3,16,13,True,3440,19,15,3,0.2062
196,4,ok,2,8,6,True,3460,24,24,2,0.2111
197,4,ok,3,14,11,True,3480,25,15,3,0.2159
198,4,ok,2,9,7,True,3500,26,23,2,0.2215
199,4,ok,3,10,7,True,3520,22,14,3,0.2161
200,4,ok,2,11,9,True,3540,30,32,2,0.2208
201,4,ok,3,11,8,True,3560,35,17,3,0.2196
202,4,ok,2,9,7,True,3581,39,28,2,0.2224
203,4,ok,3,11,8,True,3601,37,14,3,0.2289
204,4,ok,2,7,5,True,3621,34,24,2,0.2439
205,4,ok,3,16,13,True,3641,31,14,3,0.2354
206,4,ok,2,6,4,True,3661,17,22,2,0.2356
207,4,ok,3,15,12,True,3682,21,14,3,0.2375
208,4,ok,2,9,7,True,3702,18,27,2,0.2427
209,4,ok,3,9,6,True,3722,22,13,3,0.2467
210,4,ok,2,5,3,True,3742,28,29,2,0.2486
211,4,ok,3,11,8,True,3763,35,13,3,0.2468
212,4,ok,2,10,8,True,3783,24,22,2,0.2512
213,4,ok,3,8,5,True,3803,32,14,3,0.254
214,4,ok,2,6,4,True,3824,43,27,2,0.2636
215,4,ok,3,10,7,True,3844,22,14,3,0.266
216,4,ok,2,8,6,True,3864,35,27,2,0.2645
217,4,ok,3,14,11,True,3885,25,16,3,0.2654
218,4,ok,2,7,5,True,3905,24,24,2,0.2703
219,4,ok,3,12,9,True,3925,25,14,3,0.2695
220,4,ok,2,6,4,True,3946,29,26,2,0.2825
221,4,ok,3,13,10,True,3966,44,14,3,0.2797
222,4,ok,2,11,9,True,3986,25,31,2,0.2815
223,4,ok,3,10,7,True,4007,21,14,3,0.2827
224,4,ok,2,5,3,True,4027,24,26,2,0.2881
225,4,ok,3,15,12,True,4048,22,13,3,0.2879
226,4,ok,2,8,6,True,4068,28,23,2,0.3043
227,4,ok,3,10,7,True,4089,37,15,3,0.2977
228,4,ok,2,10,8,True,4109,25,30,2,0.2988
229,4,ok,3,19,16,True,4129,20,15,3,0.3006
230,4,ok,2,6,4,True,4150,33,23,2,0.3064
231,4,ok,3,12,9,True,4170,22,14,3,0.3181
232,4,ok,2,5,3,True,4191,33,28,2,0.3212
233,4,ok,3,11,8,True,4211,26,16,3,0.3319
234,4,ok,2,6,4,True,4232,30,25,2,0.3313
235,4,ok,3,12,9,True,4253,27,14,3,0.3278
236,4,ok,2,8,6,True,4273,21,22,2,0.3374
237,4,ok,3,10,7,True,4294,24,15,3,0.3443
238,4,ok,2,7,5,True,4314,32,24,2,0.3452
239,4,ok,3,7,4,True,4335,30,17,3,0.3518
240,4,ok,2,7,5,True,4355,16,26,2,0.3355
241,4,ok,3,14,11,True,4376,26,14,3,0.335
242,4,ok,2,7,5,True,4397,45,27,2,0.3414
243,4,ok,3,13,10,True,4417,25,15,3,0.3446
244,4,ok,2,10,8,True,4438,15,29,2,0.3493
245,4,ok,3,15,12,True,4458,19,16,3,0.382
246,4,ok,2,10,8,True,4479,25,24,2,0.3556
247,4,ok,3,9,6,True,4500,32,14,3,0.3562
248,4,ok,2,8,6,True,4520,29,26,2,0.3612
249,4,ok,3,13,10,True,4541,24,13,3,0.3677
250,4,ok,2,6,4,True,4562,36,24,2,0.3808
251,4,ok,3,12,9,True,4582,29,14,3,0.3745
252,4,ok,2,7,5,True,4603,20,29,2,0.3759
253,4,ok,3,12,9,True,4624,35,14,3,0.3783
254,4,ok,2,9,7,True,4645,22,26,2,0.3827
255,4,ok,3,12,9,True,4665,25,16,3,0.3902
256,4,ok,2,5,3,True,4686,29,24,2,0.4053
257,4,ok,3,20,17,True,4707,39,15,3,0.3914
258,4,ok,2,7,5,True,4727,18,27,2,0.3988
259,4,ok,3,9,6,True,4748,21,14,3,0.3991
260,4,ok,2,12,10,True,4769,25,29,2,0.406
261,4,ok,3,15,12,True,4790,42,17,3,0.4028
262,4,ok,2,5,3,True,4811,24,41,2,0.4228
263,4,ok,3,12,9,True,4831,38,15,3,0.4137
264,4,ok,2,5,3,True,4852,37,25,2,0.4183
265,4,ok,3,13,10,True,4873,27,15,3,0.4217
266,4,ok,2,11,9,True,4894,38,24,2,0.4334
267,4,ok,3,9,6,True,4915,38,18,3,0.427
268,4,ok,2,8,6,True,4936,29,27,2,0.4466
269,4,ok,3,13,10,True,4956,26,14,3,0.4358
270,4,ok,2,5,3,True,4977,29,24,2,0.4409
271,4,ok,3,8,5,True,4998,38,14,3,0.445
272,4,ok,2,9,7,True,5019,20,23,2,0.4534
273,4,ok,3,8,5,True,5040,37,17,3,0.4537
274,4,ok,2,5,3,True,5061,21,27,2,0.4708
275,4,ok,3,12,9,True,5082,22,15,3,0.4588
276,4,ok,2,8,6,True,5103,26,26,2,0.4635
277,4,ok,3,16,13,True,5124,36,15,3,0.4658
278,4,ok,2,6,4,True,5145,27,27,2,0.4743
279,4,ok,3,11,8,True,5166,38,16,3,0.4796
280,4,ok,2,9,7,True,5186,25,24,2,0.4891
281,4,ok,3,8,5,True,5207,36,13,3,0.4831
282,4,ok,2,7,5,True,5228,22,22,2,0.4964
283,4,ok,3,11,8,True,5249,34,15,3,0.4959
284,4,ok,2,6,4,True,5270,30,30,2,0.5006
285,4,ok,3,13,10,True,5291,21,15,3,0.4997
286,4,ok,2,8,6,True,5312,28,24,2,0.5145
287,4,ok,3,14,11,True,5333,26,13,3,0.5061
288,4,ok,2,11,9,True,5354,44,25,2,0.5137
289,4,ok,3,10,7,True,5375,28,14,3,0.5207
290,4,ok,2,10,8,True,5396,26,29,2,0.522
291,4,ok,3,10,7,True,5418,30,14,3,0.5204
292,4,ok,2,9,7,True,5439,28,25,2,0.5419
293,4,ok,3,13,10,True,5460,32,15,3,0.5324
294,4,ok,2,6,4,True,5481,35,25,2,0.5412
295,4,ok,3,10,7,True,5502,35,16,3,0.538
296,4,ok,2,8,6,True,5523,33,27,2,0.5565
297,4,ok,3,8,5,True,5544,31,18,3,0.5461
298,4,ok,2,8,6,True,5565,26,28,2,0.5504
299,4,ok,3,9,6,True,5586,29,13,3,0.5566
300,4,ok,2,7,5,True,5607,25,24,2,0.5634
301,4,ok,3,16,13,True,5628,24,16,3,0.5604
302,4,ok,2,10,8,True,5650,17,38,2,0.5695
303,4,ok,3,10,7,True,5671,29,15,3,0.5778
304,4,ok,2,9,7,True,5692,26,31,2,0.5858
305,4,ok,3,13,10,True,5713,31,15,3,0.5824
306,4,ok,2,13,11,True,5734,21,32,2,0.5923
307,4,ok,3,8,5,True,5755,23,16,3,0.5899
308,4,ok,2,10,8,True,5777,29,27,2,0.5997
309,4,ok,3,10,7,True,5798,33,14,3,0.5965
310,4,ok,2,11,9,True,5819,21,25,2,0.6099
311,4,ok,3,16,13,True,5840,38,14,3,0.6155
312,4,ok,2,7,5,True,5861,25,24,2,0.6171
313,4,ok,3,9,6,True,5883,37,15,3,0.6257
314,4,ok,2,5,3,True,5904,35,25,2,0.6242
315,4,ok,3,14,11,True,5925,26,14,3,0.6217
316,4,ok,2,5,3,True,5946,37,26,2,0.6332
317,4,ok,3,10,7,True,5968,34,18,3,0.6464
318,4,ok,2,9,7,True,5989,27,25,2,0.6418
319,4,ok,3,10,7,True,6010,32,15,3,0.6704
320,4,ok,2,5,3,True,6031,19,32,2,0.6574
321,4,ok,3,15,12,True,6053,29,15,3,0.6514
322,4,ok,2,8,6,True,6074,30,24,2,0.6579
323,4,ok,3,17,14,True,6095,24,15,3,0.6814
324,4,ok,2,4,2,True,6117,24,27,2,0.6842
325,4,ok,3,11,8,True,6138,27,15,3,0.6897
326,4,ok,2,5,3,True,6159,25,32,2,0.6871
327,4,ok,3,11,8,True,6181,50,17,3,0.6901
328,4,ok,2,7,5,True,6202,33,30,2,0.6945
329,4,ok,3,13,10,True,6223,22,14,3,0.7075
330,4,ok,2,7,5,True,6245,30,28,2,0.7077
331,4,ok,3,12,9,True,6266,34,14,3,0.7011
332,4,ok,2,10,8,True,6287,31,28,2,0.7143
333,4,ok,3,10,7,True,6309,39,17,3,0.7306
334,4,ok,2,7,5,True,6330,31,26,2,0.7221
335,4,ok,3,12,9,True,6351,39,15,3,0.7393
336,4,ok,2,10,8,True,6373,30,28,2,0.7793
337,4,ok,3,13,10,True,6394,26,14,3,0.7395
338,4,ok,2,5,3,True,6416,33,25,2,0.7531
339,4,ok,3,10,7,True,6437,49,14,3,0.7544
340,4,ok,2,7,5,True,6459,49,26,2,0.7555
341,4,ok,3,11,8,True,6480,38,17,3,0.7675
343,4,ok,3,17,14,True,6523,26,18,3,0.7651
342,4,ok,2,9,7,True,6501,41,24,2,0.7909
344,4,ok,2,9,7,True,6544,36,27,2,0.7862
345,4,ok,3,12,9,True,6566,32,15,3,0.7715
346,4,ok,2,9,7,True,6587,25,26,2,0.7813
347,4,ok,3,10,7,True,6609,26,14,3,0.7891
348,4,ok,2,12,10,True,6630,23,27,2,0.7942
349,4,ok,3,14,11,True,6652,32,14,3,0.8334
350,4,ok,2,6,4,True,6673,27,26,2,0.8071
351,4,ok,3,15,12,True,6695,35,16,3,0.8062
352,4,ok,2,6,4,True,6716,25,25,2,0.8221
353,4,ok,3,11,8,True,6738,28,16,3,0.8311
354,4,ok,2,10,8,True,6759,33,28,2,0.8274
355,4,ok,3,16,13,True,6781,30,16,3,0.861
356,4,ok,2,8,6,True,6802,34,33,2,0.8426
357,4,ok,3,12,9,True,6824,37,15,3,0.8392
358,4,ok,2,8,6,True,6845,38,28,2,0.846
359,4,ok,3,10,7,True,6867,34,14,3,0.8601
360,4,ok,2,7,5,True,6888,50,26,2,0.8597
361,4,ok,3,12,9,True,6910,47,15,3,0.8835
362,4,ok,2,9,7,True,6932,32,29,2,0.8715
363,4,ok,3,13,10,True,6953,32,18,3,0.8685
364,4,ok,2,9,7,True,6975,31,25,2,0.8833
365,4,ok,3,10,7,True,6996,28,15,3,0.8909
366,4,ok,2,6,4,True,7018,55,28,2,0.8889
367,4,ok,3,16,13,True,7040,25,19,3,0.9308
368,4,ok,2,7,5,True,7061,22,29,2,0.9157
369,4,ok,3,8,5,True,7083,68,16,3,0.9033
370,4,ok,2,8,6,True,7104,28,24,2,0.9272
371,4,ok,3,11,8,True,7126,34,16,3,0.9271
372,4,ok,2,13,11,True,7148,24,27,2,0.9457
373,4,ok,3,12,9,True,7169,46,17,3,0.948
375,4,ok,3,11,8,True,7213,35,16,3,0.9533
374,4,ok,2,12,10,True,7191,35,32,2,0.9701
376,4,ok,2,10,8,True,7234,32,27,2,0.9825
377,4,ok,3,8,5,True,7256,50,17,3,0.9951
378,4,ok,2,9,7,True,7278,28,27,2,1.0218
379,4,ok,3,13,10,True,7299,29,17,3,1.0004
380,4,ok,2,5,3,True,7321,31,30,2,0.9787
381,4,ok,3,10,7,True,7343,39,17,3,1.0166
382,4,ok,2,7,5,True,7364,25,29,2,0.9849
383,4,ok,3,14,11,True,7386,41,16,3,1.0018
384,4,ok,2,7,5,True,7408,29,27,2,1.04
385,4,ok,3,11,8,True,7430,47,15,3,1.0149
386,4,ok,2,8,6,True,7451,26,29,2,1.0045
387,4,ok,3,14,11,True,7473,28,16,3,1.0534
388,4,ok,2,6,4,True,7495,28,28,2,1.0268
389,4,ok,3,13,10,True,7516,53,19,3,1.0346
390,4,ok,2,11,9,True,7538,37,28,2,1.0344
391,4,ok,3,12,9,True,7560,39,17,3,1.0414
392,4,ok,2,11,9,True,7582,47,32,2,1.0807
393,4,ok,3,9,6,True,7604,42,17,3,1.066
394,4,ok,2,11,9,True,7625,44,38,2,1.0564
395,4,ok,3,13,10,True,7647,30,18,3,1.0704
396,4,ok,2,5,3,True,7669,32,30,2,1.0807
397,4,ok,3,12,9,True,7691,38,16,3,1.0839
398,4,ok,2,11,9,True,7712,35,30,2,1.151
399,4,ok,3,13,10,True,7734,45,16,3,1.1005
400,4,ok,2,6,4,True,7756,46,33,2,1.1116
401,4,ok,3,18,15,True,7778,29,15,3,1.1047
402,4,ok,2,6,4,True,7800,40,29,2,1.1208
403,4,ok,3,17,14,True,7822,34,16,3,1.124
404,4,ok,2,4,2,True,7843,40,37,2,1.1645
405,4,ok,3,16,13,True,7865,43,15,3,1.192
406,4,ok,2,11,9,True,7887,37,27,2,1.1559
407,4,ok,3,14,11,True,7909,33,18,3,1.2083
408,4,ok,2,8,6,True,7931,24,29,2,1.1515
409,4,ok,3,8,5,True,7953,42,17,3,1.1634
410,4,ok,2,7,5,True,7975,38,35,2,1.162
411,4,ok,3,7,4,True,7996,60,19,3,1.1975
412,4,ok,2,8,6,True,8018,23,29,2,1.1954
413,4,ok,3,17,14,True,8040,44,17,3,1.2977
414,4,ok,2,9,7,True,8062,26,32,2,1.2115
415,4,ok,3,15,12,True,8084,29,16,3,1.2245
416,4,ok,2,8,6,True,8106,30,28,2,1.2156
417,4,ok,3,16,13,True,8128,35,15,3,1.222
418,4,ok,2,8,6,True,8150,37,30,2,1.225
419,4,ok,3,17,14,True,8172,34,16,3,1.2645
420,4,ok,2,10,8,True,8194,40,33,2,1.2474
421,4,ok,3,14,11,True,8216,32,17,3,1.2672
422,4,ok,2,10,8,True,8238,38,30,2,1.2507
423,4,ok,3,11,8,True,8259,38,19,3,1.2688
424,4,ok,2,8,6,True,8281,46,30,2,1.2917
425,4,ok,3,13,10,True,8303,37,16,3,1.2757
426,4,ok,2,8,6,True,8325,30,25,2,1.3008
427,4,ok,3,11,8,True,8347,43,18,3,1.3279
428,4,ok,2,8,6,True,8369,30,28,2,1.3
429,4,ok,3,15,12,True,8391,30,17,3,1.3323
430,4,ok,2,11,9,True,8413,34,29,2,1.3181
431,4,ok,3,9,6,True,8435,30,14,3,1.3245
432,4,ok,2,7,5,True,8457,30,30,2,1.355
433,4,ok,3,12,9,True,8479,42,16,3,1.3476
434,4,ok,2,5,3,True,8501,41,29,2,1.3256
435,4,ok,3,14,11,True,8523,42,17,3,1.3858
436,4,ok,2,10,8,True,8545,25,32,2,1.4161
437,4,ok,3,9,6,True,8567,47,16,3,1.3582
438,4,ok,2,8,6,True,8589,35,30,2,1.3696
439,4,ok,3,12,9,True,8611,26,20,3,1.4039
440,4,ok,2,10,8,True,8633,31,29,2,1.3736
441,4,ok,3,11,8,True,8655,43,19,3,1.3915
442,4,ok,2,7,5,True,8678,25,24,2,1.4284
443,4,ok,3,15,12,True,8700,34,14,3,1.4118
444,4,ok,2,10,8,True,8722,25,24,2,1.4054
445,4,ok,3,10,7,True,8744,30,16,3,1.4461
446,4,ok,2,12,10,True,8766,32,26,2,1.5007
447,4,ok,3,13,10,True,8788,34,17,3,1.4603
448,4,ok,2,6,4,True,8810,43,37,2,1.4453
449,4,ok,3,10,7,True,8832,51,18,3,1.479
450,4,ok,2,6,4,True,8854,60,37,2,1.5071
451,4,ok,3,12,9,True,8876,40,16,3,1.4945
452,4,ok,2,11,9,True,8898,29,30,2,1.4668
453,4,ok,3,9,6,True,8920,34,16,3,1.4945
454,4,ok,2,5,3,True,8943,53,32,2,1.5409
455,4,ok,3,12,9,True,8965,37,17,3,1.5076
456,4,ok,2,7,5,True,8987,42,28,2,1.5343
457,4,ok,3,8,5,True,9009,32,15,3,1.5201
458,4,ok,2,8,6,True,9031,31,30,2,1.5125
459,4,ok,3,12,9,True,9053,46,17,3,1.5302
460,4,ok,2,12,10,True,9075,41,29,2,1.627
461,4,ok,3,17,14,True,9098,23,17,3,1.5438
462,4,ok,2,6,4,True,9120,37,36,2,1.5484
463,4,ok,3,14,11,True,9142,50,16,3,1.5792
464,4,ok,2,8,6,True,9164,27,29,2,1.556
465,4,ok,3,10,7,True,9186,36,18,3,1.6372
466,4,ok,2,9,7,True,9208,25,26,2,1.5957
467,4,ok,3,16,13,True,9231,36,17,3,1.6855
468,4,ok,2,11,9,True,9253,23,30,2,1.6057
469,4,ok,3,12,9,True,9275,21,18,3,1.6203
470,4,ok,2,8,6,True,9297,57,27,2,1.6106
471,4,ok,3,10,7,True,9319,30,16,3,1.6319
472,4,ok,2,9,7,True,9342,32,27,2,1.6648
473,4,ok,3,12,9,True,9364,27,17,3,1.6442
474,4,ok,2,6,4,True,9386,49,29,2,1.6929
475,4,ok,3,13,10,True,9408,57,16,3,1.6952
476,4,ok,2,6,4,True,9430,33,27,2,1.6765
477,4,ok,3,15,12,True,9453,51,17,3,1.687
478,4,ok,2,5,3,True,9475,27,29,2,1.6764
479,4,ok,3,13,10,True,9497,45,20,3,1.6991
480,4,ok,2,7,5,True,9519,48,30,2,1.7006
481,4,ok,3,9,6,True,9542,41,16,3,1.7069
482,4,ok,2,11,9,True,9564,21,28,2,1.7515
483,4,ok,3,16,13,True,9586,28,16,3,1.7227
484,4,ok,2,6,4,True,9608,29,32,2,1.8192
485,4,ok,3,13,10,True,9631,36,17,3,1.7623
486,4,ok,2,10,8,True,9653,32,26,2,1.7374
487,4,ok,3,12,9,True,9675,37,17,3,1.7607
488,4,ok,2,7,5,True,9698,45,32,2,1.7956
489,4,ok,3,11,8,True,9720,44,16,3,1.8025
490,4,ok,2,7,5,True,9742,27,29,2,1.7734
491,4,ok,3,17,14,True,9765,31,16,3,1.8032
492,4,ok,2,7,5,True,9787,33,30,2,1.805
493,4,ok,3,12,9,True,9809,33,16,3,1.8194
494,4,ok,2,10,8,True,9831,25,28,2,1.8572
495,4,ok,3,11,8,True,9854,39,18,3,1.8926
1,5,ok,4,4,0,True,10,2,3,4,0.0001
2,5,ok,2,3,1,True,19,3,5,2,0.0001
3,5,ok,3,7,4,True,30,2,7,3,0.0001
4,5,ok,2,6,4,True,41,2,7,2,0.0001
5,5,ok,3,6,3,True,54,4,6,3,0.0001
6,5,ok,2,3,1,True,67,5,8,2,0.0002
7,5,ok,3,8,5,True,81,5,9,3,0.0002
8,5,ok,2,3,1,True,95,4,12,2,0.0003
9,5,ok,3,8,5,True,109,4,10,3,0.0003
10,5,ok,2,4,2,True,124,8,9,2,0.0004
11,5,ok,3,7,4,True,140,5,10,3,0.0005
12,5,ok,2,7,5,True,155,4,14,2,0.0006
13,5,ok,3,7,4,True,170,7,10,3,0.0006
14,5,ok,2,7,5,True,186,5,15,2,0.0007
15,5,ok,3,5,2,True,202,8,12,3,0.0008
16,5,ok,2,3,1,True,219,9,13,2,0.0009
17,5,ok,3,7,4,True,235,11,10,3,0.0011
18,5,ok,2,7,5,True,252,5,13,2,0.0012
19,5,ok,3,7,4,True,269,9,10,3,0.0013
20,5,ok,2,5,3,True,285,8,15,2,0.0015
21,5,ok,3,8,5,True,303,7,13,3,0.0016
22,5,ok,2,8,6,True,320,8,13,2,0.0018
23,5,ok,3,7,4,True,337,10,14,3,0.002
24,5,ok,2,7,5,True,355,6,15,2,0.0022
25,5,ok,3,11,8,True,372,9,12,3,0.0024
26,5,ok,2,6,4,True,390,6,14,2,0.0025
27,5,ok,3,8,5,True,408,9,14,3,0.0027
28,5,ok,2,7,5,True,426,8,14,2,0.0029
29,5,ok,3,8,5,True,444,9,14,3,0.0031
30,5,ok,2,8,6,True,462,11,14,2,0.0034
31,5,ok,3,9,6,True,480,11,16,3,0.0036
32,5,ok,2,6,4,True,498,12,19,2,0.0038
33,5,ok,3,9,6,True,517,12,16,3,0.0042
34,5,ok,2,7,5,True,536,7,20,2,0.0044
35,5,ok,3,10,7,True,554,12,15,3,0.0047
36,5,ok,2,6,4,True,573,8,15,2,0.005
37,5,ok,3,6,3,True,591,11,16,3,0.0053
38,5,ok,2,5,3,True,610,6,17,2,0.0056
39,5,ok,3,8,5,True,629,11,17,3,0.0059
40,5,ok,2,8,6,True,648,10,16,2,0.0063
41,5,ok,3,10,7,True,667,13,19,3,0.0067
42,5,ok,2,6,4,True,686,8,17,2,0.007
43,5,ok,3,8,5,True,705,9,16,3,0.0074
44,5,ok,2,4,2,True,725,8,17,2,0.0078
45,5,ok,3,5,2,True,744,9,17,3,0.0082
46,5,ok,2,6,4,True,763,6,16,2,0.0087
47,5,ok,3,11,8,True,783,10,17,3,0.0091
48,5,ok,2,5,3,True,802,11,20,2,0.0095
49,5,ok,3,7,4,True,822,15,17,3,0.0101
50,5,ok,2,7,5,True,841,9,17,2,0.0104
51,5,ok,3,14,11,True,861,12,17,3,0.0115
52,5,ok,2,7,5,True,881,11,18,2,0.0111
53,5,ok,3,7,4,True,901,11,16,3,0.0116
54,5,ok,2,7,5,True,920,11,21,2,0.0121
55,5,ok,3,9,6,True,940,14,20,3,0.0126
56,5,ok,2,4,2,True,960,14,20,2,0.0132
57,5,ok,3,9,6,True,980,17,20,3,0.0138
58,5,ok,2,5,3,True,1000,13,19,2,0.0143
59,5,ok,3,8,5,True,1020,18,21,3,0.0148
60,5,ok,2,7,5,True,1040,12,21,2,0.0154
61,5,ok,3,10,7,True,1061,16,17,3,0.0161
62,5,ok,2,4,2,True,1081,13,19,2,0.0167
63,5,ok,3,8,5,True,1101,13,21,3,0.0172
64,5,ok,2,8,6,True,1121,8,19,2,0.0181
65,5,ok,3,9,6,True,1142,16,24,3,0.0186
66,5,ok,2,4,2,True,1162,12,19,2,0.0191
67,5,ok,3,8,5,True,1183,12,21,3,0.02
68,5,ok,2,4,2,True,1203,12,21,2,0.0206
69,5,ok,3,10,7,True,1224,12,21,3,0.0212
496,4,ok,2,10,8,True,9876,31,34,2,1.8485
70,5,ok,2,6,4,True,1244,12,20,2,0.0221
71,5,ok,3,11,8,True,1265,11,18,3,0.0228
72,5,ok,2,6,4,True,1285,11,19,2,0.0236
73,5,ok,3,11,8,True,1306,10,19,3,0.0244
74,5,ok,2,6,4,True,1327,11,27,2,0.0249
75,5,ok,3,8,5,True,1348,16,22,3,0.0259
76,5,ok,2,8,6,True,1368,11,21,2,0.0267
77,5,ok,3,10,7,True,1389,19,25,3,0.0276
78,5,ok,2,5,3,True,1410,15,25,2,0.028
79,5,ok,3,8,5,True,1432,15,18,3,0.0285
80,5,ok,2,8,6,True,1452,13,26,2,0.0294
81,5,ok,3,12,9,True,1473,17,19,3,0.0307
82,5,ok,2,8,6,True,1494,11,22,2,0.0313
83,5,ok,3,7,4,True,1515,17,23,3,0.0324
84,5,ok,2,7,5,True,1536,11,21,2,0.0341
85,5,ok,3,11,8,True,1557,15,19,3,0.0343
86,5,ok,2,5,3,True,1578,18,20,2,0.0346
87,5,ok,3,10,7,True,1600,18,21,3,0.036
88,5,ok,2,6,4,True,1621,18,26,2,0.0371
497,4,ok,3,17,14,True,9898,34,18,3,1.8443
89,5,ok,3,9,6,True,1642,11,21,3,0.0395
90,5,ok,2,7,5,True,1663,15,20,2,0.039
91,5,ok,3,10,7,True,1685,12,24,3,0.0415
92,5,ok,2,6,4,True,1706,17,26,2,0.0498
93,5,ok,3,9,6,True,1728,14,22,3,0.0427
94,5,ok,2,8,6,True,1749,11,19,2,0.0513
95,5,ok,3,9,6,True,1770,17,23,3,0.0451
96,5,ok,2,6,4,True,1792,24,21,2,0.0538
97,5,ok,3,9,6,True,1813,12,21,3,0.0558
98,5,ok,2,6,4,True,1835,9,22,2,0.0498
498,4,ok,2,6,4,True,9921,32,30,2,1.8521
99,5,ok,3,8,5,True,1856,15,22,3,0.0581
100,5,ok,2,6,4,True,1878,9,22,2,0.0518
101,5,ok,3,15,12,True,1899,12,26,3,0.0569
102,5,ok,2,5,3,True,1921,14,24,2,0.0584
103,5,ok,3,12,9,True,1943,18,20,3,0.0689
104,5,ok,2,7,5,True,1964,13,27,2,0.071
105,5,ok,3,8,5,True,1986,14,22,3,0.0594
106,5,ok,2,9,7,True,2008,12,25,2,0.0592
107,5,ok,3,6,3,True,2030,14,21,3,0.0632
108,5,ok,2,8,6,True,2052,14,24,2,0.0651
109,5,ok,3,8,5,True,2073,14,21,3,0.0694
110,5,ok,2,7,5,True,2095,13,24,2,0.0626
111,5,ok,3,12,9,True,2117,22,22,3,0.0699
112,5,ok,2,4,2,True,2140,15,25,2,0.0688
113,5,ok,3,11,8,True,2161,19,21,3,0.0649
114,5,ok,2,5,3,True,2183,13,23,2,0.0666
115,5,ok,3,10,7,True,2205,14,21,3,0.0677
116,5,ok,2,10,8,True,2228,14,25,2,0.0697
117,5,ok,3,11,8,True,2249,20,21,3,0.0715
118,5,ok,2,7,5,True,2271,15,25,2,0.0808
119,5,ok,3,5,2,True,2293,27,22,3,0.0826
120,5,ok,2,7,5,True,2315,14,27,2,0.0812
121,5,ok,3,9,6,True,2337,15,24,3,0.0771
122,5,ok,2,7,5,True,2359,13,26,2,0.0841
123,5,ok,3,9,6,True,2381,18,23,3,0.0812
124,5,ok,2,11,9,True,2404,12,22,2,0.0846
125,5,ok,3,8,5,True,2426,16,20,3,0.0827
499,4,ok,3,11,8,True,9943,55,16,3,2.0072
126,5,ok,2,6,4,True,2448,19,26,2,0.0844
127,5,ok,3,8,5,True,2470,13,25,3,0.0861
128,5,ok,2,5,3,True,2492,24,23,2,0.0999
129,5,ok,3,7,4,True,2515,14,24,3,0.0969
130,5,ok,2,5,3,True,2537,11,28,2,0.1032
131,5,ok,3,10,7,True,2560,18,22,3,0.1096
500,4,ok,2,7,5,True,9965,29,30,2,1.9208
132,5,ok,2,5,3,True,2582,12,24,2,0.118
133,5,ok,3,8,5,True,2604,12,25,3,0.1383
134,5,ok,2,11,9,True,2627,14,25,2,0.1352
135,5,ok,3,9,6,True,2649,15,24,3,0.1132
136,5,ok,2,4,2,True,2672,13,23,2,0.1156
137,5,ok,3,6,3,True,2694,24,23,3,0.1098
138,5,ok,2,10,8,True,2716,16,26,2,0.1131
140,5,ok,2,7,5,True,2761,18,26,2,0.1068
139,5,ok,3,11,8,True,2739,17,21,3,0.114
141,5,ok,3,13,10,True,2784,16,23,3,0.1082
142,5,ok,2,8,6,True,2806,14,26,2,0.1103
143,5,ok,3,9,6,True,2829,17,25,3,0.123
144,5,ok,2,9,7,True,2852,13,29,2,0.1141
145,5,ok,3,11,8,True,2874,17,25,3,0.123
147,5,ok,3,11,8,True,2920,15,23,3,0.1217
146,5,ok,2,6,4,True,2897,19,24,2,0.1318
148,5,ok,2,6,4,True,2942,17,24,2,0.1302
149,5,ok,3,12,9,True,2965,19,27,3,0.1335
150,5,ok,2,6,4,True,2988,14,29,2,0.1336
151,5,ok,3,6,3,True,3010,16,27,3,0.1273
152,5,ok,2,6,4,True,3033,24,24,2,0.1296
153,5,ok,3,8,5,True,3056,22,23,3,0.1339
154,5,ok,2,5,3,True,3079,22,23,2,0.1358
155,5,ok,3,8,5,True,3102,19,23,3,0.1467
156,5,ok,2,5,3,True,3124,12,27,2,0.1385
157,5,ok,3,7,4,True,3147,15,24,3,0.1394
158,5,ok,2,7,5,True,3170,13,24,2,0.1441
159,5,ok,3,9,6,True,3193,23,25,3,0.1432
160,5,ok,2,6,4,True,3216,12,26,2,0.15
161,5,ok,3,8,5,True,3239,34,23,3,0.1448
162,5,ok,2,4,2,True,3262,18,29,2,0.1473
163,5,ok,3,9,6,True,3285,20,25,3,0.1554
164,5,ok,2,6,4,True,3308,17,26,2,0.1697
165,5,ok,3,10,7,True,3331,14,24,3,0.1711
166,5,ok,2,6,4,True,3354,17,28,2,0.2013
167,5,ok,3,5,2,True,3377,21,32,3,0.1814
168,5,ok,2,9,7,True,3400,18,30,2,0.1828
169,5,ok,3,13,10,True,3423,18,25,3,0.1835
170,5,ok,2,7,5,True,3446,19,28,2,0.1839
171,5,ok,3,9,6,True,3469,19,25,3,0.1815
172,5,ok,2,6,4,True,3492,19,27,2,0.1738
173,5,ok,3,9,6,True,3515,24,34,3,0.1725
174,5,ok,2,8,6,True,3538,19,25,2,0.1905
175,5,ok,3,9,6,True,3561,18,26,3,0.1905
176,5,ok,2,5,3,True,3584,24,26,2,0.1818
177,5,ok,3,8,5,True,3608,14,28,3,0.1875
178,5,ok,2,5,3,True,3632,14,30,2,0.1854
179,5,ok,3,9,6,True,3654,20,24,3,0.1884
180,5,ok,2,11,9,True,3677,18,24,2,0.194
181,5,ok,3,12,9,True,3700,13,23,3,0.196
182,5,ok,2,9,7,True,3724,17,26,2,0.203
183,5,ok,3,9,6,True,3747,21,23,3,0.2124
184,5,ok,2,8,6,True,3770,17,26,2,0.2077
185,5,ok,3,7,4,True,3794,25,24,3,0.2084
186,5,ok,2,6,4,True,3817,19,31,2,0.2073
187,5,ok,3,9,6,True,3840,16,26,3,0.2108
188,5,ok,2,8,6,True,3864,14,30,2,0.2267
189,5,ok,3,12,9,True,3887,21,27,3,0.2163
190,5,ok,2,10,8,True,3910,18,27,2,0.2141
191,5,ok,3,8,5,True,3934,25,29,3,0.2176
192,5,ok,2,6,4,True,3957,11,27,2,0.2198
193,5,ok,3,12,9,True,3981,16,25,3,0.2283
194,5,ok,2,8,6,True,4004,15,23,2,0.2415
195,5,ok,3,9,6,True,4028,17,28,3,0.2309
196,5,ok,2,9,7,True,4051,17,26,2,0.2291
197,5,ok,3,10,7,True,4074,15,26,3,0.2321
198,5,ok,2,10,8,True,4098,13,27,2,0.2357
199,5,ok,3,8,5,True,4121,21,26,3,0.2407
201,5,ok,3,7,4,True,4168,19,28,3,0.2467
200,5,ok,2,7,5,True,4145,16,26,2,0.2538
202,5,ok,2,7,5,True,4192,12,25,2,0.2463
203,5,ok,3,10,7,True,4216,19,27,3,0.2483
204,5,ok,2,6,4,True,4240,20,26,2,0.2595
205,5,ok,3,12,9,True,4263,20,30,3,0.2564
206,5,ok,2,9,7,True,4286,21,33,2,0.2617
207,5,ok,3,13,10,True,4310,14,26,3,0.2746
208,5,ok,2,7,5,True,4333,19,28,2,0.2629
209,5,ok,3,8,5,True,4357,27,27,3,0.2663
210,5,ok,2,8,6,True,4381,23,28,2,0.2707
211,5,ok,3,8,5,True,4404,22,34,3,0.2805
212,5,ok,2,5,3,True,4428,15,30,2,0.2793
213,5,ok,3,11,8,True,4452,20,26,3,0.289
215,5,ok,3,10,7,True,4500,19,28,3,0.285
214,5,ok,2,8,6,True,4476,13,27,2,0.3055
216,5,ok,2,8,6,True,4523,20,26,2,0.2955
217,5,ok,3,7,4,True,4547,29,25,3,0.2905
218,5,ok,2,7,5,True,4570,17,29,2,0.2967
219,5,ok,3,7,4,True,4594,16,30,3,0.2988
220,5,ok,2,14,12,True,4618,21,25,2,0.3021
221,5,ok,3,8,5,True,4642,17,27,3,0.3265
222,5,ok,2,6,4,True,4666,20,33,2,0.3082
223,5,ok,3,11,8,True,4689,19,30,3,0.3099
224,5,ok,2,6,4,True,4713,21,33,2,0.321
225,5,ok,3,11,8,True,4737,19,30,3,0.3193
226,5,ok,2,8,6,True,4761,15,30,2,0.3198
227,5,ok,3,8,5,True,4785,22,25,3,0.3358
228,5,ok,2,8,6,True,4809,25,30,2,0.3305
229,5,ok,3,8,5,True,4833,14,28,3,0.3324
230,5,ok,2,5,3,True,4856,16,33,2,0.3435
231,5,ok,3,9,6,True,4880,24,25,3,0.3394
232,5,ok,2,5,3,True,4904,16,28,2,0.3396
233,5,ok,3,11,8,True,4928,21,28,3,0.347
234,5,ok,2,8,6,True,4952,24,29,2,0.3514
235,5,ok,3,11,8,True,4976,26,28,3,0.3485
236,5,ok,2,4,2,True,5000,17,32,2,0.3725
237,5,ok,3,10,7,True,5024,19,25,3,0.3567
238,5,ok,2,6,4,True,5048,29,28,2,0.3596
239,5,ok,3,12,9,True,5072,14,27,3,0.3641
240,5,ok,2,8,6,True,5096,18,31,2,0.3735
241,5,ok,3,10,7,True,5120,23,30,3,0.3694
242,5,ok,2,8,6,True,5144,23,32,2,0.3846
243,5,ok,3,12,9,True,5168,28,27,3,0.3809
244,5,ok,2,8,6,True,5192,22,27,2,0.3813
245,5,ok,3,9,6,True,5216,17,27,3,0.3938
246,5,ok,2,8,6,True,5241,18,26,2,0.3973
247,5,ok,3,7,4,True,5265,15,29,3,0.3996
249,5,ok,3,11,8,True,5313,17,27,3,0.4042
248,5,ok,2,5,3,True,5289,19,30,2,0.4251
250,5,ok,2,10,8,True,5337,24,29,2,0.4034
251,5,ok,3,9,6,True,5361,29,30,3,0.4145
252,5,ok,2,7,5,True,5385,18,29,2,0.4113
253,5,ok,3,11,8,True,5409,18,33,3,0.4129
254,5,ok,2,5,3,True,5434,22,29,2,0.4225
255,5,ok,3,16,13,True,5458,23,28,3,0.4527
256,5,ok,2,7,5,True,5482,19,27,2,0.4273
257,5,ok,3,8,5,True,5506,23,28,3,0.4323
258,5,ok,2,4,2,True,5530,14,32,2,0.4402
259,5,ok,3,14,11,True,5555,21,27,3,0.4355
260,5,ok,2,6,4,True,5579,26,26,2,0.442
262,5,ok,2,7,5,True,5628,14,35,2,0.4533
261,5,ok,3,8,5,True,5603,20,29,3,0.4819
263,5,ok,3,11,8,True,5652,15,28,3,0.4562
264,5,ok,2,10,8,True,5676,18,39,2,0.4609
265,5,ok,3,9,6,True,5700,19,27,3,0.4638
266,5,ok,2,6,4,True,5725,17,33,2,0.4921
267,5,ok,3,10,7,True,5749,21,25,3,0.4722
268,5,ok,2,15,13,True,5773,14,31,2,0.4772
269,5,ok,3,7,4,True,5798,30,28,3,0.4766
270,5,ok,2,8,6,True,5822,23,30,2,0.48
271,5,ok,3,14,11,True,5846,15,29,3,0.485
272,5,ok,2,7,5,True,5871,22,30,2,0.509
273,5,ok,3,9,6,True,5895,25,31,3,0.494
274,5,ok,2,9,7,True,5919,17,30,2,0.5062
275,5,ok,3,12,9,True,5944,21,27,3,0.5273
276,5,ok,2,6,4,True,5968,20,35,2,0.5088
277,5,ok,3,11,8,True,5993,16,35,3,0.51
278,5,ok,2,7,5,True,6017,22,31,2,0.5216
279,5,ok,3,11,8,True,6042,17,28,3,0.535
280,5,ok,2,5,3,True,6066,27,29,2,0.5456
281,5,ok,3,15,12,True,6090,18,29,3,0.5533
282,5,ok,2,4,2,True,6116,19,32,2,0.568
283,5,ok,3,9,6,True,6140,13,28,3,0.5655
284,5,ok,2,11,9,True,6164,15,30,2,0.5622
285,5,ok,3,9,6,True,6188,23,32,3,0.5529
286,5,ok,2,4,2,True,6213,23,30,2,0.5916
287,5,ok,3,9,6,True,6237,17,31,3,0.562
288,5,ok,2,7,5,True,6262,21,29,2,0.5688
289,5,ok,3,11,8,True,6286,19,27,3,0.5662
290,5,ok,2,7,5,True,6311,23,32,2,0.5895
291,5,ok,3,7,4,True,6336,23,32,3,0.5769
292,5,ok,2,10,8,True,6360,16,31,2,0.6116
293,5,ok,3,12,9,True,6385,27,31,3,0.5979
294,5,ok,2,8,6,True,6409,21,28,2,0.599
295,5,ok,3,11,8,True,6434,22,29,3,0.5947
296,5,ok,2,7,5,True,6459,18,29,2,0.6091
297,5,ok,3,8,5,True,6483,22,30,3,0.6066
298,5,ok,2,8,6,True,6508,26,31,2,0.6322
299,5,ok,3,14,11,True,6532,18,28,3,0.6354
300,5,ok,2,8,6,True,6557,15,29,2,0.6584
301,5,ok,3,8,5,True,6582,22,29,3,0.6327
302,5,ok,2,5,3,True,6606,26,31,2,0.6294
303,5,ok,3,9,6,True,6631,24,29,3,0.6262
304,5,ok,2,8,6,True,6656,17,30,2,0.6419
305,5,ok,3,6,3,True,6680,19,33,3,0.6367
306,5,ok,2,9,7,True,6705,15,32,2,0.6853
307,5,ok,3,8,5,True,6730,26,29,3,0.6606
308,5,ok,2,4,2,True,6754,15,32,2,0.6681
309,5,ok,3,10,7,True,6779,23,33,3,0.6611
310,5,ok,2,9,7,True,6804,16,33,2,0.6819
311,5,ok,3,5,2,True,6829,26,33,3,0.6762
313,5,ok,3,10,7,True,6878,24,35,3,0.6866
312,5,ok,2,5,3,True,6853,19,28,2,0.7226
315,5,ok,3,16,13,True,6928,26,30,3,0.6967
314,5,ok,2,6,4,True,6903,22,29,2,0.7069
316,5,ok,2,7,5,True,6952,18,30,2,0.7031
317,5,ok,3,5,2,True,6977,27,33,3,0.6948
318,5,ok,2,6,4,True,7002,30,30,2,0.7049
319,5,ok,3,13,10,True,7027,29,30,3,0.7403
321,5,ok,3,10,7,True,7077,27,32,3,0.7377
320,5,ok,2,6,4,True,7052,26,32,2,0.7635
322,5,ok,2,9,7,True,7101,18,29,2,0.73
323,5,ok,3,10,7,True,7126,24,28,3,0.743
324,5,ok,2,6,4,True,7151,17,34,2,0.7386
325,5,ok,3,8,5,True,7176,15,29,3,0.7489
327,5,ok,3,8,5,True,7226,28,29,3,0.7606
326,5,ok,2,7,5,True,7201,19,31,2,0.7933
328,5,ok,2,8,6,True,7251,20,32,2,0.7641
329,5,ok,3,11,8,True,7275,35,28,3,0.7824
330,5,ok,2,9,7,True,7300,17,34,2,0.767
331,5,ok,3,12,9,True,7325,21,30,3,0.7835
332,5,ok,2,7,5,True,7350,17,32,2,0.782
333,5,ok,3,12,9,True,7375,29,28,3,0.8189
334,5,ok,2,7,5,True,7400,24,31,2,0.833
335,5,ok,3,10,7,True,7425,17,30,3,0.802
336,5,ok,2,10,8,True,7450,19,30,2,0.8016
337,5,ok,3,10,7,True,7475,21,28,3,0.8116
338,5,ok,2,6,4,True,7500,21,31,2,0.8112
339,5,ok,3,9,6,True,7525,23,28,3,0.8476
340,5,ok,2,7,5,True,7550,28,32,2,0.8459
341,5,ok,3,6,3,True,7575,21,33,3,0.8258
342,5,ok,2,5,3,True,7600,16,30,2,0.8469
343,5,ok,3,7,4,True,7625,33,32,3,0.8355
344,5,ok,2,11,9,True,7650,13,29,2,0.8499
345,5,ok,3,13,10,True,7675,17,30,3,0.8873
346,5,ok,2,7,5,True,7700,23,33,2,0.8675
347,5,ok,3,12,9,True,7725,29,28,3,0.8937
348,5,ok,2,4,2,True,7750,19,30,2,0.8691
349,5,ok,3,13,10,True,7775,29,30,3,0.8792
350,5,ok,2,7,5,True,7800,25,31,2,0.8812
351,5,ok,3,8,5,True,7825,27,29,3,0.9009
352,5,ok,2,6,4,True,7850,19,33,2,0.8922
353,5,ok,3,13,10,True,7875,18,32,3,0.9382
354,5,ok,2,6,4,True,7900,23,29,2,0.9173
355,5,ok,3,10,7,True,7926,30,28,3,0.9395
356,5,ok,2,5,3,True,7951,29,31,2,0.9174
357,5,ok,3,11,8,True,7976,28,32,3,0.9518
358,5,ok,2,5,3,True,8001,31,30,2,0.9574
359,5,ok,3,12,9,True,8026,25,30,3,0.9415
360,5,ok,2,8,6,True,8051,23,37,2,0.9362
361,5,ok,3,12,9,True,8076,18,30,3,1.018
362,5,ok,2,7,5,True,8102,22,33,2,0.9554
363,5,ok,3,12,9,True,8127,21,29,3,0.9851
364,5,ok,2,6,4,True,8152,26,36,2,0.9747
365,5,ok,3,12,9,True,8177,22,32,3,0.9686
366,5,ok,2,7,5,True,8202,22,33,2,0.9816
367,5,ok,3,16,13,True,8228,20,27,3,1.0822
368,5,ok,2,7,5,True,8253,20,34,2,0.9897
369,5,ok,3,10,7,True,8278,28,27,3,1.0044
370,5,ok,2,6,4,True,8303,21,31,2,1.0244
371,5,ok,3,9,6,True,8328,25,37,3,1.0094
372,5,ok,2,9,7,True,8354,14,35,2,1.0247
373,5,ok,3,11,8,True,8379,24,30,3,1.0893
374,5,ok,2,9,7,True,8404,29,33,2,1.0281
375,5,ok,3,14,11,True,8429,20,29,3,1.0507
376,5,ok,2,7,5,True,8455,21,35,2,1.0529
377,5,ok,3,8,5,True,8480,26,31,3,1.0513
378,5,ok,2,8,6,True,8505,26,33,2,1.0819
379,5,ok,3,10,7,True,8530,25,35,3,1.1397
380,5,ok,2,9,7,True,8556,14,33,2,1.0924
381,5,ok,3,10,7,True,8581,27,39,3,1.1084
382,5,ok,2,5,3,True,8606,29,30,2,1.1354
383,5,ok,3,10,7,True,8632,29,29,3,1.1094
384,5,ok,2,11,9,True,8657,22,31,2,1.1407
385,5,ok,3,9,6,True,8682,19,31,3,1.1271
386,5,ok,2,4,2,True,8708,32,33,2,1.1091
387,5,ok,3,12,9,True,8733,30,29,3,1.1446
388,5,ok,2,5,3,True,8758,28,32,2,1.1232
389,5,ok,3,5,2,True,8784,27,32,3,1.1623
390,5,ok,2,7,5,True,8809,21,32,2,1.145
392,5,ok,2,8,6,True,8860,21,32,2,1.149
391,5,ok,3,11,8,True,8834,24,35,3,1.1637
393,5,ok,3,12,9,True,8885,31,32,3,1.2122
394,5,ok,2,6,4,True,8910,17,38,2,1.1732
395,5,ok,3,9,6,True,8936,23,29,3,1.2279
396,5,ok,2,12,10,True,8961,21,33,2,1.1871
397,5,ok,3,12,9,True,8987,26,32,3,1.1857
398,5,ok,2,8,6,True,9012,26,32,2,1.2086
399,5,ok,3,9,6,True,9038,22,32,3,1.2124
400,5,ok,2,13,11,True,9063,22,34,2,1.2297
401,5,ok,3,8,5,True,9088,21,29,3,1.2336
402,5,ok,2,7,5,True,9114,18,35,2,1.2269
403,5,ok,3,9,6,True,9139,24,31,3,1.23
404,5,ok,2,10,8,True,9165,20,35,2,1.2431
405,5,ok,3,8,5,True,9190,27,34,3,1.2955
406,5,ok,2,5,3,True,9216,18,34,2,1.2573
407,5,ok,3,13,10,True,9241,27,30,3,1.2686
408,5,ok,2,8,6,True,9267,28,33,2,1.273
410,5,ok,2,9,7,True,9318,23,33,2,1.2919
409,5,ok,3,11,8,True,9292,37,29,3,1.3468
411,5,ok,3,8,5,True,9343,30,31,3,1.3209
412,5,ok,2,4,2,True,9369,20,33,2,1.3044
413,5,ok,3,9,6,True,9394,23,35,3,1.3572
414,5,ok,2,10,8,True,9420,19,32,2,1.3129
415,5,ok,3,9,6,True,9445,25,29,3,1.3213
416,5,ok,2,9,7,True,9471,28,34,2,1.3143
417,5,ok,3,11,8,True,9496,25,29,3,1.3532
418,5,ok,2,8,6,True,9522,28,32,2,1.3494
419,5,ok,3,14,11,True,9547,21,31,3,1.3865
420,5,ok,2,8,6,True,9573,19,36,2,1.3585
422,5,ok,2,6,4,True,9624,25,34,2,1.4109
421,5,ok,3,12,9,True,9599,29,34,3,1.423
423,5,ok,3,10,7,True,9650,27,33,3,1.3875
424,5,ok,2,7,5,True,9675,17,36,2,1.3993
425,5,ok,3,8,5,True,9701,24,34,3,1.4047
426,5,ok,2,8,6,True,9727,21,35,2,1.4091
428,5,ok,2,11,9,True,9778,29,36,2,1.4225
427,5,ok,3,10,7,True,9752,26,34,3,1.5
429,5,ok,3,10,7,True,9804,27,36,3,1.427
430,5,ok,2,10,8,True,9829,20,34,2,1.4393
431,5,ok,3,12,9,True,9855,27,32,3,1.4562
432,5,ok,2,7,5,True,9880,25,36,2,1.4377
433,5,ok,3,14,11,True,9906,29,31,3,1.4636
434,5,ok,2,9,7,True,9932,17,31,2,1.5438
435,5,ok,3,14,11,True,9957,21,31,3,1.4803
436,5,ok,2,10,8,True,9983,25,36,2,1.518
437,5,ok,3,9,6,True,10009,26,34,3,1.5207
438,5,ok,2,10,8,True,10034,22,33,2,1.4916
439,5,ok,3,10,7,True,10060,28,29,3,1.5465
440,5,ok,2,8,6,True,10086,19,34,2,1.5046
441,5,ok,3,14,11,True,10111,22,31,3,1.5428
442,5,ok,2,8,6,True,10137,15,34,2,1.5932
443,5,ok,3,10,7,True,10163,22,34,3,1.5256
444,5,ok,2,9,7,True,10189,17,33,2,1.5517
445,5,ok,3,11,8,True,10214,24,35,3,1.575
446,5,ok,2,8,6,True,10240,24,35,2,1.5709
447,5,ok,3,7,4,True,10266,24,36,3,1.6014
448,5,ok,2,7,5,True,10292,30,34,2,1.5896
449,5,ok,3,9,6,True,10317,25,34,3,1.6303
450,5,ok,2,3,1,True,10343,43,33,2,1.6004
451,5,ok,3,8,5,True,10369,24,33,3,1.5969
452,5,ok,2,6,4,True,10395,24,38,2,1.6629
453,5,ok,3,11,8,True,10420,22,33,3,1.6665
454,5,ok,2,7,5,True,10446,30,35,2,1.6286
455,5,ok,3,9,6,True,10472,25,33,3,1.6748
456,5,ok,2,5,3,True,10498,29,33,2,1.6522
457,5,ok,3,8,5,True,10524,26,30,3,1.6617
458,5,ok,2,10,8,True,10549,20,39,2,1.6812
459,5,ok,3,10,7,True,10576,21,34,3,1.7141
460,5,ok,2,9,7,True,10601,19,34,2,1.7394
461,5,ok,3,11,8,True,10627,25,31,3,1.7019
462,5,ok,2,5,3,True,10653,21,37,2,1.7243
463,5,ok,3,14,11,True,10678,17,32,3,1.7148
464,5,ok,2,9,7,True,10704,19,38,2,1.7852
465,5,ok,3,6,3,True,10730,21,34,3,1.7361
466,5,ok,2,5,3,True,10756,23,33,2,1.7497
467,5,ok,3,14,11,True,10782,26,32,3,1.7467
468,5,ok,2,6,4,True,10808,21,32,2,1.7543
469,5,ok,3,9,6,True,10834,24,31,3,1.7549
470,5,ok,2,8,6,True,10860,25,35,2,1.817
471,5,ok,3,9,6,True,10885,20,29,3,1.7794
472,5,ok,2,9,7,True,10912,14,34,2,1.86
473,5,ok,3,13,10,True,10937,21,32,3,1.7879
474,5,ok,2,5,3,True,10963,24,36,2,1.8121
475,5,ok,3,22,19,True,10989,20,33,3,1.8386
476,5,ok,2,7,5,True,11015,26,34,2,1.8109
477,5,ok,3,9,6,True,11041,30,29,3,1.858
478,5,ok,2,8,6,True,11067,17,36,2,1.8951
479,5,ok,3,12,9,True,11093,20,37,3,1.8924
480,5,ok,2,6,4,True,11119,21,35,2,1.9617
481,5,ok,3,9,6,True,11144,36,31,3,1.948
482,5,ok,2,9,7,True,11170,30,35,2,1.9094
483,5,ok,3,12,9,True,11196,36,31,3,1.9192
484,5,ok,2,5,3,True,11222,29,38,2,1.9101
485,5,ok,3,12,9,True,11248,20,37,3,1.9613
486,5,ok,2,10,8,True,11274,29,34,2,1.8992
487,5,ok,3,10,7,True,11300,31,31,3,1.9747
488,5,ok,2,7,5,True,11326,21,36,2,1.9254
489,5,ok,3,8,5,True,11352,25,33,3,1.9882
490,5,ok,2,6,4,True,11378,29,33,2,1.983
491,5,ok,3,10,7,True,11404,26,31,3,2.0237
492,5,ok,2,9,7,True,11430,20,32,2,2.0366
493,5,ok,3,11,8,True,11456,23,32,3,2.0042
494,5,ok,2,8,6,True,11482,16,35,2,1.9945
495,5,ok,3,10,7,True,11508,29,39,3,2.1055
1,6,ok,5,5,0,True,12,2,3,5,0.0001
2,6,ok,2,3,1,True,23,3,6,2,0.0001
3,6,ok,4,6,2,True,35,4,4,4,0.0001
4,6,ok,2,5,3,True,49,3,13,2,0.0001
5,6,ok,5,7,2,True,63,5,5,5,0.0002
6,6,ok,2,4,2,True,78,4,8,2,0.0002
7,6,ok,4,7,3,True,94,5,8,4,0.0003
8,6,ok,2,4,2,True,110,7,15,2,0.0003
9,6,ok,5,10,5,True,127,7,9,5,0.0004
10,6,ok,2,4,2,True,144,5,11,2,0.0005
11,6,ok,4,9,5,True,161,7,7,4,0.0006
12,6,ok,2,5,3,True,179,3,17,2,0.0006
13,6,ok,5,16,11,True,197,6,9,5,0.0008
14,6,ok,2,3,1,True,215,8,11,2,0.0008
15,6,ok,4,7,3,True,235,8,8,4,0.0009
16,6,ok,2,4,2,True,252,9,20,2,0.0011
17,6,ok,5,10,5,True,271,7,7,5,0.0012
18,6,ok,2,4,2,True,290,6,15,2,0.0013
19,6,ok,4,10,6,True,310,6,9,4,0.0015
20,6,ok,2,4,2,True,329,8,24,2,0.0016
21,6,ok,5,7,2,True,348,11,10,5,0.0018
22,6,ok,2,5,3,True,368,8,14,2,0.002
23,6,ok,4,12,8,True,388,8,10,4,0.0021
24,6,ok,2,4,2,True,408,6,21,2,0.0022
25,6,ok,5,14,9,True,428,9,10,5,0.0025
26,6,ok,2,8,6,True,448,5,14,2,0.0027
27,6,ok,4,10,6,True,469,16,9,4,0.0029
28,6,ok,2,5,3,True,490,8,41,2,0.0032
29,6,ok,5,17,12,True,510,7,11,5,0.0034
30,6,ok,2,5,3,True,531,12,16,2,0.0037
31,6,ok,4,13,9,True,552,11,11,4,0.0039
32,6,ok,2,6,4,True,572,7,25,2,0.0042
33,6,ok,5,16,11,True,594,9,9,5,0.0045
34,6,ok,2,6,4,True,615,8,15,2,0.0049
35,6,ok,4,11,7,True,636,10,11,4,0.0051
36,6,ok,2,4,2,True,657,11,30,2,0.0055
37,6,ok,5,11,6,True,680,12,10,5,0.0058
38,6,ok,2,5,3,True,700,8,19,2,0.0061
39,6,ok,4,15,11,True,722,13,12,4,0.0065
40,6,ok,2,6,4,True,743,8,29,2,0.0071
41,6,ok,5,10,5,True,765,13,13,5,0.0075
42,6,ok,2,6,4,True,787,9,21,2,0.0077
43,6,ok,4,10,6,True,809,12,10,4,0.0103
44,6,ok,2,7,5,True,831,11,32,2,0.009
45,6,ok,5,11,6,True,853,12,11,5,0.0099
46,6,ok,2,3,1,True,875,8,18,2,0.0101
47,6,ok,4,12,8,True,897,16,10,4,0.0105
48,6,ok,2,7,5,True,919,7,34,2,0.011
49,6,ok,5,12,7,True,942,10,12,5,0.0115
50,6,ok,2,6,4,True,964,16,23,2,0.012
51,6,ok,4,14,10,True,987,13,10,4,0.0126
52,6,ok,2,8,6,True,1009,12,35,2,0.0134
53,6,ok,5,13,8,True,1032,17,13,5,0.0136
496,5,ok,2,6,4,True,11534,23,42,2,2.0618
54,6,ok,2,7,5,True,1055,9,21,2,0.0144
55,6,ok,4,12,8,True,1077,14,12,4,0.0141
56,6,ok,2,7,5,True,1100,7,34,2,0.0159
57,6,ok,5,17,12,True,1123,12,13,5,0.0153
58,6,ok,2,7,5,True,1145,10,20,2,0.0167
59,6,ok,4,11,7,True,1168,11,12,4,0.0164
60,6,ok,2,5,3,True,1191,11,39,2,0.018
61,6,ok,5,17,12,True,1214,11,12,5,0.0182
62,6,ok,2,4,2,True,1237,10,23,2,0.0194
63,6,ok,4,8,4,True,1261,12,15,4,0.0195
64,6,ok,2,8,6,True,1284,9,37,2,0.0195
65,6,ok,5,12,7,True,1307,11,14,5,0.0202
66,6,ok,2,4,2,True,1330,12,21,2,0.0223
67,6,ok,4,12,8,True,1355,15,12,4,0.0252
68,6,ok,2,7,5,True,1377,9,41,2,0.0225
69,6,ok,5,22,17,True,1400,15,13,5,0.0232
70,6,ok,2,10,8,True,1424,9,21,2,0.0239
71,6,ok,4,12,8,True,1447,16,16,4,0.0248
72,6,ok,2,8,6,True,1471,11,38,2,0.0258
73,6,ok,5,16,11,True,1494,15,16,5,0.0263
74,6,ok,2,5,3,True,1518,10,22,2,0.0273
75,6,ok,4,14,10,True,1542,14,15,4,0.028
76,6,ok,2,7,5,True,1565,17,36,2,0.029
77,6,ok,5,11,6,True,1589,16,14,5,0.0296
78,6,ok,2,6,4,True,1613,13,22,2,0.0305
79,6,ok,4,9,5,True,1637,25,12,4,0.0311
80,6,ok,2,5,3,True,1661,11,38,2,0.0325
497,5,ok,3,9,6,True,11560,31,31,3,2.1435
81,6,ok,5,13,8,True,1685,13,12,5,0.0331
82,6,ok,2,6,4,True,1709,11,24,2,0.0344
83,6,ok,4,13,9,True,1733,24,14,4,0.0348
84,6,ok,2,4,2,True,1757,11,38,2,0.036
498,5,ok,2,7,5,True,11586,32,35,2,2.0918
85,6,ok,5,16,11,True,1781,19,13,5,0.0373
86,6,ok,2,7,5,True,1805,11,23,2,0.0378
87,6,ok,4,11,7,True,1829,15,15,4,0.0392
88,6,ok,2,9,7,True,1853,9,39,2,0.0466
89,6,ok,5,19,14,True,1877,15,13,5,0.0455
90,6,ok,2,6,4,True,1902,12,22,2,0.0464
91,6,ok,4,10,6,True,1926,10,14,4,0.046
92,6,ok,2,4,2,True,1950,11,40,2,0.044
93,6,ok,5,12,7,True,1975,15,14,5,0.0489
94,6,ok,2,3,1,True,1999,14,28,2,0.0461
95,6,ok,4,10,6,True,2024,12,17,4,0.048
96,6,ok,2,6,4,True,2048,14,42,2,0.0492
97,6,ok,5,14,9,True,2073,17,15,5,0.0536
98,6,ok,2,7,5,True,2097,13,23,2,0.0505
99,6,ok,4,8,4,True,2122,17,13,4,0.0523
100,6,ok,2,6,4,True,2146,18,44,2,0.0533
101,6,ok,5,16,11,True,2171,14,15,5,0.0569
102,6,ok,2,7,5,True,2195,18,27,2,0.0575
103,6,ok,4,10,6,True,2220,15,14,4,0.0577
104,6,ok,2,8,6,True,2245,10,43,2,0.0591
105,6,ok,5,13,8,True,2270,13,17,5,0.06
106,6,ok,2,7,5,True,2295,13,26,2,0.0646
107,6,ok,4,6,2,True,2320,15,17,4,0.0642
108,6,ok,2,7,5,True,2345,10,48,2,0.0656
109,6,ok,5,12,7,True,2369,16,16,5,0.0655
110,6,ok,2,5,3,True,2394,11,27,2,0.07
111,6,ok,4,9,5,True,2419,15,15,4,0.0689
112,6,ok,2,4,2,True,2444,15,44,2,0.0694
113,6,ok,5,12,7,True,2469,16,16,5,0.0709
114,6,ok,2,8,6,True,2494,16,27,2,0.0748
115,6,ok,4,16,12,True,2519,13,17,4,0.074
116,6,ok,2,7,5,True,2544,11,41,2,0.0744
117,6,ok,5,15,10,True,2569,13,15,5,0.076
118,6,ok,2,8,6,True,2594,17,24,2,0.0808
119,6,ok,4,12,8,True,2620,14,17,4,0.0802
120,6,ok,2,6,4,True,2645,16,42,2,0.0816
121,6,ok,5,13,8,True,2670,16,16,5,0.0824
122,6,ok,2,5,3,True,2695,14,25,2,0.0874
123,6,ok,4,14,10,True,2720,18,16,4,0.0861
124,6,ok,2,7,5,True,2745,12,39,2,0.0868
125,6,ok,5,14,9,True,2770,17,16,5,0.0883
126,6,ok,2,6,4,True,2796,21,27,2,0.0935
127,6,ok,4,9,5,True,2821,25,15,4,0.0926
499,5,ok,3,13,10,True,11612,26,31,3,2.0786
128,6,ok,2,4,2,True,2846,18,40,2,0.0931
129,6,ok,5,15,10,True,2872,18,15,5,0.095
130,6,ok,2,3,1,True,2897,14,27,2,0.1067
131,6,ok,4,12,8,True,2923,23,15,4,0.1008
132,6,ok,2,4,2,True,2948,13,41,2,0.0997
133,6,ok,5,17,12,True,2974,15,18,5,0.103
134,6,ok,2,9,7,True,2999,13,24,2,0.1041
136,6,ok,2,5,3,True,3050,31,43,2,0.1073
135,6,ok,4,11,7,True,3025,17,16,4,0.1109
137,6,ok,5,15,10,True,3076,28,15,5,0.1088
500,5,ok,2,10,8,True,11638,22,37,2,2.0939
138,6,ok,2,6,4,True,3101,14,32,2,0.1108
139,6,ok,4,12,8,True,3127,14,15,4,0.1124
140,6,ok,2,4,2,True,3153,13,47,2,0.1145
141,6,ok,5,14,9,True,3178,23,18,5,0.1211
142,6,ok,2,8,6,True,3204,12,27,2,0.1187
143,6,ok,4,12,8,True,3230,14,14,4,0.1195
144,6,ok,2,5,3,True,3256,24,43,2,0.1228
145,6,ok,5,18,13,True,3281,15,15,5,0.1246
146,6,ok,2,7,5,True,3307,18,28,2,0.1264
148,6,ok,2,6,4,True,3359,17,55,2,0.1304
147,6,ok,4,10,6,True,3333,22,17,4,0.1356
149,6,ok,5,13,8,True,3385,21,15,5,0.1317
150,6,ok,2,8,6,True,3410,11,27,2,0.1362
151,6,ok,4,13,9,True,3436,18,17,4,0.1537
152,6,ok,2,7,5,True,3462,14,48,2,0.1526
153,6,ok,5,16,11,True,3488,21,18,5,0.1448
154,6,ok,2,6,4,True,3514,18,26,2,0.1509
155,6,ok,4,13,9,True,3540,20,19,4,0.1468
156,6,ok,2,6,4,True,3566,16,50,2,0.1549
157,6,ok,5,12,7,True,3592,20,16,5,0.164
158,6,ok,2,6,4,True,3618,18,27,2,0.1702
159,6,ok,4,13,9,True,3645,28,16,4,0.1723
160,6,ok,2,10,8,True,3670,15,45,2,0.1757
161,6,ok,5,14,9,True,3696,17,15,5,0.1751
162,6,ok,2,4,2,True,3722,14,28,2,0.1639
163,6,ok,4,13,9,True,3749,17,18,4,0.1682
164,6,ok,2,7,5,True,3775,14,51,2,0.1773
165,6,ok,5,22,17,True,3801,13,17,5,0.1715
166,6,ok,2,6,4,True,3827,17,29,2,0.1734
167,6,ok,4,12,8,True,3853,24,16,4,0.1796
168,6,ok,2,9,7,True,3879,18,47,2,0.1763
169,6,ok,5,13,8,True,3906,13,18,5,0.1764
170,6,ok,2,7,5,True,3932,14,27,2,0.1875
171,6,ok,4,15,11,True,3958,19,18,4,0.1813
172,6,ok,2,3,1,True,3985,15,48,2,0.1866
173,6,ok,5,15,10,True,4011,22,17,5,0.191
174,6,ok,2,3,1,True,4037,19,25,2,0.199
175,6,ok,4,12,8,True,4065,12,16,4,0.1913
177,6,ok,5,14,9,True,4116,19,18,5,0.198
176,6,ok,2,7,5,True,4090,15,49,2,0.2176
178,6,ok,2,9,7,True,4143,15,32,2,0.2142
179,6,ok,4,12,8,True,4169,18,18,4,0.2013
180,6,ok,2,6,4,True,4196,13,47,2,0.2032
181,6,ok,5,14,9,True,4222,17,16,5,0.211
182,6,ok,2,7,5,True,4248,19,26,2,0.2094
185,6,ok,5,16,11,True,4328,20,18,5,0.2161
184,6,ok,2,6,4,True,4301,19,53,2,0.2199
183,6,ok,4,10,6,True,4275,20,19,4,0.235
186,6,ok,2,7,5,True,4355,19,31,2,0.2273
187,6,ok,4,14,10,True,4381,14,17,4,0.2235
188,6,ok,2,4,2,True,4408,15,51,2,0.2266
189,6,ok,5,17,12,True,4434,14,17,5,0.2268
190,6,ok,2,5,3,True,4461,17,33,2,0.2296
191,6,ok,4,7,3,True,4487,17,16,4,0.246
192,6,ok,2,9,7,True,4514,24,50,2,0.2392
193,6,ok,5,15,10,True,4541,22,18,5,0.2477
194,6,ok,2,5,3,True,4567,19,34,2,0.2472
195,6,ok,4,15,11,True,4595,16,18,4,0.244
196,6,ok,2,7,5,True,4621,17,52,2,0.2469
197,6,ok,5,13,8,True,4647,17,17,5,0.2541
198,6,ok,2,7,5,True,4674,11,31,2,0.2543
199,6,ok,4,12,8,True,4701,18,20,4,0.2662
200,6,ok,2,7,5,True,4728,15,50,2,0.2627
201,6,ok,5,18,13,True,4755,15,17,5,0.2654
202,6,ok,2,6,4,True,4781,16,30,2,0.2655
203,6,ok,4,9,5,True,4808,17,19,4,0.2934
204,6,ok,2,4,2,True,4835,18,51,2,0.273
205,6,ok,5,15,10,True,4862,17,17,5,0.2881
206,6,ok,2,6,4,True,4889,22,29,2,0.2941
208,6,ok,2,3,1,True,4942,23,49,2,0.2851
207,6,ok,4,17,13,True,4916,16,20,4,0.2916
209,6,ok,5,12,7,True,4970,17,17,5,0.2996
210,6,ok,2,7,5,True,4996,17,30,2,0.2975
211,6,ok,4,12,8,True,5023,17,20,4,0.3246
212,6,ok,2,10,8,True,5050,12,48,2,0.3059
214,6,ok,2,5,3,True,5104,13,29,2,0.3031
213,6,ok,5,18,13,True,5077,19,19,5,0.3063
215,6,ok,4,13,9,True,5131,19,17,4,0.306
216,6,ok,2,9,7,True,5158,21,54,2,0.3136
217,6,ok,5,19,14,True,5185,15,20,5,0.337
218,6,ok,2,6,4,True,5212,17,30,2,0.3135
219,6,ok,4,11,7,True,5239,18,18,4,0.318
220,6,ok,2,11,9,True,5266,16,53,2,0.3216
221,6,ok,5,19,14,True,5293,26,18,5,0.3258
222,6,ok,2,4,2,True,5320,25,35,2,0.3346
223,6,ok,4,10,6,True,5347,23,16,4,0.3515
224,6,ok,2,7,5,True,5375,16,53,2,0.3346
225,6,ok,5,15,10,True,5402,16,18,5,0.3379
226,6,ok,2,6,4,True,5429,19,30,2,0.3416
227,6,ok,4,14,10,True,5456,21,18,4,0.3468
228,6,ok,2,4,2,True,5483,24,53,2,0.3533
229,6,ok,5,15,10,True,5510,19,17,5,0.3689
230,6,ok,2,5,3,True,5538,18,31,2,0.3598
231,6,ok,4,12,8,True,5565,22,19,4,0.3642
232,6,ok,2,7,5,True,5592,24,50,2,0.3672
233,6,ok,5,17,12,True,5620,18,17,5,0.3682
234,6,ok,2,8,6,True,5646,18,29,2,0.3792
235,6,ok,4,11,7,True,5674,29,18,4,0.3786
236,6,ok,2,6,4,True,5701,15,59,2,0.3752
237,6,ok,5,19,14,True,5728,17,22,5,0.3797
238,6,ok,2,6,4,True,5756,19,37,2,0.4103
239,6,ok,4,9,5,True,5783,24,20,4,0.3942
240,6,ok,2,5,3,True,5810,18,54,2,0.4417
241,6,ok,5,12,7,True,5838,19,22,5,0.44
242,6,ok,2,5,3,True,5865,24,32,2,0.4426
243,6,ok,4,13,9,True,5892,18,18,4,0.4534
244,6,ok,2,5,3,True,5920,28,48,2,0.4504
245,6,ok,5,18,13,True,5947,22,17,5,0.4792
246,6,ok,2,9,7,True,5975,13,33,2,0.5017
247,6,ok,4,12,8,True,6002,25,21,4,0.5262
248,6,ok,2,6,4,True,6030,14,52,2,0.5376
249,6,ok,5,14,9,True,6057,21,17,5,0.5551
250,6,ok,2,7,5,True,6084,34,37,2,0.5217
251,6,ok,4,14,10,True,6112,19,18,4,0.5612
252,6,ok,2,5,3,True,6140,18,56,2,0.5052
253,6,ok,5,15,10,True,6167,21,18,5,0.4908
254,6,ok,2,8,6,True,6194,13,27,2,0.4967
255,6,ok,4,12,8,True,6222,18,19,4,0.4981
256,6,ok,2,8,6,True,6250,12,55,2,0.5075
257,6,ok,5,16,11,True,6277,20,17,5,0.516
258,6,ok,2,7,5,True,6304,22,31,2,0.5196
259,6,ok,4,15,11,True,6332,19,21,4,0.5013
260,6,ok,2,8,6,True,6360,18,56,2,0.5084
261,6,ok,5,13,8,True,6387,19,20,5,0.4969
262,6,ok,2,8,6,True,6415,22,37,2,0.5213
263,6,ok,4,13,9,True,6442,26,19,4,0.5202
264,6,ok,2,10,8,True,6470,23,56,2,0.5153
265,6,ok,5,16,11,True,6498,16,19,5,0.5135
266,6,ok,2,9,7,True,6525,23,32,2,0.5335
267,6,ok,4,13,9,True,6553,22,19,4,0.516
268,6,ok,2,7,5,True,6581,24,52,2,0.5203
269,6,ok,5,14,9,True,6608,14,19,5,0.5441
270,6,ok,2,10,8,True,6636,15,30,2,0.5194
271,6,ok,4,9,5,True,6664,42,18,4,0.5457
272,6,ok,2,6,4,True,6691,17,56,2,0.532
273,6,ok,5,26,21,True,6719,20,19,5,0.5715
274,6,ok,2,6,4,True,6747,16,31,2,0.5949
275,6,ok,4,9,5,True,6775,21,20,4,0.5781
276,6,ok,2,5,3,True,6802,20,51,2,0.5697
277,6,ok,5,15,10,True,6830,21,20,5,0.6071
278,6,ok,2,9,7,True,6858,23,28,2,0.5655
279,6,ok,4,16,12,True,6886,26,21,4,0.6181
280,6,ok,2,9,7,True,6914,14,56,2,0.5831
281,6,ok,5,12,7,True,6941,24,20,5,0.614
282,6,ok,2,8,6,True,6970,23,34,2,0.6032
283,6,ok,4,11,7,True,6997,19,19,4,0.5957
284,6,ok,2,8,6,True,7025,15,56,2,0.6157
285,6,ok,5,13,8,True,7053,22,18,5,0.6073
286,6,ok,2,11,9,True,7081,20,33,2,0.6344
287,6,ok,4,9,5,True,7109,22,20,4,0.6004
288,6,ok,2,11,9,True,7136,29,61,2,0.6101
289,6,ok,5,19,14,True,7165,20,20,5,0.6383
290,6,ok,2,5,3,True,7192,25,38,2,0.6216
291,6,ok,4,11,7,True,7220,28,18,4,0.6474
292,6,ok,2,6,4,True,7248,14,53,2,0.6496
294,6,ok,2,5,3,True,7304,16,30,2,0.6418
293,6,ok,5,16,11,True,7276,21,19,5,0.6732
295,6,ok,4,20,16,True,7332,20,21,4,0.6577
296,6,ok,2,7,5,True,7360,19,54,2,0.6536
297,6,ok,5,19,14,True,7388,16,18,5,0.6505
298,6,ok,2,5,3,True,7416,15,30,2,0.6554
300,6,ok,2,7,5,True,7472,22,58,2,0.6767
299,6,ok,4,13,9,True,7444,25,21,4,0.6887
301,6,ok,5,12,7,True,7500,26,22,5,0.6654
302,6,ok,2,7,5,True,7528,24,27,2,0.6802
303,6,ok,4,14,10,True,7556,20,19,4,0.6953
304,6,ok,2,4,2,True,7585,15,62,2,0.6747
305,6,ok,5,13,8,True,7612,25,20,5,0.69
306,6,ok,2,11,9,True,7640,17,33,2,0.6909
308,6,ok,2,5,3,True,7697,24,53,2,0.7089
307,6,ok,4,11,7,True,7669,30,24,4,0.7355
309,6,ok,5,18,13,True,7725,21,22,5,0.7463
310,6,ok,2,6,4,True,7753,20,34,2,0.7341
312,6,ok,2,6,4,True,7809,16,56,2,0.7571
311,6,ok,4,13,9,True,7781,20,20,4,0.7705
314,6,ok,2,9,7,True,7865,22,30,2,0.8018
313,6,ok,5,16,11,True,7837,21,21,5,0.8305
315,6,ok,4,10,6,True,7894,30,20,4,0.776
316,6,ok,2,7,5,True,7922,25,59,2,0.8316
317,6,ok,5,15,10,True,7950,21,19,5,0.7802
318,6,ok,2,4,2,True,7978,15,32,2,0.8217
319,6,ok,4,16,12,True,8006,23,23,4,0.7731
320,6,ok,2,12,10,True,8035,16,55,2,0.7859
321,6,ok,5,22,17,True,8063,17,21,5,0.7981
322,6,ok,2,6,4,True,8091,21,42,2,0.8203
323,6,ok,4,13,9,True,8119,23,22,4,0.8047
324,6,ok,2,7,5,True,8148,24,57,2,0.8076
325,6,ok,5,18,13,True,8176,22,20,5,0.8212
326,6,ok,2,7,5,True,8204,19,30,2,0.8095
327,6,ok,4,13,9,True,8233,18,20,4,0.846
328,6,ok,2,6,4,True,8261,31,57,2,0.8284
329,6,ok,5,15,10,True,8289,21,20,5,0.8588
330,6,ok,2,5,3,True,8317,18,32,2,0.844
331,6,ok,4,14,10,True,8346,50,19,4,0.834
332,6,ok,2,6,4,True,8374,19,58,2,0.869
333,6,ok,5,19,14,True,8402,25,18,5,0.8667
334,6,ok,2,9,7,True,8431,12,34,2,0.8724
335,6,ok,4,11,7,True,8459,32,25,4,0.8547
336,6,ok,2,7,5,True,8488,22,57,2,0.8911
337,6,ok,5,11,6,True,8516,30,20,5,0.8757
338,6,ok,2,7,5,True,8544,17,31,2,0.9066
339,6,ok,4,9,5,True,8573,22,19,4,0.8949
340,6,ok,2,7,5,True,8601,17,59,2,0.9298
341,6,ok,5,16,11,True,8630,22,20,5,0.8991
342,6,ok,2,10,8,True,8658,15,32,2,0.9186
343,6,ok,4,13,9,True,8686,34,22,4,0.9471
344,6,ok,2,8,6,True,8715,27,60,2,0.9042
345,6,ok,5,21,16,True,8743,22,20,5,0.9734
346,6,ok,2,4,2,True,8772,20,34,2,0.9159
347,6,ok,4,9,5,True,8800,25,22,4,0.9335
348,6,ok,2,8,6,True,8829,15,64,2,0.9502
349,6,ok,5,18,13,True,8857,16,22,5,0.9427
350,6,ok,2,7,5,True,8886,16,35,2,0.978
351,6,ok,4,11,7,True,8914,27,20,4,0.9627
352,6,ok,2,8,6,True,8943,17,59,2,1.0091
353,6,ok,5,17,12,True,8971,30,22,5,0.9624
354,6,ok,2,8,6,True,9000,16,32,2,0.9831
355,6,ok,4,9,5,True,9028,23,20,4,0.9799
356,6,ok,2,10,8,True,9057,16,58,2,0.9836
357,6,ok,5,15,10,True,9085,26,22,5,0.995
358,6,ok,2,6,4,True,9115,14,32,2,1.05
359,6,ok,4,11,7,True,9143,28,21,4,1.002
360,6,ok,2,7,5,True,9171,28,61,2,1.0221
361,6,ok,5,16,11,True,9200,22,23,5,1.0293
362,6,ok,2,6,4,True,9228,17,31,2,1.0226
363,6,ok,4,14,10,True,9257,28,18,4,1.0335
364,6,ok,2,7,5,True,9286,22,59,2,1.0894
365,6,ok,5,14,9,True,9314,22,20,5,1.0471
366,6,ok,2,4,2,True,9343,23,34,2,1.054
367,6,ok,4,15,11,True,9372,19,23,4,1.063
368,6,ok,2,8,6,True,9400,15,62,2,1.0752
369,6,ok,5,16,11,True,9429,22,22,5,1.1266
370,6,ok,2,4,2,True,9458,16,35,2,1.1061
371,6,ok,4,8,4,True,9486,17,20,4,1.0966
372,6,ok,2,6,4,True,9515,23,66,2,1.1174
373,6,ok,5,14,9,True,9544,25,19,5,1.1282
374,6,ok,2,7,5,True,9572,17,34,2,1.1076
375,6,ok,4,11,7,True,9601,20,25,4,1.1062
376,6,ok,2,10,8,True,9630,14,66,2,1.1205
377,6,ok,5,10,5,True,9659,27,17,5,1.1371
378,6,ok,2,8,6,True,9687,25,33,2,1.1394
380,6,ok,2,8,6,True,9745,18,57,2,1.1491
379,6,ok,4,10,6,True,9716,28,21,4,1.2268
381,6,ok,5,18,13,True,9774,30,21,5,1.1583
382,6,ok,2,8,6,True,9802,18,34,2,1.1856
383,6,ok,4,13,9,True,9831,18,20,4,1.1765
384,6,ok,2,7,5,True,9860,13,54,2,1.1837
385,6,ok,5,16,11,True,9889,20,19,5,1.1825
386,6,ok,2,9,7,True,9917,19,32,2,1.2588
387,6,ok,4,17,13,True,9946,18,22,4,1.2142
388,6,ok,2,5,3,True,9975,19,60,2,1.2086
389,6,ok,5,12,7,True,10005,20,21,5,1.2076
390,6,ok,2,6,4,True,10033,18,34,2,1.2358
391,6,ok,4,12,8,True,10062,25,21,4,1.2566
392,6,ok,2,5,3,True,10090,22,65,2,1.2404
393,6,ok,5,15,10,True,10119,20,20,5,1.2633
394,6,ok,2,7,5,True,10148,20,37,2,1.2539
395,6,ok,4,9,5,True,10177,28,20,4,1.2715
396,6,ok,2,4,2,True,10206,22,57,2,1.2719
397,6,ok,5,13,8,True,10235,19,22,5,1.2697
398,6,ok,2,9,7,True,10264,22,36,2,1.3195
399,6,ok,4,12,8,True,10293,27,19,4,1.3149
400,6,ok,2,7,5,True,10322,22,67,2,1.2904
401,6,ok,5,11,6,True,10350,21,23,5,1.302
402,6,ok,2,6,4,True,10380,18,37,2,1.3969
403,6,ok,4,16,12,True,10408,27,21,4,1.3594
404,6,ok,2,12,10,True,10437,12,57,2,1.3668
405,6,ok,5,13,8,True,10466,25,21,5,1.3676
406,6,ok,2,7,5,True,10495,30,33,2,1.4256
407,6,ok,4,14,10,True,10525,34,24,4,1.4047
408,6,ok,2,5,3,True,10553,29,61,2,1.3982
409,6,ok,5,13,8,True,10582,25,21,5,1.4459
410,6,ok,2,6,4,True,10611,23,37,2,1.4483
411,6,ok,4,18,14,True,10640,22,22,4,1.418
412,6,ok,2,10,8,True,10670,17,66,2,1.4131
413,6,ok,5,17,12,True,10698,25,20,5,1.4305
414,6,ok,2,6,4,True,10727,19,39,2,1.4421
415,6,ok,4,12,8,True,10756,26,22,4,1.4356
416,6,ok,2,6,4,True,10785,16,59,2,1.4278
417,6,ok,5,18,13,True,10815,18,20,5,1.4393
418,6,ok,2,6,4,True,10843,28,37,2,1.4924
419,6,ok,4,11,7,True,10872,29,23,4,1.4684
420,6,ok,2,6,4,True,10901,17,63,2,1.5019
421,6,ok,5,17,12,True,10930,29,22,5,1.4653
422,6,ok,2,4,2,True,10960,18,33,2,1.4758
423,6,ok,4,8,4,True,10989,38,20,4,1.4753
425,6,ok,5,13,8,True,11047,27,20,5,1.5098
424,6,ok,2,6,4,True,11018,23,62,2,1.5445
426,6,ok,2,6,4,True,11076,17,34,2,1.535
427,6,ok,4,13,9,True,11105,21,20,4,1.5184
428,6,ok,2,9,7,True,11134,19,56,2,1.5592
429,6,ok,5,15,10,True,11163,21,23,5,1.5493
430,6,ok,2,6,4,True,11192,25,33,2,1.5437
431,6,ok,4,10,6,True,11222,19,23,4,1.562
432,6,ok,2,10,8,True,11251,16,60,2,1.6015
433,6,ok,5,14,9,True,11280,26,20,5,1.5674
434,6,ok,2,7,5,True,11309,20,42,2,1.5919
435,6,ok,4,18,14,True,11338,27,20,4,1.623
436,6,ok,2,7,5,True,11367,29,65,2,1.5897
437,6,ok,5,16,11,True,11397,20,19,5,1.5875
438,6,ok,2,4,2,True,11426,23,38,2,1.7103
439,6,ok,4,9,5,True,11455,27,19,4,1.6236
440,6,ok,2,5,3,True,11484,23,61,2,1.6362
441,6,ok,5,18,13,True,11513,29,23,5,1.6618
442,6,ok,2,12,10,True,11543,20,32,2,1.6336
443,6,ok,4,16,12,True,11572,39,22,4,1.6687
444,6,ok,2,4,2,True,11601,18,68,2,1.7057
445,6,ok,5,20,15,True,11630,26,22,5,1.6869
446,6,ok,2,7,5,True,11660,28,32,2,1.7772
447,6,ok,4,10,6,True,11689,39,21,4,1.7219
448,6,ok,2,10,8,True,11718,21,56,2,1.6961
449,6,ok,5,14,9,True,11747,27,22,5,1.7216
450,6,ok,2,8,6,True,11777,21,34,2,1.7557
451,6,ok,4,14,10,True,11806,22,22,4,1.732
452,6,ok,2,3,1,True,11835,27,64,2,1.8217
453,6,ok,5,16,11,True,11865,22,24,5,1.7624
454,6,ok,2,6,4,True,11894,29,35,2,1.7909
455,6,ok,4,18,14,True,11923,25,23,4,1.8763
456,6,ok,2,8,6,True,11952,25,63,2,1.8437
457,6,ok,5,15,10,True,11982,26,21,5,1.8036
458,6,ok,2,6,4,True,12011,20,36,2,1.8517
459,6,ok,4,15,11,True,12040,30,21,4,1.8411
460,6,ok,2,7,5,True,12070,22,66,2,1.7976
461,6,ok,5,14,9,True,12099,31,21,5,1.8256
462,6,ok,2,8,6,True,12129,26,33,2,1.8911
463,6,ok,4,13,9,True,12158,29,21,4,1.9353
464,6,ok,2,7,5,True,12187,24,62,2,1.9222
465,6,ok,5,19,14,True,12217,35,21,5,1.8884
466,6,ok,2,5,3,True,12246,23,38,2,1.917
467,6,ok,4,13,9,True,12275,25,24,4,1.9471
468,6,ok,2,7,5,True,12305,14,62,2,1.9165
469,6,ok,5,19,14,True,12334,19,21,5,1.9062
470,6,ok,2,8,6,True,12364,33,39,2,1.9886
471,6,ok,4,15,11,True,12393,24,22,4,1.9173
472,6,ok,2,9,7,True,12422,26,59,2,1.9293
473,6,ok,5,25,20,True,12452,19,19,5,1.9519
474,6,ok,2,10,8,True,12481,25,33,2,1.969
475,6,ok,4,14,10,True,12511,22,24,4,1.9549
476,6,ok,2,8,6,True,12540,17,64,2,2.0528
477,6,ok,5,15,10,True,12570,31,24,5,1.9903
478,6,ok,2,12,10,True,12599,28,37,2,1.9661
479,6,ok,4,11,7,True,12629,26,24,4,1.9949
480,6,ok,2,5,3,True,12658,21,61,2,2.0206
481,6,ok,5,18,13,True,12688,40,22,5,2.0375
482,6,ok,2,5,3,True,12717,26,33,2,2.0384
483,6,ok,4,10,6,True,12747,32,26,4,2.1962
484,6,ok,2,6,4,True,12776,20,65,2,2.042
485,6,ok,5,18,13,True,12806,30,22,5,2.084
486,6,ok,2,4,2,True,12835,29,38,2,2.104
487,6,ok,4,13,9,True,12865,22,21,4,2.1403
488,6,ok,2,8,6,True,12894,24,61,2,2.1834
489,6,ok,5,18,13,True,12924,21,25,5,2.1394
490,6,ok,2,6,4,True,12953,34,38,2,2.1532
491,6,ok,4,12,8,True,12983,28,21,4,2.1435
492,6,ok,2,8,6,True,13012,23,67,2,2.1905
493,6,ok,5,17,12,True,13042,15,23,5,2.2401
494,6,ok,2,3,1,True,13071,21,35,2,2.818
495,6,ok,4,13,9,True,13101,26,22,4,2.8314
1,7,ok,6,6,0,True,15,2,3,6,0.0001
2,7,ok,4,6,2,True,27,3,6,4,0.0002
3,7,ok,6,10,4,True,42,3,6,6,0.0002
4,7,ok,4,9,5,True,56,3,9,4,0.0003
5,7,ok,6,10,4,True,72,5,6,6,0.0004
6,7,ok,4,8,4,True,90,4,7,4,0.0004
7,7,ok,6,10,4,True,108,4,6,6,0.0006
8,7,ok,4,8,4,True,126,6,9,4,0.0006
9,7,ok,6,9,3,True,144,5,7,6,0.0008
10,7,ok,4,7,3,True,164,5,11,4,0.001
11,7,ok,6,12,6,True,183,6,6,6,0.0011
12,7,ok,4,10,6,True,203,6,11,4,0.0013
13,7,ok,6,14,8,True,223,7,9,6,0.0015
14,7,ok,4,8,4,True,244,8,12,4,0.0017
15,7,ok,6,11,5,True,264,8,10,6,0.0019
16,7,ok,4,11,7,True,285,5,13,4,0.0022
17,7,ok,6,9,3,True,307,9,10,6,0.0024
18,7,ok,4,9,5,True,328,8,12,4,0.0027
19,7,ok,6,17,11,True,350,7,10,6,0.003
20,7,ok,4,12,8,True,371,9,14,4,0.0033
21,7,ok,6,22,16,True,393,6,9,6,0.0036
22,7,ok,4,8,4,True,415,12,14,4,0.0039
23,7,ok,6,13,7,True,438,8,9,6,0.0042
24,7,ok,4,8,4,True,460,8,18,4,0.0046
25,7,ok,6,18,12,True,483,9,11,6,0.0051
26,7,ok,4,6,2,True,506,12,15,4,0.0054
27,7,ok,6,17,11,True,528,9,11,6,0.0059
28,7,ok,4,8,4,True,551,10,18,4,0.0063
29,7,ok,6,15,9,True,575,10,10,6,0.0069
30,7,ok,4,9,5,True,598,8,18,4,0.0074
31,7,ok,6,15,9,True,621,11,9,6,0.0077
32,7,ok,4,13,9,True,645,12,14,4,0.0084
33,7,ok,6,16,10,True,668,10,11,6,0.0091
34,7,ok,4,11,7,True,692,8,16,4,0.0096
35,7,ok,6,18,12,True,716,8,11,6,0.0103
36,7,ok,4,7,3,True,740,13,14,4,0.0108
37,7,ok,6,14,8,True,764,9,9,6,0.0115
38,7,ok,4,7,3,True,788,9,16,4,0.0122
39,7,ok,6,13,7,True,812,8,11,6,0.013
40,7,ok,4,9,5,True,836,12,18,4,0.0137
41,7,ok,6,15,9,True,861,11,11,6,0.0145
42,7,ok,4,11,7,True,885,10,18,4,0.0154
43,7,ok,6,21,15,True,910,11,10,6,0.0161
44,7,ok,4,9,5,True,934,11,18,4,0.0166
45,7,ok,6,19,13,True,959,13,14,6,0.0175
46,7,ok,4,6,2,True,984,13,20,4,0.0183
47,7,ok,6,19,13,True,1009,11,11,6,0.0203
48,7,ok,4,9,5,True,1034,14,17,4,0.0187
49,7,ok,6,14,8,True,1059,11,11,6,0.0185
50,7,ok,4,13,9,True,1084,12,19,4,0.0209
496,6,ok,2,11,9,True,13131,24,72,2,3.0516
52,7,ok,4,8,4,True,1134,13,24,4,0.0188
51,7,ok,6,13,7,True,1109,10,12,6,0.0202
53,7,ok,6,19,13,True,1159,12,14,6,0.0192
54,7,ok,4,9,5,True,1185,11,26,4,0.0242
55,7,ok,6,17,11,True,1210,9,14,6,0.0198
56,7,ok,4,9,5,True,1236,11,19,4,0.0207
57,7,ok,6,10,4,True,1261,12,13,6,0.0279
58,7,ok,4,7,3,True,1287,13,22,4,0.0302
59,7,ok,6,19,13,True,1313,9,15,6,0.0319
60,7,ok,4,11,7,True,1338,12,21,4,0.0307
61,7,ok,6,22,16,True,1364,9,15,6,0.026
62,7,ok,4,13,9,True,1390,12,23,4,0.0255
63,7,ok,6,15,9,True,1416,13,13,6,0.0297
64,7,ok,4,6,2,True,1442,11,20,4,0.034
65,7,ok,6,13,7,True,1468,13,15,6,0.0322
66,7,ok,4,10,6,True,1494,14,21,4,0.0367
67,7,ok,6,17,11,True,1520,11,13,6,0.0388
68,7,ok,4,14,10,True,1546,12,24,4,0.0429
69,7,ok,6,19,13,True,1572,14,13,6,0.039
70,7,ok,4,10,6,True,1599,15,21,4,0.0462
71,7,ok,6,19,13,True,1626,13,13,6,0.0447
72,7,ok,4,10,6,True,1651,13,28,4,0.0491
73,7,ok,6,18,12,True,1678,12,12,6,0.0477
74,7,ok,4,13,9,True,1704,11,21,4,0.0512
75,7,ok,6,22,16,True,1731,16,18,6,0.0544
76,7,ok,4,13,9,True,1758,13,21,4,0.0542
497,6,ok,5,14,9,True,13160,34,20,5,3.2216
77,7,ok,6,16,10,True,1784,17,14,6,0.0579
78,7,ok,4,8,4,True,1811,16,21,4,0.0598
79,7,ok,6,14,8,True,1837,12,12,6,0.061
80,7,ok,4,12,8,True,1864,11,26,4,0.0629
81,7,ok,6,13,7,True,1891,14,14,6,0.0602
83,7,ok,6,15,9,True,1944,15,14,6,0.0559
82,7,ok,4,11,7,True,1918,11,19,4,0.0657
84,7,ok,4,12,8,True,1971,12,26,4,0.0655
85,7,ok,6,23,17,True,1998,12,14,6,0.0722
86,7,ok,4,7,3,True,2025,12,21,4,0.0742
87,7,ok,6,21,15,True,2052,12,13,6,0.0758
88,7,ok,4,16,12,True,2079,15,27,4,0.0773
89,7,ok,6,19,13,True,2107,9,15,6,0.0795
90,7,ok,4,14,10,True,2134,11,25,4,0.0798
91,7,ok,6,17,11,True,2161,14,15,6,0.0794
92,7,ok,4,12,8,True,2188,15,24,4,0.086
93,7,ok,6,18,12,True,2215,12,13,6,0.0863
94,7,ok,4,8,4,True,2243,15,27,4,0.0898
95,7,ok,6,15,9,True,2270,13,14,6,0.0924
96,7,ok,4,14,10,True,2297,12,23,4,0.0939
97,7,ok,6,19,13,True,2325,13,13,6,0.0966
98,7,ok,4,14,10,True,2352,16,25,4,0.0993
99,7,ok,6,21,15,True,2380,15,14,6,0.1007
100,7,ok,4,10,6,True,2407,15,27,4,0.1033
101,7,ok,6,17,11,True,2436,12,15,6,0.1045
102,7,ok,4,10,6,True,2462,17,22,4,0.108
103,7,ok,6,22,16,True,2490,11,14,6,0.1107
104,7,ok,4,11,7,True,2518,15,24,4,0.1134
105,7,ok,6,17,11,True,2545,12,15,6,0.1155
106,7,ok,4,13,9,True,2573,17,33,4,0.1181
107,7,ok,6,23,17,True,2601,12,15,6,0.1205
108,7,ok,4,15,11,True,2629,13,23,4,0.1218
109,7,ok,6,17,11,True,2656,13,15,6,0.1238
110,7,ok,4,15,11,True,2684,12,24,4,0.1268
111,7,ok,6,13,7,True,2712,11,16,6,0.1306
112,7,ok,4,16,12,True,2740,13,23,4,0.1332
113,7,ok,6,21,15,True,2768,16,13,6,0.1365
114,7,ok,4,9,5,True,2796,14,24,4,0.1391
498,6,ok,2,3,1,True,13190,39,37,2,3.7593
115,7,ok,6,18,12,True,2824,12,16,6,0.1418
116,7,ok,4,13,9,True,2852,12,23,4,0.1457
117,7,ok,6,17,11,True,2880,18,15,6,0.1471
118,7,ok,4,7,3,True,2908,12,24,4,0.1503
119,7,ok,6,19,13,True,2936,15,17,6,0.1533
120,7,ok,4,12,8,True,2964,17,28,4,0.1571
121,7,ok,6,20,14,True,2993,22,14,6,0.1547
122,7,ok,4,13,9,True,3021,13,24,4,0.1622
123,7,ok,6,16,10,True,3049,12,17,6,0.1542
124,7,ok,4,8,4,True,3077,17,29,4,0.1678
499,6,ok,4,9,5,True,13219,24,22,4,3.9063
125,7,ok,6,20,14,True,3106,16,16,6,0.1574
126,7,ok,4,12,8,True,3134,17,27,4,0.1738
127,7,ok,6,19,13,True,3162,17,19,6,0.1748
128,7,ok,4,12,8,True,3191,12,23,4,0.1804
129,7,ok,6,17,11,True,3219,12,16,6,0.1942
130,7,ok,4,13,9,True,3247,17,26,4,0.1853
132,7,ok,4,13,9,True,3304,16,27,4,0.1653
131,7,ok,6,18,12,True,3276,17,18,6,0.185
133,7,ok,6,18,12,True,3333,17,17,6,0.1962
135,7,ok,6,16,10,True,3390,15,15,6,0.2032
134,7,ok,4,12,8,True,3361,19,26,4,0.2113
136,7,ok,4,8,4,True,3419,16,25,4,0.1777
137,7,ok,6,19,13,True,3447,15,15,6,0.2096
138,7,ok,4,11,7,True,3476,19,28,4,0.2156
141,7,ok,6,16,10,True,3562,14,17,6,0.1862
139,7,ok,6,13,7,True,3505,18,17,6,0.2152
140,7,ok,4,13,9,True,3534,13,26,4,0.2334
142,7,ok,4,12,8,True,3591,25,26,4,0.2269
143,7,ok,6,22,16,True,3619,13,17,6,0.2172
144,7,ok,4,12,8,True,3648,14,22,4,0.2316
145,7,ok,6,18,12,True,3677,15,19,6,0.2371
146,7,ok,4,10,6,True,3706,16,26,4,0.2505
147,7,ok,6,20,14,True,3735,14,18,6,0.2438
148,7,ok,4,10,6,True,3764,16,28,4,0.2498
500,6,ok,2,6,4,True,13249,21,59,2,3.7483
149,7,ok,6,25,19,True,3792,18,15,6,0.2517
150,7,ok,4,10,6,True,3821,15,30,4,0.2566
151,7,ok,6,17,11,True,3850,17,17,6,0.2751
152,7,ok,4,10,6,True,3879,12,26,4,0.2641
153,7,ok,6,15,9,True,3908,20,19,6,0.2641
154,7,ok,4,19,15,True,3937,16,27,4,0.2703
155,7,ok,6,16,10,True,3966,20,18,6,0.2725
156,7,ok,4,10,6,True,3996,20,29,4,0.2798
157,7,ok,6,19,13,True,4024,18,17,6,0.2995
158,7,ok,4,12,8,True,4054,11,24,4,0.2848
159,7,ok,6,17,11,True,4083,17,20,6,0.2876
160,7,ok,4,14,10,True,4112,15,32,4,0.2962
161,7,ok,6,12,6,True,4141,20,20,6,0.2754
162,7,ok,4,13,9,True,4170,20,27,4,0.2714
163,7,ok,6,20,14,True,4199,17,21,6,0.3088
164,7,ok,4,15,11,True,4229,15,27,4,0.302
165,7,ok,6,16,10,True,4258,16,17,6,0.2904
166,7,ok,4,11,7,True,4287,17,29,4,0.3199
167,7,ok,6,14,8,True,4316,20,19,6,0.3367
168,7,ok,4,20,16,True,4346,21,33,4,0.3309
169,7,ok,6,19,13,True,4375,15,17,6,0.3128
170,7,ok,4,13,9,True,4404,11,33,4,0.3405
171,7,ok,6,18,12,True,4434,13,16,6,0.3481
172,7,ok,4,13,9,True,4464,13,29,4,0.353
174,7,ok,4,11,7,True,4522,18,31,4,0.3641
173,7,ok,6,19,13,True,4494,27,16,6,0.3785
175,7,ok,6,18,12,True,4552,17,18,6,0.37
176,7,ok,4,10,6,True,4581,18,27,4,0.3712
177,7,ok,6,14,8,True,4611,16,17,6,0.3722
178,7,ok,4,12,8,True,4640,19,30,4,0.3798
179,7,ok,6,15,9,True,4670,14,16,6,0.3862
180,7,ok,4,13,9,True,4699,12,25,4,0.3877
182,7,ok,4,12,8,True,4758,17,28,4,0.3452
181,7,ok,6,21,15,True,4729,14,17,6,0.3975
183,7,ok,6,22,16,True,4788,14,17,6,0.3834
184,7,ok,4,11,7,True,4818,18,32,4,0.4065
185,7,ok,6,17,11,True,4847,18,18,6,0.4083
186,7,ok,4,13,9,True,4877,14,31,4,0.4158
187,7,ok,6,20,14,True,4907,13,21,6,0.4129
188,7,ok,4,15,11,True,4936,22,28,4,0.4267
189,7,ok,6,15,9,True,4966,21,18,6,0.43
190,7,ok,4,8,4,True,4996,19,30,4,0.4288
191,7,ok,6,17,11,True,5025,16,20,6,0.4468
192,7,ok,4,10,6,True,5055,16,29,4,0.4413
193,7,ok,6,17,11,True,5085,18,22,6,0.4557
194,7,ok,4,9,5,True,5115,19,28,4,0.4494
195,7,ok,6,19,13,True,5145,16,17,6,0.4405
196,7,ok,4,14,10,True,5174,12,33,4,0.4799
198,7,ok,4,13,9,True,5234,16,31,4,0.4471
197,7,ok,6,18,12,True,5204,20,19,6,0.4718
199,7,ok,6,20,14,True,5264,19,16,6,0.4886
200,7,ok,4,17,13,True,5294,20,28,4,0.4805
201,7,ok,6,16,10,True,5324,16,20,6,0.5286
202,7,ok,4,13,9,True,5354,17,28,4,0.4962
203,7,ok,6,19,13,True,5384,15,16,6,0.5148
204,7,ok,4,13,9,True,5414,17,30,4,0.5234
205,7,ok,6,23,17,True,5444,16,17,6,0.5187
206,7,ok,4,14,10,True,5474,21,36,4,0.5309
207,7,ok,6,19,13,True,5504,19,19,6,0.5426
208,7,ok,4,9,5,True,5534,17,32,4,0.5369
209,7,ok,6,17,11,True,5564,28,21,6,0.518
210,7,ok,4,14,10,True,5594,15,29,4,0.5056
211,7,ok,6,15,9,True,5624,16,19,6,0.5084
212,7,ok,4,14,10,True,5654,21,28,4,0.5741
213,7,ok,6,13,7,True,5684,19,18,6,0.5557
214,7,ok,4,12,8,True,5715,13,33,4,0.5368
215,7,ok,6,21,15,True,5745,18,19,6,0.5588
216,7,ok,4,15,11,True,5775,15,32,4,0.5887
217,7,ok,6,23,17,True,5805,20,18,6,0.5514
218,7,ok,4,15,11,True,5835,18,35,4,0.5907
219,7,ok,6,16,10,True,5866,20,17,6,0.5884
220,7,ok,4,16,12,True,5896,18,31,4,0.5507
221,7,ok,6,14,8,True,5926,24,23,6,0.6134
222,7,ok,4,12,8,True,5956,16,28,4,0.6589
223,7,ok,6,19,13,True,5988,24,20,6,0.6276
224,7,ok,4,12,8,True,6018,19,31,4,0.5849
225,7,ok,6,17,11,True,6047,16,20,6,0.4587
226,7,ok,4,15,11,True,6078,13,34,4,0.5621
227,7,ok,6,20,14,True,6108,17,20,6,0.6534
228,7,ok,4,13,9,True,6138,14,31,4,0.6733
229,7,ok,6,17,11,True,6169,17,20,6,0.6371
230,7,ok,4,6,2,True,6199,17,31,4,0.564
231,7,ok,6,16,10,True,6230,16,20,6,0.5846
232,7,ok,4,13,9,True,6260,12,27,4,0.5832
233,7,ok,6,21,15,True,6290,17,19,6,0.6992
234,7,ok,4,13,9,True,6321,14,32,4,0.6825
235,7,ok,6,19,13,True,6351,19,19,6,0.7029
237,7,ok,6,19,13,True,6412,17,20,6,0.7241
236,7,ok,4,12,8,True,6382,19,27,4,0.7783
238,7,ok,4,13,9,True,6443,21,32,4,0.736
239,7,ok,6,18,12,True,6473,21,21,6,0.7206
240,7,ok,4,14,10,True,6504,22,31,4,0.741
241,7,ok,6,17,11,True,6534,16,19,6,0.7458
242,7,ok,4,10,6,True,6565,13,29,4,0.7513
243,7,ok,6,17,11,True,6596,20,19,6,0.7732
244,7,ok,4,11,7,True,6626,17,31,4,0.7538
245,7,ok,6,16,10,True,6657,23,17,6,0.7592
246,7,ok,4,14,10,True,6687,13,30,4,0.8004
247,7,ok,6,17,11,True,6718,19,22,6,0.7892
248,7,ok,4,13,9,True,6749,19,29,4,0.7805
249,7,ok,6,18,12,True,6779,22,19,6,0.8041
250,7,ok,4,14,10,True,6810,20,30,4,0.802
251,7,ok,6,16,10,True,6841,24,24,6,0.8189
252,7,ok,4,13,9,True,6871,16,31,4,0.8294
253,7,ok,6,15,9,True,6902,20,23,6,0.837
254,7,ok,4,12,8,True,6933,17,29,4,0.8435
255,7,ok,6,18,12,True,6964,22,17,6,0.896
256,7,ok,4,15,11,True,6994,16,31,4,0.8601
257,7,ok,6,16,10,True,7026,19,18,6,0.8405
258,7,ok,4,14,10,True,7056,18,35,4,0.8451
259,7,ok,6,16,10,True,7087,24,19,6,0.8788
260,7,ok,4,14,10,True,7118,21,29,4,0.8725
261,7,ok,6,13,7,True,7148,18,22,6,0.9334
262,7,ok,4,14,10,True,7179,17,32,4,0.9026
263,7,ok,6,19,13,True,7210,19,18,6,0.9003
264,7,ok,4,11,7,True,7242,24,31,4,0.9055
265,7,ok,6,19,13,True,7272,14,21,6,0.9173
266,7,ok,4,13,9,True,7303,18,32,4,0.9229
267,7,ok,6,16,10,True,7334,25,21,6,0.9433
268,7,ok,4,13,9,True,7365,18,32,4,0.9271
269,7,ok,6,21,15,True,7396,21,17,6,0.9164
270,7,ok,4,17,13,True,7426,20,33,4,0.875
271,7,ok,6,18,12,True,7458,17,20,6,0.9627
272,7,ok,4,16,12,True,7488,19,30,4,1.0295
273,7,ok,6,15,9,True,7519,19,20,6,0.9917
274,7,ok,4,11,7,True,7550,12,29,4,1.002
275,7,ok,6,16,10,True,7581,18,19,6,0.846
276,7,ok,4,16,12,True,7612,14,34,4,0.9429
277,7,ok,6,16,10,True,7644,20,22,6,1.0024
278,7,ok,4,13,9,True,7675,15,32,4,0.9785
279,7,ok,6,20,14,True,7706,21,20,6,1.0106
280,7,ok,4,8,4,True,7737,16,30,4,1.0095
281,7,ok,6,21,15,True,7768,18,19,6,1.0102
282,7,ok,4,15,11,True,7799,18,32,4,1.0537
283,7,ok,6,22,16,True,7830,18,20,6,1.0672
284,7,ok,4,16,12,True,7861,19,35,4,1.0487
285,7,ok,6,22,16,True,7892,20,18,6,1.0624
286,7,ok,4,9,5,True,7923,21,32,4,1.0539
287,7,ok,6,17,11,True,7954,34,20,6,1.041
288,7,ok,4,14,10,True,7986,20,29,4,1.0741
289,7,ok,6,20,14,True,8017,35,20,6,0.9541
290,7,ok,4,10,6,True,8048,18,31,4,1.1235
291,7,ok,6,19,13,True,8079,21,23,6,1.1192
292,7,ok,4,14,10,True,8110,18,36,4,1.0981
293,7,ok,6,24,18,True,8142,20,23,6,1.1049
294,7,ok,4,18,14,True,8173,17,38,4,1.1035
295,7,ok,6,20,14,True,8204,19,19,6,1.1482
296,7,ok,4,14,10,True,8235,21,33,4,1.1552
297,7,ok,6,20,14,True,8267,21,20,6,1.1319
298,7,ok,4,19,15,True,8298,12,36,4,1.1577
299,7,ok,6,16,10,True,8329,17,20,6,1.2063
300,7,ok,4,9,5,True,8361,26,35,4,1.2208
301,7,ok,6,20,14,True,8392,21,19,6,1.2079
302,7,ok,4,12,8,True,8424,22,32,4,1.2318
303,7,ok,6,18,12,True,8455,19,18,6,1.2584
304,7,ok,4,14,10,True,8486,15,35,4,1.2579
305,7,ok,6,22,16,True,8517,23,19,6,1.2858
306,7,ok,4,15,11,True,8549,15,31,4,1.2835
307,7,ok,6,21,15,True,8580,24,19,6,1.2667
308,7,ok,4,15,11,True,8611,22,34,4,1.3072
309,7,ok,6,23,17,True,8643,31,19,6,1.331
310,7,ok,4,14,10,True,8674,18,37,4,1.3054
311,7,ok,6,16,10,True,8706,17,24,6,1.2974
312,7,ok,4,9,5,True,8737,26,32,4,1.2972
313,7,ok,6,19,13,True,8769,22,21,6,1.3548
314,7,ok,4,11,7,True,8800,14,33,4,1.3092
315,7,ok,6,18,12,True,8832,25,23,6,1.3157
316,7,ok,4,14,10,True,8863,17,42,4,1.325
317,7,ok,6,20,14,True,8894,21,19,6,1.3418
318,7,ok,4,11,7,True,8926,17,31,4,1.361
319,7,ok,6,20,14,True,8958,18,21,6,1.373
320,7,ok,4,10,6,True,8989,26,34,4,1.3474
321,7,ok,6,16,10,True,9021,24,19,6,1.4015
322,7,ok,4,16,12,True,9052,17,33,4,1.4009
323,7,ok,6,24,18,True,9084,19,20,6,1.4036
324,7,ok,4,16,12,True,9115,19,34,4,1.3898
325,7,ok,6,15,9,True,9147,18,22,6,1.4633
326,7,ok,4,8,4,True,9178,17,31,4,1.4318
327,7,ok,6,18,12,True,9210,27,26,6,1.4351
328,7,ok,4,8,4,True,9242,30,38,4,1.475
329,7,ok,6,19,13,True,9273,25,21,6,1.4763
330,7,ok,4,11,7,True,9305,20,34,4,1.3955
331,7,ok,6,19,13,True,9336,18,19,6,1.5134
332,7,ok,4,15,11,True,9368,21,32,4,1.4281
333,7,ok,6,13,7,True,9400,23,19,6,1.5034
334,7,ok,4,12,8,True,9431,25,33,4,1.5378
335,7,ok,6,18,12,True,9463,18,20,6,1.5336
336,7,ok,4,12,8,True,9495,14,33,4,1.5746
337,7,ok,6,20,14,True,9527,23,22,6,1.545
338,7,ok,4,12,8,True,9558,20,31,4,1.5573
339,7,ok,6,18,12,True,9590,31,20,6,1.6091
340,7,ok,4,16,12,True,9622,17,36,4,1.5383
341,7,ok,6,21,15,True,9653,17,20,6,1.6154
342,7,ok,4,13,9,True,9685,26,35,4,1.6326
343,7,ok,6,17,11,True,9717,21,22,6,1.7006
344,7,ok,4,16,12,True,9749,26,33,4,1.6626
345,7,ok,6,12,6,True,9781,19,21,6,1.6336
346,7,ok,4,12,8,True,9812,16,35,4,1.6401
347,7,ok,6,18,12,True,9844,24,22,6,1.7102
348,7,ok,4,16,12,True,9876,22,35,4,1.6715
349,7,ok,6,20,14,True,9908,21,21,6,1.709
350,7,ok,4,10,6,True,9940,18,35,4,1.7435
351,7,ok,6,21,15,True,9971,21,22,6,1.7264
352,7,ok,4,10,6,True,10003,19,34,4,1.7499
353,7,ok,6,20,14,True,10035,22,20,6,1.7753
354,7,ok,4,11,7,True,10068,24,32,4,1.7681
355,7,ok,6,17,11,True,10099,29,19,6,1.7856
356,7,ok,4,17,13,True,10131,18,33,4,1.8157
357,7,ok,6,13,7,True,10164,17,21,6,1.8408
358,7,ok,4,16,12,True,10195,15,34,4,1.8573
359,7,ok,6,20,14,True,10227,23,24,6,1.842
360,7,ok,4,11,7,True,10258,19,34,4,1.8418
361,7,ok,6,15,9,True,10290,32,20,6,1.8777
362,7,ok,4,13,9,True,10322,20,31,4,1.794
363,7,ok,6,15,9,True,10354,23,22,6,1.866
364,7,ok,4,13,9,True,10386,26,33,4,1.8399
365,7,ok,6,22,16,True,10418,23,21,6,1.8614
366,7,ok,4,13,9,True,10450,28,35,4,1.9363
367,7,ok,6,22,16,True,10482,19,23,6,1.909
368,7,ok,4,14,10,True,10514,24,34,4,1.9134
369,7,ok,6,18,12,True,10546,29,22,6,1.9549
370,7,ok,4,13,9,True,10578,23,33,4,1.9407
371,7,ok,6,18,12,True,10610,21,21,6,1.9166
372,7,ok,4,12,8,True,10642,24,34,4,2.0146
373,7,ok,6,23,17,True,10674,16,20,6,2.009
374,7,ok,4,17,13,True,10706,18,32,4,2.0189
375,7,ok,6,17,11,True,10738,23,21,6,2.0443
376,7,ok,4,17,13,True,10771,17,34,4,2.0198
377,7,ok,6,19,13,True,10803,30,20,6,2.0165
378,7,ok,4,10,6,True,10835,37,37,4,2.1242
379,7,ok,6,20,14,True,10867,36,22,6,2.1111
380,7,ok,4,12,8,True,10899,19,34,4,2.0704
381,7,ok,6,17,11,True,10931,24,20,6,2.1019
382,7,ok,4,19,15,True,10963,19,34,4,2.1095
383,7,ok,6,15,9,True,10995,21,22,6,2.1095
384,7,ok,4,10,6,True,11027,31,32,4,2.1117
385,7,ok,6,17,11,True,11060,24,22,6,2.1203
386,7,ok,4,14,10,True,11092,19,34,4,2.162
387,7,ok,6,20,14,True,11124,22,23,6,2.213
388,7,ok,4,14,10,True,11156,22,33,4,2.2106
389,7,ok,6,23,17,True,11188,30,22,6,2.2194
390,7,ok,4,12,8,True,11221,13,35,4,2.2109
391,7,ok,6,24,18,True,11253,20,21,6,2.2524
392,7,ok,4,16,12,True,11286,24,37,4,2.3575
393,7,ok,6,16,10,True,11317,19,22,6,2.2808
394,7,ok,4,15,11,True,11349,19,36,4,2.2862
395,7,ok,6,18,12,True,11382,23,22,6,2.3035
396,7,ok,4,13,9,True,11414,25,34,4,2.2526
397,7,ok,6,22,16,True,11446,30,24,6,2.3254
398,7,ok,4,12,8,True,11478,19,35,4,2.3834
399,7,ok,6,20,14,True,11511,20,24,6,2.3251
400,7,ok,4,13,9,True,11543,17,34,4,2.3798
401,7,ok,6,19,13,True,11575,28,21,6,2.3812
402,7,ok,4,11,7,True,11608,16,36,4,2.3833
403,7,ok,6,19,13,True,11640,29,23,6,2.3803
404,7,ok,4,12,8,True,11672,15,35,4,2.3892
405,7,ok,6,22,16,True,11705,21,21,6,2.4051
406,7,ok,4,13,9,True,11737,21,34,4,2.4374
407,7,ok,6,16,10,True,11769,21,21,6,2.4506
408,7,ok,4,9,5,True,11802,28,34,4,2.5067
409,7,ok,6,21,15,True,11834,20,29,6,2.5205
410,7,ok,4,10,6,True,11866,15,34,4,2.5369
411,7,ok,6,19,13,True,11899,23,20,6,2.5044
412,7,ok,4,16,12,True,11931,19,37,4,2.4498
413,7,ok,6,18,12,True,11964,26,22,6,2.5018
414,7,ok,4,11,7,True,11996,21,37,4,2.4908
415,7,ok,6,26,20,True,12028,22,21,6,2.4987
416,7,ok,4,16,12,True,12061,32,36,4,2.5189
417,7,ok,6,20,14,True,12093,27,23,6,2.483
418,7,ok,4,18,14,True,12126,28,40,4,2.6335
419,7,ok,6,18,12,True,12158,29,21,6,2.6292
420,7,ok,4,14,10,True,12191,17,36,4,2.6889
421,7,ok,6,22,16,True,12223,26,22,6,2.6074
422,7,ok,4,17,13,True,12256,16,33,4,2.6856
423,7,ok,6,22,16,True,12288,21,22,6,2.6536
424,7,ok,4,18,14,True,12320,14,36,4,2.6515
425,7,ok,6,24,18,True,12353,21,19,6,2.6233
426,7,ok,4,10,6,True,12385,21,32,4,2.7441
427,7,ok,6,15,9,True,12418,27,24,6,2.7694
428,7,ok,4,15,11,True,12450,23,37,4,2.8318
429,7,ok,6,20,14,True,12483,20,22,6,2.855
430,7,ok,4,17,13,True,12516,23,40,4,2.7242
431,7,ok,6,16,10,True,12548,22,20,6,2.8162
432,7,ok,4,9,5,True,12581,28,33,4,2.7775
433,7,ok,6,19,13,True,12613,23,22,6,2.9433
434,7,ok,4,11,7,True,12646,21,38,4,2.8813
435,7,ok,6,22,16,True,12678,27,22,6,2.8854
436,7,ok,4,17,13,True,12711,16,40,4,2.9042
437,7,ok,6,17,11,True,12744,26,20,6,2.9282
438,7,ok,4,11,7,True,12776,21,36,4,2.934
439,7,ok,6,20,14,True,12810,25,23,6,2.9235
440,7,ok,4,13,9,True,12841,29,34,4,3.0815
441,7,ok,6,18,12,True,12874,20,20,6,2.9879
442,7,ok,4,15,11,True,12907,27,39,4,2.9967
443,7,ok,6,20,14,True,12939,25,22,6,2.9257
444,7,ok,4,12,8,True,12972,25,36,4,2.9678
445,7,ok,6,19,13,True,13005,27,22,6,2.99
446,7,ok,4,11,7,True,13037,19,36,4,3.0439
447,7,ok,6,23,17,True,13070,29,24,6,3.1066
448,7,ok,4,15,11,True,13102,30,35,4,3.0254
449,7,ok,6,14,8,True,13135,22,23,6,3.0945
450,7,ok,4,13,9,True,13168,18,36,4,3.1619
451,7,ok,6,21,15,True,13201,30,24,6,3.1196
452,7,ok,4,13,9,True,13233,31,39,4,3.1505
453,7,ok,6,18,12,True,13266,22,21,6,3.1489
454,7,ok,4,18,14,True,13299,30,36,4,3.1269
455,7,ok,6,18,12,True,13331,20,25,6,3.1253
456,7,ok,4,14,10,True,13364,16,33,4,3.3042
457,7,ok,6,22,16,True,13397,25,21,6,3.2422
458,7,ok,4,14,10,True,13430,21,38,4,3.2584
459,7,ok,6,22,16,True,13462,21,21,6,3.252
460,7,ok,4,13,9,True,13495,17,42,4,3.3213
461,7,ok,6,21,15,True,13528,42,22,6,3.3043
462,7,ok,4,13,9,True,13561,23,34,4,3.2699
463,7,ok,6,19,13,True,13594,22,21,6,3.4148
464,7,ok,4,11,7,True,13626,27,38,4,3.2889
466,7,ok,4,12,8,True,13692,22,40,4,3.2729
465,7,ok,6,20,14,True,13659,26,21,6,3.3652
467,7,ok,6,21,15,True,13725,22,20,6,3.3627
468,7,ok,4,13,9,True,13758,26,37,4,3.4128
469,7,ok,6,23,17,True,13790,26,22,6,3.4409
470,7,ok,4,17,13,True,13823,16,41,4,3.4262
471,7,ok,6,19,13,True,13856,23,24,6,3.4342
472,7,ok,4,14,10,True,13889,25,35,4,3.5746
473,7,ok,6,20,14,True,13922,26,22,6,3.4975
474,7,ok,4,13,9,True,13955,24,33,4,3.4511
475,7,ok,6,18,12,True,13987,24,21,6,3.5058
476,7,ok,4,13,9,True,14020,28,39,4,3.4789
477,7,ok,6,21,15,True,14053,29,24,6,3.5595
478,7,ok,4,9,5,True,14086,21,34,4,3.62
479,7,ok,6,15,9,True,14119,26,24,6,3.5497
480,7,ok,4,16,12,True,14152,22,41,4,3.6302
481,7,ok,6,14,8,True,14185,28,22,6,3.6511
482,7,ok,4,12,8,True,14218,27,38,4,3.6072
483,7,ok,6,22,16,True,14251,22,22,6,3.6661
484,7,ok,4,17,13,True,14284,21,36,4,3.6798
485,7,ok,6,19,13,True,14317,21,21,6,3.766
486,7,ok,4,19,15,True,14350,23,41,4,3.7305
487,7,ok,6,22,16,True,14383,26,22,6,3.7776
488,7,ok,4,11,7,True,14415,28,41,4,3.7096
489,7,ok,6,20,14,True,14448,22,24,6,3.8065
490,7,ok,4,13,9,True,14481,24,40,4,3.7604
491,7,ok,6,24,18,True,14514,28,23,6,3.8522
492,7,ok,4,15,11,True,14547,24,37,4,3.8758
493,7,ok,6,24,18,True,14580,26,23,6,3.82
494,7,ok,4,16,12,True,14613,27,32,4,3.8842
495,7,ok,6,22,16,True,14646,18,22,6,3.8182
1,8,ok,7,7,0,True,17,2,3,7,0.0001
2,8,ok,3,3,0,True,30,3,6,3,0.0001
3,8,ok,3,5,2,True,46,3,11,3,0.0002
4,8,ok,4,7,3,True,63,3,7,4,0.0003
5,8,ok,5,7,2,True,81,8,5,5,0.0004
6,8,ok,2,4,2,True,101,4,23,2,0.0005
7,8,ok,7,17,10,True,120,4,7,7,0.0006
8,8,ok,3,4,1,True,141,6,8,3,0.0007
9,8,ok,3,6,3,True,161,5,11,3,0.0008
10,8,ok,4,8,4,True,183,4,12,4,0.001
11,8,ok,5,13,8,True,204,8,6,5,0.0012
12,8,ok,2,9,7,True,226,5,25,2,0.0013
13,8,ok,7,17,10,True,249,6,7,7,0.0016
14,8,ok,3,10,7,True,272,15,10,3,0.0018
15,8,ok,3,10,7,True,294,5,21,3,0.002
16,8,ok,4,16,12,True,318,8,12,4,0.0023
17,8,ok,5,10,5,True,341,8,9,5,0.0026
18,8,ok,2,4,2,True,365,7,28,2,0.0028
19,8,ok,7,22,15,True,389,10,8,7,0.0031
20,8,ok,3,6,3,True,413,8,13,3,0.0034
21,8,ok,3,10,7,True,437,5,20,3,0.0037
22,8,ok,4,14,10,True,462,10,12,4,0.0041
23,8,ok,5,12,7,True,486,11,9,5,0.0044
24,8,ok,2,3,1,True,511,9,27,2,0.0048
25,8,ok,7,21,14,True,536,11,10,7,0.0052
26,8,ok,3,9,6,True,561,10,12,3,0.0056
27,8,ok,3,5,2,True,587,10,24,3,0.0062
28,8,ok,4,10,6,True,612,8,15,4,0.0065
29,8,ok,5,12,7,True,638,11,9,5,0.007
30,8,ok,2,6,4,True,664,6,40,2,0.0074
31,8,ok,7,19,12,True,689,11,8,7,0.008
32,8,ok,3,9,6,True,715,12,14,3,0.0085
33,8,ok,3,11,8,True,742,10,28,3,0.0091
34,8,ok,4,12,8,True,768,12,14,4,0.0097
35,8,ok,5,13,8,True,794,19,9,5,0.0103
36,8,ok,2,3,1,True,821,12,34,2,0.011
37,8,ok,7,18,11,True,847,14,10,7,0.0117
38,8,ok,3,7,4,True,874,19,18,3,0.0124
39,8,ok,3,11,8,True,901,8,23,3,0.0131
40,8,ok,4,13,9,True,927,12,16,4,0.0138
41,8,ok,5,19,14,True,954,9,11,5,0.0145
42,8,ok,2,8,6,True,981,10,40,2,0.0154
43,8,ok,7,23,16,True,1009,14,12,7,0.0163
496,7,ok,4,12,8,True,14679,21,33,4,3.8882
44,8,ok,3,12,9,True,1036,16,16,3,0.017
45,8,ok,3,7,4,True,1063,12,22,3,0.0181
46,8,ok,4,16,12,True,1091,19,19,4,0.0188
47,8,ok,5,13,8,True,1118,14,10,5,0.0196
48,8,ok,2,7,5,True,1146,9,34,2,0.0206
49,8,ok,7,17,10,True,1173,13,10,7,0.0215
50,8,ok,3,9,6,True,1201,12,17,3,0.0225
51,8,ok,3,12,9,True,1229,10,29,3,0.0237
52,8,ok,4,14,10,True,1257,13,16,4,0.0245
53,8,ok,5,13,8,True,1285,15,11,5,0.0256
54,8,ok,2,6,4,True,1313,13,39,2,0.0269
55,8,ok,7,21,14,True,1341,14,10,7,0.028
56,8,ok,3,7,4,True,1369,17,17,3,0.029
57,8,ok,3,12,9,True,1397,13,26,3,0.0305
58,8,ok,4,10,6,True,1425,19,20,4,0.0315
59,8,ok,5,17,12,True,1454,19,11,5,0.0327
60,8,ok,2,8,6,True,1482,11,47,2,0.0325
61,8,ok,7,26,19,True,1511,12,10,7,0.0338
62,8,ok,3,9,6,True,1539,17,17,3,0.0351
63,8,ok,3,11,8,True,1568,18,25,3,0.0368
64,8,ok,4,13,9,True,1596,11,20,4,0.0379
65,8,ok,5,11,6,True,1625,17,11,5,0.039
66,8,ok,2,4,2,True,1654,16,39,2,0.0408
67,8,ok,7,21,14,True,1683,14,13,7,0.0419
68,8,ok,3,12,9,True,1712,22,20,3,0.0434
69,8,ok,3,9,6,True,1741,16,27,3,0.0453
70,8,ok,4,14,10,True,1770,15,18,4,0.0464
71,8,ok,5,18,13,True,1799,19,15,5,0.048
72,8,ok,2,6,4,True,1828,12,41,2,0.0495
73,8,ok,7,19,12,True,1857,19,12,7,0.051
74,8,ok,3,13,10,True,1886,17,18,3,0.0528
75,8,ok,3,6,3,True,1916,11,29,3,0.0546
76,8,ok,4,17,13,True,1945,14,18,4,0.0558
77,8,ok,5,17,12,True,1974,20,14,5,0.0574
78,8,ok,2,7,5,True,2004,9,43,2,0.059
79,8,ok,7,32,25,True,2033,22,13,7,0.0583
497,7,ok,6,18,12,True,14712,24,23,6,3.9062
80,8,ok,3,10,7,True,2063,13,18,3,0.062
81,8,ok,3,15,12,True,2092,14,26,3,0.0643
82,8,ok,4,13,9,True,2122,13,19,4,0.0614
83,8,ok,5,14,9,True,2152,21,10,5,0.0657
84,8,ok,2,7,5,True,2181,15,44,2,0.0515
85,8,ok,7,29,22,True,2211,13,10,7,0.0663
86,8,ok,3,12,9,True,2241,15,19,3,0.0729
87,8,ok,3,10,7,True,2271,18,33,3,0.0732
88,8,ok,4,15,11,True,2301,14,22,4,0.077
89,8,ok,5,18,13,True,2330,21,11,5,0.0787
90,8,ok,2,9,7,True,2360,14,54,2,0.0807
91,8,ok,7,22,15,True,2390,15,12,7,0.0818
92,8,ok,3,9,6,True,2421,25,17,3,0.0835
93,8,ok,3,11,8,True,2451,10,28,3,0.0851
94,8,ok,4,11,7,True,2481,21,20,4,0.0881
95,8,ok,5,18,13,True,2511,21,12,5,0.0905
96,8,ok,2,6,4,True,2541,12,52,2,0.0926
97,8,ok,7,23,16,True,2571,20,12,7,0.0949
98,8,ok,3,10,7,True,2602,28,18,3,0.097
99,8,ok,3,9,6,True,2632,22,25,3,0.1002
100,8,ok,4,13,9,True,2662,23,17,4,0.1016
101,8,ok,5,13,8,True,2693,16,12,5,0.1043
102,8,ok,2,6,4,True,2723,11,50,2,0.1064
103,8,ok,7,25,18,True,2754,16,12,7,0.1083
104,8,ok,3,12,9,True,2784,20,20,3,0.1093
105,8,ok,3,10,7,True,2815,18,29,3,0.104
106,8,ok,4,14,10,True,2845,27,20,4,0.1162
107,8,ok,5,16,11,True,2876,20,14,5,0.112
108,8,ok,2,4,2,True,2907,24,52,2,0.1021
109,8,ok,7,22,15,True,2937,18,13,7,0.1234
110,8,ok,3,7,4,True,2968,21,21,3,0.1257
111,8,ok,3,13,10,True,2999,15,29,3,0.129
112,8,ok,4,13,9,True,3030,25,21,4,0.1316
498,7,ok,4,11,7,True,14746,23,40,4,3.9919
113,8,ok,5,13,8,True,3061,19,14,5,0.1257
114,8,ok,2,10,8,True,3091,14,52,2,0.1311
115,8,ok,7,24,17,True,3122,22,12,7,0.1415
116,8,ok,3,9,6,True,3153,25,21,3,0.1437
117,8,ok,3,8,5,True,3184,18,29,3,0.1464
118,8,ok,4,19,15,True,3215,21,22,4,0.1499
119,8,ok,5,19,14,True,3246,18,12,5,0.1523
120,8,ok,2,9,7,True,3277,23,51,2,0.152
121,8,ok,7,19,12,True,3308,18,13,7,0.1548
122,8,ok,3,11,8,True,3340,27,20,3,0.1575
123,8,ok,3,12,9,True,3371,15,37,3,0.1609
124,8,ok,4,11,7,True,3402,16,20,4,0.1637
125,8,ok,5,17,12,True,3433,22,12,5,0.1669
126,8,ok,2,5,3,True,3464,16,54,2,0.1695
127,8,ok,7,23,16,True,3496,20,13,7,0.1741
128,8,ok,3,7,4,True,3527,20,22,3,0.1771
129,8,ok,3,13,10,True,3558,22,33,3,0.1816
130,8,ok,4,14,10,True,3590,16,20,4,0.1861
131,8,ok,5,17,12,True,3621,29,17,5,0.1888
132,8,ok,2,10,8,True,3653,19,54,2,0.1913
133,8,ok,7,24,17,True,3684,20,12,7,0.1955
134,8,ok,3,12,9,True,3715,25,21,3,0.1982
499,7,ok,6,18,12,True,14779,30,23,6,4.0021
135,8,ok,3,8,5,True,3747,23,32,3,0.201
136,8,ok,4,14,10,True,3779,25,24,4,0.203
137,8,ok,5,24,19,True,3810,20,15,5,0.2084
138,8,ok,2,6,4,True,3842,16,52,2,0.2109
139,8,ok,7,22,15,True,3873,21,13,7,0.2169
140,8,ok,3,16,13,True,3905,26,19,3,0.2161
141,8,ok,3,7,4,True,3937,27,32,3,0.2208
142,8,ok,4,11,7,True,3968,22,23,4,0.2255
143,8,ok,5,15,10,True,4000,20,15,5,0.2317
144,8,ok,2,8,6,True,4032,19,58,2,0.2346
500,7,ok,4,13,9,True,14812,17,36,4,4.0816
145,8,ok,7,20,13,True,4064,20,13,7,0.2374
146,8,ok,3,13,10,True,4095,18,21,3,0.2409
147,8,ok,3,8,5,True,4127,23,32,3,0.2446
148,8,ok,4,18,14,True,4159,18,22,4,0.2489
149,8,ok,5,17,12,True,4191,36,12,5,0.2541
151,8,ok,7,20,13,True,4255,26,13,7,0.2544
150,8,ok,2,6,4,True,4223,17,52,2,0.2602
152,8,ok,3,12,9,True,4287,22,21,3,0.2622
153,8,ok,3,12,9,True,4319,16,30,3,0.2668
154,8,ok,4,15,11,True,4351,25,22,4,0.26
155,8,ok,5,17,12,True,4383,19,13,5,0.2764
156,8,ok,2,6,4,True,4415,17,58,2,0.2778
157,8,ok,7,29,22,True,4447,22,13,7,0.2922
158,8,ok,3,14,11,True,4479,20,26,3,0.2878
159,8,ok,3,12,9,True,4511,24,32,3,0.2918
160,8,ok,4,11,7,True,4543,28,22,4,0.2937
161,8,ok,5,14,9,True,4575,28,13,5,0.3021
162,8,ok,2,4,2,True,4608,20,66,2,0.2936
163,8,ok,7,21,14,True,4640,27,16,7,0.3189
164,8,ok,3,8,5,True,4672,31,19,3,0.313
165,8,ok,3,8,5,True,4704,17,31,3,0.318
166,8,ok,4,13,9,True,4737,22,24,4,0.311
167,8,ok,5,18,13,True,4769,29,14,5,0.3177
168,8,ok,2,6,4,True,4801,13,57,2,0.332
169,8,ok,7,30,23,True,4834,30,14,7,0.3298
170,8,ok,3,10,7,True,4866,26,21,3,0.2984
171,8,ok,3,9,6,True,4898,17,32,3,0.2925
172,8,ok,4,21,17,True,4931,15,22,4,0.3482
173,8,ok,5,17,12,True,4963,39,14,5,0.3373
174,8,ok,2,8,6,True,4996,28,52,2,0.3635
175,8,ok,7,24,17,True,5028,27,15,7,0.3622
176,8,ok,3,11,8,True,5061,38,22,3,0.3522
177,8,ok,3,14,11,True,5093,18,30,3,0.372
178,8,ok,4,15,11,True,5126,25,21,4,0.3722
179,8,ok,5,20,15,True,5158,23,13,5,0.3823
180,8,ok,2,7,5,True,5191,18,60,2,0.3816
181,8,ok,7,21,14,True,5224,23,16,7,0.3867
182,8,ok,3,15,12,True,5256,16,20,3,0.3908
183,8,ok,3,11,8,True,5289,16,31,3,0.3974
184,8,ok,4,13,9,True,5322,27,22,4,0.4056
185,8,ok,5,20,15,True,5354,40,15,5,0.4084
186,8,ok,2,9,7,True,5387,23,58,2,0.4278
187,8,ok,7,17,10,True,5420,21,15,7,0.4188
188,8,ok,3,10,7,True,5452,20,25,3,0.4234
189,8,ok,3,9,6,True,5485,21,44,3,0.4299
190,8,ok,4,15,11,True,5518,21,23,4,0.4358
191,8,ok,5,17,12,True,5551,21,14,5,0.4413
192,8,ok,2,8,6,True,5584,14,59,2,0.449
193,8,ok,7,23,16,True,5617,35,16,7,0.4498
194,8,ok,3,8,5,True,5649,28,21,3,0.4547
195,8,ok,3,17,14,True,5682,15,36,3,0.4592
196,8,ok,4,14,10,True,5715,31,24,4,0.4703
197,8,ok,5,18,13,True,5748,27,14,5,0.4705
198,8,ok,2,7,5,True,5781,16,55,2,0.4871
199,8,ok,7,28,21,True,5814,20,15,7,0.4807
200,8,ok,3,13,10,True,5847,24,23,3,0.4819
201,8,ok,3,13,10,True,5880,31,36,3,0.4736
202,8,ok,4,19,15,True,5913,26,21,4,0.5005
203,8,ok,5,19,14,True,5946,21,15,5,0.5016
204,8,ok,2,8,6,True,5979,19,60,2,0.5217
205,8,ok,7,26,19,True,6012,32,15,7,0.5135
206,8,ok,3,11,8,True,6045,33,23,3,0.5002
207,8,ok,3,9,6,True,6079,38,41,3,0.5018
208,8,ok,4,18,14,True,6112,23,27,4,0.5336
209,8,ok,5,15,10,True,6145,43,15,5,0.5324
210,8,ok,2,7,5,True,6178,22,58,2,0.528
211,8,ok,7,21,14,True,6211,36,14,7,0.5426
212,8,ok,3,12,9,True,6244,21,24,3,0.5415
213,8,ok,3,12,9,True,6278,19,42,3,0.5639
214,8,ok,4,19,15,True,6311,25,22,4,0.5929
215,8,ok,5,12,7,True,6344,31,17,5,0.5696
216,8,ok,2,10,8,True,6377,28,51,2,0.5787
217,8,ok,7,21,14,True,6411,25,16,7,0.5774
218,8,ok,3,13,10,True,6444,21,26,3,0.5947
219,8,ok,3,13,10,True,6477,20,34,3,0.608
220,8,ok,4,19,15,True,6511,16,22,4,0.6243
221,8,ok,5,16,11,True,6544,34,16,5,0.6151
222,8,ok,2,8,6,True,6577,17,56,2,0.6159
223,8,ok,7,28,21,True,6611,25,15,7,0.6299
224,8,ok,3,11,8,True,6644,33,26,3,0.6369
225,8,ok,3,12,9,True,6678,15,36,3,0.6303
226,8,ok,4,16,12,True,6711,34,24,4,0.6425
227,8,ok,5,22,17,True,6745,33,16,5,0.6692
228,8,ok,2,8,6,True,6778,14,71,2,0.638
229,8,ok,7,27,20,True,6812,35,16,7,0.6657
230,8,ok,3,10,7,True,6845,22,22,3,0.6452
231,8,ok,3,7,4,True,6879,30,34,3,0.6775
232,8,ok,4,13,9,True,6912,40,24,4,0.6919
233,8,ok,5,22,17,True,6946,38,15,5,0.6969
234,8,ok,2,7,5,True,6979,13,65,2,0.7
235,8,ok,7,27,20,True,7013,24,16,7,0.711
236,8,ok,3,12,9,True,7046,32,23,3,0.7117
237,8,ok,3,9,6,True,7080,23,42,3,0.721
238,8,ok,4,13,9,True,7114,27,26,4,0.7211
239,8,ok,5,12,7,True,7147,39,16,5,0.731
240,8,ok,2,12,10,True,7181,18,63,2,0.7377
241,8,ok,7,31,24,True,7215,25,14,7,0.7434
242,8,ok,3,14,11,True,7248,41,23,3,0.7396
243,8,ok,3,12,9,True,7282,19,31,3,0.7464
244,8,ok,4,16,12,True,7316,22,23,4,0.7488
245,8,ok,5,9,4,True,7350,45,15,5,0.77
246,8,ok,2,7,5,True,7383,21,53,2,0.7609
248,8,ok,3,9,6,True,7451,46,21,3,0.7685
247,8,ok,7,21,14,True,7417,39,16,7,0.7792
249,8,ok,3,12,9,True,7485,22,38,3,0.8116
250,8,ok,4,18,14,True,7519,26,22,4,0.8176
251,8,ok,5,18,13,True,7552,27,16,5,0.8156
252,8,ok,2,11,9,True,7586,12,63,2,0.8214
253,8,ok,7,27,20,True,7620,28,17,7,0.8304
254,8,ok,3,9,6,True,7654,38,24,3,0.8264
255,8,ok,3,7,4,True,7688,33,39,3,0.8633
256,8,ok,4,21,17,True,7722,22,22,4,0.853
257,8,ok,5,18,13,True,7756,33,19,5,0.8564
258,8,ok,2,7,5,True,7790,33,60,2,0.8576
260,8,ok,3,11,8,True,7858,34,22,3,0.8745
259,8,ok,7,34,27,True,7824,25,14,7,0.8931
261,8,ok,3,9,6,True,7892,27,37,3,0.8977
262,8,ok,4,13,9,True,7926,20,22,4,0.9064
263,8,ok,5,17,12,True,7960,36,16,5,0.9184
264,8,ok,2,8,6,True,7994,31,60,2,0.9064
265,8,ok,7,27,20,True,8028,36,19,7,0.9175
266,8,ok,3,10,7,True,8062,30,21,3,0.9415
267,8,ok,3,14,11,True,8096,20,42,3,0.9865
268,8,ok,4,15,11,True,8130,20,25,4,0.9486
269,8,ok,5,23,18,True,8164,35,15,5,0.9432
270,8,ok,2,10,8,True,8198,19,63,2,0.9337
271,8,ok,7,24,17,True,8232,29,15,7,0.9006
272,8,ok,3,13,10,True,8266,33,23,3,0.922
273,8,ok,3,6,3,True,8301,24,36,3,0.8659
274,8,ok,4,17,13,True,8335,23,24,4,0.7385
275,8,ok,5,13,8,True,8369,36,15,5,0.7049
276,8,ok,2,9,7,True,8403,23,69,2,0.6577
277,8,ok,7,26,19,True,8437,21,15,7,0.6439
278,8,ok,3,14,11,True,8472,33,23,3,0.6589
279,8,ok,3,10,7,True,8506,26,37,3,0.6272
280,8,ok,4,20,16,True,8540,30,23,4,0.6075
281,8,ok,5,15,10,True,8574,45,15,5,0.6324
282,8,ok,2,9,7,True,8609,33,66,2,0.6349
283,8,ok,7,32,25,True,8643,23,16,7,0.636
284,8,ok,3,10,7,True,8677,23,25,3,0.6841
285,8,ok,3,17,14,True,8711,20,50,3,0.6427
286,8,ok,4,14,10,True,8746,29,25,4,0.6447
287,8,ok,5,15,10,True,8780,48,15,5,0.6526
288,8,ok,2,6,4,True,8814,31,59,2,0.6469
289,8,ok,7,31,24,True,8849,26,17,7,0.6595
290,8,ok,3,13,10,True,8883,39,28,3,0.7054
291,8,ok,3,11,8,True,8918,25,36,3,0.6734
292,8,ok,4,16,12,True,8952,26,24,4,0.6836
293,8,ok,5,17,12,True,8986,43,21,5,0.6801
294,8,ok,2,6,4,True,9021,27,66,2,0.6789
295,8,ok,7,23,16,True,9055,32,15,7,0.6879
296,8,ok,3,10,7,True,9090,34,24,3,0.7498
297,8,ok,3,10,7,True,9124,24,36,3,0.7229
298,8,ok,4,14,10,True,9159,23,23,4,0.7134
299,8,ok,5,16,11,True,9193,47,15,5,0.7155
300,8,ok,2,4,2,True,9228,14,68,2,0.7089
301,8,ok,7,30,23,True,9262,32,18,7,0.715
302,8,ok,3,12,9,True,9297,24,25,3,0.771
303,8,ok,3,11,8,True,9331,25,40,3,0.7487
304,8,ok,4,14,10,True,9366,23,26,4,0.7381
305,8,ok,5,14,9,True,9400,31,15,5,0.7458
306,8,ok,2,7,5,True,9435,26,64,2,0.7408
307,8,ok,7,27,20,True,9470,25,18,7,0.7732
308,8,ok,3,8,5,True,9504,23,24,3,0.7536
309,8,ok,3,11,8,True,9539,26,37,3,0.7734
310,8,ok,4,11,7,True,9573,25,26,4,0.7749
311,8,ok,5,23,18,True,9608,37,16,5,0.7773
312,8,ok,2,8,6,True,9643,39,61,2,0.8011
313,8,ok,7,33,26,True,9677,25,16,7,0.8034
314,8,ok,3,11,8,True,9712,42,24,3,0.8043
315,8,ok,3,9,6,True,9747,22,38,3,0.8058
316,8,ok,4,17,13,True,9781,37,26,4,0.8825
317,8,ok,5,17,12,True,9816,35,14,5,0.826
318,8,ok,2,10,8,True,9851,20,72,2,0.8168
319,8,ok,7,21,14,True,9886,24,16,7,0.8296
320,8,ok,3,14,11,True,9920,28,25,3,0.824
321,8,ok,3,12,9,True,9955,22,42,3,0.8371
322,8,ok,4,15,11,True,9990,26,23,4,0.9079
323,8,ok,5,22,17,True,10025,34,15,5,0.861
324,8,ok,2,8,6,True,10059,23,65,2,0.8533
325,8,ok,7,23,16,True,10094,38,16,7,0.8807
326,8,ok,3,13,10,True,10129,36,23,3,0.8712
327,8,ok,3,14,11,True,10164,23,38,3,0.8805
328,8,ok,4,21,17,True,10199,28,23,4,0.8788
329,8,ok,5,18,13,True,10234,27,15,5,0.8875
330,8,ok,2,9,7,True,10268,26,65,2,0.8865
331,8,ok,7,27,20,True,10303,32,17,7,0.9589
332,8,ok,3,12,9,True,10338,27,25,3,0.9196
333,8,ok,3,7,4,True,10373,24,40,3,0.9146
334,8,ok,4,18,14,True,10408,34,24,4,0.9145
335,8,ok,5,16,11,True,10443,49,14,5,0.9365
336,8,ok,2,6,4,True,10478,21,69,2,0.93
337,8,ok,7,19,12,True,10513,31,18,7,1.0065
338,8,ok,3,6,3,True,10548,51,26,3,0.9365
339,8,ok,3,9,6,True,10583,23,46,3,0.9649
340,8,ok,4,15,11,True,10618,23,26,4,0.9686
341,8,ok,5,18,13,True,10653,41,16,5,0.9749
342,8,ok,2,7,5,True,10688,21,64,2,0.9661
343,8,ok,7,25,18,True,10723,42,18,7,1.0449
344,8,ok,3,14,11,True,10758,27,23,3,0.9789
345,8,ok,3,11,8,True,10793,38,36,3,0.9942
346,8,ok,4,14,10,True,10828,20,28,4,0.9955
347,8,ok,5,14,9,True,10863,49,19,5,1.0284
348,8,ok,2,8,6,True,10898,22,61,2,1.0134
349,8,ok,7,24,17,True,10933,31,15,7,1.0636
350,8,ok,3,11,8,True,10968,29,24,3,1.0239
351,8,ok,3,9,6,True,11003,28,39,3,1.0437
352,8,ok,4,17,13,True,11038,29,25,4,1.0362
353,8,ok,5,19,14,True,11073,34,16,5,1.06
354,8,ok,2,10,8,True,11108,44,64,2,1.0513
355,8,ok,7,28,21,True,11143,40,17,7,1.0758
356,8,ok,3,12,9,True,11179,27,28,3,1.1052
357,8,ok,3,11,8,True,11214,21,39,3,1.0823
358,8,ok,4,24,20,True,11249,24,26,4,1.1025
359,8,ok,5,17,12,True,11284,36,17,5,1.0952
360,8,ok,2,7,5,True,11319,25,62,2,1.1044
361,8,ok,7,32,25,True,11354,27,16,7,1.1115
362,8,ok,3,14,11,True,11390,40,26,3,1.1619
363,8,ok,3,14,11,True,11425,37,41,3,1.1211
364,8,ok,4,20,16,True,11460,31,27,4,1.1222
365,8,ok,5,16,11,True,11495,48,15,5,1.1388
366,8,ok,2,7,5,True,11531,26,62,2,1.1364
367,8,ok,7,29,22,True,11566,38,16,7,1.1948
368,8,ok,3,14,11,True,11601,46,26,3,1.2238
369,8,ok,3,8,5,True,11636,31,43,3,1.1907
370,8,ok,4,18,14,True,11672,33,24,4,1.2195
371,8,ok,5,24,19,True,11707,37,16,5,1.2016
372,8,ok,2,8,6,True,11742,20,66,2,1.2456
373,8,ok,7,27,20,True,11778,27,18,7,1.1944
374,8,ok,3,9,6,True,11813,40,28,3,1.2326
375,8,ok,3,9,6,True,11848,30,34,3,1.2225
376,8,ok,4,12,8,True,11884,40,27,4,1.2325
377,8,ok,5,17,12,True,11919,41,17,5,1.2433
378,8,ok,2,6,4,True,11954,25,66,2,1.2415
379,8,ok,7,35,28,True,11990,32,16,7,1.2823
380,8,ok,3,10,7,True,12025,31,24,3,1.2492
381,8,ok,3,9,6,True,12061,22,40,3,1.2584
382,8,ok,4,15,11,True,12096,31,23,4,1.2632
383,8,ok,5,14,9,True,12131,29,21,5,1.3622
384,8,ok,2,6,4,True,12167,30,63,2,1.2783
385,8,ok,7,27,20,True,12202,26,14,7,1.2785
386,8,ok,3,12,9,True,12238,29,24,3,1.2875
387,8,ok,3,11,8,True,12273,40,45,3,1.3005
388,8,ok,4,20,16,True,12309,29,25,4,1.315
390,8,ok,2,9,7,True,12380,22,65,2,1.3221
389,8,ok,5,18,13,True,12344,44,15,5,1.4155
391,8,ok,7,24,17,True,12415,40,18,7,1.3505
392,8,ok,3,10,7,True,12450,29,25,3,1.3315
393,8,ok,3,11,8,True,12486,26,41,3,1.3661
394,8,ok,4,17,13,True,12522,31,26,4,1.3707
395,8,ok,5,18,13,True,12557,37,17,5,1.394
396,8,ok,2,7,5,True,12593,28,63,2,1.389
397,8,ok,7,23,16,True,12628,25,17,7,1.3948
398,8,ok,3,10,7,True,12664,40,28,3,1.3908
399,8,ok,3,8,5,True,12699,22,37,3,1.4089
400,8,ok,4,16,12,True,12735,29,29,4,1.4477
401,8,ok,5,19,14,True,12770,37,17,5,1.4258
402,8,ok,2,8,6,True,12806,21,69,2,1.4681
403,8,ok,7,23,16,True,12842,35,18,7,1.4216
404,8,ok,3,9,6,True,12877,25,24,3,1.4464
405,8,ok,3,10,7,True,12913,31,34,3,1.4526
406,8,ok,4,26,22,True,12948,26,24,4,1.4611
407,8,ok,5,16,11,True,12984,38,16,5,1.493
408,8,ok,2,6,4,True,13020,27,63,2,1.5217
409,8,ok,7,29,22,True,13055,39,17,7,1.4778
410,8,ok,3,9,6,True,13091,43,27,3,1.4896
411,8,ok,3,9,6,True,13127,19,44,3,1.5131
412,8,ok,4,18,14,True,13162,29,28,4,1.519
413,8,ok,5,16,11,True,13198,35,16,5,1.6243
414,8,ok,2,7,5,True,13234,18,61,2,1.5592
415,8,ok,7,28,21,True,13270,38,19,7,1.5398
416,8,ok,3,13,10,True,13305,46,25,3,1.5555
417,8,ok,3,8,5,True,13341,25,43,3,1.595
418,8,ok,4,15,11,True,13377,33,25,4,1.5979
419,8,ok,5,14,9,True,13413,45,17,5,1.6012
420,8,ok,2,5,3,True,13448,26,60,2,1.5906
421,8,ok,7,29,22,True,13484,33,18,7,1.5858
422,8,ok,3,15,12,True,13520,20,24,3,1.6071
423,8,ok,3,7,4,True,13556,29,35,3,1.7262
424,8,ok,4,15,11,True,13591,32,27,4,1.6085
425,8,ok,5,19,14,True,13627,30,19,5,1.6209
426,8,ok,2,9,7,True,13663,18,71,2,1.6546
427,8,ok,7,27,20,True,13699,36,16,7,1.6391
428,8,ok,3,9,6,True,13735,36,28,3,1.6633
429,8,ok,3,10,7,True,13770,36,43,3,1.7463
430,8,ok,4,15,11,True,13806,35,24,4,1.6993
431,8,ok,5,24,19,True,13842,36,15,5,1.6767
432,8,ok,2,10,8,True,13878,28,66,2,1.7275
433,8,ok,7,31,24,True,13914,38,17,7,1.6965
434,8,ok,3,13,10,True,13950,53,24,3,1.7859
435,8,ok,3,13,10,True,13986,36,48,3,1.723
436,8,ok,4,20,16,True,14022,37,24,4,1.7526
437,8,ok,5,18,13,True,14057,27,16,5,1.765
438,8,ok,2,13,11,True,14093,17,64,2,1.8057
439,8,ok,7,25,18,True,14129,44,17,7,1.8018
440,8,ok,3,9,6,True,14165,30,30,3,1.8669
441,8,ok,3,8,5,True,14201,40,39,3,1.8269
442,8,ok,4,15,11,True,14237,35,27,4,1.8277
443,8,ok,5,13,8,True,14273,47,17,5,1.8334
444,8,ok,2,10,8,True,14309,43,67,2,1.9013
445,8,ok,7,28,21,True,14345,44,16,7,1.9042
446,8,ok,3,15,12,True,14381,31,32,3,1.8919
447,8,ok,3,14,11,True,14417,30,39,3,1.9114
448,8,ok,4,23,19,True,14453,33,25,4,1.9513
449,8,ok,5,15,10,True,14489,43,17,5,1.9882
450,8,ok,2,6,4,True,14525,25,79,2,1.9415
451,8,ok,7,31,24,True,14561,38,16,7,1.9208
452,8,ok,3,9,6,True,14597,37,26,3,1.9388
453,8,ok,3,14,11,True,14633,25,41,3,1.9792
454,8,ok,4,22,18,True,14669,29,25,4,1.9284
455,8,ok,5,16,11,True,14705,29,16,5,1.9181
456,8,ok,2,5,3,True,14741,26,83,2,1.9536
457,8,ok,7,23,16,True,14777,30,16,7,2.0616
458,8,ok,3,12,9,True,14813,50,26,3,1.9489
459,8,ok,3,15,12,True,14850,35,46,3,2.0384
460,8,ok,4,23,19,True,14886,23,28,4,1.968
461,8,ok,5,28,23,True,14922,45,15,5,1.9669
462,8,ok,2,8,6,True,14958,22,63,2,2.0053
463,8,ok,7,24,17,True,14994,32,16,7,2.0093
464,8,ok,3,13,10,True,15030,28,27,3,2.0018
465,8,ok,3,15,12,True,15066,37,39,3,2.1551
466,8,ok,4,17,13,True,15102,23,33,4,2.045
467,8,ok,5,19,14,True,15138,35,18,5,2.0464
468,8,ok,2,11,9,True,15175,34,70,2,2.0722
469,8,ok,7,27,20,True,15211,36,19,7,2.1187
470,8,ok,3,13,10,True,15247,28,28,3,2.075
471,8,ok,3,10,7,True,15283,26,38,3,2.0976
472,8,ok,4,16,12,True,15319,24,25,4,2.1024
473,8,ok,5,17,12,True,15356,36,17,5,2.1593
474,8,ok,2,13,11,True,15392,31,74,2,2.1305
475,8,ok,7,19,12,True,15428,34,16,7,2.1159
476,8,ok,3,9,6,True,15464,30,26,3,2.1544
477,8,ok,3,8,5,True,15500,43,44,3,2.1638
478,8,ok,4,20,16,True,15537,38,28,4,2.1613
479,8,ok,5,17,12,True,15573,47,16,5,2.1997
480,8,ok,2,6,4,True,15609,31,65,2,2.2128
481,8,ok,7,24,17,True,15645,33,20,7,2.2429
482,8,ok,3,13,10,True,15682,24,25,3,2.1869
484,8,ok,4,18,14,True,15754,46,26,4,2.2764
483,8,ok,3,9,6,True,15718,20,39,3,2.3457
485,8,ok,5,19,14,True,15791,35,16,5,2.2429
486,8,ok,2,6,4,True,15827,20,66,2,2.2694
487,8,ok,7,24,17,True,15863,36,19,7,2.2583
488,8,ok,3,10,7,True,15899,39,30,3,2.2907
489,8,ok,3,14,11,True,15936,15,38,3,2.2781
490,8,ok,4,17,13,True,15972,33,26,4,2.2888
491,8,ok,5,20,15,True,16008,48,19,5,2.3937
492,8,ok,2,9,7,True,16045,33,68,2,2.3447
493,8,ok,7,27,20,True,16081,31,15,7,2.334
494,8,ok,3,11,8,True,16118,41,26,3,2.3731
495,8,ok,3,9,6,True,16154,27,45,3,2.4337
1,9,ok,8,8,0,True,19,2,3,8,0.0001
2,9,ok,2,2,0,True,34,3,10,2,0.0001
3,9,ok,5,10,5,True,51,2,9,5,0.0001
4,9,ok,2,4,2,True,70,3,15,2,0.0002
5,9,ok,5,9,4,True,90,4,12,5,0.0002
6,9,ok,2,4,2,True,111,5,18,2,0.0003
7,9,ok,5,10,5,True,133,5,13,5,0.0004
8,9,ok,2,5,3,True,155,3,24,2,0.0004
9,9,ok,5,14,9,True,178,5,19,5,0.0005
10,9,ok,2,3,1,True,202,7,18,2,0.0006
11,9,ok,5,8,3,True,225,6,18,5,0.0007
12,9,ok,2,6,4,True,250,4,20,2,0.0008
13,9,ok,5,11,6,True,274,6,26,5,0.001
14,9,ok,2,3,1,True,299,8,23,2,0.0011
15,9,ok,5,12,7,True,324,7,21,5,0.0012
16,9,ok,2,4,2,True,350,8,22,2,0.0014
17,9,ok,5,14,9,True,376,8,22,5,0.0016
18,9,ok,2,5,3,True,401,5,23,2,0.0017
19,9,ok,5,10,5,True,427,6,23,5,0.0019
20,9,ok,2,7,5,True,454,9,30,2,0.0021
21,9,ok,5,14,9,True,481,8,22,5,0.0023
22,9,ok,2,7,5,True,507,7,27,2,0.0025
23,9,ok,5,12,7,True,534,8,23,5,0.0027
24,9,ok,2,5,3,True,562,7,25,2,0.003
25,9,ok,5,14,9,True,589,6,20,5,0.0033
26,9,ok,2,4,2,True,617,8,27,2,0.0035
27,9,ok,5,12,7,True,644,12,22,5,0.0039
28,9,ok,2,3,1,True,672,8,27,2,0.0042
496,8,ok,4,12,8,True,16190,35,31,4,2.4219
29,9,ok,5,14,9,True,700,9,27,5,0.0045
30,9,ok,2,8,6,True,728,10,24,2,0.0048
31,9,ok,5,12,7,True,757,10,26,5,0.0051
32,9,ok,2,5,3,True,785,12,29,2,0.0054
33,9,ok,5,14,9,True,814,12,25,5,0.0059
34,9,ok,2,5,3,True,842,11,33,2,0.0062
35,9,ok,5,11,6,True,871,14,29,5,0.0067
36,9,ok,2,7,5,True,900,12,27,2,0.0071
37,9,ok,5,15,10,True,929,9,27,5,0.0074
38,9,ok,2,5,3,True,958,13,30,2,0.0076
39,9,ok,5,17,12,True,988,10,28,5,0.0082
40,9,ok,2,8,6,True,1017,8,30,2,0.0085
41,9,ok,5,16,11,True,1046,11,28,5,0.009
42,9,ok,2,7,5,True,1076,8,30,2,0.0094
43,9,ok,5,13,8,True,1106,9,28,5,0.0099
44,9,ok,2,5,3,True,1136,14,32,2,0.0105
45,9,ok,5,12,7,True,1165,12,29,5,0.0111
46,9,ok,2,8,6,True,1195,7,28,2,0.0114
47,9,ok,5,17,12,True,1225,12,31,5,0.0123
48,9,ok,2,6,4,True,1256,10,30,2,0.0127
49,9,ok,5,14,9,True,1286,11,26,5,0.0134
50,9,ok,2,6,4,True,1316,13,27,2,0.0138
51,9,ok,5,18,13,True,1346,13,31,5,0.0146
52,9,ok,2,5,3,True,1377,12,26,2,0.0151
53,9,ok,5,17,12,True,1408,11,27,5,0.0158
54,9,ok,2,6,4,True,1438,11,31,2,0.0166
55,9,ok,5,12,7,True,1469,13,35,5,0.0171
56,9,ok,2,5,3,True,1499,17,30,2,0.0177
57,9,ok,5,12,7,True,1530,12,30,5,0.0185
58,9,ok,2,3,1,True,1561,15,32,2,0.0192
59,9,ok,5,13,8,True,1592,9,32,5,0.0199
60,9,ok,2,3,1,True,1623,11,30,2,0.0208
61,9,ok,5,13,8,True,1654,11,26,5,0.0238
62,9,ok,2,9,7,True,1686,11,37,2,0.0312
63,9,ok,5,12,7,True,1717,13,28,5,0.0238
64,9,ok,2,6,4,True,1748,10,35,2,0.0248
65,9,ok,5,13,8,True,1780,15,28,5,0.0246
66,9,ok,2,7,5,True,1811,8,36,2,0.0251
67,9,ok,5,13,8,True,1843,14,28,5,0.032
68,9,ok,2,4,2,True,1874,12,35,2,0.027
69,9,ok,5,21,16,True,1906,12,34,5,0.0328
70,9,ok,2,10,8,True,1938,10,31,2,0.0292
71,9,ok,5,18,13,True,1969,16,35,5,0.0319
72,9,ok,2,7,5,True,2001,10,31,2,0.0314
73,9,ok,5,18,13,True,2033,14,32,5,0.0321
74,9,ok,2,7,5,True,2065,17,33,2,0.033
75,9,ok,5,15,10,True,2097,14,38,5,0.0343
76,9,ok,2,6,4,True,2129,17,32,2,0.0362
77,9,ok,5,15,10,True,2161,15,29,5,0.0357
78,9,ok,2,7,5,True,2193,12,31,2,0.0369
79,9,ok,5,18,13,True,2225,18,31,5,0.0377
80,9,ok,2,7,5,True,2258,9,34,2,0.0387
497,8,ok,5,18,13,True,16227,44,15,5,2.3955
81,9,ok,5,14,9,True,2290,24,36,5,0.0404
83,9,ok,5,18,13,True,2355,12,38,5,0.0432
82,9,ok,2,7,5,True,2322,19,35,2,0.0465
84,9,ok,2,10,8,True,2387,13,35,2,0.0431
85,9,ok,5,12,7,True,2420,17,30,5,0.0459
86,9,ok,2,7,5,True,2452,10,33,2,0.0458
87,9,ok,5,20,15,True,2485,11,29,5,0.0468
89,9,ok,5,16,11,True,2550,15,29,5,0.0497
88,9,ok,2,7,5,True,2518,10,35,2,0.0512
90,9,ok,2,7,5,True,2584,20,34,2,0.0511
91,9,ok,5,15,10,True,2616,13,43,5,0.0523
92,9,ok,2,3,1,True,2649,12,34,2,0.0526
93,9,ok,5,20,15,True,2681,17,33,5,0.0546
94,9,ok,2,7,5,True,2714,17,33,2,0.0565
95,9,ok,5,20,15,True,2747,13,33,5,0.0572
96,9,ok,2,4,2,True,2780,15,32,2,0.0586
97,9,ok,5,15,10,True,2813,19,33,5,0.06
98,9,ok,2,6,4,True,2846,12,34,2,0.0603
99,9,ok,5,13,8,True,2880,16,35,5,0.063
100,9,ok,2,6,4,True,2913,25,36,2,0.0642
101,9,ok,5,16,11,True,2946,19,30,5,0.0647
498,8,ok,2,9,7,True,16263,26,67,2,2.5096
102,9,ok,2,6,4,True,2979,12,40,2,0.0671
103,9,ok,5,19,14,True,3013,15,37,5,0.0691
104,9,ok,2,4,2,True,3046,17,39,2,0.0698
105,9,ok,5,14,9,True,3079,17,38,5,0.0742
106,9,ok,2,8,6,True,3113,14,36,2,0.0732
107,9,ok,5,21,16,True,3146,19,38,5,0.0756
108,9,ok,2,6,4,True,3180,18,36,2,0.0755
109,9,ok,5,17,12,True,3213,12,37,5,0.0818
110,9,ok,2,4,2,True,3248,14,43,2,0.0805
111,9,ok,5,15,10,True,3280,12,36,5,0.0829
112,9,ok,2,9,7,True,3314,16,37,2,0.0834
113,9,ok,5,16,11,True,3348,14,39,5,0.0887
114,9,ok,2,9,7,True,3381,19,40,2,0.0852
115,9,ok,5,15,10,True,3415,12,34,5,0.088
116,9,ok,2,4,2,True,3449,17,36,2,0.0879
117,9,ok,5,15,10,True,3483,18,33,5,0.0946
118,9,ok,2,7,5,True,3516,18,43,2,0.0923
499,8,ok,7,23,16,True,16299,45,16,7,2.4176
119,9,ok,5,12,7,True,3550,26,38,5,0.0955
120,9,ok,2,5,3,True,3584,13,37,2,0.0952
121,9,ok,5,19,14,True,3618,17,43,5,0.102
122,9,ok,2,6,4,True,3652,23,48,2,0.1011
123,9,ok,5,16,11,True,3686,19,39,5,0.1013
124,9,ok,2,9,7,True,3720,13,37,2,0.105
125,9,ok,5,12,7,True,3754,19,45,5,0.1048
126,9,ok,2,6,4,True,3789,24,35,2,0.1135
127,9,ok,5,17,12,True,3823,19,39,5,0.1088
128,9,ok,2,6,4,True,3857,12,43,2,0.1102
129,9,ok,5,21,16,True,3891,14,39,5,0.1143
130,9,ok,2,9,7,True,3925,23,38,2,0.1142
500,8,ok,3,10,7,True,16336,47,27,3,2.4088
131,9,ok,5,16,11,True,3960,22,35,5,0.1261
132,9,ok,2,6,4,True,3994,13,36,2,0.119
133,9,ok,5,17,12,True,4028,13,37,5,0.1202
134,9,ok,2,8,6,True,4063,22,40,2,0.1242
135,9,ok,5,13,8,True,4097,19,40,5,0.1237
136,9,ok,2,3,1,True,4131,23,36,2,0.1262
137,9,ok,5,18,13,True,4166,12,36,5,0.1347
138,9,ok,2,6,4,True,4200,14,34,2,0.1334
139,9,ok,5,18,13,True,4235,16,33,5,0.133
140,9,ok,2,7,5,True,4269,16,38,2,0.1377
141,9,ok,5,18,13,True,4304,14,40,5,0.1365
142,9,ok,2,8,6,True,4339,14,45,2,0.1391
143,9,ok,5,14,9,True,4373,24,36,5,0.1492
144,9,ok,2,7,5,True,4408,15,42,2,0.1523
145,9,ok,5,11,6,True,4443,21,37,5,0.1471
146,9,ok,2,4,2,True,4477,16,40,2,0.1531
147,9,ok,5,19,14,True,4512,20,35,5,0.1529
148,9,ok,2,6,4,True,4547,18,40,2,0.154
150,9,ok,2,7,5,True,4616,16,44,2,0.1594
149,9,ok,5,18,13,True,4582,19,35,5,0.1653
151,9,ok,5,15,10,True,4651,23,39,5,0.1618
152,9,ok,2,8,6,True,4686,21,40,2,0.1645
153,9,ok,5,16,11,True,4721,17,35,5,0.1655
154,9,ok,2,7,5,True,4756,11,40,2,0.1724
155,9,ok,5,17,12,True,4792,17,44,5,0.1763
156,9,ok,2,9,7,True,4826,15,40,2,0.1811
157,9,ok,5,11,6,True,4861,24,41,5,0.1741
158,9,ok,2,8,6,True,4896,13,44,2,0.1808
159,9,ok,5,12,7,True,4931,26,39,5,0.1804
160,9,ok,2,9,7,True,4966,17,45,2,0.1817
161,9,ok,5,16,11,True,5001,16,39,5,0.1855
162,9,ok,2,8,6,True,5036,14,47,2,0.1975
163,9,ok,5,17,12,True,5072,16,35,5,0.1898
164,9,ok,2,7,5,True,5107,17,39,2,0.1972
165,9,ok,5,17,12,True,5142,23,40,5,0.1969
166,9,ok,2,11,9,True,5177,12,49,2,0.1981
167,9,ok,5,16,11,True,5213,20,43,5,0.2017
168,9,ok,2,7,5,True,5248,12,52,2,0.2142
169,9,ok,5,20,15,True,5283,21,44,5,0.2072
170,9,ok,2,9,7,True,5320,20,39,2,0.2137
171,9,ok,5,19,14,True,5354,30,39,5,0.2155
172,9,ok,2,6,4,True,5389,21,44,2,0.2149
173,9,ok,5,17,12,True,5425,17,45,5,0.2265
174,9,ok,2,5,3,True,5460,13,40,2,0.2251
175,9,ok,5,17,12,True,5496,23,35,5,0.2355
176,9,ok,2,7,5,True,5531,18,39,2,0.2283
177,9,ok,5,12,7,True,5567,24,41,5,0.232
178,9,ok,2,7,5,True,5602,13,46,2,0.2363
179,9,ok,5,18,13,True,5638,18,42,5,0.2466
180,9,ok,2,6,4,True,5673,14,40,2,0.246
181,9,ok,5,17,12,True,5709,16,36,5,0.2432
182,9,ok,2,7,5,True,5744,15,42,2,0.2487
183,9,ok,5,13,8,True,5780,20,42,5,0.2479
184,9,ok,2,7,5,True,5816,13,43,2,0.2545
185,9,ok,5,12,7,True,5851,28,42,5,0.2587
186,9,ok,2,4,2,True,5888,18,41,2,0.2752
187,9,ok,5,16,11,True,5923,17,40,5,0.2688
189,9,ok,5,13,8,True,5994,24,40,5,0.2717
188,9,ok,2,4,2,True,5959,20,40,2,0.2821
190,9,ok,2,7,5,True,6032,25,42,2,0.2727
191,9,ok,5,16,11,True,6066,22,40,5,0.2753
192,9,ok,2,5,3,True,6102,14,46,2,0.2773
193,9,ok,5,14,9,True,6138,17,40,5,0.2799
194,9,ok,2,10,8,True,6173,16,44,2,0.2849
195,9,ok,5,16,11,True,6209,28,41,5,0.3049
196,9,ok,2,9,7,True,6245,20,48,2,0.2974
197,9,ok,5,20,15,True,6281,18,42,5,0.2928
198,9,ok,2,6,4,True,6317,21,47,2,0.2997
199,9,ok,5,18,13,True,6353,20,40,5,0.3014
200,9,ok,2,8,6,True,6389,11,45,2,0.3241
201,9,ok,5,15,10,True,6425,15,41,5,0.3082
202,9,ok,2,5,3,True,6461,14,43,2,0.3164
203,9,ok,5,20,15,True,6497,15,43,5,0.3178
204,9,ok,2,6,4,True,6533,23,48,2,0.3217
205,9,ok,5,17,12,True,6569,22,40,5,0.3229
207,9,ok,5,15,10,True,6642,31,39,5,0.3313
206,9,ok,2,9,7,True,6606,19,42,2,0.3474
208,9,ok,2,9,7,True,6678,13,49,2,0.3352
209,9,ok,5,21,16,True,6714,20,41,5,0.3429
210,9,ok,2,12,10,True,6750,12,43,2,0.3423
211,9,ok,5,20,15,True,6786,18,42,5,0.3513
212,9,ok,2,8,6,True,6824,19,49,2,0.3483
213,9,ok,5,17,12,True,6859,19,41,5,0.3809
214,9,ok,2,7,5,True,6895,26,45,2,0.357
215,9,ok,5,15,10,True,6931,22,44,5,0.359
216,9,ok,2,10,8,True,6968,17,44,2,0.3655
217,9,ok,5,22,17,True,7004,19,46,5,0.3676
218,9,ok,2,5,3,True,7040,19,42,2,0.3742
219,9,ok,5,17,12,True,7077,17,41,5,0.4035
220,9,ok,2,6,4,True,7113,22,42,2,0.3874
221,9,ok,5,17,12,True,7150,18,42,5,0.3989
222,9,ok,2,8,6,True,7186,13,42,2,0.4033
223,9,ok,5,19,14,True,7222,15,40,5,0.3915
224,9,ok,2,6,4,True,7259,19,45,2,0.408
225,9,ok,5,15,10,True,7296,26,43,5,0.4116
226,9,ok,2,9,7,True,7332,26,44,2,0.4062
227,9,ok,5,21,16,True,7368,19,41,5,0.4098
228,9,ok,2,5,3,True,7405,25,45,2,0.4112
229,9,ok,5,15,10,True,7441,18,45,5,0.4117
230,9,ok,2,7,5,True,7478,14,42,2,0.4522
231,9,ok,5,19,14,True,7515,27,41,5,0.4216
232,9,ok,2,4,2,True,7551,20,51,2,0.4275
233,9,ok,5,17,12,True,7588,27,47,5,0.4321
234,9,ok,2,7,5,True,7624,40,41,2,0.456
235,9,ok,5,13,8,True,7661,29,42,5,0.4383
236,9,ok,2,10,8,True,7698,18,44,2,0.4478
237,9,ok,5,17,12,True,7734,24,40,5,0.4534
238,9,ok,2,8,6,True,7771,14,43,2,0.4531
239,9,ok,5,13,8,True,7808,23,44,5,0.4621
240,9,ok,2,9,7,True,7845,15,46,2,0.4765
241,9,ok,5,13,8,True,7881,20,43,5,0.4742
242,9,ok,2,10,8,True,7918,15,50,2,0.4715
243,9,ok,5,15,10,True,7955,30,44,5,0.4756
244,9,ok,2,8,6,True,7992,21,45,2,0.4785
245,9,ok,5,19,14,True,8029,22,42,5,0.5085
246,9,ok,2,9,7,True,8065,17,44,2,0.498
247,9,ok,5,22,17,True,8104,24,40,5,0.5277
248,9,ok,2,7,5,True,8139,17,49,2,0.4995
249,9,ok,5,17,12,True,8176,31,43,5,0.5049
250,9,ok,2,6,4,True,8213,24,45,2,0.5046
251,9,ok,5,19,14,True,8250,27,42,5,0.5114
252,9,ok,2,10,8,True,8288,20,48,2,0.5231
253,9,ok,5,14,9,True,8324,22,42,5,0.5558
254,9,ok,2,9,7,True,8361,20,44,2,0.5285
255,9,ok,5,19,14,True,8398,31,46,5,0.5343
256,9,ok,2,8,6,True,8435,18,49,2,0.5318
257,9,ok,5,19,14,True,8472,19,42,5,0.5396
258,9,ok,2,5,3,True,8509,17,46,2,0.5491
259,9,ok,5,22,17,True,8546,19,48,5,0.5869
260,9,ok,2,9,7,True,8583,21,51,2,0.5585
261,9,ok,5,14,9,True,8620,31,49,5,0.5638
262,9,ok,2,8,6,True,8657,13,41,2,0.5628
263,9,ok,5,18,13,True,8694,22,45,5,0.5763
264,9,ok,2,10,8,True,8731,20,43,2,0.5817
265,9,ok,5,18,13,True,8768,23,41,5,0.6205
266,9,ok,2,6,4,True,8805,20,46,2,0.5846
267,9,ok,5,15,10,True,8843,22,42,5,0.5915
268,9,ok,2,8,6,True,8880,14,49,2,0.5925
269,9,ok,5,17,12,True,8917,23,42,5,0.605
270,9,ok,2,9,7,True,8954,19,46,2,0.6181
271,9,ok,5,19,14,True,8992,21,44,5,0.6319
272,9,ok,2,10,8,True,9029,24,45,2,0.6255
273,9,ok,5,19,14,True,9066,22,40,5,0.6467
274,9,ok,2,6,4,True,9103,24,48,2,0.6258
275,9,ok,5,20,15,True,9140,20,49,5,0.6395
276,9,ok,2,8,6,True,9178,13,47,2,0.6421
277,9,ok,5,26,21,True,9216,20,44,5,0.6676
278,9,ok,2,7,5,True,9252,19,44,2,0.6519
279,9,ok,5,20,15,True,9290,27,48,5,0.6656
280,9,ok,2,7,5,True,9328,16,45,2,0.6652
281,9,ok,5,13,8,True,9364,23,41,5,0.6739
282,9,ok,2,7,5,True,9402,14,47,2,0.6921
283,9,ok,5,16,11,True,9439,24,48,5,0.6753
284,9,ok,2,9,7,True,9477,18,47,2,0.6913
286,9,ok,2,6,4,True,9552,26,49,2,0.6968
285,9,ok,5,27,22,True,9514,18,44,5,0.7124
287,9,ok,5,18,13,True,9589,31,48,5,0.6943
288,9,ok,2,9,7,True,9626,20,52,2,0.7414
289,9,ok,5,16,11,True,9664,24,45,5,0.7152
290,9,ok,2,10,8,True,9701,18,42,2,0.7219
291,9,ok,5,19,14,True,9739,19,47,5,0.7235
292,9,ok,2,9,7,True,9776,18,45,2,0.7224
293,9,ok,5,18,13,True,9814,19,52,5,0.733
294,9,ok,2,9,7,True,9852,16,47,2,0.7557
295,9,ok,5,19,14,True,9889,16,45,5,0.7916
296,9,ok,2,6,4,True,9928,30,45,2,0.7528
297,9,ok,5,15,10,True,9964,28,46,5,0.7627
298,9,ok,2,9,7,True,10002,22,54,2,0.7609
299,9,ok,5,16,11,True,10040,25,46,5,0.7764
300,9,ok,2,9,7,True,10077,34,48,2,0.7809
302,9,ok,2,4,2,True,10152,24,47,2,0.7978
301,9,ok,5,15,10,True,10115,23,50,5,0.8292
304,9,ok,2,8,6,True,10228,21,45,2,0.798
303,9,ok,5,15,10,True,10190,19,46,5,0.805
305,9,ok,5,16,11,True,10266,24,44,5,0.8042
306,9,ok,2,6,4,True,10304,21,48,2,0.8332
307,9,ok,5,20,15,True,10341,24,44,5,0.8277
308,9,ok,2,7,5,True,10379,26,47,2,0.835
309,9,ok,5,12,7,True,10417,25,44,5,0.8225
310,9,ok,2,10,8,True,10456,24,51,2,0.8401
311,9,ok,5,15,10,True,10492,26,45,5,0.8486
312,9,ok,2,8,6,True,10530,19,45,2,0.9106
313,9,ok,5,13,8,True,10568,26,47,5,0.8629
314,9,ok,2,15,13,True,10605,18,45,2,0.8576
315,9,ok,5,17,12,True,10643,21,43,5,0.8815
316,9,ok,2,5,3,True,10681,20,49,2,0.8698
317,9,ok,5,20,15,True,10719,26,47,5,0.8973
318,9,ok,2,6,4,True,10757,16,46,2,0.9362
319,9,ok,5,17,12,True,10795,20,46,5,0.9109
320,9,ok,2,10,8,True,10833,21,52,2,0.896
321,9,ok,5,21,16,True,10872,25,45,5,0.914
322,9,ok,2,4,2,True,10908,17,46,2,0.9092
323,9,ok,5,20,15,True,10946,16,47,5,0.9182
324,9,ok,2,5,3,True,10984,25,50,2,1.0016
325,9,ok,5,20,15,True,11024,28,51,5,0.9428
326,9,ok,2,9,7,True,11060,20,52,2,0.9427
327,9,ok,5,16,11,True,11098,21,49,5,0.9398
328,9,ok,2,7,5,True,11136,19,47,2,0.9494
329,9,ok,5,18,13,True,11174,20,47,5,0.9582
330,9,ok,2,7,5,True,11212,25,47,2,1.0337
331,9,ok,5,20,15,True,11250,27,48,5,0.9753
332,9,ok,2,8,6,True,11288,15,48,2,0.988
333,9,ok,5,25,20,True,11326,23,49,5,0.9835
334,9,ok,2,5,3,True,11365,41,52,2,0.9905
335,9,ok,5,15,10,True,11403,23,41,5,1.0069
337,9,ok,5,21,16,True,11480,26,44,5,1.0231
338,9,ok,2,7,5,True,11517,19,46,2,1.0281
336,9,ok,2,6,4,True,11441,19,50,2,1.0861
339,9,ok,5,19,14,True,11555,28,50,5,1.0267
340,9,ok,2,8,6,True,11593,23,55,2,1.0492
341,9,ok,5,14,9,True,11632,22,45,5,1.0461
342,9,ok,2,11,9,True,11669,18,48,2,1.0502
343,9,ok,5,22,17,True,11708,19,54,5,1.0565
344,9,ok,2,9,7,True,11746,27,48,2,1.1188
345,9,ok,5,17,12,True,11784,21,45,5,1.0856
346,9,ok,2,7,5,True,11824,23,51,2,1.0893
347,9,ok,5,19,14,True,11860,26,47,5,1.1026
349,9,ok,5,26,21,True,11937,23,53,5,1.1012
348,9,ok,2,9,7,True,11899,22,50,2,1.1449
350,9,ok,2,7,5,True,11975,18,46,2,1.1265
351,9,ok,5,19,14,True,12013,20,45,5,1.1554
352,9,ok,2,9,7,True,12052,14,52,2,1.1364
353,9,ok,5,15,10,True,12090,34,44,5,1.1675
354,9,ok,2,9,7,True,12128,15,48,2,1.1461
355,9,ok,5,21,16,True,12167,31,48,5,1.1808
356,9,ok,2,6,4,True,12205,29,51,2,1.2397
357,9,ok,5,20,15,True,12243,29,51,5,1.1602
358,9,ok,2,9,7,True,12282,20,45,2,1.1724
359,9,ok,5,19,14,True,12320,33,46,5,1.1878
360,9,ok,2,6,4,True,12358,25,46,2,1.1832
361,9,ok,5,12,7,True,12397,30,47,5,1.1979
363,9,ok,5,15,10,True,12474,30,47,5,1.2114
364,9,ok,2,7,5,True,12512,15,62,2,1.2152
362,9,ok,2,6,4,True,12435,22,55,2,1.2999
365,9,ok,5,24,19,True,12550,21,44,5,1.2305
366,9,ok,2,6,4,True,12589,20,52,2,1.2415
367,9,ok,5,15,10,True,12627,23,50,5,1.2467
368,9,ok,2,6,4,True,12666,26,51,2,1.2502
369,9,ok,5,16,11,True,12704,26,48,5,1.2648
370,9,ok,2,10,8,True,12743,16,55,2,1.3358
371,9,ok,5,20,15,True,12781,27,49,5,1.281
372,9,ok,2,7,5,True,12820,18,50,2,1.2915
373,9,ok,5,16,11,True,12858,36,47,5,1.3895
374,9,ok,2,7,5,True,12897,25,47,2,1.3054
375,9,ok,5,15,10,True,12936,26,56,5,1.3116
376,9,ok,2,5,3,True,12974,25,52,2,1.337
377,9,ok,5,12,7,True,13012,27,50,5,1.3407
378,9,ok,2,9,7,True,13051,26,51,2,1.3485
379,9,ok,5,16,11,True,13090,26,54,5,1.3917
380,9,ok,2,7,5,True,13128,21,52,2,1.3741
381,9,ok,5,17,12,True,13167,15,51,5,1.3497
382,9,ok,2,6,4,True,13205,20,50,2,1.4386
383,9,ok,5,19,14,True,13244,32,51,5,1.3729
384,9,ok,2,7,5,True,13283,14,50,2,1.3842
385,9,ok,5,14,9,True,13321,29,49,5,1.4032
386,9,ok,2,8,6,True,13360,20,57,2,1.3983
387,9,ok,5,16,11,True,13399,21,46,5,1.4027
388,9,ok,2,13,11,True,13437,24,54,2,1.5295
389,9,ok,5,11,6,True,13476,25,50,5,1.4414
390,9,ok,2,7,5,True,13515,27,53,2,1.447
391,9,ok,5,14,9,True,13553,20,47,5,1.4641
392,9,ok,2,6,4,True,13592,36,47,2,1.4472
393,9,ok,5,13,8,True,13631,26,46,5,1.4806
394,9,ok,2,6,4,True,13669,17,51,2,1.5274
395,9,ok,5,17,12,True,13708,31,48,5,1.5194
396,9,ok,2,6,4,True,13747,29,49,2,1.5103
397,9,ok,5,16,11,True,13786,36,48,5,1.5195
398,9,ok,2,5,3,True,13824,19,46,2,1.497
399,9,ok,5,16,11,True,13863,23,46,5,1.5455
400,9,ok,2,6,4,True,13902,27,56,2,1.5709
401,9,ok,5,16,11,True,13941,30,47,5,1.6078
402,9,ok,2,7,5,True,13980,27,57,2,1.5559
403,9,ok,5,14,9,True,14018,22,49,5,1.7021
404,9,ok,2,6,4,True,14057,13,52,2,1.8285
405,9,ok,5,20,15,True,14096,23,48,5,1.9223
406,9,ok,2,7,5,True,14135,16,52,2,2.1982
407,9,ok,5,14,9,True,14174,24,46,5,2.3183
408,9,ok,2,11,9,True,14213,18,52,2,2.7518
409,9,ok,5,22,17,True,14252,32,49,5,2.7194
410,9,ok,2,9,7,True,14291,23,49,2,2.7367
411,9,ok,5,20,15,True,14329,22,49,5,2.6078
412,9,ok,2,8,6,True,14368,15,50,2,2.873
413,9,ok,5,16,11,True,14408,34,55,5,2.8469
414,9,ok,2,9,7,True,14446,14,50,2,2.9431
415,9,ok,5,16,11,True,14485,33,49,5,2.9043
416,9,ok,2,4,2,True,14524,19,56,2,2.8906
417,9,ok,5,14,9,True,14563,25,45,5,2.944
418,9,ok,2,5,3,True,14602,35,51,2,2.8745
419,9,ok,5,19,14,True,14641,20,49,5,2.84
420,9,ok,2,7,5,True,14680,20,55,2,2.9383
421,9,ok,5,23,18,True,14719,29,47,5,2.9917
422,9,ok,2,8,6,True,14758,26,52,2,2.9569
423,9,ok,5,17,12,True,14797,24,49,5,2.9646
424,9,ok,2,6,4,True,14836,27,56,2,3.0665
425,9,ok,5,12,7,True,14875,30,49,5,3.1165
426,9,ok,2,8,6,True,14914,17,51,2,3.0898
427,9,ok,5,17,12,True,14953,22,50,5,3.0535
428,9,ok,2,4,2,True,14992,18,48,2,3.0198
429,9,ok,5,27,22,True,15031,21,50,5,3.0312
430,9,ok,2,5,3,True,15072,26,53,2,3.1602
431,9,ok,5,24,19,True,15109,24,54,5,3.0838
432,9,ok,2,6,4,True,15149,28,54,2,3.1524
433,9,ok,5,22,17,True,15188,24,47,5,3.1805
434,9,ok,2,13,11,True,15227,17,52,2,3.2185
435,9,ok,5,14,9,True,15266,28,49,5,3.2253
436,9,ok,2,9,7,True,15305,19,53,2,3.0914
437,9,ok,5,25,20,True,15344,29,48,5,3.216
438,9,ok,2,7,5,True,15384,23,52,2,2.7156
439,9,ok,5,23,18,True,15423,26,50,5,2.6769
440,9,ok,2,8,6,True,15462,22,57,2,2.5836
441,9,ok,5,18,13,True,15501,34,50,5,2.559
442,9,ok,2,10,8,True,15540,21,50,2,2.1824
443,9,ok,5,15,10,True,15579,31,53,5,2.1138
444,9,ok,2,8,6,True,15619,29,52,2,1.969
445,9,ok,5,19,14,True,15658,25,49,5,2.0176
446,9,ok,2,6,4,True,15697,24,57,2,2.1046
447,9,ok,5,17,12,True,15736,26,55,5,2.0123
448,9,ok,2,6,4,True,15776,29,54,2,2.0249
449,9,ok,5,25,20,True,15816,25,56,5,2.0336
450,9,ok,2,7,5,True,15854,19,51,2,2.0757
451,9,ok,5,27,22,True,15893,28,52,5,2.0671
452,9,ok,2,5,3,True,15933,17,52,2,2.0939
453,9,ok,5,15,10,True,15972,25,48,5,2.1089
454,9,ok,2,4,2,True,16011,23,53,2,2.1372
455,9,ok,5,23,18,True,16050,30,54,5,2.13
456,9,ok,2,9,7,True,16090,22,54,2,2.1461
457,9,ok,5,13,8,True,16129,33,52,5,2.1879
458,9,ok,2,5,3,True,16168,24,51,2,2.1495
459,9,ok,5,16,11,True,16208,21,52,5,2.1625
460,9,ok,2,7,5,True,16248,21,52,2,2.206
461,9,ok,5,13,8,True,16288,29,48,5,2.1837
462,9,ok,2,7,5,True,16326,20,48,2,2.182
463,9,ok,5,16,11,True,16365,32,53,5,2.1916
464,9,ok,2,7,5,True,16405,35,53,2,2.2587
465,9,ok,5,20,15,True,16444,29,48,5,2.2226
466,9,ok,2,7,5,True,16483,22,48,2,2.2295
467,9,ok,5,14,9,True,16523,31,51,5,2.198
468,9,ok,2,9,7,True,16562,26,55,2,2.2208
469,9,ok,5,16,11,True,16602,24,56,5,2.2489
470,9,ok,2,7,5,True,16641,16,59,2,2.2448
471,9,ok,5,18,13,True,16681,19,48,5,2.2353
472,9,ok,2,7,5,True,16720,34,50,2,2.4393
473,9,ok,5,21,16,True,16760,24,51,5,2.287
474,9,ok,2,7,5,True,16800,25,53,2,2.2852
475,9,ok,5,17,12,True,16839,30,51,5,2.3048
476,9,ok,2,9,7,True,16878,29,56,2,2.2876
477,9,ok,5,18,13,True,16917,28,50,5,2.3093
478,9,ok,2,8,6,True,16957,21,51,2,2.4286
479,9,ok,5,19,14,True,16997,27,59,5,2.3882
480,9,ok,2,6,4,True,17036,26,52,2,2.3716
481,9,ok,5,22,17,True,17076,23,50,5,2.4239
482,9,ok,2,4,2,True,17115,25,51,2,2.3994
483,9,ok,5,19,14,True,17155,26,50,5,2.4499
484,9,ok,2,6,4,True,17194,28,53,2,2.4416
485,9,ok,5,15,10,True,17234,20,52,5,2.5105
486,9,ok,2,10,8,True,17273,26,56,2,2.4393
487,9,ok,5,18,13,True,17313,33,55,5,2.4578
488,9,ok,2,8,6,True,17353,24,52,2,2.5465
489,9,ok,5,19,14,True,17392,34,47,5,2.4443
490,9,ok,2,8,6,True,17432,17,54,2,2.5015
491,9,ok,5,23,18,True,17472,35,51,5,2.5026
492,9,ok,2,6,4,True,17512,23,52,2,2.5714
493,9,ok,5,19,14,True,17551,25,49,5,2.5781
495,9,ok,5,18,13,True,17630,32,51,5,2.5559
494,9,ok,2,7,5,True,17590,28,54,2,2.5694
1,10,ok,9,9,0,True,21,2,3,9,0.0001
2,10,ok,3,3,0,True,38,3,8,3,0.0001
3,10,ok,3,7,4,True,57,2,9,3,0.0001
4,10,ok,4,7,3,True,77,3,10,4,0.0002
5,10,ok,5,8,3,True,99,4,12,5,0.0002
6,10,ok,2,5,3,True,122,4,20,2,0.0003
7,10,ok,7,14,7,True,146,5,9,7,0.0004
8,10,ok,3,6,3,True,171,4,12,3,0.0005
9,10,ok,3,7,4,True,195,3,20,3,0.0006
10,10,ok,4,9,5,True,220,5,13,4,0.0007
11,10,ok,5,7,2,True,246,8,15,5,0.0008
12,10,ok,2,3,1,True,272,5,38,2,0.0009
13,10,ok,7,17,10,True,299,8,17,7,0.001
14,10,ok,3,8,5,True,326,7,17,3,0.0012
15,10,ok,3,9,6,True,353,9,23,3,0.0013
16,10,ok,4,11,7,True,381,7,15,4,0.0015
17,10,ok,5,11,6,True,409,8,17,5,0.0017
18,10,ok,2,5,3,True,437,5,35,2,0.0018
19,10,ok,7,17,10,True,466,8,21,7,0.002
20,10,ok,3,8,5,True,494,8,20,3,0.0022
21,10,ok,3,7,4,True,523,6,20,3,0.0025
22,10,ok,4,11,7,True,552,11,20,4,0.0028
23,10,ok,5,11,6,True,582,10,22,5,0.003
24,10,ok,2,8,6,True,612,5,32,2,0.0033
25,10,ok,7,21,14,True,641,7,20,7,0.0035
26,10,ok,3,10,7,True,671,8,23,3,0.0038
27,10,ok,3,7,4,True,702,9,21,3,0.0041
28,10,ok,4,15,11,True,731,6,20,4,0.0044
29,10,ok,5,10,5,True,762,13,22,5,0.0047
30,10,ok,2,7,5,True,792,6,44,2,0.0051
31,10,ok,7,15,8,True,823,12,22,7,0.0055
32,10,ok,3,5,2,True,854,10,25,3,0.0058
33,10,ok,3,11,8,True,885,9,25,3,0.0062
34,10,ok,4,8,4,True,916,9,20,4,0.0066
35,10,ok,5,13,8,True,947,13,21,5,0.0071
36,10,ok,2,4,2,True,978,8,51,2,0.0074
37,10,ok,7,18,11,True,1010,11,24,7,0.0079
38,10,ok,3,7,4,True,1041,9,28,3,0.0083
39,10,ok,3,6,3,True,1073,10,28,3,0.009
40,10,ok,4,12,8,True,1105,9,25,4,0.0093
41,10,ok,5,10,5,True,1137,8,23,5,0.0099
42,10,ok,2,6,4,True,1170,7,47,2,0.0103
43,10,ok,7,16,9,True,1201,11,25,7,0.011
44,10,ok,3,10,7,True,1234,15,28,3,0.0114
45,10,ok,3,8,5,True,1266,9,26,3,0.0119
46,10,ok,4,14,10,True,1298,8,28,4,0.0125
47,10,ok,5,13,8,True,1331,14,28,5,0.0131
48,10,ok,2,7,5,True,1364,11,54,2,0.0137
49,10,ok,7,17,10,True,1396,12,31,7,0.0144
50,10,ok,3,7,4,True,1431,9,23,3,0.0151
51,10,ok,3,6,3,True,1462,9,31,3,0.0156
52,10,ok,4,12,8,True,1495,11,25,4,0.0164
53,10,ok,5,11,6,True,1528,13,26,5,0.0171
54,10,ok,2,7,5,True,1561,14,55,2,0.0176
55,10,ok,7,13,6,True,1595,12,35,7,0.0182
56,10,ok,3,9,6,True,1629,12,30,3,0.0191
57,10,ok,3,9,6,True,1662,10,30,3,0.0208
58,10,ok,4,11,7,True,1695,9,24,4,0.0204
59,10,ok,5,11,6,True,1729,13,31,5,0.0214
60,10,ok,2,7,5,True,1762,10,54,2,0.0222
61,10,ok,7,15,8,True,1796,10,32,7,0.023
62,10,ok,3,7,4,True,1830,10,35,3,0.024
63,10,ok,3,10,7,True,1864,8,32,3,0.0247
64,10,ok,4,9,5,True,1898,10,26,4,0.0257
65,10,ok,5,14,9,True,1932,15,32,5,0.0267
66,10,ok,2,6,4,True,1966,9,60,2,0.0273
67,10,ok,7,17,10,True,2000,11,31,7,0.0281
68,10,ok,3,6,3,True,2034,11,39,3,0.0289
69,10,ok,3,9,6,True,2068,7,30,3,0.0302
70,10,ok,4,10,6,True,2103,10,34,4,0.0313
71,10,ok,5,10,5,True,2137,16,35,5,0.0322
72,10,ok,2,5,3,True,2172,8,64,2,0.033
73,10,ok,7,16,9,True,2206,14,29,7,0.0339
74,10,ok,3,8,5,True,2241,9,31,3,0.0352
75,10,ok,3,10,7,True,2275,11,32,3,0.036
76,10,ok,4,9,5,True,2310,10,25,4,0.0372
77,10,ok,5,10,5,True,2345,16,31,5,0.038
78,10,ok,2,9,7,True,2380,8,58,2,0.0394
79,10,ok,7,16,9,True,2415,16,32,7,0.0403
496,9,ok,2,7,5,True,17670,30,56,2,2.5555
80,10,ok,3,10,7,True,2450,9,40,3,0.0418
81,10,ok,3,7,4,True,2485,12,31,3,0.0451
82,10,ok,4,10,6,True,2520,11,30,4,0.0443
83,10,ok,5,16,11,True,2555,11,30,5,0.0473
497,9,ok,5,14,9,True,17709,25,55,5,2.5705
84,10,ok,2,6,4,True,2590,10,57,2,0.0469
85,10,ok,7,19,12,True,2625,13,31,7,0.0514
86,10,ok,3,6,3,True,2660,10,33,3,0.0541
87,10,ok,3,12,9,True,2696,14,41,3,0.0547
88,10,ok,4,14,10,True,2731,11,32,4,0.0539
89,10,ok,5,13,8,True,2766,12,35,5,0.0544
90,10,ok,2,6,4,True,2802,8,57,2,0.0541
91,10,ok,7,17,10,True,2837,12,34,7,0.0557
92,10,ok,3,7,4,True,2873,18,31,3,0.057
93,10,ok,3,7,4,True,2909,12,35,3,0.0579
94,10,ok,4,16,12,True,2944,13,36,4,0.0597
95,10,ok,5,13,8,True,2980,15,35,5,0.061
96,10,ok,2,4,2,True,3016,9,58,2,0.0628
97,10,ok,7,17,10,True,3051,16,34,7,0.0662
98,10,ok,3,9,6,True,3087,11,31,3,0.0658
99,10,ok,3,9,6,True,3123,13,34,3,0.0672
100,10,ok,4,15,11,True,3159,10,33,4,0.0695
101,10,ok,5,12,7,True,3195,17,36,5,0.0737
102,10,ok,2,7,5,True,3231,11,64,2,0.0723
103,10,ok,7,19,12,True,3267,14,30,7,0.0786
104,10,ok,3,7,4,True,3303,14,36,3,0.0754
105,10,ok,3,5,2,True,3339,11,37,3,0.0767
106,10,ok,4,14,10,True,3375,17,45,4,0.08
107,10,ok,5,13,8,True,3412,14,37,5,0.0802
108,10,ok,2,6,4,True,3448,11,63,2,0.0824
109,10,ok,7,16,9,True,3484,12,38,7,0.0848
110,10,ok,3,6,3,True,3521,18,34,3,0.0862
498,9,ok,2,7,5,True,17749,25,50,2,2.5803
111,10,ok,3,11,8,True,3557,13,38,3,0.0869
112,10,ok,4,13,9,True,3593,13,39,4,0.0898
113,10,ok,5,15,10,True,3630,15,31,5,0.0909
114,10,ok,2,6,4,True,3666,9,67,2,0.0923
115,10,ok,7,23,16,True,3703,13,35,7,0.0945
116,10,ok,3,11,8,True,3739,10,35,3,0.0974
117,10,ok,3,8,5,True,3776,13,40,3,0.098
118,10,ok,4,7,3,True,3813,15,41,4,0.1008
119,10,ok,5,10,5,True,3849,17,35,5,0.1025
120,10,ok,2,7,5,True,3886,11,73,2,0.1099
121,10,ok,7,25,18,True,3923,14,41,7,0.1071
122,10,ok,3,7,4,True,3960,16,32,3,0.1089
123,10,ok,3,14,11,True,3996,16,42,3,0.1095
124,10,ok,4,8,4,True,4033,13,37,4,0.1125
125,10,ok,5,14,9,True,4070,15,41,5,0.114
126,10,ok,2,6,4,True,4107,11,66,2,0.1195
127,10,ok,7,14,7,True,4144,14,33,7,0.1179
128,10,ok,3,10,7,True,4181,10,34,3,0.1207
129,10,ok,3,7,4,True,4218,14,41,3,0.1223
130,10,ok,4,12,8,True,4257,15,34,4,0.1273
131,10,ok,5,13,8,True,4292,22,37,5,0.1262
132,10,ok,2,5,3,True,4330,15,74,2,0.1277
133,10,ok,7,16,9,True,4367,16,43,7,0.1326
134,10,ok,3,7,4,True,4404,17,33,3,0.1347
135,10,ok,3,9,6,True,4441,10,40,3,0.1346
499,9,ok,5,25,20,True,17789,27,52,5,2.7238
136,10,ok,4,9,5,True,4478,14,41,4,0.1378
137,10,ok,5,12,7,True,4516,15,38,5,0.1402
500,9,ok,2,4,2,True,17828,27,53,2,2.6154
138,10,ok,2,5,3,True,4554,11,69,2,0.1441
139,10,ok,7,18,11,True,4590,18,33,7,0.1445
140,10,ok,3,10,7,True,4628,12,39,3,0.1552
141,10,ok,3,8,5,True,4665,15,42,3,0.1495
142,10,ok,4,10,6,True,4703,17,38,4,0.1524
143,10,ok,5,15,10,True,4740,16,36,5,0.1544
144,10,ok,2,5,3,True,4778,12,77,2,0.1574
145,10,ok,7,22,15,True,4815,14,34,7,0.1602
146,10,ok,3,8,5,True,4853,21,38,3,0.1776
147,10,ok,3,10,7,True,4890,14,47,3,0.1652
148,10,ok,4,16,12,True,4928,12,36,4,0.168
149,10,ok,5,11,6,True,4966,20,38,5,0.1697
150,10,ok,2,7,5,True,5004,9,71,2,0.1727
151,10,ok,7,20,13,True,5041,12,43,7,0.1811
152,10,ok,3,9,6,True,5079,17,38,3,0.1782
153,10,ok,3,6,3,True,5117,12,43,3,0.181
154,10,ok,4,15,11,True,5155,15,37,4,0.1845
155,10,ok,5,16,11,True,5193,31,37,5,0.1856
156,10,ok,2,5,3,True,5230,13,72,2,0.1894
157,10,ok,7,15,8,True,5268,15,45,7,0.1986
158,10,ok,3,8,5,True,5306,14,40,3,0.1947
159,10,ok,3,8,5,True,5346,15,38,3,0.2004
160,10,ok,4,10,6,True,5382,15,40,4,0.2078
161,10,ok,5,13,8,True,5420,20,37,5,0.2066
162,10,ok,2,5,3,True,5458,17,71,2,0.2091
163,10,ok,7,22,15,True,5496,17,43,7,0.2193
164,10,ok,3,8,5,True,5535,17,38,3,0.2145
165,10,ok,3,8,5,True,5572,13,42,3,0.2199
166,10,ok,4,13,9,True,5610,13,39,4,0.2301
168,10,ok,2,6,4,True,5687,11,73,2,0.2231
167,10,ok,5,14,9,True,5649,16,41,5,0.2435
169,10,ok,7,24,17,True,5725,13,36,7,0.2253
170,10,ok,3,7,4,True,5763,17,35,3,0.2306
171,10,ok,3,8,5,True,5802,20,42,3,0.2349
172,10,ok,4,14,10,True,5841,13,39,4,0.2385
173,10,ok,5,12,7,True,5878,20,39,5,0.2391
174,10,ok,2,6,4,True,5916,12,71,2,0.249
175,10,ok,7,24,17,True,5955,21,44,7,0.2438
176,10,ok,3,11,8,True,5993,21,39,3,0.2533
177,10,ok,3,12,9,True,6032,13,47,3,0.2512
178,10,ok,4,11,7,True,6070,23,42,4,0.2594
179,10,ok,5,14,9,True,6109,21,37,5,0.2558
180,10,ok,2,5,3,True,6147,12,77,2,0.2702
181,10,ok,7,19,12,True,6186,18,38,7,0.2651
182,10,ok,3,6,3,True,6224,18,42,3,0.2672
183,10,ok,3,12,9,True,6264,13,47,3,0.2723
184,10,ok,4,10,6,True,6301,23,39,4,0.2791
185,10,ok,5,12,7,True,6340,13,37,5,0.2767
186,10,ok,2,3,1,True,6379,16,66,2,0.283
187,10,ok,7,22,15,True,6417,19,41,7,0.2824
188,10,ok,3,7,4,True,6456,14,38,3,0.2893
189,10,ok,3,10,7,True,6495,12,50,3,0.2983
190,10,ok,4,12,8,True,6533,13,41,4,0.3002
191,10,ok,5,18,13,True,6572,20,41,5,0.3087
192,10,ok,2,6,4,True,6611,12,74,2,0.3059
193,10,ok,7,18,11,True,6650,16,47,7,0.3027
194,10,ok,3,5,2,True,6688,18,39,3,0.3123
195,10,ok,3,10,7,True,6727,21,42,3,0.314
196,10,ok,4,12,8,True,6766,17,44,4,0.3235
197,10,ok,5,13,8,True,6805,22,42,5,0.3435
198,10,ok,2,5,3,True,6844,22,78,2,0.3314
199,10,ok,7,22,15,True,6885,14,41,7,0.3292
200,10,ok,3,5,2,True,6922,17,48,3,0.3439
201,10,ok,3,7,4,True,6961,12,47,3,0.3439
202,10,ok,4,9,5,True,7000,13,40,4,0.3471
203,10,ok,5,15,10,True,7039,22,41,5,0.3519
204,10,ok,2,5,3,True,7078,20,72,2,0.3478
205,10,ok,7,22,15,True,7117,14,39,7,0.3499
206,10,ok,3,9,6,True,7156,16,43,3,0.3589
207,10,ok,3,11,8,True,7195,14,44,3,0.3897
208,10,ok,4,10,6,True,7234,20,48,4,0.3648
209,10,ok,5,9,4,True,7273,26,41,5,0.3659
210,10,ok,2,8,6,True,7313,13,80,2,0.3682
211,10,ok,7,19,12,True,7353,14,44,7,0.37
212,10,ok,3,11,8,True,7391,14,44,3,0.3809
213,10,ok,3,11,8,True,7430,13,46,3,0.4064
214,10,ok,4,11,7,True,7470,19,39,4,0.3843
215,10,ok,5,14,9,True,7509,15,42,5,0.3901
216,10,ok,2,4,2,True,7548,14,74,2,0.391
217,10,ok,7,20,13,True,7587,25,46,7,0.3957
218,10,ok,3,10,7,True,7627,16,37,3,0.4066
219,10,ok,3,8,5,True,7668,19,48,3,0.4336
220,10,ok,4,13,9,True,7705,14,44,4,0.4158
221,10,ok,5,12,7,True,7745,20,46,5,0.4154
222,10,ok,2,10,8,True,7784,12,78,2,0.4176
223,10,ok,7,20,13,True,7824,18,44,7,0.4225
224,10,ok,3,10,7,True,7863,17,45,3,0.437
226,10,ok,4,9,5,True,7942,17,42,4,0.4361
225,10,ok,3,12,9,True,7902,12,50,3,0.4677
227,10,ok,5,20,15,True,7981,16,45,5,0.4502
228,10,ok,2,5,3,True,8021,21,77,2,0.4501
229,10,ok,7,24,17,True,8060,14,41,7,0.4557
230,10,ok,3,10,7,True,8100,15,42,3,0.457
231,10,ok,3,5,2,True,8140,21,46,3,0.4585
232,10,ok,4,14,10,True,8179,12,40,4,0.4784
233,10,ok,5,15,10,True,8219,23,46,5,0.4765
234,10,ok,2,5,3,True,8258,17,79,2,0.476
235,10,ok,7,20,13,True,8298,21,44,7,0.5061
236,10,ok,3,7,4,True,8338,24,40,3,0.4845
237,10,ok,3,8,5,True,8377,14,46,3,0.4927
238,10,ok,4,11,7,True,8417,18,38,4,0.4925
239,10,ok,5,11,6,True,8457,28,43,5,0.5034
240,10,ok,2,5,3,True,8497,13,86,2,0.5133
241,10,ok,7,21,14,True,8536,16,48,7,0.5235
242,10,ok,3,9,6,True,8576,20,46,3,0.5129
243,10,ok,3,6,3,True,8616,15,51,3,0.5164
244,10,ok,4,14,10,True,8656,14,46,4,0.5706
245,10,ok,5,18,13,True,8696,14,44,5,0.5428
246,10,ok,2,9,7,True,8735,14,87,2,0.5295
247,10,ok,7,22,15,True,8775,16,47,7,0.547
248,10,ok,3,6,3,True,8815,21,42,3,0.5487
249,10,ok,3,10,7,True,8855,19,45,3,0.5445
250,10,ok,4,11,7,True,8895,19,45,4,0.5524
251,10,ok,5,13,8,True,8935,14,49,5,0.557
252,10,ok,2,4,2,True,8975,18,79,2,0.5613
253,10,ok,7,15,8,True,9015,20,45,7,0.5989
254,10,ok,3,8,5,True,9055,22,42,3,0.574
255,10,ok,3,17,14,True,9095,18,47,3,0.5788
256,10,ok,4,11,7,True,9135,19,46,4,0.584
257,10,ok,5,12,7,True,9175,16,45,5,0.5865
258,10,ok,2,4,2,True,9215,17,82,2,0.5908
259,10,ok,7,24,17,True,9255,23,45,7,0.6463
260,10,ok,3,9,6,True,9295,19,46,3,0.6126
261,10,ok,3,12,9,True,9335,14,49,3,0.6049
262,10,ok,4,12,8,True,9375,17,41,4,0.6139
263,10,ok,5,13,8,True,9416,18,49,5,0.6211
264,10,ok,2,11,9,True,9456,12,89,2,0.6218
265,10,ok,7,23,16,True,9496,24,51,7,0.6274
266,10,ok,3,10,7,True,9536,18,41,3,0.6793
267,10,ok,3,12,9,True,9576,15,49,3,0.6426
268,10,ok,4,14,10,True,9616,13,43,4,0.6462
269,10,ok,5,14,9,True,9657,26,44,5,0.6528
270,10,ok,2,3,1,True,9697,18,85,2,0.6562
271,10,ok,7,21,14,True,9737,16,48,7,0.6556
272,10,ok,3,10,7,True,9778,19,44,3,0.7139
273,10,ok,3,8,5,True,9819,18,46,3,0.6807
274,10,ok,4,13,9,True,9858,24,56,4,0.6778
275,10,ok,5,10,5,True,9900,24,44,5,0.6845
276,10,ok,2,8,6,True,9939,16,86,2,0.6869
277,10,ok,7,21,14,True,9979,16,49,7,0.699
278,10,ok,3,8,5,True,10020,22,47,3,0.7389
279,10,ok,3,9,6,True,10060,17,53,3,0.7067
280,10,ok,4,13,9,True,10100,14,44,4,0.7154
281,10,ok,5,11,6,True,10141,23,50,5,0.7237
282,10,ok,2,5,3,True,10181,11,89,2,0.7424
283,10,ok,7,18,11,True,10222,20,45,7,0.7353
284,10,ok,3,11,8,True,10262,26,45,3,0.7691
285,10,ok,3,5,2,True,10303,19,45,3,0.7418
286,10,ok,4,10,6,True,10343,18,48,4,0.7581
287,10,ok,5,14,9,True,10384,22,48,5,0.7597
288,10,ok,2,7,5,True,10424,14,84,2,0.7575
289,10,ok,7,26,19,True,10465,16,44,7,0.7815
290,10,ok,3,6,3,True,10505,22,48,3,0.8114
291,10,ok,3,8,5,True,10548,14,48,3,0.7837
292,10,ok,4,11,7,True,10586,20,45,4,0.7891
293,10,ok,5,21,16,True,10629,22,51,5,0.8075
294,10,ok,2,5,3,True,10668,17,83,2,0.8006
295,10,ok,7,14,7,True,10708,25,49,7,0.8195
296,10,ok,3,8,5,True,10749,16,44,3,0.8385
297,10,ok,3,11,8,True,10791,14,49,3,0.843
298,10,ok,4,15,11,True,10830,16,47,4,0.9029
299,10,ok,5,12,7,True,10872,21,44,5,0.8445
300,10,ok,2,9,7,True,10912,11,85,2,0.8516
301,10,ok,7,20,13,True,10953,22,42,7,0.8411
302,10,ok,3,5,2,True,10993,25,58,3,0.8715
303,10,ok,3,12,9,True,11034,21,46,3,0.8622
304,10,ok,4,13,9,True,11075,18,48,4,0.9231
305,10,ok,5,12,7,True,11116,25,53,5,0.8828
306,10,ok,2,6,4,True,11156,15,85,2,0.8793
307,10,ok,7,24,17,True,11197,18,47,7,0.8949
308,10,ok,3,12,9,True,11238,17,45,3,0.8904
309,10,ok,3,6,3,True,11279,15,51,3,0.9463
310,10,ok,4,10,6,True,11320,19,48,4,0.9037
311,10,ok,5,13,8,True,11361,24,49,5,0.9173
312,10,ok,2,9,7,True,11401,12,85,2,0.9214
313,10,ok,7,20,13,True,11442,21,46,7,0.9269
314,10,ok,3,7,4,True,11483,18,47,3,0.9368
315,10,ok,3,12,9,True,11524,17,47,3,0.988
316,10,ok,4,12,8,True,11565,20,49,4,0.9456
317,10,ok,5,15,10,True,11606,21,43,5,0.9515
318,10,ok,2,4,2,True,11647,20,83,2,0.9573
319,10,ok,7,26,19,True,11688,13,45,7,0.9592
320,10,ok,3,11,8,True,11729,17,50,3,1.0086
321,10,ok,3,6,3,True,11770,15,51,3,0.9918
322,10,ok,4,14,10,True,11811,17,49,4,0.989
324,10,ok,2,7,5,True,11893,13,86,2,0.9969
323,10,ok,5,12,7,True,11853,20,50,5,1.0661
325,10,ok,7,20,13,True,11934,24,44,7,1.0035
326,10,ok,3,10,7,True,11975,15,50,3,1.0289
327,10,ok,3,8,5,True,12016,15,49,3,1.0303
328,10,ok,4,13,9,True,12057,19,47,4,1.0498
329,10,ok,5,17,12,True,12098,24,45,5,1.0683
330,10,ok,2,6,4,True,12141,15,85,2,1.1101
331,10,ok,7,19,12,True,12181,24,45,7,1.0494
332,10,ok,3,7,4,True,12222,14,51,3,1.0904
333,10,ok,3,8,5,True,12263,10,57,3,1.066
334,10,ok,4,17,13,True,12304,18,46,4,1.0753
335,10,ok,5,15,10,True,12345,25,48,5,1.152
336,10,ok,2,6,4,True,12387,17,103,2,1.1026
337,10,ok,7,25,18,True,12428,18,44,7,1.0976
338,10,ok,3,6,3,True,12469,18,48,3,1.1251
339,10,ok,3,9,6,True,12510,14,50,3,1.1107
340,10,ok,4,16,12,True,12551,25,48,4,1.1231
342,10,ok,2,4,2,True,12634,15,86,2,1.1382
341,10,ok,5,15,10,True,12593,20,44,5,1.198
343,10,ok,7,18,11,True,12675,22,45,7,1.1404
344,10,ok,3,10,7,True,12717,20,50,3,1.1611
345,10,ok,3,8,5,True,12758,15,51,3,1.1653
346,10,ok,4,12,8,True,12799,20,47,4,1.1702
347,10,ok,5,12,7,True,12841,17,48,5,1.185
348,10,ok,2,4,2,True,12882,13,92,2,1.2678
349,10,ok,7,21,14,True,12924,21,50,7,1.1879
350,10,ok,3,6,3,True,12965,30,53,3,1.2075
351,10,ok,3,12,9,True,13006,13,55,3,1.2063
352,10,ok,4,14,10,True,13047,16,49,4,1.238
353,10,ok,5,15,10,True,13089,26,52,5,1.2452
354,10,ok,2,7,5,True,13130,20,95,2,1.2405
355,10,ok,7,22,15,True,13172,21,46,7,1.2768
356,10,ok,3,10,7,True,13213,31,46,3,1.2854
357,10,ok,3,9,6,True,13255,30,49,3,1.3025
358,10,ok,4,14,10,True,13296,19,45,4,1.2897
359,10,ok,5,18,13,True,13338,21,46,5,1.2796
361,10,ok,7,18,11,True,13421,25,48,7,1.2873
360,10,ok,2,9,7,True,13379,14,84,2,1.3814
362,10,ok,3,15,12,True,13462,14,48,3,1.3239
363,10,ok,3,9,6,True,13504,19,50,3,1.3253
364,10,ok,4,11,7,True,13545,21,48,4,1.3221
365,10,ok,5,14,9,True,13587,22,51,5,1.3512
366,10,ok,2,8,6,True,13628,13,96,2,1.3296
367,10,ok,7,19,12,True,13671,19,54,7,1.373
368,10,ok,3,12,9,True,13711,20,51,3,1.3807
369,10,ok,3,15,12,True,13753,16,50,3,1.3629
370,10,ok,4,13,9,True,13795,21,46,4,1.3782
371,10,ok,5,16,11,True,13836,23,48,5,1.4349
372,10,ok,2,6,4,True,13878,27,98,2,1.3857
373,10,ok,7,19,12,True,13920,16,46,7,1.4244
375,10,ok,3,5,2,True,14004,21,52,3,1.4172
374,10,ok,3,10,7,True,13961,20,49,3,1.5033
376,10,ok,4,14,10,True,14045,14,46,4,1.4622
377,10,ok,5,14,9,True,14086,35,55,5,1.44
378,10,ok,2,8,6,True,14128,11,85,2,1.4428
379,10,ok,7,24,17,True,14170,22,51,7,1.4601
380,10,ok,3,9,6,True,14211,15,58,3,1.4775
381,10,ok,3,11,8,True,14253,21,51,3,1.5586
382,10,ok,4,10,6,True,14295,21,50,4,1.4883
383,10,ok,5,13,8,True,14337,21,49,5,1.5008
384,10,ok,2,7,5,True,14379,22,86,2,1.4969
385,10,ok,7,26,19,True,14420,18,45,7,1.5019
386,10,ok,3,7,4,True,14462,19,48,3,1.5291
387,10,ok,3,8,5,True,14504,21,51,3,1.6368
388,10,ok,4,15,11,True,14546,23,47,4,1.5549
389,10,ok,5,13,8,True,14588,25,55,5,1.5314
390,10,ok,2,6,4,True,14629,26,85,2,1.5464
391,10,ok,7,23,16,True,14671,19,53,7,1.5816
392,10,ok,3,10,7,True,14713,24,51,3,1.6044
393,10,ok,3,10,7,True,14755,19,48,3,1.6615
394,10,ok,4,15,11,True,14797,27,47,4,1.6494
395,10,ok,5,13,8,True,14839,26,54,5,1.6272
396,10,ok,2,6,4,True,14881,22,94,2,1.6282
397,10,ok,7,23,16,True,14923,21,52,7,1.6198
398,10,ok,3,9,6,True,14965,29,52,3,1.6703
399,10,ok,3,8,5,True,15006,21,51,3,1.6773
400,10,ok,4,9,5,True,15048,22,54,4,1.7024
401,10,ok,5,17,12,True,15090,18,49,5,1.671
402,10,ok,2,4,2,True,15132,14,88,2,1.6663
403,10,ok,7,17,10,True,15174,20,51,7,1.6732
404,10,ok,3,10,7,True,15216,23,51,3,1.7959
405,10,ok,3,8,5,True,15258,25,54,3,1.7041
406,10,ok,4,14,10,True,15300,21,48,4,1.7221
407,10,ok,5,14,9,True,15342,25,51,5,1.7758
408,10,ok,2,6,4,True,15384,15,92,2,1.7167
409,10,ok,7,18,11,True,15426,33,54,7,1.7268
410,10,ok,3,8,5,True,15469,23,49,3,1.7433
411,10,ok,3,9,6,True,15511,17,55,3,1.7706
412,10,ok,4,10,6,True,15553,19,51,4,1.7893
413,10,ok,5,20,15,True,15595,21,47,5,1.8822
414,10,ok,2,9,7,True,15637,14,90,2,1.7817
415,10,ok,7,17,10,True,15679,18,46,7,1.8054
416,10,ok,3,5,2,True,15721,27,57,3,1.8338
417,10,ok,3,15,12,True,15763,16,55,3,1.8659
418,10,ok,4,15,11,True,15805,20,51,4,1.9397
419,10,ok,5,13,8,True,15848,19,49,5,1.8391
420,10,ok,2,7,5,True,15890,15,92,2,1.8441
421,10,ok,7,19,12,True,15932,20,50,7,1.8724
422,10,ok,3,7,4,True,15974,25,48,3,1.9028
423,10,ok,3,8,5,True,16016,20,49,3,1.8952
424,10,ok,4,11,7,True,16058,20,49,4,1.9381
425,10,ok,5,13,8,True,16101,22,51,5,1.8922
426,10,ok,2,7,5,True,16143,24,101,2,1.9116
427,10,ok,7,22,15,True,16185,25,53,7,1.9283
428,10,ok,3,13,10,True,16227,20,49,3,2.0053
429,10,ok,3,9,6,True,16270,17,50,3,1.955
430,10,ok,4,15,11,True,16312,15,52,4,1.9767
432,10,ok,2,4,2,True,16396,20,88,2,1.9681
431,10,ok,5,13,8,True,16354,22,49,5,2.0212
433,10,ok,7,20,13,True,16439,27,50,7,2.0106
434,10,ok,3,9,6,True,16481,23,52,3,2.0246
435,10,ok,3,11,8,True,16524,18,53,3,2.0206
436,10,ok,4,11,7,True,16566,14,47,4,2.0537
437,10,ok,5,17,12,True,16608,21,50,5,2.0284
438,10,ok,2,9,7,True,16650,15,88,2,2.0459
439,10,ok,7,20,13,True,16693,25,48,7,2.185
440,10,ok,3,8,5,True,16735,24,50,3,2.0673
441,10,ok,3,9,6,True,16777,14,53,3,2.1004
442,10,ok,4,15,11,True,16820,23,54,4,2.1331
444,10,ok,2,6,4,True,16905,15,100,2,2.1374
443,10,ok,5,19,14,True,16862,18,53,5,2.1931
445,10,ok,7,20,13,True,16947,25,53,7,2.1605
446,10,ok,3,9,6,True,16989,28,52,3,2.1836
447,10,ok,3,7,4,True,17032,17,59,3,2.1607
448,10,ok,4,15,11,True,17074,20,48,4,2.2409
449,10,ok,5,16,11,True,17118,24,46,5,2.1878
450,10,ok,2,7,5,True,17159,18,97,2,2.2077
451,10,ok,7,27,20,True,17202,28,51,7,2.2068
452,10,ok,3,11,8,True,17244,31,52,3,2.2115
453,10,ok,3,9,6,True,17287,22,53,3,2.2306
454,10,ok,4,12,8,True,17329,17,50,4,2.2963
455,10,ok,5,14,9,True,17372,26,52,5,2.2427
456,10,ok,2,4,2,True,17415,17,102,2,2.3249
457,10,ok,7,21,14,True,17457,20,49,7,2.2765
458,10,ok,3,9,6,True,17499,27,55,3,2.2632
459,10,ok,3,12,9,True,17542,21,54,3,2.3082
460,10,ok,4,14,10,True,17584,19,50,4,2.3306
461,10,ok,5,16,11,True,17627,19,51,5,2.3149
462,10,ok,2,8,6,True,17669,21,97,2,2.385
463,10,ok,7,24,17,True,17712,27,52,7,2.35
464,10,ok,3,13,10,True,17755,26,61,3,2.3384
465,10,ok,3,9,6,True,17797,15,63,3,2.5103
466,10,ok,4,11,7,True,17840,21,50,4,2.4056
467,10,ok,5,13,8,True,17882,22,53,5,2.3873
468,10,ok,2,4,2,True,17925,21,94,2,2.4089
469,10,ok,7,26,19,True,17968,21,55,7,2.4311
470,10,ok,3,12,9,True,18010,17,50,3,2.4961
471,10,ok,3,7,4,True,18053,17,57,3,2.5586
472,10,ok,4,15,11,True,18096,15,48,4,2.5166
473,10,ok,5,21,16,True,18138,20,50,5,2.5231
474,10,ok,2,5,3,True,18181,18,99,2,2.4997
475,10,ok,7,27,20,True,18224,19,50,7,2.4892
476,10,ok,3,10,7,True,18266,43,49,3,2.5605
477,10,ok,3,13,10,True,18309,16,50,3,2.5631
478,10,ok,4,16,12,True,18352,23,54,4,2.5608
479,10,ok,5,16,11,True,18396,25,55,5,2.6284
480,10,ok,2,7,5,True,18437,16,101,2,2.5321
481,10,ok,7,31,24,True,18480,25,50,7,2.5487
482,10,ok,3,12,9,True,18523,32,54,3,2.6293
483,10,ok,3,10,7,True,18567,21,59,3,2.5974
484,10,ok,4,13,9,True,18608,25,48,4,2.6044
485,10,ok,5,15,10,True,18651,24,52,5,2.6154
486,10,ok,2,6,4,True,18694,19,99,2,2.6193
487,10,ok,7,25,18,True,18738,20,51,7,2.7104
488,10,ok,3,8,5,True,18779,14,53,3,2.6829
489,10,ok,3,7,4,True,18822,21,58,3,2.7026
490,10,ok,4,10,6,True,18865,13,50,4,2.6816
491,10,ok,5,9,4,True,18908,17,50,5,2.7296
492,10,ok,2,7,5,True,18951,23,92,2,2.7646
493,10,ok,7,18,11,True,18994,21,49,7,2.7005
494,10,ok,3,14,11,True,19036,25,52,3,2.7138
495,10,ok,3,10,7,True,19079,18,52,3,2.7563
1,11,ok,10,10,0,True,24,2,3,10,0.0001
2,11,ok,4,5,1,True,41,3,8,4,0.0001
3,11,ok,8,11,3,True,62,4,5,8,0.0002
4,11,ok,4,10,6,True,84,4,13,4,0.0002
5,11,ok,10,19,9,True,108,5,5,10,0.0003
6,11,ok,4,7,3,True,133,4,11,4,0.0004
7,11,ok,8,16,8,True,160,5,6,8,0.0006
8,11,ok,4,7,3,True,184,4,21,4,0.0005
9,11,ok,10,17,7,True,211,7,9,10,0.0006
10,11,ok,4,11,7,True,240,5,11,4,0.0007
11,11,ok,8,16,8,True,267,8,8,8,0.0008
12,11,ok,4,8,4,True,295,5,17,4,0.001
13,11,ok,10,30,20,True,324,6,13,10,0.0011
14,11,ok,4,9,5,True,353,7,15,4,0.0013
15,11,ok,8,12,4,True,382,7,9,8,0.0014
16,11,ok,4,7,3,True,412,5,23,4,0.0016
17,11,ok,10,24,14,True,442,7,9,10,0.0018
18,11,ok,4,7,3,True,473,8,16,4,0.002
19,11,ok,8,15,7,True,503,9,10,8,0.0022
20,11,ok,4,9,5,True,534,6,25,4,0.0024
21,11,ok,10,24,14,True,565,10,9,10,0.0027
22,11,ok,4,13,9,True,597,7,16,4,0.0029
23,11,ok,8,18,10,True,628,12,10,8,0.0032
24,11,ok,4,14,10,True,660,7,26,4,0.0035
25,11,ok,10,21,11,True,692,8,11,10,0.0038
26,11,ok,4,12,8,True,724,10,15,4,0.0041
27,11,ok,8,20,12,True,757,9,12,8,0.0045
28,11,ok,4,10,6,True,790,10,37,4,0.0052
29,11,ok,10,20,10,True,822,9,15,10,0.0052
30,11,ok,4,11,7,True,855,8,23,4,0.0055
31,11,ok,8,21,13,True,888,14,12,8,0.0059
32,11,ok,4,12,8,True,921,8,30,4,0.0063
33,11,ok,10,29,19,True,955,10,13,10,0.0068
34,11,ok,4,8,4,True,988,11,19,4,0.007
35,11,ok,8,16,8,True,1022,13,11,8,0.0076
36,11,ok,4,10,6,True,1056,8,34,4,0.0079
37,11,ok,10,20,10,True,1090,9,13,10,0.0085
38,11,ok,4,10,6,True,1124,7,19,4,0.009
39,11,ok,8,19,11,True,1158,13,14,8,0.0094
40,11,ok,4,8,4,True,1192,10,35,4,0.0101
41,11,ok,10,21,11,True,1226,13,13,10,0.0107
42,11,ok,4,13,9,True,1261,11,25,4,0.011
43,11,ok,8,20,12,True,1296,11,18,8,0.0115
44,11,ok,4,10,6,True,1330,8,43,4,0.0122
45,11,ok,10,35,25,True,1365,9,11,10,0.0129
46,11,ok,4,11,7,True,1400,9,26,4,0.0138
47,11,ok,8,14,6,True,1435,11,14,8,0.014
48,11,ok,4,10,6,True,1470,8,40,4,0.0148
49,11,ok,10,22,12,True,1506,9,14,10,0.0153
50,11,ok,4,12,8,True,1541,6,20,4,0.0161
51,11,ok,8,25,17,True,1576,13,12,8,0.0167
52,11,ok,4,5,1,True,1612,9,44,4,0.0174
53,11,ok,10,28,18,True,1648,11,14,10,0.0181
54,11,ok,4,12,8,True,1683,12,22,4,0.0189
55,11,ok,8,23,15,True,1720,11,13,8,0.0197
56,11,ok,4,14,10,True,1755,10,42,4,0.0205
57,11,ok,10,20,10,True,1791,14,13,10,0.0213
496,10,ok,4,14,10,True,19122,22,55,4,2.7815
58,11,ok,4,9,5,True,1827,10,25,4,0.0221
59,11,ok,8,21,13,True,1863,12,13,8,0.0229
60,11,ok,4,10,6,True,1900,15,37,4,0.0237
61,11,ok,10,26,16,True,1936,12,14,10,0.0247
62,11,ok,4,11,7,True,1972,11,20,4,0.0257
63,11,ok,8,18,10,True,2010,12,15,8,0.0266
64,11,ok,4,8,4,True,2045,16,36,4,0.0275
65,11,ok,10,24,14,True,2082,12,14,10,0.0284
66,11,ok,4,12,8,True,2120,9,26,4,0.0296
67,11,ok,8,21,13,True,2155,14,18,8,0.0304
68,11,ok,4,9,5,True,2192,11,47,4,0.0312
69,11,ok,10,27,17,True,2230,14,14,10,0.032
70,11,ok,4,12,8,True,2266,11,25,4,0.0333
71,11,ok,8,22,14,True,2303,14,14,8,0.0344
72,11,ok,4,10,6,True,2340,11,39,4,0.0356
73,11,ok,10,26,16,True,2377,12,16,10,0.0421
74,11,ok,4,6,2,True,2414,10,23,4,0.0378
75,11,ok,8,18,10,True,2451,14,15,8,0.0391
76,11,ok,4,11,7,True,2490,9,41,4,0.0402
77,11,ok,10,32,22,True,2526,12,17,10,0.0412
497,10,ok,5,20,15,True,19165,26,55,5,2.8312
78,11,ok,4,9,5,True,2564,15,25,4,0.0422
79,11,ok,8,20,12,True,2601,14,16,8,0.0434
80,11,ok,4,9,5,True,2640,9,44,4,0.0474
81,11,ok,10,26,16,True,2676,12,15,10,0.0458
82,11,ok,4,12,8,True,2714,13,25,4,0.0477
83,11,ok,8,20,12,True,2752,15,14,8,0.0516
84,11,ok,4,10,6,True,2790,13,47,4,0.0497
85,11,ok,10,30,20,True,2828,12,16,10,0.0513
86,11,ok,4,8,4,True,2865,12,23,4,0.0556
87,11,ok,8,17,9,True,2903,17,19,8,0.0536
88,11,ok,4,10,6,True,2941,12,44,4,0.0547
89,11,ok,10,26,16,True,2980,13,18,10,0.0614
90,11,ok,4,10,6,True,3018,12,28,4,0.0585
498,10,ok,2,7,5,True,19208,22,100,2,2.9252
91,11,ok,8,16,8,True,3056,20,16,8,0.0596
92,11,ok,4,8,4,True,3094,14,46,4,0.0638
93,11,ok,10,23,13,True,3132,13,15,10,0.0634
94,11,ok,4,11,7,True,3171,14,25,4,0.0642
95,11,ok,8,25,17,True,3209,13,16,8,0.0654
96,11,ok,4,11,7,True,3248,8,46,4,0.0717
97,11,ok,10,25,15,True,3286,14,18,10,0.0686
98,11,ok,4,9,5,True,3325,12,27,4,0.0699
99,11,ok,8,21,13,True,3363,15,16,8,0.0719
101,11,ok,10,32,22,True,3440,11,18,10,0.0751
100,11,ok,4,13,9,True,3402,15,50,4,0.0777
102,11,ok,4,11,7,True,3479,11,29,4,0.0762
499,10,ok,7,20,13,True,19251,20,53,7,2.7893
103,11,ok,8,17,9,True,3518,14,17,8,0.0779
104,11,ok,4,13,9,True,3557,14,46,4,0.0807
106,11,ok,4,8,4,True,3635,10,26,4,0.0828
105,11,ok,10,23,13,True,3596,14,18,10,0.0868
107,11,ok,8,22,14,True,3673,15,18,8,0.085
108,11,ok,4,16,12,True,3712,13,44,4,0.0875
109,11,ok,10,29,19,True,3751,15,17,10,0.0902
110,11,ok,4,17,13,True,3791,11,28,4,0.0908
111,11,ok,8,24,16,True,3830,17,15,8,0.099
112,11,ok,4,12,8,True,3869,13,52,4,0.0942
113,11,ok,10,24,14,True,3908,15,19,10,0.0965
114,11,ok,4,11,7,True,3947,12,29,4,0.0984
115,11,ok,8,22,14,True,3987,21,20,8,0.1
116,11,ok,4,12,8,True,4026,11,45,4,0.1086
117,11,ok,10,25,15,True,4065,12,17,10,0.1039
118,11,ok,4,13,9,True,4105,16,25,4,0.1071
119,11,ok,8,26,18,True,4144,18,17,8,0.1083
120,11,ok,4,15,11,True,4184,11,50,4,0.1107
121,11,ok,10,27,17,True,4223,17,19,10,0.1202
122,11,ok,4,15,11,True,4263,10,29,4,0.1155
123,11,ok,8,23,15,True,4302,15,18,8,0.1168
124,11,ok,4,12,8,True,4342,14,49,4,0.1189
125,11,ok,10,26,16,True,4382,18,19,10,0.1212
127,11,ok,8,23,15,True,4461,18,18,8,0.1251
126,11,ok,4,11,7,True,4421,12,29,4,0.1316
128,11,ok,4,7,3,True,4501,17,49,4,0.1282
129,11,ok,10,26,16,True,4541,15,17,10,0.1307
130,11,ok,4,10,6,True,4580,15,29,4,0.132
131,11,ok,8,28,20,True,4620,21,19,8,0.1356
132,11,ok,4,11,7,True,4660,11,54,4,0.1443
133,11,ok,10,30,20,True,4700,15,18,10,0.1397
134,11,ok,4,8,4,True,4740,16,27,4,0.15
135,11,ok,8,18,10,True,4780,16,21,8,0.1424
136,11,ok,4,11,7,True,4820,18,54,4,0.1446
137,11,ok,10,27,17,True,4860,11,18,10,0.1482
138,11,ok,4,12,8,True,4901,16,27,4,0.152
140,11,ok,4,14,10,True,4981,12,49,4,0.1549
139,11,ok,8,16,8,True,4941,20,19,8,0.1628
141,11,ok,10,31,21,True,5021,15,18,10,0.1578
142,11,ok,4,13,9,True,5061,15,33,4,0.1619
143,11,ok,8,17,9,True,5102,24,18,8,0.164
144,11,ok,4,17,13,True,5142,9,51,4,0.1647
145,11,ok,10,26,16,True,5182,16,18,10,0.1797
500,10,ok,3,9,6,True,19294,22,50,3,2.8255
146,11,ok,4,16,12,True,5223,16,27,4,0.1698
147,11,ok,8,24,16,True,5263,20,19,8,0.1749
148,11,ok,4,13,9,True,5304,14,53,4,0.1777
149,11,ok,10,26,16,True,5344,13,17,10,0.1794
150,11,ok,4,9,5,True,5385,12,29,4,0.1944
151,11,ok,8,21,13,True,5425,15,19,8,0.1854
152,11,ok,4,9,5,True,5466,18,50,4,0.1868
153,11,ok,10,25,15,True,5506,10,17,10,0.1901
154,11,ok,4,10,6,True,5547,12,33,4,0.1936
155,11,ok,8,18,10,True,5588,18,16,8,0.1957
156,11,ok,4,13,9,True,5629,15,51,4,0.2124
157,11,ok,10,24,14,True,5669,16,18,10,0.2005
158,11,ok,4,8,4,True,5710,18,29,4,0.2036
159,11,ok,8,18,10,True,5751,21,18,8,0.208
160,11,ok,4,10,6,True,5792,14,52,4,0.2151
161,11,ok,10,30,20,True,5832,16,17,10,0.2144
163,11,ok,8,25,17,True,5914,17,21,8,0.2231
162,11,ok,4,14,10,True,5873,15,31,4,0.2283
164,11,ok,4,11,7,True,5955,14,50,4,0.2224
165,11,ok,10,26,16,True,5996,18,21,10,0.2281
166,11,ok,4,12,8,True,6037,12,32,4,0.2301
167,11,ok,8,23,15,True,6080,23,18,8,0.2308
169,11,ok,10,23,13,True,6160,15,20,10,0.2398
168,11,ok,4,11,7,True,6120,20,58,4,0.2477
170,11,ok,4,12,8,True,6201,18,30,4,0.2421
171,11,ok,8,27,19,True,6243,18,18,8,0.2459
172,11,ok,4,8,4,True,6284,15,48,4,0.2491
173,11,ok,10,33,23,True,6325,13,19,10,0.2512
174,11,ok,4,13,9,True,6366,20,30,4,0.2554
176,11,ok,4,12,8,True,6450,12,56,4,0.2622
175,11,ok,8,21,13,True,6407,24,20,8,0.2723
177,11,ok,10,34,24,True,6490,15,21,10,0.2692
178,11,ok,4,13,9,True,6531,14,31,4,0.2746
179,11,ok,8,24,16,True,6573,13,22,8,0.2713
180,11,ok,4,14,10,True,6614,17,53,4,0.2767
181,11,ok,10,26,16,True,6655,16,20,10,0.2776
182,11,ok,4,10,6,True,6697,13,33,4,0.2961
183,11,ok,8,12,4,True,6738,20,20,8,0.2883
184,11,ok,4,25,21,True,6780,10,55,4,0.2929
185,11,ok,10,31,21,True,6821,14,26,10,0.2967
186,11,ok,4,12,8,True,6863,13,35,4,0.298
187,11,ok,8,21,13,True,6904,17,18,8,0.3
188,11,ok,4,13,9,True,6946,10,60,4,0.3132
189,11,ok,10,21,11,True,6987,19,19,10,0.3091
190,11,ok,4,12,8,True,7030,14,30,4,0.3109
191,11,ok,8,18,10,True,7071,21,18,8,0.3261
192,11,ok,4,14,10,True,7112,17,53,4,0.3191
193,11,ok,10,27,17,True,7154,18,23,10,0.3197
194,11,ok,4,17,13,True,7196,16,32,4,0.328
195,11,ok,8,24,16,True,7237,14,20,8,0.3338
196,11,ok,4,13,9,True,7279,15,57,4,0.3345
197,11,ok,10,24,14,True,7321,15,21,10,0.3494
198,11,ok,4,12,8,True,7363,17,31,4,0.342
199,11,ok,8,26,18,True,7405,16,18,8,0.3447
200,11,ok,4,9,5,True,7447,15,55,4,0.3478
201,11,ok,10,32,22,True,7488,19,23,10,0.3565
202,11,ok,4,11,7,True,7530,11,33,4,0.3642
203,11,ok,8,27,19,True,7572,23,18,8,0.3752
204,11,ok,4,12,8,True,7614,11,53,4,0.3681
205,11,ok,10,28,18,True,7656,17,23,10,0.3742
206,11,ok,4,12,8,True,7698,13,31,4,0.374
207,11,ok,8,21,13,True,7740,15,21,8,0.3755
208,11,ok,4,14,10,True,7782,16,56,4,0.3894
209,11,ok,10,27,17,True,7824,16,21,10,0.405
210,11,ok,4,9,5,True,7866,20,34,4,0.394
211,11,ok,8,25,17,True,7910,23,21,8,0.3964
212,11,ok,4,12,8,True,7951,13,54,4,0.4013
213,11,ok,10,28,18,True,7993,18,23,10,0.4037
214,11,ok,4,10,6,True,8035,18,38,4,0.4205
215,11,ok,8,29,21,True,8077,18,22,8,0.4298
216,11,ok,4,9,5,True,8120,15,56,4,0.4202
217,11,ok,10,26,16,True,8162,21,20,10,0.4187
218,11,ok,4,10,6,True,8204,11,32,4,0.4266
219,11,ok,8,24,16,True,8246,25,20,8,0.432
220,11,ok,4,14,10,True,8288,12,60,4,0.4435
221,11,ok,10,28,18,True,8331,20,18,10,0.4561
222,11,ok,4,15,11,True,8373,18,37,4,0.446
223,11,ok,8,18,10,True,8415,23,19,8,0.4456
224,11,ok,4,12,8,True,8458,19,59,4,0.4548
225,11,ok,10,30,20,True,8500,19,20,10,0.4594
226,11,ok,4,12,8,True,8543,16,33,4,0.4715
227,11,ok,8,26,18,True,8585,19,25,8,0.4832
228,11,ok,4,9,5,True,8628,15,57,4,0.474
229,11,ok,10,27,17,True,8670,18,21,10,0.4726
230,11,ok,4,11,7,True,8713,14,33,4,0.4785
231,11,ok,8,24,16,True,8755,17,23,8,0.4843
232,11,ok,4,15,11,True,8798,15,55,4,0.5016
233,11,ok,10,37,27,True,8840,17,22,10,0.5129
234,11,ok,4,12,8,True,8883,16,38,4,0.5033
235,11,ok,8,22,14,True,8925,18,21,8,0.5019
236,11,ok,4,10,6,True,8968,14,60,4,0.5094
237,11,ok,10,25,15,True,9011,15,22,10,0.5261
238,11,ok,4,15,11,True,9053,14,32,4,0.533
239,11,ok,8,27,19,True,9096,18,21,8,0.5246
240,11,ok,4,13,9,True,9139,13,59,4,0.5302
241,11,ok,10,23,13,True,9181,22,22,10,0.532
242,11,ok,4,15,11,True,9224,14,36,4,0.5453
243,11,ok,8,18,10,True,9267,21,22,8,0.5666
244,11,ok,4,16,12,True,9310,14,58,4,0.5629
245,11,ok,10,28,18,True,9353,22,19,10,0.5565
246,11,ok,4,16,12,True,9395,16,35,4,0.5645
247,11,ok,8,22,14,True,9438,15,18,8,0.5707
248,11,ok,4,12,8,True,9481,22,54,4,0.5734
249,11,ok,10,27,17,True,9524,16,19,10,0.6049
250,11,ok,4,12,8,True,9567,14,36,4,0.5857
251,11,ok,8,23,15,True,9610,24,19,8,0.585
252,11,ok,4,11,7,True,9653,21,68,4,0.594
253,11,ok,10,28,18,True,9696,17,21,10,0.5958
254,11,ok,4,8,4,True,9739,14,35,4,0.613
255,11,ok,8,23,15,True,9782,18,21,8,0.6416
256,11,ok,4,9,5,True,9825,18,61,4,0.6257
257,11,ok,10,35,25,True,9870,17,23,10,0.6203
258,11,ok,4,10,6,True,9911,14,35,4,0.6307
259,11,ok,8,25,17,True,9954,16,21,8,0.6611
260,11,ok,4,8,4,True,9997,25,64,4,0.651
261,11,ok,10,25,15,True,10040,28,21,10,0.653
262,11,ok,4,13,9,True,10083,22,34,4,0.6527
263,11,ok,8,25,17,True,10126,16,20,8,0.65
264,11,ok,4,13,9,True,10170,19,64,4,0.7032
265,11,ok,10,26,16,True,10212,23,20,10,0.667
266,11,ok,4,12,8,True,10256,14,36,4,0.6678
267,11,ok,8,23,15,True,10300,38,25,8,0.6825
268,11,ok,4,11,7,True,10342,19,58,4,0.6946
269,11,ok,10,27,17,True,10385,18,25,10,0.7039
270,11,ok,4,17,13,True,10430,16,32,4,0.7489
271,11,ok,8,20,12,True,10472,30,20,8,0.7239
272,11,ok,4,10,6,True,10515,17,63,4,0.7614
273,11,ok,10,25,15,True,10558,16,24,10,0.7587
274,11,ok,4,10,6,True,10602,13,34,4,0.8165
275,11,ok,8,18,10,True,10645,22,20,8,0.8188
277,11,ok,10,30,20,True,10732,18,24,10,0.7959
276,11,ok,4,12,8,True,10688,15,58,4,0.8303
278,11,ok,4,13,9,True,10775,20,37,4,0.8308
279,11,ok,8,16,8,True,10818,20,20,8,0.8252
280,11,ok,4,14,10,True,10862,16,59,4,0.8166
281,11,ok,10,21,11,True,10905,20,23,10,0.8042
282,11,ok,4,12,8,True,10950,16,33,4,0.8046
283,11,ok,8,20,12,True,10992,26,20,8,0.8258
284,11,ok,4,11,7,True,11036,20,65,4,0.8423
285,11,ok,10,32,22,True,11080,18,22,10,0.8399
286,11,ok,4,10,6,True,11123,18,36,4,0.8573
287,11,ok,8,28,20,True,11166,15,22,8,0.8217
288,11,ok,4,10,6,True,11210,18,61,4,0.8239
289,11,ok,10,26,16,True,11253,19,21,10,0.8225
290,11,ok,4,11,7,True,11297,18,35,4,0.83
291,11,ok,8,22,14,True,11340,18,22,8,0.8408
292,11,ok,4,17,13,True,11384,15,68,4,0.8603
293,11,ok,10,26,16,True,11428,16,23,10,0.8361
294,11,ok,4,12,8,True,11471,17,35,4,0.849
295,11,ok,8,16,8,True,11515,24,25,8,0.8551
296,11,ok,4,11,7,True,11560,23,57,4,0.862
297,11,ok,10,35,25,True,11602,18,24,10,0.8787
298,11,ok,4,12,8,True,11646,24,39,4,0.9336
299,11,ok,8,19,11,True,11690,22,21,8,0.8762
300,11,ok,4,13,9,True,11733,14,60,4,0.8882
301,11,ok,10,34,24,True,11777,18,22,10,0.9001
302,11,ok,4,9,5,True,11821,17,34,4,0.9015
303,11,ok,8,25,17,True,11865,25,22,8,0.9116
305,11,ok,10,25,15,True,11952,19,23,10,0.92
304,11,ok,4,12,8,True,11910,17,64,4,0.9616
306,11,ok,4,13,9,True,11996,22,35,4,0.9411
307,11,ok,8,26,18,True,12040,14,21,8,0.9465
308,11,ok,4,8,4,True,12084,19,61,4,0.9952
309,11,ok,10,27,17,True,12128,20,24,10,1.1836
311,11,ok,8,22,14,True,12216,24,21,8,1.4235
310,11,ok,4,12,8,True,12172,16,36,4,1.431
312,11,ok,4,11,7,True,12260,16,65,4,1.5244
313,11,ok,10,32,22,True,12303,14,24,10,1.6025
314,11,ok,4,11,7,True,12347,18,38,4,1.765
315,11,ok,8,26,18,True,12391,20,24,8,1.6649
316,11,ok,4,11,7,True,12435,19,59,4,1.5648
317,11,ok,10,31,21,True,12480,21,23,10,1.755
318,11,ok,4,14,10,True,12523,16,35,4,1.7278
319,11,ok,8,21,13,True,12567,21,21,8,1.8399
320,11,ok,4,11,7,True,12611,17,61,4,1.7472
321,11,ok,10,30,20,True,12655,23,25,10,1.8011
322,11,ok,4,20,16,True,12699,17,36,4,1.8184
323,11,ok,8,26,18,True,12743,20,23,8,1.8186
324,11,ok,4,13,9,True,12788,26,70,4,1.848
325,11,ok,10,33,23,True,12832,19,21,10,1.8505
326,11,ok,4,8,4,True,12876,28,38,4,1.8758
327,11,ok,8,23,15,True,12920,20,25,8,1.9419
328,11,ok,4,14,10,True,12964,17,71,4,1.8785
329,11,ok,10,29,19,True,13008,23,21,10,1.9073
330,11,ok,4,11,7,True,13052,15,33,4,1.9365
331,11,ok,8,23,15,True,13097,21,25,8,1.9424
332,11,ok,4,12,8,True,13141,13,65,4,1.9834
333,11,ok,10,37,27,True,13185,18,23,10,1.8981
334,11,ok,4,9,5,True,13229,19,34,4,1.9251
335,11,ok,8,22,14,True,13273,17,24,8,1.9904
336,11,ok,4,8,4,True,13318,20,69,4,2.0037
337,11,ok,10,28,18,True,13362,24,23,10,1.9516
338,11,ok,4,11,7,True,13406,27,33,4,1.9261
339,11,ok,8,21,13,True,13451,26,23,8,2.0191
340,11,ok,4,12,8,True,13495,21,64,4,2.0523
341,11,ok,10,35,25,True,13540,18,21,10,2.1601
342,11,ok,4,11,7,True,13584,18,41,4,2.1211
343,11,ok,8,26,18,True,13628,26,23,8,2.125
344,11,ok,4,10,6,True,13672,16,59,4,2.1544
345,11,ok,10,26,16,True,13717,18,22,10,2.1817
346,11,ok,4,9,5,True,13761,23,37,4,2.1919
347,11,ok,8,21,13,True,13805,19,22,8,2.1867
348,11,ok,4,8,4,True,13850,15,67,4,2.1981
349,11,ok,10,32,22,True,13894,22,22,10,2.1778
350,11,ok,4,9,5,True,13940,18,38,4,2.237
351,11,ok,8,23,15,True,13983,22,22,8,2.1807
352,11,ok,4,10,6,True,14028,14,71,4,2.3461
353,11,ok,10,28,18,True,14072,21,22,10,2.1942
354,11,ok,4,14,10,True,14117,15,37,4,2.2633
355,11,ok,8,21,13,True,14161,28,21,8,2.2423
356,11,ok,4,10,6,True,14206,20,65,4,2.3023
357,11,ok,10,24,14,True,14250,22,23,10,2.3177
358,11,ok,4,10,6,True,14295,18,36,4,2.3871
359,11,ok,8,19,11,True,14339,18,22,8,2.3078
360,11,ok,4,13,9,True,14384,16,67,4,2.3364
361,11,ok,10,27,17,True,14428,29,25,10,2.2406
362,11,ok,4,12,8,True,14473,21,38,4,2.4021
363,11,ok,8,23,15,True,14518,30,24,8,2.3905
364,11,ok,4,11,7,True,14562,18,67,4,2.3503
365,11,ok,10,29,19,True,14607,16,24,10,2.3848
366,11,ok,4,20,16,True,14652,21,42,4,2.3122
367,11,ok,8,28,20,True,14696,24,24,8,2.3871
368,11,ok,4,8,4,True,14741,21,70,4,2.5186
369,11,ok,10,31,21,True,14786,23,21,10,2.4469
370,11,ok,4,16,12,True,14830,18,36,4,2.5168
371,11,ok,8,21,13,True,14875,23,22,8,2.5318
372,11,ok,4,11,7,True,14920,21,62,4,2.5595
373,11,ok,10,25,15,True,14964,19,27,10,2.4497
374,11,ok,4,14,10,True,15009,20,38,4,2.5506
375,11,ok,8,26,18,True,15054,20,22,8,2.5754
376,11,ok,4,11,7,True,15099,20,67,4,2.5802
377,11,ok,10,39,29,True,15144,21,26,10,2.6116
379,11,ok,8,20,12,True,15233,28,24,8,2.645
378,11,ok,4,14,10,True,15188,25,42,4,2.7145
380,11,ok,4,14,10,True,15278,19,72,4,2.6686
381,11,ok,10,34,24,True,15323,28,24,10,2.5958
382,11,ok,4,13,9,True,15368,17,45,4,2.6481
383,11,ok,8,20,12,True,15412,32,21,8,2.7239
384,11,ok,4,17,13,True,15457,19,67,4,2.7536
385,11,ok,10,32,22,True,15502,16,22,10,2.7854
386,11,ok,4,13,9,True,15547,22,35,4,2.809
387,11,ok,8,22,14,True,15592,28,22,8,2.8817
388,11,ok,4,11,7,True,15637,16,74,4,2.7761
389,11,ok,10,30,20,True,15682,19,25,10,2.8662
390,11,ok,4,11,7,True,15727,26,37,4,2.826
391,11,ok,8,14,6,True,15772,22,21,8,2.7867
392,11,ok,4,11,7,True,15817,15,65,4,2.945
393,11,ok,10,39,29,True,15862,22,21,10,2.7023
394,11,ok,4,12,8,True,15907,21,42,4,2.8934
395,11,ok,8,22,14,True,15952,19,23,8,2.8008
396,11,ok,4,12,8,True,15997,15,62,4,2.9643
397,11,ok,10,35,25,True,16042,14,21,10,2.9641
399,11,ok,8,19,11,True,16132,30,24,8,2.852
398,11,ok,4,13,9,True,16087,14,38,4,3.0252
400,11,ok,4,11,7,True,16177,20,65,4,2.8753
401,11,ok,10,35,25,True,16222,20,23,10,3.1056
402,11,ok,4,13,9,True,16267,24,37,4,2.9567
403,11,ok,8,25,17,True,16312,29,22,8,3.0877
404,11,ok,4,8,4,True,16357,26,69,4,2.8671
405,11,ok,10,31,21,True,16402,22,25,10,3.2102
406,11,ok,4,13,9,True,16447,15,40,4,3.1455
407,11,ok,8,23,15,True,16493,21,24,8,2.9937
408,11,ok,4,11,7,True,16538,26,63,4,3.166
409,11,ok,10,30,20,True,16583,24,21,10,3.1236
410,11,ok,4,15,11,True,16628,27,37,4,3.2212
411,11,ok,8,20,12,True,16673,20,24,8,3.2506
412,11,ok,4,11,7,True,16718,23,67,4,3.2076
413,11,ok,10,32,22,True,16764,21,21,10,3.2748
414,11,ok,4,10,6,True,16810,25,38,4,3.1833
415,11,ok,8,19,11,True,16854,34,27,8,3.2741
416,11,ok,4,14,10,True,16900,17,66,4,3.2736
417,11,ok,10,27,17,True,16945,22,21,10,3.2698
418,11,ok,4,13,9,True,16990,16,39,4,3.3247
419,11,ok,8,25,17,True,17035,21,21,8,3.3829
420,11,ok,4,17,13,True,17080,19,69,4,3.3117
421,11,ok,10,32,22,True,17126,20,23,10,3.2925
422,11,ok,4,11,7,True,17171,21,37,4,3.4365
423,11,ok,8,25,17,True,17216,24,23,8,3.3234
424,11,ok,4,9,5,True,17262,18,72,4,3.5052
425,11,ok,10,27,17,True,17307,25,24,10,3.5107
426,11,ok,4,14,10,True,17352,16,37,4,3.5177
427,11,ok,8,19,11,True,17398,33,25,8,3.5371
428,11,ok,4,15,11,True,17443,18,68,4,3.5553
429,11,ok,10,36,26,True,17488,20,20,10,3.6203
430,11,ok,4,16,12,True,17534,27,40,4,3.5947
431,11,ok,8,20,12,True,17579,21,28,8,3.5672
432,11,ok,4,16,12,True,17625,21,74,4,3.5053
433,11,ok,10,34,24,True,17670,24,24,10,3.5066
434,11,ok,4,17,13,True,17715,16,38,4,3.6479
435,11,ok,8,19,11,True,17761,22,25,8,3.6405
436,11,ok,4,10,6,True,17806,21,66,4,3.7194
437,11,ok,10,24,14,True,17852,22,23,10,3.7173
438,11,ok,4,14,10,True,17897,15,40,4,3.7493
439,11,ok,8,20,12,True,17943,26,25,8,3.7901
440,11,ok,4,14,10,True,17988,26,64,4,3.7309
441,11,ok,10,32,22,True,18034,26,25,10,3.784
442,11,ok,4,14,10,True,18079,19,37,4,3.8175
443,11,ok,8,26,18,True,18125,20,24,8,3.858
444,11,ok,4,12,8,True,18170,18,75,4,3.8458
445,11,ok,10,28,18,True,18216,23,23,10,3.7658
446,11,ok,4,10,6,True,18261,13,37,4,3.8705
447,11,ok,8,23,15,True,18307,22,23,8,3.8139
448,11,ok,4,12,8,True,18353,18,67,4,3.9344
449,11,ok,10,28,18,True,18400,22,24,10,3.8778
450,11,ok,4,12,8,True,18444,23,39,4,3.693
451,11,ok,8,20,12,True,18489,22,24,8,3.9338
452,11,ok,4,17,13,True,18535,16,67,4,4.0346
453,11,ok,10,24,14,True,18581,23,23,10,4.0468
454,11,ok,4,12,8,True,18626,21,36,4,3.9568
455,11,ok,8,22,14,True,18672,22,23,8,3.9386
456,11,ok,4,11,7,True,18718,18,76,4,4.1205
457,11,ok,10,31,21,True,18763,19,26,10,4.0553
458,11,ok,4,8,4,True,18810,16,41,4,4.1094
459,11,ok,8,26,18,True,18855,22,24,8,4.1586
460,11,ok,4,9,5,True,18900,18,74,4,4.1774
461,11,ok,10,29,19,True,18946,28,25,10,4.2117
462,11,ok,4,9,5,True,18992,26,40,4,4.2476
463,11,ok,8,27,19,True,19037,27,25,8,4.1863
464,11,ok,4,20,16,True,19083,15,77,4,4.1956
465,11,ok,10,30,20,True,19129,25,25,10,4.1222
466,11,ok,4,10,6,True,19175,18,39,4,4.2619
467,11,ok,8,23,15,True,19220,27,21,8,4.3569
468,11,ok,4,16,12,True,19266,18,69,4,4.387
469,11,ok,10,30,20,True,19312,26,25,10,4.3647
470,11,ok,4,8,4,True,19358,17,37,4,4.4039
471,11,ok,8,23,15,True,19404,28,25,8,4.3957
472,11,ok,4,12,8,True,19449,21,70,4,4.4729
473,11,ok,10,29,19,True,19495,18,23,10,4.2361
474,11,ok,4,10,6,True,19541,16,39,4,4.506
475,11,ok,8,22,14,True,19587,23,22,8,4.3417
476,11,ok,4,13,9,True,19633,20,65,4,4.339
477,11,ok,10,28,18,True,19680,27,26,10,4.6298
478,11,ok,4,12,8,True,19725,28,38,4,4.5453
479,11,ok,8,20,12,True,19770,24,23,8,4.4485
480,11,ok,4,13,9,True,19816,15,67,4,4.5344
481,11,ok,10,33,23,True,19862,20,24,10,4.6711
482,11,ok,4,14,10,True,19908,12,36,4,4.6859
483,11,ok,8,24,16,True,19954,26,30,8,4.7363
484,11,ok,4,15,11,True,20000,18,77,4,4.7103
485,11,ok,10,31,21,True,20046,25,23,10,4.7424
486,11,ok,4,15,11,True,20092,18,37,4,4.6605
487,11,ok,8,17,9,True,20138,29,23,8,4.7061
488,11,ok,4,11,7,True,20184,26,66,4,4.8121
489,11,ok,10,29,19,True,20230,26,23,10,4.7957
490,11,ok,4,10,6,True,20276,23,38,4,4.7246
491,11,ok,8,26,18,True,20322,29,24,8,4.9111
492,11,ok,4,10,6,True,20368,20,76,4,4.8883
493,11,ok,10,31,21,True,20414,24,26,10,4.7025
494,11,ok,4,16,12,True,20460,22,40,4,4.9815
495,11,ok,8,32,24,True,20506,30,24,8,5.0127
1,12,ok,11,11,0,True,26,2,3,11,0.0002
2,12,ok,3,3,0,True,45,4,7,3,0.0002
3,12,ok,5,9,4,True,67,3,5,5,0.0003
4,12,ok,4,5,1,True,91,4,7,4,0.0004
5,12,ok,3,6,3,True,117,4,19,3,0.0005
6,12,ok,6,11,5,True,143,4,9,6,0.0006
7,12,ok,5,11,6,True,171,6,5,5,0.0008
8,12,ok,3,6,3,True,199,8,11,3,0.0011
9,12,ok,7,13,6,True,228,6,8,7,0.0012
10,12,ok,2,4,2,True,257,6,37,2,0.0014
11,12,ok,11,22,11,True,287,7,7,11,0.0018
12,12,ok,3,7,4,True,317,17,13,3,0.0019
13,12,ok,5,10,5,True,348,12,9,5,0.0021
14,12,ok,4,7,3,True,379,8,19,4,0.0026
15,12,ok,3,6,3,True,411,5,29,3,0.0028
16,12,ok,6,10,4,True,443,7,12,6,0.0033
17,12,ok,5,12,7,True,475,8,10,5,0.0034
18,12,ok,3,7,4,True,508,12,18,3,0.0041
19,12,ok,7,14,7,True,541,10,10,7,0.0043
20,12,ok,2,4,2,True,574,8,53,2,0.0051
21,12,ok,11,21,10,True,607,9,10,11,0.0035
22,12,ok,3,7,4,True,641,9,19,3,0.0048
23,12,ok,5,13,8,True,675,19,11,5,0.004
24,12,ok,4,9,5,True,709,7,18,4,0.0044
25,12,ok,3,13,10,True,743,7,30,3,0.0058
26,12,ok,6,15,9,True,778,9,16,6,0.0077
27,12,ok,5,11,6,True,812,13,10,5,0.0087
28,12,ok,3,7,4,True,847,11,19,3,0.0092
29,12,ok,7,13,6,True,882,10,13,7,0.0099
30,12,ok,2,7,5,True,917,7,61,2,0.0109
31,12,ok,11,29,18,True,953,9,11,11,0.0115
32,12,ok,3,9,6,True,988,16,19,3,0.0122
33,12,ok,5,14,9,True,1024,16,10,5,0.0131
34,12,ok,4,10,6,True,1060,12,16,4,0.0136
35,12,ok,3,11,8,True,1096,7,35,3,0.0145
36,12,ok,6,14,8,True,1133,9,18,6,0.0157
37,12,ok,5,12,7,True,1168,22,12,5,0.0165
38,12,ok,3,6,3,True,1205,17,17,3,0.0174
39,12,ok,7,16,9,True,1241,13,11,7,0.0184
40,12,ok,2,5,3,True,1278,7,73,2,0.0194
41,12,ok,11,22,11,True,1315,9,12,11,0.0206
42,12,ok,3,7,4,True,1352,13,19,3,0.0217
43,12,ok,5,13,8,True,1389,17,13,5,0.0228
44,12,ok,4,10,6,True,1426,13,18,4,0.0237
45,12,ok,3,4,1,True,1463,9,41,3,0.025
46,12,ok,6,16,10,True,1501,9,18,6,0.0263
47,12,ok,5,13,8,True,1538,17,13,5,0.0273
48,12,ok,3,9,6,True,1576,28,18,3,0.0289
49,12,ok,7,13,6,True,1614,14,13,7,0.03
50,12,ok,2,7,5,True,1651,9,74,2,0.0315
51,12,ok,11,24,13,True,1689,10,13,11,0.0327
52,12,ok,3,8,5,True,1727,11,21,3,0.0341
53,12,ok,5,14,9,True,1765,16,14,5,0.0352
54,12,ok,4,12,8,True,1804,10,19,4,0.0374
55,12,ok,3,7,4,True,1842,11,43,3,0.0384
56,12,ok,6,9,3,True,1881,11,20,6,0.0396
57,12,ok,5,13,8,True,1919,32,13,5,0.0417
58,12,ok,3,7,4,True,1958,18,24,3,0.0408
59,12,ok,7,15,8,True,1996,12,16,7,0.0431
60,12,ok,2,5,3,True,2035,8,82,2,0.0455
61,12,ok,11,24,13,True,2074,15,12,11,0.0457
62,12,ok,3,9,6,True,2113,19,23,3,0.0487
63,12,ok,5,14,9,True,2152,25,14,5,0.0509
64,12,ok,4,14,10,True,2191,20,21,4,0.0523
496,11,ok,4,13,9,True,20552,20,66,4,5.0122
65,12,ok,3,9,6,True,2230,13,49,3,0.0542
66,12,ok,6,18,12,True,2269,16,24,6,0.0536
67,12,ok,5,13,8,True,2308,20,13,5,0.0566
68,12,ok,3,7,4,True,2348,17,29,3,0.0586
69,12,ok,7,16,9,True,2387,15,14,7,0.0617
70,12,ok,2,5,3,True,2427,11,88,2,0.0623
71,12,ok,11,24,13,True,2466,10,14,11,0.0656
72,12,ok,3,8,5,True,2506,15,26,3,0.0662
73,12,ok,5,13,8,True,2546,12,16,5,0.0703
74,12,ok,4,9,5,True,2585,16,25,4,0.0701
75,12,ok,3,9,6,True,2625,9,46,3,0.0738
76,12,ok,6,17,11,True,2665,14,21,6,0.0742
497,11,ok,10,40,30,True,20600,26,23,10,4.9449
77,12,ok,5,18,13,True,2705,21,13,5,0.0784
78,12,ok,3,10,7,True,2745,12,25,3,0.0789
79,12,ok,7,18,11,True,2785,14,14,7,0.0797
80,12,ok,2,9,7,True,2827,9,94,2,0.0865
81,12,ok,11,27,16,True,2866,11,16,11,0.086
82,12,ok,3,8,5,True,2906,17,24,3,0.0871
83,12,ok,5,14,9,True,2947,14,14,5,0.0929
84,12,ok,4,8,4,True,2987,12,22,4,0.0932
85,12,ok,3,6,3,True,3027,12,52,3,0.0942
86,12,ok,6,17,11,True,3069,18,23,6,0.1007
87,12,ok,5,17,12,True,3109,26,16,5,0.1008
88,12,ok,3,13,10,True,3149,17,26,3,0.1019
89,12,ok,7,16,9,True,3190,21,18,7,0.1092
90,12,ok,2,10,8,True,3231,14,90,2,0.1087
91,12,ok,11,28,17,True,3272,15,15,11,0.1096
92,12,ok,3,7,4,True,3312,17,24,3,0.117
93,12,ok,5,17,12,True,3355,23,19,5,0.1166
94,12,ok,4,12,8,True,3394,13,26,4,0.1046
95,12,ok,3,12,9,True,3435,9,52,3,0.1258
96,12,ok,6,15,9,True,3477,11,25,6,0.1255
97,12,ok,5,14,9,True,3518,19,16,5,0.1261
499,11,ok,8,24,16,True,20690,20,23,8,4.8868
498,11,ok,4,11,7,True,20644,19,36,4,5.0144
98,12,ok,3,9,6,True,3559,15,25,3,0.1354
99,12,ok,7,15,8,True,3600,22,14,7,0.1344
100,12,ok,2,5,3,True,3641,17,86,2,0.1362
101,12,ok,11,24,13,True,3683,16,16,11,0.1384
102,12,ok,3,6,3,True,3724,22,23,3,0.1416
103,12,ok,5,14,9,True,3766,19,15,5,0.1488
104,12,ok,4,7,3,True,3807,14,26,4,0.1491
105,12,ok,3,12,9,True,3849,10,53,3,0.1504
106,12,ok,6,14,8,True,3890,15,25,6,0.1535
107,12,ok,5,15,10,True,3932,29,14,5,0.1575
108,12,ok,3,6,3,True,3974,12,29,3,0.1658
109,12,ok,7,23,16,True,4015,19,17,7,0.1655
110,12,ok,2,7,5,True,4057,9,95,2,0.1669
111,12,ok,11,24,13,True,4099,19,16,11,0.1705
112,12,ok,3,9,6,True,4141,30,27,3,0.1679
113,12,ok,5,10,5,True,4183,19,17,5,0.1859
114,12,ok,4,14,10,True,4225,15,24,4,0.1842
115,12,ok,3,10,7,True,4267,11,54,3,0.1858
116,12,ok,6,18,12,True,4309,16,25,6,0.1894
117,12,ok,5,13,8,True,4351,22,18,5,0.1916
118,12,ok,3,9,6,True,4393,20,28,3,0.2029
119,12,ok,7,17,10,True,4435,25,18,7,0.2007
120,12,ok,2,6,4,True,4477,9,101,2,0.2026
121,12,ok,11,32,21,True,4521,16,16,11,0.2071
122,12,ok,3,7,4,True,4562,17,26,3,0.2106
123,12,ok,5,13,8,True,4604,24,17,5,0.2215
124,12,ok,4,14,10,True,4646,17,30,4,0.2211
125,12,ok,3,14,11,True,4689,15,56,3,0.2227
126,12,ok,6,19,13,True,4731,16,25,6,0.2281
127,12,ok,5,16,11,True,4774,19,20,5,0.2325
128,12,ok,3,7,4,True,4816,18,27,3,0.2404
130,12,ok,2,5,3,True,4901,13,96,2,0.1995
129,12,ok,7,19,12,True,4859,20,19,7,0.235
131,12,ok,11,35,24,True,4944,16,16,11,0.2386
132,12,ok,3,8,5,True,4987,25,25,3,0.261
133,12,ok,5,14,9,True,5029,30,17,5,0.2569
134,12,ok,4,12,8,True,5072,19,26,4,0.2561
135,12,ok,3,10,7,True,5115,12,56,3,0.2687
136,12,ok,6,16,10,True,5159,13,28,6,0.2707
137,12,ok,5,14,9,True,5201,29,16,5,0.2849
138,12,ok,3,10,7,True,5244,22,28,3,0.279
139,12,ok,7,13,6,True,5286,22,18,7,0.2832
140,12,ok,2,7,5,True,5329,14,107,2,0.2921
141,12,ok,11,31,20,True,5372,14,18,11,0.2938
142,12,ok,3,7,4,True,5415,24,25,3,0.3084
143,12,ok,5,15,10,True,5459,19,16,5,0.3056
500,11,ok,4,13,9,True,20736,15,67,4,5.0702
144,12,ok,4,11,7,True,5502,18,29,4,0.3056
145,12,ok,3,9,6,True,5545,14,57,3,0.3148
146,12,ok,6,18,12,True,5588,17,27,6,0.3179
147,12,ok,5,12,7,True,5632,19,16,5,0.3337
149,12,ok,7,18,11,True,5718,21,17,7,0.3023
150,12,ok,2,5,3,True,5761,10,109,2,0.3081
148,12,ok,3,5,2,True,5674,22,29,3,0.3266
151,12,ok,11,26,15,True,5804,15,16,11,0.3463
152,12,ok,3,7,4,True,5848,24,29,3,0.3485
153,12,ok,5,14,9,True,5891,22,19,5,0.3662
154,12,ok,4,15,11,True,5935,32,27,4,0.3505
155,12,ok,3,9,6,True,5978,13,67,3,0.351
156,12,ok,6,20,14,True,6022,22,28,6,0.3694
157,12,ok,5,13,8,True,6065,28,17,5,0.3717
158,12,ok,3,8,5,True,6109,21,29,3,0.3815
159,12,ok,7,21,14,True,6152,20,15,7,0.3812
160,12,ok,2,5,3,True,6196,11,107,2,0.3903
161,12,ok,11,33,22,True,6240,17,17,11,0.389
162,12,ok,3,9,6,True,6283,29,29,3,0.4056
163,12,ok,5,12,7,True,6327,24,16,5,0.4072
164,12,ok,4,11,7,True,6371,18,28,4,0.4137
165,12,ok,3,11,8,True,6414,12,67,3,0.4238
166,12,ok,6,19,13,True,6458,13,30,6,0.4391
167,12,ok,5,14,9,True,6502,42,17,5,0.4308
168,12,ok,3,6,3,True,6546,30,29,3,0.4379
169,12,ok,7,16,9,True,6590,24,18,7,0.4431
170,12,ok,2,10,8,True,6634,17,116,2,0.4478
171,12,ok,11,33,22,True,6678,19,19,11,0.4595
173,12,ok,5,13,8,True,6766,19,18,5,0.4662
172,12,ok,3,10,7,True,6722,17,28,3,0.4765
174,12,ok,4,10,6,True,6810,14,30,4,0.4713
175,12,ok,3,12,9,True,6854,13,68,3,0.4772
176,12,ok,6,18,12,True,6898,18,33,6,0.4828
177,12,ok,5,8,3,True,6942,29,18,5,0.4947
178,12,ok,3,5,2,True,6986,34,28,3,0.4943
179,12,ok,7,15,8,True,7030,19,20,7,0.519
180,12,ok,2,7,5,True,7075,17,111,2,0.5106
181,12,ok,11,20,9,True,7119,16,17,11,0.5121
182,12,ok,3,6,3,True,7163,30,30,3,0.4808
184,12,ok,4,13,9,True,7252,18,30,4,0.4489
183,12,ok,5,16,11,True,7207,19,18,5,0.5117
185,12,ok,3,9,6,True,7296,14,72,3,0.5174
186,12,ok,6,20,14,True,7340,12,28,6,0.547
187,12,ok,5,11,6,True,7385,23,21,5,0.5508
188,12,ok,3,10,7,True,7429,30,30,3,0.5152
189,12,ok,7,16,9,True,7474,20,20,7,0.5613
190,12,ok,2,6,4,True,7518,16,122,2,0.6015
191,12,ok,11,34,23,True,7563,16,18,11,0.5827
192,12,ok,3,7,4,True,7607,21,28,3,0.5836
193,12,ok,5,13,8,True,7652,25,20,5,0.5908
194,12,ok,4,14,10,True,7696,18,29,4,0.5981
195,12,ok,3,6,3,True,7741,20,75,3,0.6013
196,12,ok,6,21,15,True,7785,16,32,6,0.6277
197,12,ok,5,14,9,True,7832,40,18,5,0.6222
198,12,ok,3,6,3,True,7875,29,31,3,0.6321
199,12,ok,7,22,15,True,7920,24,22,7,0.6356
200,12,ok,2,7,5,True,7964,13,117,2,0.6325
201,12,ok,11,27,16,True,8009,17,18,11,0.6344
202,12,ok,3,11,8,True,8054,21,28,3,0.6792
203,12,ok,5,15,10,True,8099,32,18,5,0.6548
204,12,ok,4,13,9,True,8143,19,31,4,0.6569
205,12,ok,3,9,6,True,8188,15,64,3,0.6961
206,12,ok,6,18,12,True,8233,17,33,6,0.692
207,12,ok,5,19,14,True,8278,25,18,5,0.7062
208,12,ok,3,7,4,True,8323,18,34,3,0.7
209,12,ok,7,18,11,True,8368,26,19,7,0.6891
210,12,ok,2,6,4,True,8415,10,116,2,0.7202
211,12,ok,11,30,19,True,8458,20,19,11,0.6804
212,12,ok,3,11,8,True,8503,32,32,3,0.7399
213,12,ok,5,15,10,True,8548,20,18,5,0.7259
214,12,ok,4,8,4,True,8593,26,33,4,0.7715
215,12,ok,3,10,7,True,8638,22,70,3,0.7746
216,12,ok,6,18,12,True,8683,20,33,6,0.7523
217,12,ok,5,18,13,True,8728,21,19,5,0.7594
218,12,ok,3,9,6,True,8773,24,34,3,0.744
219,12,ok,7,18,11,True,8819,25,21,7,0.7422
221,12,ok,11,29,18,True,8909,17,17,11,0.7725
220,12,ok,2,6,4,True,8866,16,115,2,0.8159
222,12,ok,3,7,4,True,8954,19,28,3,0.8116
223,12,ok,5,13,8,True,8999,22,19,5,0.8278
224,12,ok,4,11,7,True,9045,16,32,4,0.8319
225,12,ok,3,10,7,True,9090,12,65,3,0.8184
227,12,ok,5,14,9,True,9181,35,22,5,0.7707
226,12,ok,6,13,7,True,9135,14,32,6,0.8548
228,12,ok,3,13,10,True,9226,19,31,3,0.8434
229,12,ok,7,20,13,True,9271,19,24,7,0.8629
230,12,ok,2,8,6,True,9317,19,138,2,0.8831
231,12,ok,11,33,22,True,9362,16,20,11,0.8016
232,12,ok,3,6,3,True,9408,28,30,3,0.8452
233,12,ok,5,12,7,True,9453,30,19,5,0.9289
234,12,ok,4,12,8,True,9499,19,36,4,0.9192
235,12,ok,3,11,8,True,9544,19,67,3,0.9224
236,12,ok,6,13,7,True,9590,20,29,6,0.9118
237,12,ok,5,16,11,True,9636,30,18,5,0.8987
238,12,ok,3,8,5,True,9681,24,33,3,0.9444
239,12,ok,7,20,13,True,9727,25,18,7,0.9709
240,12,ok,2,7,5,True,9772,19,115,2,0.9656
241,12,ok,11,42,31,True,9818,22,18,11,0.9824
242,12,ok,3,10,7,True,9863,20,30,3,0.9625
243,12,ok,5,14,9,True,9909,36,19,5,0.9306
244,12,ok,4,10,6,True,9955,31,31,4,0.9791
245,12,ok,3,12,9,True,10001,12,68,3,0.9904
246,12,ok,6,12,6,True,10046,22,36,6,1.0222
247,12,ok,5,13,8,True,10092,39,21,5,1.0246
248,12,ok,3,9,6,True,10138,16,31,3,1.0458
249,12,ok,7,19,12,True,10184,27,18,7,0.9987
250,12,ok,2,8,6,True,10230,13,124,2,1.0422
251,12,ok,11,38,27,True,10275,19,20,11,1.0271
252,12,ok,3,7,4,True,10321,34,34,3,1.0624
253,12,ok,5,10,5,True,10367,49,18,5,1.0969
254,12,ok,4,9,5,True,10413,25,30,4,1.0863
255,12,ok,3,12,9,True,10459,15,73,3,1.1122
256,12,ok,6,18,12,True,10505,24,31,6,1.1427
257,12,ok,5,15,10,True,10551,21,19,5,1.1081
258,12,ok,3,6,3,True,10597,32,32,3,1.1553
259,12,ok,7,19,12,True,10643,25,20,7,1.1747
260,12,ok,2,7,5,True,10689,17,119,2,1.1012
261,12,ok,11,29,18,True,10735,16,20,11,1.2071
262,12,ok,3,5,2,True,10781,36,37,3,1.1797
263,12,ok,5,12,7,True,10827,17,22,5,1.1086
264,12,ok,4,8,4,True,10873,21,33,4,1.0806
266,12,ok,6,16,10,True,10965,18,37,6,1.0848
265,12,ok,3,9,6,True,10919,21,73,3,1.2076
267,12,ok,5,10,5,True,11011,21,19,5,1.2347
268,12,ok,3,8,5,True,11058,30,31,3,1.2387
269,12,ok,7,20,13,True,11104,28,19,7,1.2317
270,12,ok,2,6,4,True,11150,17,133,2,1.1098
271,12,ok,11,33,22,True,11198,24,22,11,1.2975
272,12,ok,3,9,6,True,11242,20,37,3,1.2528
273,12,ok,5,12,7,True,11289,30,22,5,1.2771
274,12,ok,4,13,9,True,11335,23,35,4,1.308
275,12,ok,3,14,11,True,11381,11,70,3,1.2878
276,12,ok,6,17,11,True,11427,25,32,6,1.3283
277,12,ok,5,13,8,True,11474,36,19,5,1.355
278,12,ok,3,11,8,True,11520,34,32,3,1.3515
279,12,ok,7,22,15,True,11566,25,20,7,1.329
281,12,ok,11,32,21,True,11660,20,19,11,1.2828
280,12,ok,2,6,4,True,11613,17,124,2,1.3803
282,12,ok,3,12,9,True,11706,24,34,3,1.4065
283,12,ok,5,15,10,True,11752,41,22,5,1.3995
284,12,ok,4,9,5,True,11799,32,33,4,1.4197
285,12,ok,3,9,6,True,11845,18,65,3,1.3538
286,12,ok,6,24,18,True,11891,20,35,6,1.3977
287,12,ok,5,13,8,True,11938,33,22,5,1.4348
288,12,ok,3,5,2,True,11984,22,33,3,1.4653
289,12,ok,7,25,18,True,12031,27,22,7,1.4842
290,12,ok,2,5,3,True,12078,24,132,2,1.4633
291,12,ok,11,29,18,True,12124,24,19,11,1.5972
292,12,ok,3,7,4,True,12171,40,34,3,1.4489
293,12,ok,5,12,7,True,12217,42,21,5,1.5064
294,12,ok,4,7,3,True,12265,21,32,4,1.5006
296,12,ok,6,12,6,True,12357,19,34,6,1.4126
295,12,ok,3,6,3,True,12311,20,82,3,1.5436
297,12,ok,5,16,11,True,12404,30,23,5,1.6852
298,12,ok,3,9,6,True,12451,19,36,3,1.5847
299,12,ok,7,19,12,True,12497,28,21,7,1.6098
300,12,ok,2,6,4,True,12544,12,127,2,1.5702
301,12,ok,11,32,21,True,12591,22,19,11,1.6185
302,12,ok,3,10,7,True,12637,24,38,3,1.6111
303,12,ok,5,10,5,True,12684,48,23,5,1.7574
304,12,ok,4,14,10,True,12731,30,36,4,1.6795
305,12,ok,3,9,6,True,12778,16,73,3,1.6301
306,12,ok,6,21,15,True,12825,18,36,6,1.6968
307,12,ok,5,12,7,True,12871,32,22,5,1.6373
308,12,ok,3,8,5,True,12918,20,35,3,1.7132
309,12,ok,7,19,12,True,12965,25,23,7,1.6875
310,12,ok,2,7,5,True,13012,13,129,2,1.6659
311,12,ok,11,39,28,True,13059,25,21,11,1.7348
312,12,ok,3,10,7,True,13106,24,35,3,1.7069
313,12,ok,5,11,6,True,13153,33,20,5,1.8328
314,12,ok,4,16,12,True,13200,19,34,4,1.7983
315,12,ok,3,13,10,True,13247,13,69,3,1.6476
316,12,ok,6,19,13,True,13294,21,35,6,1.8001
317,12,ok,5,19,14,True,13343,42,20,5,1.8311
318,12,ok,3,9,6,True,13388,26,35,3,1.8156
319,12,ok,7,11,4,True,13435,27,22,7,1.9063
320,12,ok,2,7,5,True,13482,19,139,2,1.8478
321,12,ok,11,33,22,True,13530,28,21,11,1.8641
322,12,ok,3,5,2,True,13576,23,36,3,1.894
323,12,ok,5,14,9,True,13623,20,21,5,1.9332
324,12,ok,4,12,8,True,13670,23,33,4,1.9408
325,12,ok,3,11,8,True,13717,14,73,3,2.0032
326,12,ok,6,13,7,True,13764,14,32,6,1.9564
327,12,ok,5,16,11,True,13811,30,20,5,1.9557
328,12,ok,3,9,6,True,13858,36,35,3,1.9805
329,12,ok,7,26,19,True,13905,29,20,7,1.9893
330,12,ok,2,5,3,True,13953,16,137,2,2.0068
332,12,ok,3,8,5,True,14047,31,35,3,1.9384
331,12,ok,11,29,18,True,14000,21,20,11,2.0115
333,12,ok,5,13,8,True,14094,37,22,5,2.0339
334,12,ok,4,12,8,True,14142,37,33,4,2.0604
335,12,ok,3,9,6,True,14189,20,79,3,1.9751
336,12,ok,6,18,12,True,14236,22,36,6,2.1021
337,12,ok,5,16,11,True,14283,45,22,5,2.0247
338,12,ok,3,10,7,True,14331,29,35,3,2.0791
339,12,ok,7,19,12,True,14378,25,20,7,2.1163
340,12,ok,2,7,5,True,14425,19,130,2,2.0209
341,12,ok,11,31,20,True,14473,24,20,11,2.0489
342,12,ok,3,12,9,True,14520,20,35,3,2.2008
343,12,ok,5,16,11,True,14567,48,21,5,2.2421
344,12,ok,4,11,7,True,14615,30,33,4,2.2228
345,12,ok,3,8,5,True,14662,20,71,3,2.2311
346,12,ok,6,21,15,True,14710,31,41,6,2.1797
347,12,ok,5,13,8,True,14757,31,22,5,2.154
348,12,ok,3,9,6,True,14806,29,34,3,2.1177
349,12,ok,7,25,18,True,14852,35,22,7,2.1445
350,12,ok,2,9,7,True,14899,16,125,2,2.2785
351,12,ok,11,32,21,True,14947,27,21,11,2.324
352,12,ok,3,8,5,True,14994,31,37,3,2.3302
353,12,ok,5,14,9,True,15042,18,23,5,2.2418
354,12,ok,4,10,6,True,15089,27,33,4,2.308
355,12,ok,3,8,5,True,15137,21,73,3,2.3549
356,12,ok,6,17,11,True,15184,18,39,6,2.4276
357,12,ok,5,12,7,True,15232,43,22,5,2.2532
358,12,ok,3,11,8,True,15280,21,34,3,2.2192
359,12,ok,7,23,16,True,15327,22,24,7,2.4267
360,12,ok,2,4,2,True,15375,18,135,2,2.4141
361,12,ok,11,34,23,True,15422,23,21,11,2.3681
362,12,ok,3,9,6,True,15470,31,34,3,2.53
363,12,ok,5,17,12,True,15518,23,21,5,2.3998
364,12,ok,4,17,13,True,15565,19,35,4,2.5687
365,12,ok,3,16,13,True,15613,11,84,3,2.5325
366,12,ok,6,19,13,True,15661,18,38,6,2.4455
367,12,ok,5,16,11,True,15708,33,22,5,2.4589
368,12,ok,3,10,7,True,15756,29,33,3,2.5458
369,12,ok,7,18,11,True,15804,28,21,7,2.6061
370,12,ok,2,9,7,True,15851,20,151,2,2.626
371,12,ok,11,36,25,True,15899,21,23,11,2.6083
372,12,ok,3,9,6,True,15947,41,33,3,2.6174
373,12,ok,5,13,8,True,15995,41,22,5,2.634
374,12,ok,4,8,4,True,16043,27,34,4,2.5354
375,12,ok,3,6,3,True,16090,26,82,3,2.5579
376,12,ok,6,16,10,True,16138,22,35,6,2.7081
377,12,ok,5,10,5,True,16186,38,21,5,2.7397
378,12,ok,3,13,10,True,16234,22,38,3,2.8219
379,12,ok,7,14,7,True,16282,33,23,7,2.7904
380,12,ok,2,6,4,True,16330,18,140,2,2.7465
381,12,ok,11,26,15,True,16377,23,28,11,2.8044
382,12,ok,3,11,8,True,16425,29,38,3,2.837
383,12,ok,5,17,12,True,16473,45,23,5,2.7994
384,12,ok,4,9,5,True,16521,30,34,4,2.9337
385,12,ok,3,4,1,True,16569,19,70,3,2.8391
386,12,ok,6,22,16,True,16617,22,36,6,2.8293
387,12,ok,5,13,8,True,16665,33,22,5,2.8631
388,12,ok,3,10,7,True,16713,23,36,3,2.8887
389,12,ok,7,16,9,True,16761,28,21,7,2.9004
390,12,ok,2,8,6,True,16809,19,146,2,2.9529
391,12,ok,11,33,22,True,16857,25,21,11,2.9734
392,12,ok,3,10,7,True,16905,30,34,3,3.0113
393,12,ok,5,7,2,True,16953,43,22,5,3.0553
394,12,ok,4,13,9,True,17001,21,36,4,3.0383
395,12,ok,3,9,6,True,17049,16,71,3,3.0349
396,12,ok,6,17,11,True,17097,31,36,6,2.9539
397,12,ok,5,11,6,True,17145,30,23,5,3.0672
398,12,ok,3,10,7,True,17193,18,33,3,2.9161
399,12,ok,7,18,11,True,17241,22,22,7,3.1391
400,12,ok,2,11,9,True,17292,17,140,2,3.1563
401,12,ok,11,41,30,True,17338,21,25,11,3.1741
402,12,ok,3,8,5,True,17386,34,32,3,3.0023
403,12,ok,5,19,14,True,17435,35,23,5,3.2123
404,12,ok,4,10,6,True,17482,24,36,4,3.1852
405,12,ok,3,8,5,True,17530,22,74,3,3.1274
406,12,ok,6,16,10,True,17579,34,36,6,3.2235
407,12,ok,5,16,11,True,17627,38,22,5,3.273
408,12,ok,3,12,9,True,17675,21,43,3,3.3811
409,12,ok,7,22,15,True,17723,32,25,7,3.1257
410,12,ok,2,4,2,True,17771,22,155,2,3.2263
411,12,ok,11,36,25,True,17820,19,20,11,3.161
412,12,ok,3,14,11,True,17868,22,34,3,3.1753
413,12,ok,5,14,9,True,17916,32,23,5,3.3219
414,12,ok,4,8,4,True,17965,21,36,4,3.4787
415,12,ok,3,9,6,True,18013,18,77,3,3.3598
416,12,ok,6,18,12,True,18062,19,35,6,3.4298
417,12,ok,5,17,12,True,18109,33,22,5,3.3767
418,12,ok,3,10,7,True,18158,33,35,3,3.493
419,12,ok,7,21,14,True,18206,30,21,7,3.3421
420,12,ok,2,8,6,True,18254,14,141,2,3.4647
421,12,ok,11,41,30,True,18304,28,23,11,3.4277
422,12,ok,3,11,8,True,18351,31,38,3,3.5403
423,12,ok,5,12,7,True,18400,42,20,5,3.4534
424,12,ok,4,16,12,True,18448,24,35,4,3.6152
425,12,ok,3,11,8,True,18496,17,80,3,3.5668
426,12,ok,6,14,8,True,18546,24,33,6,3.3809
427,12,ok,5,20,15,True,18593,36,23,5,3.6986
428,12,ok,3,10,7,True,18642,29,37,3,3.5513
429,12,ok,7,17,10,True,18690,25,25,7,3.5328
430,12,ok,2,6,4,True,18739,16,130,2,3.6454
431,12,ok,11,32,21,True,18788,27,21,11,3.7385
432,12,ok,3,9,6,True,18836,23,32,3,3.7707
433,12,ok,5,15,10,True,18884,40,24,5,3.5885
434,12,ok,4,9,5,True,18933,31,36,4,3.7098
435,12,ok,3,7,4,True,18981,19,83,3,3.7472
436,12,ok,6,24,18,True,19030,18,37,6,3.778
437,12,ok,5,15,10,True,19078,38,21,5,3.7456
438,12,ok,3,9,6,True,19127,33,34,3,3.7604
439,12,ok,7,19,12,True,19175,28,20,7,3.5308
440,12,ok,2,8,6,True,19224,16,132,2,3.4138
441,12,ok,11,28,17,True,19273,21,24,11,3.5234
442,12,ok,3,12,9,True,19321,34,39,3,3.533
443,12,ok,5,12,7,True,19371,57,23,5,3.5493
444,12,ok,4,8,4,True,19418,35,35,4,3.6561
445,12,ok,3,13,10,True,19467,18,78,3,4.0426
446,12,ok,6,22,16,True,19516,25,36,6,4.088
447,12,ok,5,14,9,True,19564,25,22,5,3.9577
448,12,ok,3,12,9,True,19613,23,36,3,4.074
449,12,ok,7,19,12,True,19662,26,24,7,4.0945
450,12,ok,2,5,3,True,19710,25,139,2,4.2444
451,12,ok,11,40,29,True,19759,20,27,11,4.161
452,12,ok,3,10,7,True,19808,20,38,3,4.132
453,12,ok,5,14,9,True,19857,34,24,5,4.1398
454,12,ok,4,10,6,True,19905,34,38,4,4.2901
455,12,ok,3,6,3,True,19954,18,78,3,4.1554
456,12,ok,6,21,15,True,20003,20,37,6,4.2597
457,12,ok,5,13,8,True,20053,39,22,5,4.3764
458,12,ok,3,6,3,True,20100,28,37,3,4.3025
459,12,ok,7,18,11,True,20149,24,26,7,4.2148
460,12,ok,2,7,5,True,20198,18,141,2,4.3272
461,12,ok,11,36,25,True,20247,23,23,11,4.1986
462,12,ok,3,9,6,True,20296,42,36,3,4.3945
463,12,ok,5,14,9,True,20344,37,23,5,4.4328
464,12,ok,4,13,9,True,20394,30,40,4,4.3418
465,12,ok,3,12,9,True,20442,26,89,3,4.3706
466,12,ok,6,21,15,True,20491,18,43,6,4.3524
467,12,ok,5,14,9,True,20540,26,24,5,4.4981
468,12,ok,3,7,4,True,20589,50,36,3,4.51
469,12,ok,7,18,11,True,20638,21,26,7,4.5977
470,12,ok,2,7,5,True,20686,19,141,2,4.5502
471,12,ok,11,45,34,True,20735,29,23,11,4.5365
472,12,ok,3,7,4,True,20784,35,39,3,4.5701
473,12,ok,5,12,7,True,20833,38,25,5,4.6365
474,12,ok,4,9,5,True,20882,24,39,4,4.6356
475,12,ok,3,7,4,True,20931,21,79,3,4.5685
476,12,ok,6,21,15,True,20980,20,36,6,4.5277
477,12,ok,5,9,4,True,21029,32,24,5,4.8107
478,12,ok,3,7,4,True,21078,39,36,3,4.566
479,12,ok,7,22,15,True,21127,26,23,7,4.7498
480,12,ok,2,7,5,True,21176,21,144,2,4.7574
481,12,ok,11,28,17,True,21225,24,22,11,4.8847
482,12,ok,3,11,8,True,21274,30,39,3,4.7924
483,12,ok,5,15,10,True,21323,40,21,5,4.7876
484,12,ok,4,11,7,True,21373,22,41,4,4.812
485,12,ok,3,12,9,True,21421,21,76,3,4.8407
486,12,ok,6,20,14,True,21470,25,37,6,5.0307
487,12,ok,5,17,12,True,21519,29,24,5,4.9972
488,12,ok,3,8,5,True,21568,25,37,3,4.9885
489,12,ok,7,19,12,True,21618,35,22,7,4.9394
490,12,ok,2,8,6,True,21667,18,135,2,5.0179
491,12,ok,11,44,33,True,21716,20,22,11,5.023
492,12,ok,3,7,4,True,21765,26,41,3,5.1033
494,12,ok,4,12,8,True,21863,40,38,4,5.1341
493,12,ok,5,13,8,True,21814,45,22,5,5.2987
495,12,ok,3,13,10,True,21912,18,76,3,5.1207
1,13,ok,12,12,0,True,28,2,3,12,0.0002
2,13,ok,4,6,2,True,49,3,11,4,0.0002
3,13,ok,9,15,6,True,73,3,9,9,0.0003
4,13,ok,4,7,3,True,98,3,14,4,0.0004
5,13,ok,9,16,7,True,125,4,8,9,0.0006
6,13,ok,4,8,4,True,154,3,15,4,0.0007
7,13,ok,9,17,8,True,183,4,8,9,0.0009
8,13,ok,4,8,4,True,213,4,19,4,0.001
9,13,ok,9,20,11,True,244,5,11,9,0.0013
10,13,ok,4,8,4,True,276,4,23,4,0.0015
11,13,ok,9,18,9,True,307,5,10,9,0.0017
12,13,ok,4,8,4,True,340,7,23,4,0.002
13,13,ok,9,19,10,True,372,6,14,9,0.0023
14,13,ok,4,8,4,True,406,6,22,4,0.0025
15,13,ok,9,18,9,True,439,6,10,9,0.0029
16,13,ok,4,10,6,True,474,7,23,4,0.0032
17,13,ok,9,18,9,True,508,7,11,9,0.0038
18,13,ok,4,9,5,True,543,6,26,4,0.0041
19,13,ok,9,18,9,True,578,9,13,9,0.0045
20,13,ok,4,11,7,True,613,8,27,4,0.0049
21,13,ok,9,18,9,True,649,7,17,9,0.0056
22,13,ok,4,9,5,True,684,10,30,4,0.0061
23,13,ok,9,21,12,True,720,7,16,9,0.0067
24,13,ok,4,9,5,True,757,7,27,4,0.0072
25,13,ok,9,21,12,True,793,10,17,9,0.0079
26,13,ok,4,9,5,True,830,7,30,4,0.0085
27,13,ok,9,25,16,True,867,8,15,9,0.0092
28,13,ok,4,13,9,True,904,7,29,4,0.0098
29,13,ok,9,22,13,True,941,7,16,9,0.0107
30,13,ok,4,8,4,True,979,10,33,4,0.0113
31,13,ok,9,21,12,True,1017,10,17,9,0.0122
32,13,ok,4,12,8,True,1056,6,35,4,0.0131
33,13,ok,9,21,12,True,1093,9,20,9,0.0138
34,13,ok,4,8,4,True,1131,7,34,4,0.0145
35,13,ok,9,20,11,True,1169,11,21,9,0.0157
36,13,ok,4,9,5,True,1208,9,43,4,0.0165
37,13,ok,9,24,15,True,1246,11,18,9,0.0173
38,13,ok,4,11,7,True,1285,10,33,4,0.0186
39,13,ok,9,18,9,True,1324,10,20,9,0.0201
40,13,ok,4,7,3,True,1363,8,33,4,0.0179
41,13,ok,9,24,15,True,1402,10,19,9,0.0168
42,13,ok,4,14,10,True,1442,9,38,4,0.0167
43,13,ok,9,25,16,True,1481,12,20,9,0.0168
44,13,ok,4,12,8,True,1521,9,38,4,0.0175
45,13,ok,9,20,11,True,1560,9,20,9,0.0231
46,13,ok,4,12,8,True,1600,10,37,4,0.0219
47,13,ok,9,28,19,True,1640,9,21,9,0.0267
48,13,ok,4,13,9,True,1680,7,36,4,0.0289
49,13,ok,9,25,16,True,1720,11,21,9,0.0305
50,13,ok,4,10,6,True,1761,9,34,4,0.0317
51,13,ok,9,20,11,True,1801,11,19,9,0.0332
52,13,ok,4,7,3,True,1841,11,37,4,0.0347
53,13,ok,9,24,15,True,1882,10,22,9,0.0361
54,13,ok,4,14,10,True,1923,8,38,4,0.0377
55,13,ok,9,13,4,True,1964,14,21,9,0.0389
56,13,ok,4,11,7,True,2004,8,40,4,0.0406
57,13,ok,9,19,10,True,2045,9,22,9,0.0422
58,13,ok,4,11,7,True,2086,7,43,4,0.0438
59,13,ok,9,28,19,True,2128,12,23,9,0.0455
60,13,ok,4,7,3,True,2169,9,38,4,0.0471
61,13,ok,9,15,6,True,2210,12,27,9,0.0487
62,13,ok,4,10,6,True,2252,9,42,4,0.0506
63,13,ok,9,19,10,True,2293,13,24,9,0.0522
64,13,ok,4,9,5,True,2335,11,40,4,0.0496
65,13,ok,9,25,16,True,2376,13,23,9,0.0425
66,13,ok,4,15,11,True,2418,9,37,4,0.0381
67,13,ok,9,27,18,True,2460,12,24,9,0.042
68,13,ok,4,8,4,True,2502,11,40,4,0.0553
69,13,ok,9,23,14,True,2544,14,27,9,0.0641
496,12,ok,6,16,10,True,21962,24,38,6,5.1842
70,13,ok,4,14,10,True,2586,9,39,4,0.0623
72,13,ok,4,14,10,True,2670,8,46,4,0.0572
71,13,ok,9,20,11,True,2628,10,26,9,0.0669
73,13,ok,9,16,7,True,2712,13,23,9,0.0728
74,13,ok,4,14,10,True,2755,10,46,4,0.0752
75,13,ok,9,25,16,True,2797,12,27,9,0.0764
76,13,ok,4,12,8,True,2840,11,39,4,0.0789
77,13,ok,9,23,14,True,2882,10,22,9,0.0809
78,13,ok,4,10,6,True,2925,10,44,4,0.0836
79,13,ok,9,18,9,True,2968,12,27,9,0.0862
80,13,ok,4,10,6,True,3010,9,44,4,0.0883
81,13,ok,9,15,6,True,3053,12,27,9,0.0826
82,13,ok,4,8,4,True,3096,12,42,4,0.0944
83,13,ok,9,23,14,True,3139,12,27,9,0.095
497,12,ok,5,12,7,True,22011,35,24,5,5.234
84,13,ok,4,11,7,True,3182,10,40,4,0.1024
85,13,ok,9,23,14,True,3225,12,23,9,0.1005
86,13,ok,4,10,6,True,3268,14,48,4,0.1042
87,13,ok,9,23,14,True,3312,12,21,9,0.1094
88,13,ok,4,14,10,True,3355,12,47,4,0.1083
89,13,ok,9,19,10,True,3398,13,27,9,0.112
90,13,ok,4,9,5,True,3441,12,44,4,0.119
91,13,ok,9,22,13,True,3485,17,29,9,0.1173
92,13,ok,4,9,5,True,3528,12,47,4,0.121
93,13,ok,9,23,14,True,3572,11,25,9,0.1282
94,13,ok,4,10,6,True,3616,11,47,4,0.1236
95,13,ok,9,22,13,True,3660,16,29,9,0.1318
96,13,ok,4,10,6,True,3703,13,48,4,0.1327
97,13,ok,9,25,16,True,3747,12,29,9,0.1166
98,13,ok,4,9,5,True,3792,11,52,4,0.1361
99,13,ok,9,27,18,True,3834,13,29,9,0.1401
100,13,ok,4,12,8,True,3878,9,51,4,0.1082
101,13,ok,9,23,14,True,3922,14,25,9,0.1483
103,13,ok,9,22,13,True,4010,13,29,9,0.1337
102,13,ok,4,9,5,True,3966,13,44,4,0.1514
104,13,ok,4,11,7,True,4055,9,49,4,0.1536
105,13,ok,9,22,13,True,4099,11,27,9,0.1605
106,13,ok,4,7,3,True,4143,16,47,4,0.1649
107,13,ok,9,21,12,True,4188,13,30,9,0.144
108,13,ok,4,12,8,True,4232,12,49,4,0.1691
109,13,ok,9,24,15,True,4276,16,28,9,0.1778
110,13,ok,4,9,5,True,4320,10,49,4,0.1658
111,13,ok,9,21,12,True,4365,13,26,9,0.1833
112,13,ok,4,13,9,True,4409,14,48,4,0.187
113,13,ok,9,16,7,True,4454,10,27,9,0.1884
114,13,ok,4,11,7,True,4500,12,47,4,0.1907
115,13,ok,9,19,10,True,4543,14,33,9,0.196
498,12,ok,3,10,7,True,22060,41,38,3,5.2382
116,13,ok,4,10,6,True,4588,12,45,4,0.1996
117,13,ok,9,22,13,True,4633,13,29,9,0.1812
118,13,ok,4,11,7,True,4678,11,57,4,0.1755
119,13,ok,9,27,18,True,4722,18,29,9,0.1742
120,13,ok,4,10,6,True,4767,11,50,4,0.1725
121,13,ok,9,25,16,True,4812,15,33,9,0.1906
122,13,ok,4,11,7,True,4857,13,46,4,0.2081
123,13,ok,9,23,14,True,4902,14,29,9,0.2122
124,13,ok,4,12,8,True,4947,13,55,4,0.2074
125,13,ok,9,27,18,True,4992,13,30,9,0.1646
126,13,ok,4,14,10,True,5038,10,48,4,0.161
127,13,ok,9,22,13,True,5083,14,28,9,0.1576
128,13,ok,4,11,7,True,5128,9,48,4,0.1563
129,13,ok,9,22,13,True,5173,15,26,9,0.1692
130,13,ok,4,11,7,True,5220,15,53,4,0.1613
131,13,ok,9,23,14,True,5264,12,30,9,0.1625
132,13,ok,4,11,7,True,5309,11,56,4,0.159
499,12,ok,7,18,11,True,22109,42,24,7,4.9503
500,12,ok,2,6,4,True,22158,14,146,2,4.8935
133,13,ok,9,24,15,True,5355,13,30,9,0.1539
134,13,ok,4,11,7,True,5400,16,49,4,0.1554
135,13,ok,9,21,12,True,5446,12,32,9,0.1584
136,13,ok,4,12,8,True,5491,12,50,4,0.1728
137,13,ok,9,26,17,True,5537,13,32,9,0.1647
139,13,ok,9,25,16,True,5628,16,27,9,0.1688
138,13,ok,4,11,7,True,5583,11,49,4,0.179
140,13,ok,4,9,5,True,5674,17,51,4,0.1788
141,13,ok,9,24,15,True,5720,14,30,9,0.1938
142,13,ok,4,13,9,True,5765,9,52,4,0.1803
143,13,ok,9,24,15,True,5811,15,29,9,0.1942
144,13,ok,4,11,7,True,5857,14,55,4,0.1819
145,13,ok,9,23,14,True,5904,17,33,9,0.1847
146,13,ok,4,11,7,True,5949,12,53,4,0.1875
147,13,ok,9,31,22,True,5995,16,32,9,0.1955
148,13,ok,4,9,5,True,6041,11,54,4,0.1948
149,13,ok,9,27,18,True,6087,12,31,9,0.2125
150,13,ok,4,12,8,True,6133,10,52,4,0.1982
151,13,ok,9,32,23,True,6179,15,29,9,0.2019
152,13,ok,4,10,6,True,6225,15,53,4,0.2051
153,13,ok,9,25,16,True,6271,16,27,9,0.2103
154,13,ok,4,7,3,True,6317,14,51,4,0.2132
155,13,ok,9,25,16,True,6364,18,32,9,0.239
156,13,ok,4,9,5,True,6410,14,57,4,0.2188
157,13,ok,9,25,16,True,6456,12,31,9,0.222
158,13,ok,4,11,7,True,6504,14,52,4,0.2244
159,13,ok,9,19,10,True,6549,20,31,9,0.2307
160,13,ok,4,11,7,True,6595,14,54,4,0.2317
162,13,ok,4,12,8,True,6688,16,51,4,0.237
161,13,ok,9,19,10,True,6642,20,27,9,0.2534
163,13,ok,9,21,12,True,6735,16,33,9,0.2382
164,13,ok,4,10,6,True,6781,12,53,4,0.2428
165,13,ok,9,23,14,True,6828,12,30,9,0.2545
166,13,ok,4,10,6,True,6874,19,54,4,0.257
167,13,ok,9,24,15,True,6921,17,35,9,0.2536
169,13,ok,9,23,14,True,7014,12,30,9,0.2599
168,13,ok,4,14,10,True,6968,10,49,4,0.2823
170,13,ok,4,9,5,True,7061,13,56,4,0.2648
171,13,ok,9,23,14,True,7108,13,32,9,0.272
172,13,ok,4,12,8,True,7155,10,57,4,0.2739
173,13,ok,9,25,16,True,7201,19,30,9,0.2752
174,13,ok,4,7,3,True,7248,20,63,4,0.2786
175,13,ok,9,23,14,True,7295,20,31,9,0.2915
176,13,ok,4,12,8,True,7344,14,49,4,0.3057
177,13,ok,9,25,16,True,7389,12,31,9,0.2964
178,13,ok,4,11,7,True,7436,10,60,4,0.2955
179,13,ok,9,30,21,True,7483,13,33,9,0.3204
180,13,ok,4,12,8,True,7530,14,59,4,0.3011
181,13,ok,9,28,19,True,7577,14,32,9,0.3187
182,13,ok,4,9,5,True,7624,14,52,4,0.3225
183,13,ok,9,28,19,True,7671,18,31,9,0.3249
184,13,ok,4,9,5,True,7718,15,56,4,0.3186
185,13,ok,9,27,18,True,7765,14,30,9,0.3256
186,13,ok,4,14,10,True,7812,11,53,4,0.3383
187,13,ok,9,23,14,True,7860,14,31,9,0.3395
188,13,ok,4,15,11,True,7908,18,56,4,0.33
189,13,ok,9,22,13,True,7954,16,33,9,0.3478
190,13,ok,4,13,9,True,8001,17,57,4,0.3432
191,13,ok,9,24,15,True,8049,22,34,9,0.3448
192,13,ok,4,7,3,True,8096,14,59,4,0.3629
193,13,ok,9,26,17,True,8143,13,32,9,0.3612
194,13,ok,4,14,10,True,8191,9,54,4,0.3605
195,13,ok,9,23,14,True,8238,20,35,9,0.3651
196,13,ok,4,10,6,True,8286,13,63,4,0.3705
197,13,ok,9,23,14,True,8333,22,34,9,0.3755
198,13,ok,4,12,8,True,8381,16,51,4,0.402
199,13,ok,9,26,17,True,8428,21,33,9,0.3764
200,13,ok,4,10,6,True,8476,15,59,4,0.3829
201,13,ok,9,20,11,True,8523,15,35,9,0.389
202,13,ok,4,13,9,True,8571,15,54,4,0.3993
203,13,ok,9,20,11,True,8619,17,34,9,0.394
204,13,ok,4,7,3,True,8666,14,54,4,0.4112
205,13,ok,9,24,15,True,8714,19,36,9,0.4059
206,13,ok,4,9,5,True,8762,19,61,4,0.4354
207,13,ok,9,26,17,True,8809,15,32,9,0.4129
208,13,ok,4,12,8,True,8857,19,62,4,0.4218
209,13,ok,9,20,11,True,8905,20,37,9,0.4199
210,13,ok,4,10,6,True,8953,17,59,4,0.4286
211,13,ok,9,25,16,True,9001,17,32,9,0.4334
212,13,ok,4,13,9,True,9048,11,58,4,0.4644
213,13,ok,9,33,24,True,9096,17,35,9,0.4407
214,13,ok,4,13,9,True,9144,16,57,4,0.4494
215,13,ok,9,21,12,True,9192,15,31,9,0.4503
216,13,ok,4,11,7,True,9240,15,56,4,0.4563
217,13,ok,9,27,18,True,9288,15,31,9,0.4628
218,13,ok,4,11,7,True,9336,13,60,4,0.4949
219,13,ok,9,28,19,True,9384,17,35,9,0.473
220,13,ok,4,8,4,True,9432,15,57,4,0.4778
221,13,ok,9,28,19,True,9480,16,32,9,0.4793
222,13,ok,4,10,6,True,9528,16,60,4,0.4957
223,13,ok,9,32,23,True,9576,14,33,9,0.4916
224,13,ok,4,15,11,True,9625,18,54,4,0.5087
225,13,ok,9,23,14,True,9673,17,34,9,0.4999
226,13,ok,4,13,9,True,9721,23,56,4,0.5104
227,13,ok,9,28,19,True,9769,18,34,9,0.5066
228,13,ok,4,13,9,True,9817,11,61,4,0.5373
229,13,ok,9,21,12,True,9866,17,32,9,0.524
230,13,ok,4,13,9,True,9914,15,58,4,0.524
231,13,ok,9,32,23,True,9962,14,30,9,0.5399
232,13,ok,4,7,3,True,10011,18,55,4,0.5518
233,13,ok,9,26,17,True,10059,19,38,9,0.5492
235,13,ok,9,19,10,True,10156,16,30,9,0.5536
234,13,ok,4,10,6,True,10107,13,58,4,0.5744
236,13,ok,4,9,5,True,10204,12,61,4,0.5555
237,13,ok,9,23,14,True,10252,16,34,9,0.5694
238,13,ok,4,12,8,True,10301,13,58,4,0.5761
239,13,ok,9,21,12,True,10349,17,32,9,0.5762
240,13,ok,4,12,8,True,10398,13,57,4,0.5815
241,13,ok,9,25,16,True,10446,16,31,9,0.6098
242,13,ok,4,16,12,True,10495,13,63,4,0.5888
243,13,ok,9,22,13,True,10544,21,34,9,0.6103
244,13,ok,4,13,9,True,10592,14,62,4,0.6048
245,13,ok,9,30,21,True,10641,13,33,9,0.6382
246,13,ok,4,16,12,True,10689,13,61,4,0.6154
247,13,ok,9,28,19,True,10738,20,33,9,0.6173
248,13,ok,4,10,6,True,10788,20,63,4,0.6223
249,13,ok,9,21,12,True,10836,17,34,9,0.638
250,13,ok,4,12,8,True,10884,14,58,4,0.643
251,13,ok,9,28,19,True,10933,17,35,9,0.6734
252,13,ok,4,12,8,True,10982,17,68,4,0.6508
253,13,ok,9,27,18,True,11030,20,34,9,0.6494
254,13,ok,4,11,7,True,11079,17,57,4,0.6573
255,13,ok,9,26,17,True,11128,18,37,9,0.6774
256,13,ok,4,10,6,True,11177,15,61,4,0.6694
257,13,ok,9,23,14,True,11226,17,32,9,0.6943
258,13,ok,4,12,8,True,11275,21,59,4,0.6926
259,13,ok,9,26,17,True,11323,16,32,9,0.7092
260,13,ok,4,11,7,True,11372,14,64,4,0.6972
261,13,ok,9,24,15,True,11421,18,36,9,0.6985
262,13,ok,4,12,8,True,11472,22,69,4,0.7147
263,13,ok,9,25,16,True,11520,26,39,9,0.7098
264,13,ok,4,10,6,True,11568,12,61,4,0.7221
265,13,ok,9,27,18,True,11617,19,32,9,0.7672
266,13,ok,4,16,12,True,11666,15,71,4,0.7306
267,13,ok,9,19,10,True,11715,19,38,9,0.7387
268,13,ok,4,11,7,True,11764,13,67,4,0.7544
269,13,ok,9,21,12,True,11813,16,35,9,0.7472
270,13,ok,4,13,9,True,11863,18,55,4,0.7581
271,13,ok,9,27,18,True,11912,15,33,9,0.8071
272,13,ok,4,13,9,True,11961,13,65,4,0.7688
273,13,ok,9,28,19,True,12010,13,34,9,0.7916
274,13,ok,4,14,10,True,12059,18,59,4,0.7885
275,13,ok,9,31,22,True,12108,12,40,9,0.7888
276,13,ok,4,9,5,True,12158,18,60,4,0.8017
278,13,ok,4,13,9,True,12256,27,59,4,0.8091
277,13,ok,9,23,14,True,12207,21,34,9,0.8634
279,13,ok,9,25,16,True,12305,18,36,9,0.8166
280,13,ok,4,11,7,True,12355,14,71,4,0.8271
281,13,ok,9,25,16,True,12404,19,36,9,0.8423
282,13,ok,4,16,12,True,12453,14,62,4,0.8413
283,13,ok,9,26,17,True,12503,19,38,9,0.8577
284,13,ok,4,11,7,True,12552,15,64,4,0.8733
285,13,ok,9,23,14,True,12601,22,34,9,0.8811
286,13,ok,4,12,8,True,12651,18,65,4,0.8694
287,13,ok,9,25,16,True,12700,23,34,9,0.8716
288,13,ok,4,14,10,True,12750,20,59,4,0.8854
289,13,ok,9,32,23,True,12799,16,38,9,0.8872
290,13,ok,4,16,12,True,12849,15,62,4,0.924
291,13,ok,9,30,21,True,12898,18,36,9,0.9078
292,13,ok,4,16,12,True,12948,16,67,4,0.939
293,13,ok,9,24,15,True,12997,22,33,9,0.9563
294,13,ok,4,14,10,True,13047,13,62,4,0.9297
295,13,ok,9,24,15,True,13096,19,35,9,0.9774
296,13,ok,4,10,6,True,13146,15,62,4,0.9356
297,13,ok,9,26,17,True,13196,21,38,9,0.9417
298,13,ok,4,17,13,True,13245,16,65,4,0.9535
299,13,ok,9,29,20,True,13295,16,41,9,0.9716
300,13,ok,4,13,9,True,13344,15,68,4,0.9775
302,13,ok,4,14,10,True,13444,24,65,4,0.9883
301,13,ok,9,20,11,True,13394,20,38,9,1.0077
303,13,ok,9,31,22,True,13494,14,34,9,1.0414
304,13,ok,4,14,10,True,13543,15,63,4,0.9971
305,13,ok,9,23,14,True,13593,20,41,9,1.0166
306,13,ok,4,14,10,True,13644,11,60,4,1.017
307,13,ok,9,29,20,True,13692,19,36,9,1.0166
308,13,ok,4,11,7,True,13742,16,66,4,1.0257
309,13,ok,9,22,13,True,13792,22,34,9,1.1209
310,13,ok,4,13,9,True,13842,24,66,4,1.0533
311,13,ok,9,21,12,True,13892,20,39,9,1.0777
312,13,ok,4,14,10,True,13942,15,67,4,1.0726
313,13,ok,9,24,15,True,13991,17,39,9,1.0618
314,13,ok,4,11,7,True,14041,17,60,4,1.0677
316,13,ok,4,16,12,True,14141,15,70,4,1.0936
315,13,ok,9,33,24,True,14091,17,34,9,1.1562
317,13,ok,9,29,20,True,14191,21,38,9,1.11
318,13,ok,4,16,12,True,14241,16,65,4,1.132
319,13,ok,9,28,19,True,14292,22,36,9,1.1164
320,13,ok,4,12,8,True,14341,18,59,4,1.123
321,13,ok,9,26,17,True,14391,18,36,9,1.1423
322,13,ok,4,9,5,True,14441,16,64,4,1.1789
323,13,ok,9,30,21,True,14491,17,35,9,1.1575
324,13,ok,4,12,8,True,14541,22,66,4,1.1878
325,13,ok,9,33,24,True,14591,22,34,9,1.1601
326,13,ok,4,12,8,True,14641,17,68,4,1.1819
327,13,ok,9,28,19,True,14691,20,34,9,1.2037
328,13,ok,4,15,11,True,14742,18,63,4,1.2404
329,13,ok,9,27,18,True,14792,21,37,9,1.196
330,13,ok,4,13,9,True,14842,17,66,4,1.2127
331,13,ok,9,26,17,True,14892,17,36,9,1.2116
332,13,ok,4,15,11,True,14942,19,63,4,1.2268
333,13,ok,9,26,17,True,14992,20,43,9,1.2917
334,13,ok,4,8,4,True,15043,22,66,4,1.2474
335,13,ok,9,22,13,True,15093,21,36,9,1.2554
336,13,ok,4,12,8,True,15143,15,62,4,1.2901
337,13,ok,9,31,22,True,15193,21,39,9,1.2658
338,13,ok,4,9,5,True,15244,16,68,4,1.2796
340,13,ok,4,14,10,True,15344,13,66,4,1.2973
339,13,ok,9,27,18,True,15294,19,35,9,1.3494
341,13,ok,9,32,23,True,15396,19,43,9,1.3127
342,13,ok,4,11,7,True,15445,18,63,4,1.3216
343,13,ok,9,30,21,True,15495,18,39,9,1.3292
344,13,ok,4,14,10,True,15546,15,62,4,1.328
345,13,ok,9,28,19,True,15596,17,37,9,1.3654
346,13,ok,4,10,6,True,15646,17,68,4,1.3984
347,13,ok,9,27,18,True,15697,18,41,9,1.3791
348,13,ok,4,12,8,True,15747,17,62,4,1.3874
349,13,ok,9,26,17,True,15798,17,35,9,1.4928
350,13,ok,4,14,10,True,15848,14,61,4,1.4352
351,13,ok,9,32,23,True,15898,20,35,9,1.45
352,13,ok,4,13,9,True,15949,18,62,4,1.4739
353,13,ok,9,30,21,True,15999,19,35,9,1.428
354,13,ok,4,10,6,True,16050,17,63,4,1.4413
355,13,ok,9,29,20,True,16100,17,34,9,1.4414
356,13,ok,4,12,8,True,16151,13,72,4,1.4428
357,13,ok,9,27,18,True,16202,24,38,9,1.4709
358,13,ok,4,11,7,True,16252,19,69,4,1.5226
359,13,ok,9,26,17,True,16303,21,42,9,1.4732
360,13,ok,4,11,7,True,16356,13,66,4,1.487
362,13,ok,4,10,6,True,16455,16,70,4,1.5022
361,13,ok,9,23,14,True,16404,21,41,9,1.5889
363,13,ok,9,25,16,True,16505,21,36,9,1.535
364,13,ok,4,12,8,True,16556,15,64,4,1.541
365,13,ok,9,35,26,True,16608,20,41,9,1.5328
366,13,ok,4,10,6,True,16657,18,71,4,1.5831
367,13,ok,9,29,20,True,16708,22,36,9,1.5647
368,13,ok,4,13,9,True,16759,22,62,4,1.6322
369,13,ok,9,30,21,True,16809,14,38,9,1.7901
370,13,ok,4,14,10,True,16860,20,66,4,1.8678
371,13,ok,9,28,19,True,16911,19,38,9,1.8807
372,13,ok,4,12,8,True,16962,15,64,4,2.254
373,13,ok,9,30,21,True,17012,20,35,9,2.3507
374,13,ok,4,12,8,True,17063,21,67,4,2.559
375,13,ok,9,27,18,True,17114,21,37,9,2.9253
376,13,ok,4,10,6,True,17165,24,64,4,2.8042
377,13,ok,9,27,18,True,17216,16,34,9,2.7147
378,13,ok,4,13,9,True,17266,15,64,4,2.4975
379,13,ok,9,34,25,True,17317,25,38,9,2.3111
380,13,ok,4,14,10,True,17368,14,69,4,2.2007
381,13,ok,9,35,26,True,17419,17,38,9,1.7715
382,13,ok,4,11,7,True,17470,22,61,4,1.7379
383,13,ok,9,32,23,True,17521,20,37,9,1.7379
384,13,ok,4,16,12,True,17572,16,62,4,1.7525
385,13,ok,9,30,21,True,17623,26,37,9,1.7851
386,13,ok,4,13,9,True,17674,13,68,4,1.791
387,13,ok,9,27,18,True,17725,21,41,9,1.7692
388,13,ok,4,10,6,True,17776,19,67,4,1.8014
389,13,ok,9,27,18,True,17827,21,40,9,1.9028
390,13,ok,4,12,8,True,17880,22,69,4,1.8378
391,13,ok,9,31,22,True,17929,21,39,9,1.8153
392,13,ok,4,17,13,True,17980,16,66,4,1.814
393,13,ok,9,24,15,True,18031,19,38,9,1.8794
394,13,ok,4,12,8,True,18084,20,70,4,1.8602
395,13,ok,9,26,17,True,18133,19,37,9,1.8657
396,13,ok,4,16,12,True,18184,16,69,4,1.9165
397,13,ok,9,30,21,True,18235,18,40,9,1.9382
398,13,ok,4,12,8,True,18288,15,70,4,1.8849
399,13,ok,9,21,12,True,18337,17,35,9,1.9259
400,13,ok,4,17,13,True,18388,14,72,4,1.9307
401,13,ok,9,24,15,True,18440,16,39,9,1.9195
402,13,ok,4,12,8,True,18492,15,72,4,1.9379
403,13,ok,9,23,14,True,18542,18,41,9,2.0655
404,13,ok,4,13,9,True,18593,22,71,4,1.9523
405,13,ok,9,21,12,True,18644,23,37,9,1.9807
406,13,ok,4,7,3,True,18696,15,70,4,1.9889
407,13,ok,9,27,18,True,18747,21,38,9,1.9899
408,13,ok,4,17,13,True,18798,25,68,4,2.1142
409,13,ok,9,21,12,True,18849,19,36,9,2.0407
410,13,ok,4,13,9,True,18901,26,67,4,2.025
411,13,ok,9,33,24,True,18952,17,36,9,2.0801
412,13,ok,4,13,9,True,19003,28,70,4,2.0714
413,13,ok,9,22,13,True,19054,22,40,9,2.0616
414,13,ok,4,14,10,True,19106,13,67,4,2.1823
415,13,ok,9,27,18,True,19157,20,37,9,2.1044
416,13,ok,4,15,11,True,19208,18,70,4,2.1021
418,13,ok,4,9,5,True,19311,15,70,4,2.1344
417,13,ok,9,25,16,True,19260,18,39,9,2.2366
419,13,ok,9,29,20,True,19362,22,36,9,2.135
420,13,ok,4,10,6,True,19414,16,68,4,2.1941
421,13,ok,9,25,16,True,19465,17,39,9,2.1644
422,13,ok,4,12,8,True,19517,17,68,4,2.1638
423,13,ok,9,26,17,True,19568,27,37,9,2.1954
424,13,ok,4,16,12,True,19620,13,62,4,2.2118
425,13,ok,9,34,25,True,19671,17,41,9,2.2068
426,13,ok,4,15,11,True,19722,16,69,4,2.3462
427,13,ok,9,25,16,True,19774,18,41,9,2.2654
428,13,ok,4,14,10,True,19825,21,76,4,2.2378
429,13,ok,9,25,16,True,19877,20,38,9,2.2676
430,13,ok,4,13,9,True,19928,17,65,4,2.283
431,13,ok,9,31,22,True,19980,17,37,9,2.2804
432,13,ok,4,14,10,True,20031,16,73,4,2.4213
433,13,ok,9,22,13,True,20083,19,42,9,2.3402
434,13,ok,4,14,10,True,20136,22,69,4,2.3162
435,13,ok,9,23,14,True,20186,25,42,9,2.3477
436,13,ok,4,16,12,True,20238,17,69,4,2.3783
437,13,ok,9,28,19,True,20289,18,41,9,2.3507
438,13,ok,4,10,6,True,20341,16,66,4,2.3933
440,13,ok,4,12,8,True,20444,20,68,4,2.3905
439,13,ok,9,24,15,True,20393,29,38,9,2.4405
441,13,ok,9,32,23,True,20496,23,40,9,2.437
442,13,ok,4,11,7,True,20547,17,65,4,2.4398
443,13,ok,9,24,15,True,20599,23,42,9,2.5221
444,13,ok,4,10,6,True,20652,23,72,4,2.5799
445,13,ok,9,21,12,True,20703,21,39,9,2.5313
446,13,ok,4,13,9,True,20754,19,67,4,2.4881
447,13,ok,9,25,16,True,20808,22,39,9,2.5339
448,13,ok,4,13,9,True,20858,22,70,4,2.5125
449,13,ok,9,25,16,True,20909,16,46,9,2.5363
452,13,ok,4,15,11,True,21065,21,69,4,2.57
450,13,ok,4,12,8,True,20961,23,69,4,2.611
451,13,ok,9,23,14,True,21013,20,39,9,2.5992
453,13,ok,9,21,12,True,21116,22,42,9,2.618
454,13,ok,4,12,8,True,21168,15,67,4,2.6609
455,13,ok,9,29,20,True,21220,22,36,9,2.6244
456,13,ok,4,9,5,True,21272,19,68,4,2.6603
458,13,ok,4,11,7,True,21375,19,74,4,2.64
457,13,ok,9,26,17,True,21324,25,39,9,2.7912
459,13,ok,9,28,19,True,21427,22,40,9,2.689
460,13,ok,4,11,7,True,21479,15,65,4,2.6653
461,13,ok,9,22,13,True,21531,21,36,9,2.6844
462,13,ok,4,12,8,True,21583,18,72,4,2.7323
463,13,ok,9,30,21,True,21635,23,37,9,2.7314
464,13,ok,4,13,9,True,21687,19,70,4,2.8105
465,13,ok,9,26,17,True,21739,19,38,9,2.792
466,13,ok,4,13,9,True,21791,14,71,4,2.8515
467,13,ok,9,29,20,True,21843,21,39,9,2.8262
468,13,ok,4,10,6,True,21894,16,73,4,2.8118
469,13,ok,9,27,18,True,21946,22,38,9,2.8553
470,13,ok,4,14,10,True,21998,17,78,4,2.901
471,13,ok,9,30,21,True,22050,22,39,9,2.8751
472,13,ok,4,12,8,True,22102,26,70,4,2.8774
473,13,ok,9,32,23,True,22154,21,42,9,2.9066
474,13,ok,4,15,11,True,22206,21,68,4,2.8847
475,13,ok,9,28,19,True,22258,17,40,9,2.8759
476,13,ok,4,10,6,True,22310,13,66,4,2.9811
477,13,ok,9,30,21,True,22362,16,38,9,3.2248
478,13,ok,4,10,6,True,22416,20,65,4,3.3811
479,13,ok,9,21,12,True,22467,21,42,9,3.3845
481,13,ok,9,25,16,True,22572,18,43,9,4.2937
480,13,ok,4,12,8,True,22519,17,72,4,4.4044
482,13,ok,4,11,7,True,22623,21,67,4,4.7331
483,13,ok,9,25,16,True,22675,20,43,9,5.1774
484,13,ok,4,14,10,True,22728,16,79,4,4.9477
485,13,ok,9,30,21,True,22779,19,38,9,5.0189
486,13,ok,4,18,14,True,22831,19,78,4,5.0594
487,13,ok,9,29,20,True,22883,21,40,9,5.1945
488,13,ok,4,16,12,True,22936,14,68,4,5.2843
489,13,ok,9,21,12,True,22988,19,44,9,5.2598
490,13,ok,4,16,12,True,23040,18,71,4,5.3129
491,13,ok,9,28,19,True,23092,18,42,9,5.2635
492,13,ok,4,11,7,True,23144,21,69,4,5.1976
493,13,ok,9,22,13,True,23197,27,47,9,5.4345
494,13,ok,4,9,5,True,23249,19,71,4,5.1076
495,13,ok,9,25,16,True,23301,23,36,9,5.2863
1,14,ok,13,13,0,True,30,2,3,13,0.0002
2,14,ok,3,3,0,True,52,3,6,3,0.0002
3,14,ok,4,6,2,True,78,4,9,4,0.0003
4,14,ok,4,7,3,True,105,4,11,4,0.0004
5,14,ok,9,14,5,True,134,6,6,9,0.0006
6,14,ok,2,5,3,True,164,4,24,2,0.0007
7,14,ok,10,18,8,True,195,5,5,10,0.0009
8,14,ok,3,7,4,True,227,4,21,3,0.0011
9,14,ok,5,11,6,True,260,4,19,5,0.0013
10,14,ok,4,7,3,True,293,4,14,4,0.0016
11,14,ok,8,11,3,True,327,7,6,8,0.0018
12,14,ok,2,6,4,True,362,5,56,2,0.0021
13,14,ok,13,26,13,True,397,6,8,13,0.0025
14,14,ok,3,6,3,True,432,5,15,3,0.0028
15,14,ok,4,9,5,True,468,7,20,4,0.0032
16,14,ok,4,7,3,True,504,5,25,4,0.0035
17,14,ok,9,21,12,True,540,8,9,9,0.0039
18,14,ok,2,5,3,True,577,5,35,2,0.0044
19,14,ok,10,19,9,True,614,11,10,10,0.0048
20,14,ok,3,8,5,True,652,8,36,3,0.0053
21,14,ok,5,11,6,True,690,13,21,5,0.0052
22,14,ok,4,6,2,True,728,6,16,4,0.0063
23,14,ok,8,14,6,True,767,10,12,8,0.0069
24,14,ok,2,6,4,True,804,5,76,2,0.0076
25,14,ok,13,29,16,True,843,9,13,13,0.0081
26,14,ok,3,9,6,True,882,8,19,3,0.0088
27,14,ok,4,8,4,True,921,12,23,4,0.0096
28,14,ok,4,16,12,True,962,6,31,4,0.0104
29,14,ok,9,14,5,True,1001,13,11,9,0.0111
30,14,ok,2,6,4,True,1040,6,43,2,0.012
31,14,ok,10,18,8,True,1080,8,12,10,0.0127
32,14,ok,3,6,3,True,1120,16,37,3,0.0135
33,14,ok,5,8,3,True,1161,12,26,5,0.0144
34,14,ok,4,9,5,True,1201,7,19,4,0.0152
35,14,ok,8,18,10,True,1242,11,12,8,0.0162
36,14,ok,2,6,4,True,1283,6,83,2,0.0173
37,14,ok,13,33,20,True,1324,10,13,13,0.0183
38,14,ok,3,7,4,True,1365,19,18,3,0.0192
39,14,ok,4,9,5,True,1406,8,27,4,0.0205
40,14,ok,4,13,9,True,1447,9,34,4,0.0216
41,14,ok,9,15,6,True,1489,12,14,9,0.0228
42,14,ok,2,5,3,True,1531,7,56,2,0.0239
43,14,ok,10,23,13,True,1573,12,12,10,0.0251
44,14,ok,3,7,4,True,1614,9,40,3,0.0264
45,14,ok,5,18,13,True,1657,8,28,5,0.0277
46,14,ok,4,11,7,True,1699,10,23,4,0.0235
496,13,ok,4,12,8,True,23353,19,69,4,5.6108
47,14,ok,8,20,12,True,1741,14,16,8,0.0205
48,14,ok,2,6,4,True,1784,8,96,2,0.032
49,14,ok,13,31,18,True,1826,9,15,13,0.0222
51,14,ok,4,16,12,True,1912,16,29,4,0.025
50,14,ok,3,8,5,True,1869,10,22,3,0.0349
497,13,ok,9,24,15,True,23406,27,39,9,5.5166
52,14,ok,4,9,5,True,1955,7,42,4,0.0243
53,14,ok,9,18,9,True,1998,15,16,9,0.0392
54,14,ok,2,5,3,True,2041,10,65,2,0.0395
55,14,ok,10,23,13,True,2084,12,17,10,0.0272
58,14,ok,4,10,6,True,2214,9,26,4,0.0295
56,14,ok,3,8,5,True,2127,9,43,3,0.0437
57,14,ok,5,10,5,True,2171,11,31,5,0.0446
59,14,ok,8,18,10,True,2258,16,15,8,0.031
60,14,ok,2,7,5,True,2301,8,127,2,0.0513
61,14,ok,13,32,19,True,2345,10,16,13,0.0516
62,14,ok,3,9,6,True,2389,10,27,3,0.0531
63,14,ok,4,12,8,True,2433,14,31,4,0.0584
64,14,ok,4,12,8,True,2477,9,48,4,0.0574
65,14,ok,9,23,14,True,2522,10,15,9,0.0395
68,14,ok,3,10,7,True,2654,11,45,3,0.0457
66,14,ok,2,5,3,True,2566,11,56,2,0.0636
67,14,ok,10,29,19,True,2610,13,15,10,0.0629
69,14,ok,5,12,7,True,2699,11,35,5,0.0453
70,14,ok,4,12,8,True,2743,11,27,4,0.0724
71,14,ok,8,14,6,True,2788,17,15,8,0.0713
72,14,ok,2,7,5,True,2833,8,119,2,0.0639
73,14,ok,13,33,20,True,2878,10,17,13,0.0769
74,14,ok,3,9,6,True,2922,14,24,3,0.0775
75,14,ok,4,10,6,True,2967,14,36,4,0.0803
76,14,ok,4,11,7,True,3012,11,45,4,0.0615
77,14,ok,9,25,16,True,3057,14,17,9,0.0849
78,14,ok,2,4,2,True,3103,13,67,2,0.0872
79,14,ok,10,32,22,True,3148,14,15,10,0.0634
80,14,ok,3,10,7,True,3193,11,43,3,0.0938
82,14,ok,4,10,6,True,3284,9,24,4,0.0739
81,14,ok,5,19,14,True,3239,8,36,5,0.0989
83,14,ok,8,20,12,True,3330,12,15,8,0.1013
84,14,ok,2,5,3,True,3375,11,117,2,0.0999
85,14,ok,13,33,20,True,3421,14,19,13,0.1092
86,14,ok,3,12,9,True,3466,11,27,3,0.109
87,14,ok,4,10,6,True,3512,16,36,4,0.1144
88,14,ok,4,12,8,True,3558,11,52,4,0.1136
89,14,ok,9,18,9,True,3604,16,17,9,0.0928
90,14,ok,2,8,6,True,3650,9,66,2,0.1189
91,14,ok,10,22,12,True,3696,13,17,10,0.123
92,14,ok,3,8,5,True,3744,15,42,3,0.0845
93,14,ok,5,14,9,True,3788,9,34,5,0.1328
94,14,ok,4,9,5,True,3835,13,26,4,0.1318
95,14,ok,8,20,12,True,3881,33,17,8,0.1342
96,14,ok,2,6,4,True,3927,6,117,2,0.1425
97,14,ok,13,34,21,True,3973,11,18,13,0.1406
98,14,ok,3,8,5,True,4020,17,26,3,0.1437
99,14,ok,4,7,3,True,4066,11,39,4,0.152
100,14,ok,4,15,11,True,4113,11,49,4,0.1512
101,14,ok,9,22,13,True,4160,15,18,9,0.1538
102,14,ok,2,4,2,True,4206,11,67,2,0.1631
103,14,ok,10,22,12,True,4253,20,16,10,0.1555
104,14,ok,3,6,3,True,4300,11,51,3,0.1525
105,14,ok,5,16,11,True,4346,10,34,5,0.166
106,14,ok,4,12,8,True,4393,10,27,4,0.157
107,14,ok,8,17,9,True,4440,15,17,8,0.149
108,14,ok,2,6,4,True,4487,8,123,2,0.1841
109,14,ok,13,40,27,True,4534,15,18,13,0.1823
110,14,ok,3,7,4,True,4581,17,27,3,0.1869
111,14,ok,4,13,9,True,4628,15,44,4,0.1985
112,14,ok,4,9,5,True,4675,8,48,4,0.1935
113,14,ok,9,18,9,True,4723,17,17,9,0.2001
498,13,ok,4,9,5,True,23458,25,76,4,5.5279
115,14,ok,10,26,16,True,4817,18,16,10,0.207
114,14,ok,2,5,3,True,4771,15,70,2,0.2116
116,14,ok,3,8,5,True,4865,16,58,3,0.2131
117,14,ok,5,13,8,True,4912,14,36,5,0.2041
118,14,ok,4,11,7,True,4959,13,33,4,0.2077
499,13,ok,9,38,29,True,23510,18,35,9,5.3339
119,14,ok,8,16,8,True,5007,18,20,8,0.2314
120,14,ok,2,8,6,True,5055,11,127,2,0.2301
121,14,ok,13,33,20,True,5102,16,18,13,0.232
122,14,ok,3,10,7,True,5150,16,29,3,0.2371
123,14,ok,4,11,7,True,5197,14,43,4,0.2425
124,14,ok,4,9,5,True,5245,13,50,4,0.2544
125,14,ok,9,21,12,True,5293,15,21,9,0.2527
126,14,ok,2,6,4,True,5341,14,71,2,0.2549
127,14,ok,10,23,13,True,5389,15,19,10,0.2588
128,14,ok,3,5,2,True,5437,13,50,3,0.2643
129,14,ok,5,9,4,True,5486,12,43,5,0.2792
130,14,ok,4,13,9,True,5532,16,28,4,0.275
500,13,ok,4,13,9,True,23562,16,69,4,5.4523
131,14,ok,8,17,9,True,5581,16,17,8,0.2765
132,14,ok,2,5,3,True,5629,12,141,2,0.2824
133,14,ok,13,38,25,True,5677,12,18,13,0.2887
134,14,ok,3,9,6,True,5725,15,29,3,0.3018
135,14,ok,4,11,7,True,5773,10,43,4,0.2996
136,14,ok,4,15,11,True,5821,15,55,4,0.3042
137,14,ok,9,23,14,True,5870,17,19,9,0.3073
138,14,ok,2,9,7,True,5918,12,80,2,0.3134
139,14,ok,10,21,11,True,5967,15,21,10,0.3179
140,14,ok,3,7,4,True,6015,11,50,3,0.3339
141,14,ok,5,15,10,True,6063,14,42,5,0.3312
142,14,ok,4,13,9,True,6112,10,31,4,0.3355
143,14,ok,8,22,14,True,6162,22,17,8,0.3383
144,14,ok,2,5,3,True,6209,10,133,2,0.3435
145,14,ok,13,33,20,True,6257,14,20,13,0.35
147,14,ok,4,9,5,True,6357,15,54,4,0.3576
146,14,ok,3,8,5,True,6306,13,29,3,0.3668
148,14,ok,4,9,5,True,6403,11,54,4,0.3672
149,14,ok,9,24,15,True,6452,17,20,9,0.3682
150,14,ok,2,6,4,True,6501,14,70,2,0.3764
151,14,ok,10,28,18,True,6550,14,16,10,0.3828
152,14,ok,3,9,6,True,6598,16,51,3,0.389
153,14,ok,5,12,7,True,6647,14,42,5,0.405
154,14,ok,4,12,8,True,6696,10,32,4,0.4013
155,14,ok,8,24,16,True,6745,22,17,8,0.3881
156,14,ok,2,4,2,True,6794,15,137,2,0.3712
157,14,ok,13,29,16,True,6843,19,20,13,0.4246
158,14,ok,3,6,3,True,6892,13,31,3,0.4296
159,14,ok,4,16,12,True,6941,19,42,4,0.4396
160,14,ok,4,13,9,True,6990,13,53,4,0.4466
161,14,ok,9,21,12,True,7040,18,20,9,0.4165
162,14,ok,2,6,4,True,7089,15,77,2,0.4173
163,14,ok,10,25,15,True,7138,22,22,10,0.463
164,14,ok,3,8,5,True,7189,12,58,3,0.4685
165,14,ok,5,13,8,True,7237,15,46,5,0.4769
166,14,ok,4,10,6,True,7286,15,34,4,0.4831
167,14,ok,8,19,11,True,7335,22,20,8,0.4416
168,14,ok,2,6,4,True,7385,15,145,2,0.4352
169,14,ok,13,30,17,True,7436,15,18,13,0.4945
170,14,ok,3,8,5,True,7484,14,33,3,0.5048
171,14,ok,4,13,9,True,7533,26,46,4,0.4986
172,14,ok,4,8,4,True,7583,12,57,4,0.5087
173,14,ok,9,21,12,True,7632,23,19,9,0.4931
174,14,ok,2,5,3,True,7682,16,86,2,0.5091
175,14,ok,10,27,17,True,7731,23,20,10,0.526
176,14,ok,3,8,5,True,7781,22,54,3,0.5458
177,14,ok,5,14,9,True,7831,12,42,5,0.5431
178,14,ok,4,12,8,True,7880,13,34,4,0.5111
179,14,ok,8,18,10,True,7930,24,19,8,0.5492
180,14,ok,2,8,6,True,7982,14,157,2,0.5564
181,14,ok,13,37,24,True,8030,14,21,13,0.548
182,14,ok,3,11,8,True,8080,14,35,3,0.5898
183,14,ok,4,14,10,True,8130,13,51,4,0.5894
184,14,ok,4,10,6,True,8179,12,63,4,0.5855
185,14,ok,9,25,16,True,8229,26,20,9,0.591
186,14,ok,2,3,1,True,8279,18,77,2,0.5886
187,14,ok,10,25,15,True,8329,18,22,10,0.6097
188,14,ok,3,9,6,True,8379,12,57,3,0.6285
189,14,ok,5,12,7,True,8429,19,47,5,0.6224
190,14,ok,4,11,7,True,8479,15,35,4,0.6332
191,14,ok,8,24,16,True,8529,17,23,8,0.649
192,14,ok,2,6,4,True,8580,18,142,2,0.6643
193,14,ok,13,32,19,True,8630,17,21,13,0.6577
194,14,ok,3,11,8,True,8680,19,32,3,0.6577
195,14,ok,4,9,5,True,8730,12,57,4,0.6724
196,14,ok,4,11,7,True,8780,10,58,4,0.6481
197,14,ok,9,18,9,True,8831,20,20,9,0.7081
198,14,ok,2,9,7,True,8881,13,82,2,0.6851
199,14,ok,10,23,13,True,8931,25,21,10,0.7027
201,14,ok,5,15,10,True,9032,14,50,5,0.6639
200,14,ok,3,7,4,True,8982,12,58,3,0.7049
202,14,ok,4,10,6,True,9082,16,33,4,0.7427
203,14,ok,8,28,20,True,9133,16,19,8,0.7359
204,14,ok,2,8,6,True,9183,9,155,2,0.7119
205,14,ok,13,29,16,True,9234,18,22,13,0.7106
207,14,ok,4,15,11,True,9335,15,46,4,0.7601
206,14,ok,3,11,8,True,9284,12,34,3,0.7659
208,14,ok,4,11,7,True,9385,13,64,4,0.7735
209,14,ok,9,34,25,True,9436,14,19,9,0.7707
210,14,ok,2,5,3,True,9487,13,79,2,0.789
211,14,ok,10,26,16,True,9537,19,19,10,0.7727
212,14,ok,3,8,5,True,9588,15,64,3,0.8235
213,14,ok,5,19,14,True,9639,18,48,5,0.8415
214,14,ok,4,14,10,True,9689,13,33,4,0.7852
215,14,ok,8,21,13,True,9740,21,21,8,0.757
216,14,ok,2,6,4,True,9791,19,159,2,0.7756
217,14,ok,13,44,31,True,9842,17,22,13,0.8594
219,14,ok,4,10,6,True,9945,19,45,4,0.7691
218,14,ok,3,7,4,True,9893,25,32,3,0.8898
222,14,ok,2,8,6,True,10096,10,88,2,0.6956
220,14,ok,4,13,9,True,9994,14,66,4,0.8855
221,14,ok,9,20,11,True,10045,19,25,9,0.8915
223,14,ok,10,20,10,True,10147,23,21,10,0.8878
224,14,ok,3,14,11,True,10198,16,63,3,0.7322
227,14,ok,8,21,13,True,10351,18,21,8,0.8137
226,14,ok,4,12,8,True,10300,17,35,4,0.8294
225,14,ok,5,13,8,True,10249,17,46,5,0.9544
228,14,ok,2,3,1,True,10402,18,156,2,0.9613
230,14,ok,3,7,4,True,10504,15,34,3,0.8819
229,14,ok,13,30,17,True,10453,20,24,13,0.9594
231,14,ok,4,8,4,True,10556,27,45,4,0.9561
232,14,ok,4,14,10,True,10608,18,59,4,0.9888
233,14,ok,9,28,19,True,10658,17,25,9,0.9873
234,14,ok,2,6,4,True,10709,10,86,2,1.0005
235,14,ok,10,29,19,True,10760,16,22,10,1.0337
236,14,ok,3,10,7,True,10812,18,66,3,1.046
238,14,ok,4,11,7,True,10914,17,37,4,0.9771
237,14,ok,5,16,11,True,10863,20,45,5,1.0493
239,14,ok,8,19,11,True,10965,20,24,8,1.0914
240,14,ok,2,6,4,True,11017,19,143,2,1.0797
241,14,ok,13,37,24,True,11068,20,19,13,0.9805
242,14,ok,3,7,4,True,11120,13,35,3,1.0993
243,14,ok,4,11,7,True,11171,13,46,4,1.1145
244,14,ok,4,10,6,True,11222,15,60,4,1.0819
245,14,ok,9,13,4,True,11274,23,22,9,1.1324
246,14,ok,2,5,3,True,11325,13,83,2,1.1016
247,14,ok,10,24,14,True,11377,26,21,10,1.1007
248,14,ok,3,10,7,True,11428,12,64,3,1.1286
250,14,ok,4,11,7,True,11531,18,40,4,1.124
249,14,ok,5,11,6,True,11480,12,49,5,1.1774
251,14,ok,8,23,15,True,11583,14,20,8,1.1697
252,14,ok,2,6,4,True,11635,13,167,2,1.2003
253,14,ok,13,38,25,True,11686,14,23,13,1.2078
254,14,ok,3,12,9,True,11738,19,33,3,1.2117
255,14,ok,4,12,8,True,11790,12,48,4,1.2579
256,14,ok,4,13,9,True,11843,19,63,4,1.2261
257,14,ok,9,26,17,True,11895,20,23,9,1.2297
258,14,ok,2,8,6,True,11945,18,92,2,1.2642
259,14,ok,10,27,17,True,11997,26,22,10,1.2632
260,14,ok,3,12,9,True,12048,15,71,3,1.2754
262,14,ok,4,15,11,True,12152,14,34,4,1.3059
261,14,ok,5,9,4,True,12100,25,52,5,1.3449
263,14,ok,8,22,14,True,12204,22,20,8,1.3137
264,14,ok,2,7,5,True,12256,12,160,2,1.3471
265,14,ok,13,35,22,True,12308,23,22,13,1.3448
266,14,ok,3,7,4,True,12359,17,35,3,1.3169
267,14,ok,4,13,9,True,12411,20,50,4,1.3615
268,14,ok,4,20,16,True,12463,14,65,4,1.4285
269,14,ok,9,21,12,True,12515,18,23,9,1.3629
270,14,ok,2,6,4,True,12567,8,93,2,1.4042
271,14,ok,10,31,21,True,12619,21,22,10,1.4291
272,14,ok,3,8,5,True,12671,14,59,3,1.4206
273,14,ok,5,15,10,True,12723,15,50,5,1.4372
274,14,ok,4,11,7,True,12775,17,35,4,1.4838
275,14,ok,8,21,13,True,12828,24,20,8,1.4493
276,14,ok,2,5,3,True,12880,13,160,2,1.4189
277,14,ok,13,35,22,True,12932,15,23,13,1.4581
278,14,ok,3,9,6,True,12984,24,40,3,1.4499
279,14,ok,4,7,3,True,13036,16,49,4,1.4878
280,14,ok,4,12,8,True,13088,13,64,4,1.5234
281,14,ok,9,23,14,True,13141,25,20,9,1.5664
282,14,ok,2,5,3,True,13193,26,98,2,1.5505
283,14,ok,10,23,13,True,13247,19,25,10,1.5311
284,14,ok,3,9,6,True,13297,14,63,3,1.598
285,14,ok,5,13,8,True,13350,21,47,5,1.5949
287,14,ok,8,19,11,True,13455,22,23,8,1.4978
286,14,ok,4,13,9,True,13403,18,38,4,1.6256
288,14,ok,2,4,2,True,13506,13,162,2,1.6013
289,14,ok,13,34,21,True,13559,24,22,13,1.6052
290,14,ok,3,9,6,True,13611,15,36,3,1.6635
291,14,ok,4,15,11,True,13664,15,50,4,1.6708
293,14,ok,9,29,20,True,13768,20,20,9,1.7055
292,14,ok,4,15,11,True,13716,17,67,4,1.7166
294,14,ok,2,10,8,True,13821,13,88,2,1.6511
295,14,ok,10,33,23,True,13873,18,24,10,1.6059
296,14,ok,3,9,6,True,13926,22,63,3,1.7167
297,14,ok,5,13,8,True,13978,16,47,5,1.7534
298,14,ok,4,10,6,True,14031,17,41,4,1.6899
299,14,ok,8,18,10,True,14083,21,24,8,1.7374
300,14,ok,2,4,2,True,14136,18,164,2,1.7343
301,14,ok,13,36,23,True,14189,18,23,13,1.724
302,14,ok,3,13,10,True,14241,15,37,3,1.8137
303,14,ok,4,9,5,True,14294,27,55,4,1.7203
304,14,ok,4,14,10,True,14346,17,65,4,1.9018
305,14,ok,9,29,20,True,14399,20,25,9,1.8602
306,14,ok,2,7,5,True,14452,13,105,2,1.8536
307,14,ok,10,27,17,True,14504,30,21,10,1.8484
308,14,ok,3,7,4,True,14557,14,64,3,1.8877
309,14,ok,5,17,12,True,14610,20,52,5,1.8195
310,14,ok,4,9,5,True,14664,22,37,4,1.7544
311,14,ok,8,19,11,True,14715,21,23,8,1.8803
312,14,ok,2,8,6,True,14768,13,163,2,1.9381
313,14,ok,13,40,27,True,14821,18,25,13,1.9592
314,14,ok,3,7,4,True,14874,15,35,3,1.9876
315,14,ok,4,9,5,True,14927,19,54,4,1.9758
316,14,ok,4,10,6,True,14979,22,63,4,1.9225
317,14,ok,9,28,19,True,15032,20,22,9,1.9565
318,14,ok,2,11,9,True,15085,12,98,2,1.8862
319,14,ok,10,21,11,True,15138,23,24,10,2.036
320,14,ok,3,9,6,True,15191,21,62,3,2.0033
321,14,ok,5,18,13,True,15244,13,47,5,2.0866
322,14,ok,4,10,6,True,15297,18,37,4,2.0018
323,14,ok,8,17,9,True,15350,23,23,8,2.1038
324,14,ok,2,5,3,True,15405,14,167,2,2.0993
325,14,ok,13,37,24,True,15456,19,22,13,2.1057
326,14,ok,3,7,4,True,15509,21,38,3,2.0242
327,14,ok,4,14,10,True,15562,14,52,4,2.1726
328,14,ok,4,11,7,True,15615,25,68,4,2.1802
329,14,ok,9,29,20,True,15668,30,22,9,2.1369
330,14,ok,2,9,7,True,15721,8,96,2,2.1944
331,14,ok,10,23,13,True,15774,22,26,10,2.1391
332,14,ok,3,8,5,True,15827,23,70,3,2.1962
333,14,ok,5,16,11,True,15880,14,58,5,2.2643
334,14,ok,4,13,9,True,15934,19,39,4,2.2273
335,14,ok,8,17,9,True,15987,20,24,8,2.3034
336,14,ok,2,9,7,True,16040,14,173,2,2.3199
337,14,ok,13,35,22,True,16094,17,22,13,2.2566
338,14,ok,3,6,3,True,16146,18,38,3,2.3322
339,14,ok,4,14,10,True,16199,15,56,4,2.3221
340,14,ok,4,17,13,True,16253,17,63,4,2.371
341,14,ok,9,26,17,True,16306,28,22,9,2.4096
342,14,ok,2,7,5,True,16359,16,95,2,2.3279
343,14,ok,10,30,20,True,16413,23,22,10,2.4346
344,14,ok,3,10,7,True,16466,24,67,3,2.4352
345,14,ok,5,17,12,True,16519,19,56,5,2.4376
346,14,ok,4,17,13,True,16573,16,38,4,2.3461
347,14,ok,8,19,11,True,16627,39,24,8,2.5028
348,14,ok,2,6,4,True,16679,15,177,2,2.4979
349,14,ok,13,48,35,True,16733,25,26,13,2.387
350,14,ok,3,9,6,True,16786,19,37,3,2.5352
351,14,ok,4,10,6,True,16839,31,59,4,2.594
352,14,ok,4,13,9,True,16893,22,66,4,2.5565
353,14,ok,9,26,17,True,16946,27,29,9,2.4874
354,14,ok,2,7,5,True,17000,15,106,2,2.5718
355,14,ok,10,24,14,True,17053,24,24,10,2.5271
356,14,ok,3,9,6,True,17108,23,67,3,2.5369
357,14,ok,5,13,8,True,17160,15,60,5,2.6063
358,14,ok,4,15,11,True,17214,22,39,4,2.6129
359,14,ok,8,22,14,True,17267,22,25,8,2.673
360,14,ok,2,7,5,True,17321,15,172,2,2.7067
361,14,ok,13,40,27,True,17374,20,25,13,2.7526
362,14,ok,3,9,6,True,17428,31,41,3,2.7611
364,14,ok,4,14,10,True,17535,20,71,4,2.7008
363,14,ok,4,7,3,True,17482,17,54,4,2.8655
365,14,ok,9,27,18,True,17589,29,23,9,2.7243
366,14,ok,2,7,5,True,17642,22,94,2,2.7435
367,14,ok,10,28,18,True,17696,25,23,10,2.8081
368,14,ok,3,12,9,True,17750,19,66,3,2.8584
369,14,ok,5,13,8,True,17803,20,52,5,2.8339
370,14,ok,4,14,10,True,17857,21,38,4,2.9038
371,14,ok,8,32,24,True,17911,27,26,8,2.8185
372,14,ok,2,4,2,True,17966,19,180,2,2.8682
373,14,ok,13,38,25,True,18018,18,24,13,2.9707
374,14,ok,3,9,6,True,18072,35,40,3,2.8381
375,14,ok,4,10,6,True,18126,21,55,4,2.9685
376,14,ok,4,11,7,True,18180,20,68,4,2.8985
377,14,ok,9,21,12,True,18234,19,23,9,2.9427
378,14,ok,2,6,4,True,18287,14,93,2,3.0876
379,14,ok,10,21,11,True,18341,22,25,10,3.0791
380,14,ok,3,8,5,True,18395,38,73,3,3.0654
381,14,ok,5,15,10,True,18449,18,55,5,3.0519
382,14,ok,4,11,7,True,18503,20,45,4,3.0991
383,14,ok,8,24,16,True,18557,21,27,8,3.0906
384,14,ok,2,4,2,True,18611,19,175,2,3.2387
385,14,ok,13,36,23,True,18664,18,26,13,3.1173
386,14,ok,3,9,6,True,18720,19,44,3,3.1938
387,14,ok,4,9,5,True,18772,15,62,4,3.0323
388,14,ok,4,12,8,True,18826,17,70,4,3.2055
389,14,ok,9,25,16,True,18880,33,23,9,3.1952
390,14,ok,2,5,3,True,18934,19,96,2,3.2325
391,14,ok,10,27,17,True,18988,22,23,10,3.1038
392,14,ok,3,10,7,True,19045,18,76,3,3.2908
393,14,ok,5,15,10,True,19096,19,57,5,3.3579
394,14,ok,4,14,10,True,19150,16,41,4,3.3373
395,14,ok,8,21,13,True,19204,25,24,8,3.3262
396,14,ok,2,6,4,True,19258,13,173,2,3.4615
397,14,ok,13,30,17,True,19313,17,28,13,3.4431
398,14,ok,3,10,7,True,19367,12,40,3,3.3917
399,14,ok,4,8,4,True,19421,21,58,4,3.3805
400,14,ok,4,13,9,True,19475,13,69,4,3.4122
401,14,ok,9,21,12,True,19529,30,26,9,3.5011
402,14,ok,2,8,6,True,19583,14,99,2,3.389
403,14,ok,10,26,16,True,19637,21,24,10,3.4627
404,14,ok,3,9,6,True,19691,25,68,3,3.6099
405,14,ok,5,16,11,True,19747,17,51,5,3.5438
406,14,ok,4,11,7,True,19800,13,45,4,3.5047
407,14,ok,8,26,18,True,19854,31,23,8,3.6095
408,14,ok,2,7,5,True,19908,14,185,2,3.7002
409,14,ok,13,33,20,True,19963,29,27,13,3.6062
410,14,ok,3,7,4,True,20017,28,41,3,3.5981
411,14,ok,4,15,11,True,20072,20,59,4,3.7219
412,14,ok,4,14,10,True,20125,12,70,4,3.5438
413,14,ok,9,30,21,True,20180,22,23,9,3.7249
414,14,ok,2,7,5,True,20234,15,100,2,3.746
415,14,ok,10,32,22,True,20288,20,22,10,3.7304
416,14,ok,3,10,7,True,20343,21,67,3,3.7347
417,14,ok,5,13,8,True,20397,17,60,5,3.8812
418,14,ok,4,14,10,True,20451,12,40,4,3.8223
419,14,ok,8,21,13,True,20506,30,23,8,3.7614
420,14,ok,2,5,3,True,20560,22,180,2,3.8798
421,14,ok,13,38,25,True,20615,23,25,13,3.8543
422,14,ok,3,12,9,True,20670,16,41,3,3.9375
423,14,ok,4,15,11,True,20723,30,65,4,3.8057
424,14,ok,4,9,5,True,20778,17,66,4,3.8636
425,14,ok,9,25,16,True,20832,25,24,9,3.9596
426,14,ok,2,5,3,True,20887,18,98,2,3.8833
427,14,ok,10,35,25,True,20943,21,25,10,4.0702
428,14,ok,3,9,6,True,20996,16,76,3,4.079
429,14,ok,5,13,8,True,21050,18,53,5,4.0764
430,14,ok,4,11,7,True,21105,21,43,4,4.0889
431,14,ok,8,21,13,True,21159,25,22,8,4.0319
432,14,ok,2,7,5,True,21216,13,180,2,4.0918
433,14,ok,13,40,27,True,21268,24,25,13,4.0061
434,14,ok,3,6,3,True,21323,18,40,3,4.1251
435,14,ok,4,11,7,True,21377,21,59,4,4.2559
436,14,ok,4,7,3,True,21432,25,68,4,4.1253
437,14,ok,9,25,16,True,21487,24,24,9,4.162
438,14,ok,2,7,5,True,21541,20,103,2,4.1458
439,14,ok,10,25,15,True,21596,23,23,10,3.9668
440,14,ok,3,10,7,True,21651,28,75,3,3.6286
441,14,ok,5,17,12,True,21705,21,62,5,3.1936
442,14,ok,4,14,10,True,21760,16,41,4,3.2248
443,14,ok,8,21,13,True,21815,19,26,8,2.9684
444,14,ok,2,4,2,True,21869,24,187,2,2.5829
445,14,ok,13,39,26,True,21924,21,25,13,2.6398
446,14,ok,3,9,6,True,21979,12,49,3,2.6342
447,14,ok,4,9,5,True,22035,26,61,4,2.6839
448,14,ok,4,12,8,True,22088,27,71,4,2.7904
449,14,ok,9,27,18,True,22143,19,25,9,3.1562
450,14,ok,2,5,3,True,22198,17,105,2,3.4591
451,14,ok,10,29,19,True,22252,23,27,10,3.6804
452,14,ok,3,10,7,True,22308,26,74,3,4.181
453,14,ok,5,17,12,True,22362,22,57,5,4.5729
454,14,ok,4,15,11,True,22417,27,37,4,4.6046
455,14,ok,8,22,14,True,22472,22,25,8,4.6766
456,14,ok,2,6,4,True,22526,19,181,2,4.7602
457,14,ok,13,46,33,True,22581,25,24,13,4.6127
458,14,ok,3,11,8,True,22636,17,38,3,4.6144
459,14,ok,4,19,15,True,22691,22,58,4,4.6843
460,14,ok,4,13,9,True,22746,15,69,4,4.7742
461,14,ok,9,27,18,True,22801,28,24,9,4.8128
462,14,ok,2,6,4,True,22856,15,101,2,4.922
463,14,ok,10,25,15,True,22911,28,24,10,4.9065
464,14,ok,3,7,4,True,22966,33,74,3,4.9664
465,14,ok,5,20,15,True,23020,20,56,5,4.9972
466,14,ok,4,12,8,True,23075,19,39,4,4.8818
467,14,ok,8,18,10,True,23130,32,25,8,4.9523
468,14,ok,2,6,4,True,23185,23,187,2,5.1579
469,14,ok,13,40,27,True,23240,23,24,13,5.0391
470,14,ok,3,10,7,True,23296,28,41,3,5.0008
471,14,ok,4,13,9,True,23350,19,54,4,4.9864
472,14,ok,4,19,15,True,23405,23,71,4,4.9494
473,14,ok,9,19,10,True,23460,29,25,9,5.0048
474,14,ok,2,6,4,True,23517,20,109,2,5.1775
475,14,ok,10,33,23,True,23570,25,25,10,5.1715
476,14,ok,3,10,7,True,23626,22,75,3,5.1983
477,14,ok,5,16,11,True,23681,15,56,5,5.1929
478,14,ok,4,12,8,True,23736,18,36,4,5.3364
479,14,ok,8,25,17,True,23791,32,27,8,5.2084
480,14,ok,2,6,4,True,23846,18,185,2,5.2171
481,14,ok,13,39,26,True,23901,23,26,13,5.3007
482,14,ok,3,7,4,True,23956,22,41,3,5.2633
483,14,ok,4,8,4,True,24011,17,59,4,5.3812
484,14,ok,4,17,13,True,24066,18,69,4,5.3204
485,14,ok,9,25,16,True,24122,23,28,9,5.3136
486,14,ok,2,5,3,True,24177,16,102,2,5.4168
487,14,ok,10,35,25,True,24232,32,28,10,5.4731
488,14,ok,3,8,5,True,24287,23,69,3,5.4684
489,14,ok,5,12,7,True,24342,25,59,5,5.3599
490,14,ok,4,13,9,True,24398,16,48,4,5.4635
491,14,ok,8,21,13,True,24453,35,25,8,5.3362
492,14,ok,2,10,8,True,24508,12,190,2,4.5562
493,14,ok,13,40,27,True,24563,17,23,13,4.5956
494,14,ok,3,7,4,True,24619,22,41,3,4.0881
495,14,ok,4,10,6,True,24674,24,57,4,3.6713
1,15,ok,14,14,0,True,32,2,3,14,0.0001
2,15,ok,6,7,1,True,56,3,7,6,0.0001
3,15,ok,6,11,5,True,84,2,11,6,0.0002
4,15,ok,8,22,14,True,112,4,8,8,0.0003
5,15,ok,10,15,5,True,143,5,6,10,0.0003
6,15,ok,4,6,2,True,175,4,24,4,0.0004
7,15,ok,14,26,12,True,207,4,6,14,0.0005
8,15,ok,6,9,3,True,241,5,11,6,0.0006
9,15,ok,6,13,7,True,276,7,17,6,0.0008
10,15,ok,8,16,8,True,311,5,15,8,0.0009
11,15,ok,10,16,6,True,347,6,8,10,0.0011
12,15,ok,4,10,6,True,383,6,32,4,0.0012
13,15,ok,14,26,12,True,420,6,10,14,0.0014
14,15,ok,6,10,4,True,458,8,14,6,0.0016
15,15,ok,6,16,10,True,496,5,17,6,0.0018
16,15,ok,8,18,10,True,534,7,14,8,0.002
17,15,ok,10,20,10,True,573,8,8,10,0.0023
18,15,ok,4,11,7,True,611,6,34,4,0.0025
19,15,ok,14,32,18,True,651,8,11,14,0.0028
20,15,ok,6,14,8,True,690,11,17,6,0.0031
21,15,ok,6,14,8,True,730,6,22,6,0.0034
22,15,ok,8,13,5,True,770,8,17,8,0.0037
23,15,ok,10,21,11,True,812,11,12,10,0.004
24,15,ok,4,10,6,True,852,5,47,4,0.0044
25,15,ok,14,26,12,True,893,7,12,14,0.0048
26,15,ok,6,11,5,True,934,7,18,6,0.0052
27,15,ok,6,16,10,True,975,6,25,6,0.0056
28,15,ok,8,13,5,True,1017,8,21,8,0.0066
29,15,ok,10,20,10,True,1059,11,11,10,0.0065
30,15,ok,4,10,6,True,1101,9,49,4,0.0067
31,15,ok,14,28,14,True,1143,9,14,14,0.0072
32,15,ok,6,15,9,True,1185,8,22,6,0.0081
33,15,ok,6,13,7,True,1228,9,28,6,0.0084
34,15,ok,8,16,8,True,1271,10,18,8,0.0145
35,15,ok,10,20,10,True,1314,14,13,10,0.016
36,15,ok,4,8,4,True,1357,10,64,4,0.0105
37,15,ok,14,37,23,True,1400,12,12,14,0.0112
38,15,ok,6,20,14,True,1444,10,23,6,0.0118
39,15,ok,6,14,8,True,1487,9,31,6,0.0122
40,15,ok,8,19,11,True,1531,10,23,8,0.0131
41,15,ok,10,19,9,True,1575,14,15,10,0.0137
496,14,ok,4,10,6,True,24729,18,70,4,3.5788
42,15,ok,4,11,7,True,1619,6,49,4,0.0145
43,15,ok,14,37,23,True,1663,9,15,14,0.0143
44,15,ok,6,13,7,True,1708,11,19,6,0.0159
45,15,ok,6,14,8,True,1752,9,29,6,0.0157
46,15,ok,8,19,11,True,1796,9,21,8,0.0173
47,15,ok,10,24,14,True,1841,9,15,10,0.0173
48,15,ok,4,13,9,True,1886,9,53,4,0.0191
49,15,ok,14,35,21,True,1931,9,15,14,0.019
50,15,ok,6,14,8,True,1976,12,22,6,0.0199
51,15,ok,6,13,7,True,2021,10,32,6,0.0206
52,15,ok,8,19,11,True,2067,10,26,8,0.0214
53,15,ok,10,28,18,True,2112,14,14,10,0.0224
54,15,ok,4,10,6,True,2158,11,59,4,0.0231
55,15,ok,14,37,23,True,2203,9,15,14,0.0243
56,15,ok,6,10,4,True,2249,11,21,6,0.025
57,15,ok,6,13,7,True,2296,10,31,6,0.0273
58,15,ok,8,27,19,True,2341,10,26,8,0.027
59,15,ok,10,21,11,True,2387,13,15,10,0.0283
60,15,ok,4,9,5,True,2433,9,55,4,0.029
61,15,ok,14,38,24,True,2479,11,17,14,0.0302
62,15,ok,6,17,11,True,2525,14,27,6,0.0313
63,15,ok,6,13,7,True,2572,10,35,6,0.0322
64,15,ok,8,18,10,True,2618,14,25,8,0.0334
65,15,ok,10,22,12,True,2665,17,15,10,0.0348
66,15,ok,4,9,5,True,2712,8,67,4,0.0356
67,15,ok,14,36,22,True,2759,12,15,14,0.0371
68,15,ok,6,12,6,True,2805,18,27,6,0.0381
69,15,ok,6,22,16,True,2852,11,37,6,0.0396
70,15,ok,8,21,13,True,2899,13,24,8,0.0403
71,15,ok,10,24,14,True,2947,13,15,10,0.0422
72,15,ok,4,9,5,True,2994,9,61,4,0.0431
73,15,ok,14,37,23,True,3041,12,16,14,0.0449
74,15,ok,6,12,6,True,3089,12,25,6,0.046
75,15,ok,6,21,15,True,3136,10,34,6,0.0476
76,15,ok,8,22,14,True,3183,14,26,8,0.0483
77,15,ok,10,23,13,True,3231,12,19,10,0.0506
78,15,ok,4,11,7,True,3279,8,64,4,0.0513
79,15,ok,14,40,26,True,3327,12,20,14,0.0536
80,15,ok,6,17,11,True,3374,11,28,6,0.0543
81,15,ok,6,13,7,True,3422,10,35,6,0.0565
497,14,ok,9,24,15,True,24785,28,28,9,3.4511
82,15,ok,8,18,10,True,3470,13,26,8,0.0574
83,15,ok,10,21,11,True,3518,11,18,10,0.0598
84,15,ok,4,14,10,True,3566,9,59,4,0.0621
85,15,ok,14,28,14,True,3615,12,20,14,0.0615
86,15,ok,6,15,9,True,3663,15,26,6,0.0639
87,15,ok,6,14,8,True,3711,11,36,6,0.0678
88,15,ok,8,21,13,True,3760,10,26,8,0.0668
89,15,ok,10,22,12,True,3808,16,17,10,0.0695
90,15,ok,4,9,5,True,3856,13,61,4,0.0733
91,15,ok,14,37,23,True,3905,14,17,14,0.0721
92,15,ok,6,14,8,True,3954,17,30,6,0.0746
93,15,ok,6,16,10,True,4002,12,40,6,0.0777
94,15,ok,8,22,14,True,4051,13,29,8,0.0777
95,15,ok,10,27,17,True,4102,16,18,10,0.0799
96,15,ok,4,9,5,True,4149,9,68,4,0.0838
97,15,ok,14,28,14,True,4198,14,18,14,0.0828
98,15,ok,6,13,7,True,4247,14,28,6,0.0859
99,15,ok,6,14,8,True,4296,12,34,6,0.09
100,15,ok,8,22,14,True,4345,13,29,8,0.0892
101,15,ok,10,19,9,True,4396,15,18,10,0.0916
102,15,ok,4,12,8,True,4443,12,71,4,0.0967
103,15,ok,14,36,22,True,4493,11,16,14,0.0952
104,15,ok,6,20,14,True,4542,14,32,6,0.0975
105,15,ok,6,15,9,True,4592,14,42,6,0.1034
106,15,ok,8,28,20,True,4641,17,29,8,0.1015
107,15,ok,10,32,22,True,4691,16,19,10,0.105
108,15,ok,4,10,6,True,4740,13,64,4,0.1079
109,15,ok,14,50,36,True,4790,12,16,14,0.1091
498,14,ok,2,9,7,True,24840,12,104,2,3.4566
110,15,ok,6,19,13,True,4839,21,29,6,0.1091
111,15,ok,6,14,8,True,4889,15,41,6,0.1115
112,15,ok,8,20,12,True,4939,16,28,8,0.1143
113,15,ok,10,28,18,True,4989,21,17,10,0.1152
114,15,ok,4,8,4,True,5040,14,73,4,0.1196
115,15,ok,14,38,24,True,5089,12,20,14,0.1206
116,15,ok,6,19,13,True,5139,16,27,6,0.1239
117,15,ok,6,13,7,True,5189,12,49,6,0.1263
499,14,ok,10,26,16,True,24895,24,26,10,3.424
118,15,ok,8,24,16,True,5239,14,29,8,0.1283
119,15,ok,10,18,8,True,5289,18,19,10,0.1305
120,15,ok,4,13,9,True,5339,7,70,4,0.1326
121,15,ok,14,34,20,True,5389,17,19,14,0.1357
122,15,ok,6,14,8,True,5439,15,30,6,0.1459
123,15,ok,6,13,7,True,5490,10,43,6,0.1411
124,15,ok,8,20,12,True,5540,12,32,8,0.1483
125,15,ok,10,23,13,True,5591,14,20,10,0.151
126,15,ok,4,9,5,True,5642,13,70,4,0.1479
127,15,ok,14,34,20,True,5692,17,22,14,0.1514
128,15,ok,6,20,14,True,5742,20,33,6,0.1544
129,15,ok,6,16,10,True,5793,16,44,6,0.159
130,15,ok,8,24,16,True,5843,15,29,8,0.1659
131,15,ok,10,23,13,True,5894,14,18,10,0.1608
132,15,ok,4,10,6,True,5945,11,70,4,0.1654
133,15,ok,14,37,23,True,5996,12,19,14,0.168
134,15,ok,6,13,7,True,6048,20,31,6,0.1714
135,15,ok,6,14,8,True,6097,15,45,6,0.1808
136,15,ok,8,16,8,True,6148,16,34,8,0.174
137,15,ok,10,25,15,True,6199,19,22,10,0.1797
138,15,ok,4,9,5,True,6250,15,76,4,0.1832
139,15,ok,14,32,18,True,6301,12,21,14,0.1834
140,15,ok,6,16,10,True,6352,14,34,6,0.1955
141,15,ok,6,15,9,True,6403,13,41,6,0.1895
142,15,ok,8,22,14,True,6454,14,32,8,0.1938
143,15,ok,10,32,22,True,6506,20,23,10,0.1973
500,14,ok,3,8,5,True,24950,15,78,3,3.4767
144,15,ok,4,11,7,True,6557,11,72,4,0.1983
145,15,ok,14,37,23,True,6608,15,20,14,0.2127
146,15,ok,6,13,7,True,6659,16,32,6,0.2059
147,15,ok,6,13,7,True,6711,14,43,6,0.2094
148,15,ok,8,15,7,True,6762,12,37,8,0.2134
149,15,ok,10,19,9,True,6814,14,21,10,0.215
150,15,ok,4,8,4,True,6865,13,85,4,0.2251
151,15,ok,14,42,28,True,6917,14,21,14,0.2331
152,15,ok,6,16,10,True,6968,21,33,6,0.2246
153,15,ok,6,14,8,True,7020,13,47,6,0.2315
154,15,ok,8,21,13,True,7071,18,33,8,0.2321
155,15,ok,10,22,12,True,7123,16,20,10,0.2354
156,15,ok,4,13,9,True,7175,12,88,4,0.2399
158,15,ok,6,15,9,True,7280,19,30,6,0.2491
157,15,ok,14,40,26,True,7226,14,19,14,0.2555
159,15,ok,6,18,12,True,7330,14,41,6,0.254
160,15,ok,8,15,7,True,7382,15,30,8,0.2643
161,15,ok,10,20,10,True,7434,17,19,10,0.2739
162,15,ok,4,14,10,True,7486,10,71,4,0.26
163,15,ok,14,32,18,True,7538,14,20,14,0.2635
164,15,ok,6,15,9,True,7590,14,33,6,0.2809
165,15,ok,6,20,14,True,7642,13,46,6,0.2716
166,15,ok,8,23,15,True,7694,12,35,8,0.2754
167,15,ok,10,31,21,True,7746,16,21,10,0.2862
168,15,ok,4,10,6,True,7798,17,82,4,0.2823
169,15,ok,14,35,21,True,7850,14,20,14,0.2857
170,15,ok,6,16,10,True,7902,18,40,6,0.3027
171,15,ok,6,22,16,True,7954,12,46,6,0.2957
172,15,ok,8,22,14,True,8008,11,32,8,0.2985
173,15,ok,10,20,10,True,8059,19,20,10,0.3062
174,15,ok,4,7,3,True,8111,13,82,4,0.3076
175,15,ok,14,35,21,True,8164,19,24,14,0.3107
176,15,ok,6,14,8,True,8216,14,33,6,0.3276
177,15,ok,6,16,10,True,8268,13,46,6,0.3175
178,15,ok,8,21,13,True,8321,21,33,8,0.3232
179,15,ok,10,20,10,True,8373,19,20,10,0.325
180,15,ok,4,8,4,True,8426,10,80,4,0.3282
181,15,ok,14,45,31,True,8478,13,20,14,0.3336
182,15,ok,6,19,13,True,8531,24,30,6,0.3545
183,15,ok,6,18,12,True,8584,14,42,6,0.3479
184,15,ok,8,21,13,True,8638,16,33,8,0.3526
185,15,ok,10,19,9,True,8689,23,19,10,0.3492
186,15,ok,4,11,7,True,8742,10,82,4,0.3534
187,15,ok,14,39,25,True,8794,15,20,14,0.3606
188,15,ok,6,15,9,True,8847,17,29,6,0.3675
189,15,ok,6,22,16,True,8900,13,46,6,0.3719
190,15,ok,8,19,11,True,8953,13,35,8,0.4
191,15,ok,10,23,13,True,9006,21,21,10,0.3759
192,15,ok,4,11,7,True,9058,17,75,4,0.3793
193,15,ok,14,40,26,True,9111,15,20,14,0.3876
194,15,ok,6,16,10,True,9164,24,40,6,0.3935
195,15,ok,6,14,8,True,9217,14,47,6,0.3952
196,15,ok,8,20,12,True,9270,15,35,8,0.4286
197,15,ok,10,24,14,True,9323,21,18,10,0.4048
198,15,ok,4,11,7,True,9376,15,82,4,0.4086
199,15,ok,14,34,20,True,9429,18,20,14,0.4131
200,15,ok,6,15,9,True,9483,18,36,6,0.4226
201,15,ok,6,11,5,True,9536,17,47,6,0.4211
203,15,ok,10,29,19,True,9642,18,19,10,0.4325
202,15,ok,8,18,10,True,9589,17,35,8,0.4567
204,15,ok,4,12,8,True,9695,13,83,4,0.4381
205,15,ok,14,41,27,True,9749,14,21,14,0.4407
206,15,ok,6,19,13,True,9802,18,44,6,0.4538
207,15,ok,6,17,11,True,9856,20,51,6,0.4538
208,15,ok,8,27,19,True,9909,13,33,8,0.4547
209,15,ok,10,25,15,True,9962,16,21,10,0.4991
210,15,ok,4,11,7,True,10015,14,86,4,0.4695
211,15,ok,14,38,24,True,10069,13,20,14,0.4799
212,15,ok,6,16,10,True,10122,31,35,6,0.4852
213,15,ok,6,17,11,True,10176,14,47,6,0.4829
214,15,ok,8,35,27,True,10229,17,31,8,0.5092
215,15,ok,10,26,16,True,10283,18,23,10,0.4974
216,15,ok,4,12,8,True,10336,11,86,4,0.4969
217,15,ok,14,40,26,True,10390,20,21,14,0.5076
218,15,ok,6,14,8,True,10444,18,35,6,0.5254
219,15,ok,6,17,11,True,10497,18,47,6,0.5129
220,15,ok,8,26,18,True,10551,14,40,8,0.5254
221,15,ok,10,22,12,True,10604,22,22,10,0.5241
222,15,ok,4,11,7,True,10658,13,84,4,0.5361
223,15,ok,14,39,25,True,10712,20,22,14,0.5318
225,15,ok,6,11,5,True,10820,18,44,6,0.5503
224,15,ok,6,14,8,True,10766,15,33,6,0.5826
226,15,ok,8,22,14,True,10873,16,35,8,0.55
227,15,ok,10,31,21,True,10927,21,20,10,0.5664
228,15,ok,4,12,8,True,10981,18,87,4,0.5649
229,15,ok,14,33,19,True,11035,22,20,14,0.564
230,15,ok,6,15,9,True,11089,17,36,6,0.5896
231,15,ok,6,14,8,True,11144,17,47,6,0.6132
232,15,ok,8,20,12,True,11197,18,36,8,0.5845
233,15,ok,10,26,16,True,11251,28,22,10,0.5944
234,15,ok,4,13,9,True,11305,13,84,4,0.6131
235,15,ok,14,44,30,True,11359,18,23,14,0.6076
236,15,ok,6,20,14,True,11413,20,34,6,0.6129
237,15,ok,6,16,10,True,11467,19,52,6,0.644
238,15,ok,8,20,12,True,11522,19,35,8,0.6215
239,15,ok,10,23,13,True,11575,19,21,10,0.6334
240,15,ok,4,14,10,True,11629,12,88,4,0.6284
241,15,ok,14,33,19,True,11684,22,22,14,0.6432
242,15,ok,6,14,8,True,11738,20,35,6,0.648
243,15,ok,6,19,13,True,11792,16,49,6,0.6604
244,15,ok,8,23,15,True,11846,17,37,8,0.6611
245,15,ok,10,28,18,True,11901,20,21,10,0.6985
246,15,ok,4,15,11,True,11956,14,87,4,0.6656
247,15,ok,14,34,20,True,12009,16,19,14,0.6759
248,15,ok,6,15,9,True,12064,16,39,6,0.6787
249,15,ok,6,10,4,True,12118,14,49,6,0.6958
250,15,ok,8,24,16,True,12172,20,37,8,0.6968
252,15,ok,4,13,9,True,12281,17,86,4,0.7041
251,15,ok,10,27,17,True,12227,20,23,10,0.7383
253,15,ok,14,36,22,True,12336,22,23,14,0.717
254,15,ok,6,12,6,True,12390,21,35,6,0.7192
255,15,ok,6,17,11,True,12445,15,48,6,0.7265
256,15,ok,8,25,17,True,12502,15,35,8,0.7388
257,15,ok,10,29,19,True,12554,19,23,10,0.7381
258,15,ok,4,12,8,True,12608,14,94,4,0.7827
259,15,ok,14,33,19,True,12663,25,22,14,0.7569
260,15,ok,6,19,13,True,12718,23,38,6,0.7611
261,15,ok,6,20,14,True,12772,16,50,6,0.7654
262,15,ok,8,25,17,True,12827,22,36,8,0.7842
263,15,ok,10,28,18,True,12882,20,21,10,0.7756
264,15,ok,4,12,8,True,12936,12,85,4,0.8276
265,15,ok,14,43,29,True,12992,22,26,14,0.7946
266,15,ok,6,19,13,True,13046,23,36,6,0.8211
267,15,ok,6,19,13,True,13101,19,48,6,0.8148
268,15,ok,8,23,15,True,13155,20,39,8,0.828
269,15,ok,10,33,23,True,13210,17,21,10,0.8221
270,15,ok,4,10,6,True,13265,17,88,4,0.8331
271,15,ok,14,42,28,True,13320,17,23,14,0.8621
272,15,ok,6,19,13,True,13375,17,39,6,0.8399
273,15,ok,6,15,9,True,13430,12,49,6,0.8558
274,15,ok,8,26,18,True,13485,14,36,8,0.8613
275,15,ok,10,24,14,True,13539,21,21,10,0.8892
276,15,ok,4,12,8,True,13594,15,86,4,0.8897
277,15,ok,14,45,31,True,13650,20,23,14,0.8959
278,15,ok,6,17,11,True,13706,18,37,6,0.9146
279,15,ok,6,15,9,True,13759,18,48,6,0.9009
280,15,ok,8,25,17,True,13814,12,42,8,0.903
281,15,ok,10,22,12,True,13870,26,23,10,0.9864
282,15,ok,4,13,9,True,13925,16,91,4,0.9232
283,15,ok,14,30,16,True,13980,16,24,14,0.9265
284,15,ok,6,12,6,True,14035,24,40,6,0.9328
285,15,ok,6,13,7,True,14090,13,46,6,0.9547
286,15,ok,8,25,17,True,14145,12,35,8,0.9789
287,15,ok,10,27,17,True,14200,21,22,10,0.9572
288,15,ok,4,10,6,True,14256,13,88,4,0.9789
289,15,ok,14,43,29,True,14311,20,25,14,0.9899
290,15,ok,6,16,10,True,14366,23,39,6,0.9913
291,15,ok,6,20,14,True,14421,25,53,6,1.0003
292,15,ok,8,22,14,True,14477,17,38,8,1.064
293,15,ok,10,25,15,True,14532,21,21,10,1.0047
294,15,ok,4,16,12,True,14587,12,89,4,1.0228
295,15,ok,14,45,31,True,14644,20,22,14,1.0147
296,15,ok,6,17,11,True,14698,20,37,6,1.0403
297,15,ok,6,17,11,True,14756,14,49,6,1.0398
298,15,ok,8,23,15,True,14809,19,38,8,1.0896
299,15,ok,10,23,13,True,14864,21,22,10,1.0518
300,15,ok,4,9,5,True,14920,24,89,4,1.0717
301,15,ok,14,36,22,True,14975,17,22,14,1.0725
302,15,ok,6,17,11,True,15030,14,35,6,1.0785
303,15,ok,6,26,20,True,15086,13,50,6,1.0942
304,15,ok,8,25,17,True,15142,13,37,8,1.1023
305,15,ok,10,29,19,True,15197,32,22,10,1.0955
306,15,ok,4,12,8,True,15253,14,91,4,1.1132
307,15,ok,14,41,27,True,15308,20,24,14,1.1911
308,15,ok,6,14,8,True,15364,18,39,6,1.1385
309,15,ok,6,17,11,True,15419,15,51,6,1.1437
310,15,ok,8,30,22,True,15475,19,40,8,1.1389
311,15,ok,10,23,13,True,15531,21,27,10,1.1494
312,15,ok,4,12,8,True,15586,17,87,4,1.1705
313,15,ok,14,47,33,True,15642,18,21,14,1.1921
314,15,ok,6,20,14,True,15698,17,39,6,1.2272
315,15,ok,6,16,10,True,15753,21,52,6,1.1933
316,15,ok,8,27,19,True,15809,16,38,8,1.1909
317,15,ok,10,31,21,True,15865,19,23,10,1.2382
318,15,ok,4,11,7,True,15921,11,93,4,1.2197
319,15,ok,14,38,24,True,15976,22,23,14,1.2341
320,15,ok,6,15,9,True,16032,20,43,6,1.2799
321,15,ok,6,15,9,True,16088,18,53,6,1.2558
322,15,ok,8,15,7,True,16144,21,40,8,1.2807
323,15,ok,10,22,12,True,16200,27,24,10,1.2613
324,15,ok,4,12,8,True,16256,20,92,4,1.2798
325,15,ok,14,38,24,True,16312,16,21,14,1.2724
326,15,ok,6,13,7,True,16367,19,38,6,1.3107
327,15,ok,6,20,14,True,16423,20,50,6,1.3142
328,15,ok,8,27,19,True,16479,16,39,8,1.3878
329,15,ok,10,26,16,True,16535,20,25,10,1.3329
330,15,ok,4,13,9,True,16591,23,92,4,1.3474
331,15,ok,14,46,32,True,16647,19,26,14,1.3318
332,15,ok,6,14,8,True,16703,19,37,6,1.3582
333,15,ok,6,20,14,True,16759,16,50,6,1.361
334,15,ok,8,20,12,True,16815,24,40,8,1.367
335,15,ok,10,26,16,True,16871,28,23,10,1.3756
336,15,ok,4,10,6,True,16928,15,94,4,1.4901
337,15,ok,14,36,22,True,16984,26,26,14,1.4004
338,15,ok,6,14,8,True,17040,22,42,6,1.4157
339,15,ok,6,25,19,True,17096,27,55,6,1.4235
340,15,ok,8,27,19,True,17152,19,38,8,1.4246
341,15,ok,10,24,14,True,17208,24,22,10,1.4641
342,15,ok,4,14,10,True,17264,15,105,4,1.4953
343,15,ok,14,40,26,True,17321,21,23,14,1.4452
344,15,ok,6,19,13,True,17377,21,37,6,1.4711
345,15,ok,6,18,12,True,17433,17,56,6,1.5818
346,15,ok,8,27,19,True,17489,15,40,8,1.5014
347,15,ok,10,24,14,True,17546,23,24,10,1.4911
348,15,ok,4,13,9,True,17602,19,95,4,1.5133
349,15,ok,14,36,22,True,17658,26,25,14,1.5096
350,15,ok,6,26,20,True,17714,18,40,6,1.5292
351,15,ok,6,18,12,True,17771,18,51,6,1.6502
352,15,ok,8,25,17,True,17827,22,36,8,1.5433
353,15,ok,10,34,24,True,17883,25,23,10,1.5464
354,15,ok,4,12,8,True,17940,21,110,4,1.5697
355,15,ok,14,37,23,True,17996,17,23,14,1.584
356,15,ok,6,19,13,True,18053,16,38,6,1.6281
357,15,ok,6,17,11,True,18109,15,52,6,1.6308
358,15,ok,8,17,9,True,18166,20,47,8,1.6291
359,15,ok,10,27,17,True,18222,31,23,10,1.6134
360,15,ok,4,12,8,True,18278,13,93,4,1.6396
361,15,ok,14,42,28,True,18335,23,25,14,1.6495
362,15,ok,6,17,11,True,18391,36,37,6,1.6644
363,15,ok,6,20,14,True,18448,16,54,6,1.674
364,15,ok,8,18,10,True,18505,19,37,8,1.7128
365,15,ok,10,31,21,True,18561,19,23,10,1.6855
366,15,ok,4,10,6,True,18618,15,93,4,1.7304
367,15,ok,14,48,34,True,18676,20,22,14,1.7906
368,15,ok,6,15,9,True,18732,24,38,6,1.7295
369,15,ok,6,16,10,True,18787,19,53,6,1.805
370,15,ok,8,25,17,True,18844,21,39,8,1.7436
371,15,ok,10,26,16,True,18901,25,24,10,1.7487
372,15,ok,4,13,9,True,18957,23,95,4,1.787
373,15,ok,14,43,29,True,19014,17,22,14,1.8213
374,15,ok,6,14,8,True,19071,25,37,6,1.7851
375,15,ok,6,21,15,True,19128,17,60,6,1.8271
376,15,ok,8,23,15,True,19184,20,42,8,1.8139
377,15,ok,10,30,20,True,19241,22,23,10,1.8606
378,15,ok,4,17,13,True,19298,21,113,4,1.87
379,15,ok,14,48,34,True,19355,14,24,14,1.9473
380,15,ok,6,15,9,True,19411,17,38,6,1.8656
381,15,ok,6,19,13,True,19468,17,55,6,1.8992
382,15,ok,8,24,16,True,19525,18,42,8,1.9006
383,15,ok,10,29,19,True,19582,21,22,10,1.8884
384,15,ok,4,16,12,True,19639,17,96,4,1.9133
385,15,ok,14,36,22,True,19695,19,24,14,1.9478
386,15,ok,6,11,5,True,19754,18,39,6,1.9331
387,15,ok,6,18,12,True,19809,18,58,6,1.9961
388,15,ok,8,26,18,True,19866,15,45,8,1.9732
389,15,ok,10,30,20,True,19923,21,26,10,1.9882
390,15,ok,4,17,13,True,19980,15,94,4,2.008
391,15,ok,14,41,27,True,20037,25,23,14,2.0041
392,15,ok,6,17,11,True,20094,25,42,6,2.0514
393,15,ok,6,16,10,True,20151,15,53,6,2.1007
394,15,ok,8,20,12,True,20208,15,40,8,2.037
395,15,ok,10,26,16,True,20265,26,24,10,2.0407
396,15,ok,4,13,9,True,20322,12,96,4,2.0693
397,15,ok,14,34,20,True,20379,22,26,14,2.0763
398,15,ok,6,18,12,True,20436,23,38,6,2.0786
399,15,ok,6,18,12,True,20493,21,63,6,2.1036
400,15,ok,8,17,9,True,20550,20,38,8,2.1816
401,15,ok,10,30,20,True,20607,31,24,10,2.1218
402,15,ok,4,13,9,True,20664,19,99,4,2.1929
403,15,ok,14,38,24,True,20721,25,26,14,2.1713
404,15,ok,6,13,7,True,20779,20,38,6,2.1869
405,15,ok,6,25,19,True,20836,14,56,6,2.1657
406,15,ok,8,26,18,True,20893,19,39,8,2.1868
407,15,ok,10,30,20,True,20950,29,23,10,2.1922
408,15,ok,4,13,9,True,21007,15,93,4,2.2087
409,15,ok,14,43,29,True,21064,19,23,14,2.2985
410,15,ok,6,15,9,True,21122,23,45,6,2.2232
411,15,ok,6,17,11,True,21179,17,57,6,2.2654
412,15,ok,8,21,13,True,21238,21,38,8,2.2985
413,15,ok,10,22,12,True,21294,21,25,10,2.3399
414,15,ok,4,12,8,True,21351,21,97,4,2.3325
415,15,ok,14,39,25,True,21408,17,24,14,2.2959
416,15,ok,6,12,6,True,21465,20,42,6,2.297
417,15,ok,6,20,14,True,21522,16,56,6,2.3353
418,15,ok,8,24,16,True,21580,17,37,8,2.333
419,15,ok,10,24,14,True,21637,21,24,10,2.3676
420,15,ok,4,9,5,True,21695,13,105,4,2.4305
421,15,ok,14,40,26,True,21752,21,27,14,2.3875
422,15,ok,6,14,8,True,21809,20,42,6,2.4333
423,15,ok,6,15,9,True,21868,23,52,6,2.4602
424,15,ok,8,17,9,True,21924,17,40,8,2.4199
425,15,ok,10,27,17,True,21981,36,25,10,2.4299
426,15,ok,4,12,8,True,22039,18,106,4,2.531
427,15,ok,14,36,22,True,22096,19,26,14,2.4543
428,15,ok,6,13,7,True,22154,23,42,6,2.5538
429,15,ok,6,24,18,True,22211,13,61,6,2.5185
430,15,ok,8,25,17,True,22269,19,39,8,2.506
431,15,ok,10,26,16,True,22326,24,28,10,2.547
432,15,ok,4,12,8,True,22384,22,95,4,2.564
433,15,ok,14,34,20,True,22442,19,25,14,2.5741
434,15,ok,6,17,11,True,22499,22,43,6,2.5648
435,15,ok,6,14,8,True,22556,18,55,6,2.5713
436,15,ok,8,24,16,True,22614,21,42,8,2.5851
437,15,ok,10,29,19,True,22672,22,24,10,2.7069
438,15,ok,4,12,8,True,22729,18,102,4,2.6162
439,15,ok,14,47,33,True,22787,21,27,14,2.6096
440,15,ok,6,16,10,True,22844,18,43,6,2.6729
441,15,ok,6,20,14,True,22904,20,54,6,2.652
442,15,ok,8,28,20,True,22960,23,43,8,2.675
443,15,ok,10,28,18,True,23017,21,26,10,2.8296
444,15,ok,4,12,8,True,23075,15,101,4,2.7837
445,15,ok,14,43,29,True,23133,20,24,14,2.7563
446,15,ok,6,18,12,True,23190,26,42,6,2.7477
447,15,ok,6,16,10,True,23248,19,63,6,2.8529
448,15,ok,8,26,18,True,23306,19,41,8,2.8609
449,15,ok,10,18,8,True,23364,28,24,10,2.8325
450,15,ok,4,14,10,True,23421,21,100,4,2.9121
451,15,ok,14,38,24,True,23479,18,24,14,2.8248
452,15,ok,6,22,16,True,23537,22,44,6,2.8445
453,15,ok,6,15,9,True,23595,19,55,6,2.8595
454,15,ok,8,17,9,True,23652,23,43,8,2.9235
455,15,ok,10,29,19,True,23710,40,24,10,2.9024
456,15,ok,4,17,13,True,23768,18,93,4,2.9436
457,15,ok,14,43,29,True,23826,21,24,14,2.9105
458,15,ok,6,17,11,True,23884,38,44,6,3.041
459,15,ok,6,18,12,True,23942,19,57,6,2.9418
460,15,ok,8,20,12,True,23999,22,40,8,3.128
461,15,ok,10,29,19,True,24057,21,25,10,2.9824
463,15,ok,14,33,19,True,24173,20,25,14,2.9824
462,15,ok,4,15,11,True,24115,15,98,4,3.0668
464,15,ok,6,15,9,True,24231,31,38,6,3.0096
465,15,ok,6,17,11,True,24290,20,60,6,3.2547
466,15,ok,8,25,17,True,24347,19,40,8,3.5249
467,15,ok,10,32,22,True,24405,24,24,10,3.8107
468,15,ok,4,11,7,True,24463,17,102,4,4.4418
469,15,ok,14,46,32,True,24521,19,25,14,4.5275
470,15,ok,6,14,8,True,24579,18,40,6,4.9819
471,15,ok,6,21,15,True,24637,17,56,6,5.3222
472,15,ok,8,26,18,True,24696,20,43,8,5.285
473,15,ok,10,27,17,True,24753,25,26,10,5.2411
474,15,ok,4,13,9,True,24811,21,96,4,4.5834
475,15,ok,14,41,27,True,24869,24,25,14,4.5311
476,15,ok,6,18,12,True,24927,15,49,6,4.1337
477,15,ok,6,21,15,True,24985,17,55,6,3.6318
478,15,ok,8,31,23,True,25043,17,39,8,3.4367
479,15,ok,10,26,16,True,25101,25,26,10,3.2177
480,15,ok,4,13,9,True,25159,14,101,4,3.2274
481,15,ok,14,33,19,True,25217,22,26,14,3.3223
482,15,ok,6,18,12,True,25276,17,39,6,3.3597
483,15,ok,6,17,11,True,25334,19,57,6,3.4827
484,15,ok,8,23,15,True,25392,23,46,8,3.4217
485,15,ok,10,29,19,True,25452,34,27,10,3.3824
486,15,ok,4,14,10,True,25508,15,102,4,3.4387
487,15,ok,14,51,37,True,25566,23,24,14,3.4903
488,15,ok,6,20,14,True,25625,17,43,6,3.3928
489,15,ok,6,15,9,True,25683,15,67,6,3.4065
490,15,ok,8,26,18,True,25741,22,45,8,3.4067
491,15,ok,10,28,18,True,25799,23,27,10,3.5626
492,15,ok,4,13,9,True,25858,18,101,4,3.4662
493,15,ok,14,36,22,True,25916,25,26,14,3.6185
494,15,ok,6,17,11,True,25974,24,47,6,3.4943
495,15,ok,6,18,12,True,26032,20,58,6,3.5275
1,16,ok,15,15,0,True,35,2,3,15,0.0001
2,16,ok,4,5,1,True,60,3,12,4,0.0001
3,16,ok,12,17,5,True,88,4,5,12,0.0002
4,16,ok,4,6,2,True,119,3,24,4,0.0003
5,16,ok,15,32,17,True,151,5,5,15,0.0004
6,16,ok,4,8,4,True,185,4,16,4,0.0005
7,16,ok,12,28,16,True,220,6,5,12,0.0007
8,16,ok,4,11,7,True,255,6,32,4,0.0007
9,16,ok,15,35,20,True,292,6,7,15,0.0009
10,16,ok,4,10,6,True,329,7,19,4,0.001
11,16,ok,12,25,13,True,367,7,7,12,0.0012
12,16,ok,4,7,3,True,405,9,32,4,0.0013
13,16,ok,15,36,21,True,444,6,8,15,0.0016
14,16,ok,4,12,8,True,484,7,20,4,0.0018
15,16,ok,12,30,18,True,523,7,8,12,0.002
16,16,ok,4,8,4,True,564,6,41,4,0.0022
17,16,ok,15,39,24,True,604,7,10,15,0.0025
18,16,ok,4,10,6,True,645,8,22,4,0.0028
19,16,ok,12,24,12,True,687,12,8,12,0.003
20,16,ok,4,13,9,True,729,5,38,4,0.0033
21,16,ok,15,38,23,True,771,9,9,15,0.0036
22,16,ok,4,8,4,True,813,7,25,4,0.004
23,16,ok,12,27,15,True,856,13,9,12,0.0044
24,16,ok,4,9,5,True,898,9,49,4,0.0047
25,16,ok,15,36,21,True,942,8,8,15,0.0052
26,16,ok,4,12,8,True,985,8,26,4,0.0056
27,16,ok,12,31,19,True,1029,10,10,12,0.006
28,16,ok,4,14,10,True,1072,6,44,4,0.0096
29,16,ok,15,45,30,True,1116,10,10,15,0.0103
30,16,ok,4,10,6,True,1161,10,29,4,0.0095
31,16,ok,12,27,15,True,1205,14,11,12,0.0078
32,16,ok,4,12,8,True,1250,9,46,4,0.0079
33,16,ok,15,44,29,True,1295,13,11,15,0.0083
34,16,ok,4,13,9,True,1340,10,26,4,0.0089
35,16,ok,12,31,19,True,1385,12,12,12,0.0095
36,16,ok,4,12,8,True,1431,6,55,4,0.0101
37,16,ok,15,41,26,True,1476,10,12,15,0.0105
38,16,ok,4,16,12,True,1522,9,28,4,0.0112
39,16,ok,12,25,13,True,1568,14,13,12,0.0119
40,16,ok,4,13,9,True,1614,6,50,4,0.0125
41,16,ok,15,42,27,True,1660,10,11,15,0.0131
42,16,ok,4,12,8,True,1706,13,33,4,0.0139
43,16,ok,12,32,20,True,1753,15,11,12,0.0145
44,16,ok,4,17,13,True,1800,10,55,4,0.0152
45,16,ok,15,37,22,True,1846,14,11,15,0.0161
46,16,ok,4,12,8,True,1893,15,32,4,0.0169
47,16,ok,12,34,22,True,1940,12,11,12,0.0175
48,16,ok,4,10,6,True,1988,11,51,4,0.0182
49,16,ok,15,40,25,True,2035,13,12,15,0.0192
50,16,ok,4,11,7,True,2082,11,30,4,0.0199
51,16,ok,12,26,14,True,2130,14,11,12,0.0208
52,16,ok,4,12,8,True,2178,14,57,4,0.0216
53,16,ok,15,38,23,True,2226,14,11,15,0.0228
54,16,ok,4,10,6,True,2273,8,33,4,0.0237
496,15,ok,8,23,15,True,26091,24,41,8,3.5479
55,16,ok,12,36,24,True,2321,17,10,12,0.0244
56,16,ok,4,11,7,True,2370,11,61,4,0.0255
57,16,ok,15,43,28,True,2418,18,13,15,0.0268
58,16,ok,4,9,5,True,2466,11,31,4,0.0274
59,16,ok,12,31,19,True,2515,21,12,12,0.0286
60,16,ok,4,11,7,True,2563,13,56,4,0.0287
61,16,ok,15,37,22,True,2612,15,12,15,0.0295
62,16,ok,4,14,10,True,2661,12,32,4,0.0309
63,16,ok,12,29,17,True,2710,19,14,12,0.032
64,16,ok,4,10,6,True,2759,15,60,4,0.0334
65,16,ok,15,39,24,True,2808,18,12,15,0.0342
66,16,ok,4,15,11,True,2857,12,34,4,0.0355
67,16,ok,12,39,27,True,2906,19,13,12,0.0366
68,16,ok,4,15,11,True,2955,16,60,4,0.0377
69,16,ok,15,43,28,True,3005,15,14,15,0.0393
70,16,ok,4,14,10,True,3054,13,32,4,0.0405
71,16,ok,12,32,20,True,3104,18,12,12,0.0418
72,16,ok,4,11,7,True,3154,12,69,4,0.0429
73,16,ok,15,47,32,True,3203,14,10,15,0.0444
74,16,ok,4,11,7,True,3253,16,32,4,0.0456
75,16,ok,12,40,28,True,3303,20,12,12,0.0473
76,16,ok,4,11,7,True,3353,16,75,4,0.0492
77,16,ok,15,41,26,True,3403,19,14,15,0.0501
497,15,ok,10,28,18,True,26149,23,26,10,3.5606
78,16,ok,4,13,9,True,3453,12,36,4,0.0575
79,16,ok,12,35,23,True,3504,13,16,12,0.0536
80,16,ok,4,11,7,True,3554,12,58,4,0.0564
81,16,ok,15,41,26,True,3604,16,14,15,0.0565
82,16,ok,4,14,10,True,3655,10,33,4,0.057
83,16,ok,12,41,29,True,3705,18,14,12,0.0629
84,16,ok,4,9,5,True,3756,14,68,4,0.0645
85,16,ok,15,54,39,True,3807,19,13,15,0.0624
86,16,ok,4,13,9,True,3858,12,31,4,0.0663
87,16,ok,12,34,22,True,3908,18,14,12,0.0651
88,16,ok,4,11,7,True,3959,15,60,4,0.0684
89,16,ok,15,44,29,True,4010,16,19,15,0.0714
90,16,ok,4,15,11,True,4061,17,35,4,0.0729
91,16,ok,12,42,30,True,4112,22,15,12,0.0725
92,16,ok,4,11,7,True,4164,17,65,4,0.0761
93,16,ok,15,43,28,True,4215,16,13,15,0.075
94,16,ok,4,15,11,True,4266,17,37,4,0.0778
95,16,ok,12,30,18,True,4318,16,14,12,0.0839
96,16,ok,4,10,6,True,4369,15,75,4,0.0817
97,16,ok,15,51,36,True,4420,19,16,15,0.0834
98,16,ok,4,11,7,True,4472,20,33,4,0.0915
99,16,ok,12,27,15,True,4524,19,14,12,0.0933
100,16,ok,4,13,9,True,4575,12,57,4,0.0964
101,16,ok,15,48,33,True,4627,16,13,15,0.0905
102,16,ok,4,8,4,True,4679,17,35,4,0.0965
103,16,ok,12,34,22,True,4731,19,13,12,0.0946
104,16,ok,4,10,6,True,4783,19,76,4,0.0965
105,16,ok,15,48,33,True,4835,18,12,15,0.1052
106,16,ok,4,16,12,True,4887,11,31,4,0.103
107,16,ok,12,31,19,True,4939,30,14,12,0.102
108,16,ok,4,9,5,True,4991,11,66,4,0.1056
109,16,ok,15,50,35,True,5043,23,14,15,0.1114
498,15,ok,4,16,12,True,26208,16,104,4,3.6399
110,16,ok,4,8,4,True,5095,18,34,4,0.1132
111,16,ok,12,41,29,True,5148,21,14,12,0.116
112,16,ok,4,11,7,True,5200,28,73,4,0.1304
113,16,ok,15,40,25,True,5252,20,13,15,0.1182
114,16,ok,4,12,8,True,5305,11,32,4,0.1279
115,16,ok,12,36,24,True,5357,20,14,12,0.132
116,16,ok,4,11,7,True,5410,14,73,4,0.144
118,16,ok,4,10,6,True,5515,16,39,4,0.1417
117,16,ok,15,48,33,True,5463,21,14,15,0.174
119,16,ok,12,31,19,True,5568,21,15,12,0.157
499,15,ok,14,40,26,True,26266,23,26,14,3.6238
120,16,ok,4,10,6,True,5621,15,61,4,0.1464
121,16,ok,15,59,44,True,5674,20,13,15,0.1402
122,16,ok,4,14,10,True,5727,18,32,4,0.1467
123,16,ok,12,39,27,True,5780,22,13,12,0.1478
124,16,ok,4,10,6,True,5833,17,67,4,0.1534
125,16,ok,15,56,41,True,5886,19,13,15,0.147
126,16,ok,4,13,9,True,5939,15,36,4,0.1489
127,16,ok,12,41,29,True,5992,20,16,12,0.1491
128,16,ok,4,13,9,True,6045,20,73,4,0.1607
129,16,ok,15,48,33,True,6098,20,14,15,0.164
130,16,ok,4,12,8,True,6151,16,35,4,0.1635
131,16,ok,12,34,22,True,6205,25,15,12,0.1631
132,16,ok,4,10,6,True,6258,26,70,4,0.1639
133,16,ok,15,47,32,True,6312,22,14,15,0.1833
134,16,ok,4,12,8,True,6365,19,38,4,0.1686
135,16,ok,12,34,22,True,6419,22,17,12,0.1772
500,15,ok,6,14,8,True,26324,20,42,6,3.6582
136,16,ok,4,12,8,True,6472,12,71,4,0.1781
137,16,ok,15,50,35,True,6526,19,14,15,0.1762
138,16,ok,4,16,12,True,6579,16,38,4,0.1887
139,16,ok,12,36,24,True,6633,20,20,12,0.1833
141,16,ok,15,42,27,True,6740,27,12,15,0.1886
140,16,ok,4,17,13,True,6687,19,75,4,0.2079
142,16,ok,4,14,10,True,6794,20,39,4,0.1947
143,16,ok,12,31,19,True,6848,24,15,12,0.1987
144,16,ok,4,11,7,True,6902,22,79,4,0.201
145,16,ok,15,49,34,True,6956,17,16,15,0.2033
146,16,ok,4,12,8,True,7010,24,39,4,0.2073
147,16,ok,12,34,22,True,7064,28,13,12,0.2245
148,16,ok,4,13,9,True,7118,17,76,4,0.2165
149,16,ok,15,47,32,True,7172,26,14,15,0.2197
150,16,ok,4,11,7,True,7226,20,35,4,0.2175
151,16,ok,12,40,28,True,7280,34,16,12,0.2209
152,16,ok,4,13,9,True,7335,17,70,4,0.2303
153,16,ok,15,47,32,True,7389,17,15,15,0.2485
154,16,ok,4,13,9,True,7443,20,37,4,0.2349
155,16,ok,12,35,23,True,7497,29,15,12,0.2488
156,16,ok,4,11,7,True,7552,18,71,4,0.2428
157,16,ok,15,41,26,True,7606,25,14,15,0.2499
158,16,ok,4,12,8,True,7661,21,36,4,0.2608
159,16,ok,12,34,22,True,7715,25,13,12,0.2718
160,16,ok,4,13,9,True,7770,20,76,4,0.2531
161,16,ok,15,47,32,True,7824,20,15,15,0.2576
162,16,ok,4,16,12,True,7879,18,38,4,0.2667
163,16,ok,12,37,25,True,7933,30,15,12,0.2672
164,16,ok,4,11,7,True,7988,17,71,4,0.2778
166,16,ok,4,12,8,True,8098,20,37,4,0.2727
165,16,ok,15,48,33,True,8043,24,15,15,0.2888
167,16,ok,12,43,31,True,8152,27,17,12,0.2757
168,16,ok,4,12,8,True,8207,14,68,4,0.2907
169,16,ok,15,46,31,True,8262,21,15,15,0.2969
170,16,ok,4,15,11,True,8317,14,38,4,0.2902
171,16,ok,12,32,20,True,8372,29,14,12,0.2947
172,16,ok,4,14,10,True,8427,16,72,4,0.3206
173,16,ok,15,44,29,True,8482,26,16,15,0.3006
174,16,ok,4,14,10,True,8537,21,40,4,0.3154
175,16,ok,12,36,24,True,8592,31,15,12,0.3154
176,16,ok,4,7,3,True,8647,21,75,4,0.3196
177,16,ok,15,56,41,True,8702,23,16,15,0.316
178,16,ok,4,12,8,True,8757,22,39,4,0.3355
179,16,ok,12,44,32,True,8812,22,14,12,0.3245
180,16,ok,4,13,9,True,8868,19,78,4,0.3268
181,16,ok,15,50,35,True,8923,22,14,15,0.3363
182,16,ok,4,12,8,True,8978,24,39,4,0.3653
183,16,ok,12,39,27,True,9034,35,16,12,0.3372
184,16,ok,4,9,5,True,9089,28,72,4,0.3443
185,16,ok,15,51,36,True,9144,26,13,15,0.3474
186,16,ok,4,13,9,True,9200,19,37,4,0.3522
187,16,ok,12,37,25,True,9255,25,15,12,0.3635
189,16,ok,15,45,30,True,9366,21,16,15,0.3706
188,16,ok,4,16,12,True,9311,17,72,4,0.3964
190,16,ok,4,11,7,True,9422,22,35,4,0.3762
191,16,ok,12,31,19,True,9477,19,14,12,0.379
192,16,ok,4,13,9,True,9533,14,73,4,0.3837
193,16,ok,15,47,32,True,9589,37,14,15,0.394
194,16,ok,4,13,9,True,9644,22,38,4,0.3887
195,16,ok,12,44,32,True,9700,26,17,12,0.4204
196,16,ok,4,10,6,True,9756,23,71,4,0.3998
197,16,ok,15,48,33,True,9811,25,16,15,0.402
198,16,ok,4,11,7,True,9867,22,38,4,0.4091
199,16,ok,12,33,21,True,9923,36,14,12,0.4251
200,16,ok,4,14,10,True,9979,25,70,4,0.4318
201,16,ok,15,53,38,True,10035,25,18,15,0.4529
202,16,ok,4,10,6,True,10091,26,43,4,0.4277
203,16,ok,12,35,23,True,10147,27,15,12,0.4269
204,16,ok,4,11,7,True,10203,29,74,4,0.4366
205,16,ok,15,46,31,True,10259,25,15,15,0.4448
206,16,ok,4,14,10,True,10315,29,38,4,0.4471
208,16,ok,4,13,9,True,10427,29,75,4,0.4609
207,16,ok,12,34,22,True,10371,40,16,12,0.4837
209,16,ok,15,59,44,True,10483,22,14,15,0.4594
210,16,ok,4,12,8,True,10539,27,39,4,0.4654
211,16,ok,12,47,35,True,10595,29,16,12,0.4827
212,16,ok,4,15,11,True,10652,21,74,4,0.5126
213,16,ok,15,53,38,True,10708,25,18,15,0.494
214,16,ok,4,11,7,True,10764,21,41,4,0.4951
215,16,ok,12,36,24,True,10820,24,14,12,0.4909
216,16,ok,4,16,12,True,10877,16,75,4,0.5141
217,16,ok,15,47,32,True,10933,22,16,15,0.5062
218,16,ok,4,12,8,True,10989,21,41,4,0.5176
219,16,ok,12,37,25,True,11046,34,15,12,0.5151
220,16,ok,4,13,9,True,11102,19,84,4,0.524
221,16,ok,15,55,40,True,11159,31,15,15,0.5456
222,16,ok,4,13,9,True,11215,27,40,4,0.5269
223,16,ok,12,42,30,True,11272,29,15,12,0.5439
224,16,ok,4,12,8,True,11328,22,76,4,0.5363
225,16,ok,15,56,41,True,11385,38,16,15,0.5486
226,16,ok,4,11,7,True,11441,19,39,4,0.5474
227,16,ok,12,42,30,True,11498,24,16,12,0.5943
228,16,ok,4,15,11,True,11555,29,74,4,0.5703
229,16,ok,15,50,35,True,11611,24,15,15,0.5734
230,16,ok,4,9,5,True,11668,20,48,4,0.585
231,16,ok,12,35,23,True,11725,34,14,12,0.5934
232,16,ok,4,10,6,True,11782,18,77,4,0.6082
233,16,ok,15,57,42,True,11838,41,16,15,0.6163
234,16,ok,4,16,12,True,11895,18,40,4,0.6005
235,16,ok,12,46,34,True,11952,36,16,12,0.6303
236,16,ok,4,17,13,True,12009,23,74,4,0.6066
237,16,ok,15,42,27,True,12066,33,16,15,0.624
238,16,ok,4,14,10,True,12123,24,38,4,0.6661
239,16,ok,12,34,22,True,12180,37,16,12,0.6278
240,16,ok,4,13,9,True,12236,20,95,4,0.628
241,16,ok,15,48,33,True,12293,25,17,15,0.6635
242,16,ok,4,15,11,True,12350,21,44,4,0.6385
243,16,ok,12,35,23,True,12407,21,15,12,0.6524
244,16,ok,4,14,10,True,12465,26,74,4,0.6677
245,16,ok,15,53,38,True,12522,19,17,15,0.6912
246,16,ok,4,13,9,True,12579,15,40,4,0.6765
247,16,ok,12,48,36,True,12636,22,17,12,0.6913
248,16,ok,4,12,8,True,12693,23,75,4,0.6906
249,16,ok,15,43,28,True,12750,31,16,15,0.7075
250,16,ok,4,14,10,True,12807,25,41,4,0.6925
251,16,ok,12,42,30,True,12865,27,16,12,0.7047
252,16,ok,4,8,4,True,12922,21,93,4,0.7019
253,16,ok,15,54,39,True,12979,34,15,15,0.7413
254,16,ok,4,19,15,True,13036,25,44,4,0.7226
255,16,ok,12,37,25,True,13094,37,16,12,0.7262
256,16,ok,4,8,4,True,13151,30,79,4,0.7314
257,16,ok,15,59,44,True,13208,23,15,15,0.7351
258,16,ok,4,12,8,True,13266,14,45,4,0.7496
259,16,ok,12,44,32,True,13323,27,15,12,0.7894
260,16,ok,4,11,7,True,13381,20,74,4,0.7661
261,16,ok,15,59,44,True,13438,25,17,15,0.7749
262,16,ok,4,16,12,True,13496,21,45,4,0.7683
263,16,ok,12,32,20,True,13553,30,18,12,0.7722
264,16,ok,4,16,12,True,13611,26,76,4,0.8228
265,16,ok,15,49,34,True,13668,26,15,15,0.8025
266,16,ok,4,13,9,True,13726,27,39,4,0.7961
267,16,ok,12,34,22,True,13783,28,14,12,0.8122
268,16,ok,4,18,14,True,13841,26,70,4,0.81
269,16,ok,15,49,34,True,13899,26,17,15,0.8373
270,16,ok,4,8,4,True,13956,25,42,4,0.8258
271,16,ok,12,37,25,True,14014,28,15,12,0.842
272,16,ok,4,13,9,True,14072,26,84,4,0.8396
273,16,ok,15,52,37,True,14129,25,18,15,0.8798
274,16,ok,4,17,13,True,14187,18,40,4,0.8741
275,16,ok,12,36,24,True,14245,41,18,12,0.8853
276,16,ok,4,13,9,True,14303,17,81,4,0.8816
277,16,ok,15,44,29,True,14360,36,15,15,0.8875
278,16,ok,4,12,8,True,14418,22,42,4,0.8818
279,16,ok,12,37,25,True,14476,30,17,12,0.9122
280,16,ok,4,7,3,True,14534,30,76,4,0.9159
281,16,ok,15,56,41,True,14592,29,16,15,0.9219
282,16,ok,4,12,8,True,14650,20,44,4,0.9299
283,16,ok,12,42,30,True,14708,42,16,12,0.9886
284,16,ok,4,14,10,True,14766,26,76,4,0.9288
285,16,ok,15,51,36,True,14824,31,18,15,0.9419
286,16,ok,4,16,12,True,14882,30,43,4,0.9479
287,16,ok,12,33,21,True,14940,30,17,12,0.9512
288,16,ok,4,13,9,True,14998,20,73,4,0.9648
290,16,ok,4,14,10,True,15114,28,38,4,0.9727
289,16,ok,15,56,41,True,15056,26,14,15,1.0346
291,16,ok,12,38,26,True,15172,37,17,12,0.9934
292,16,ok,4,8,4,True,15230,21,73,4,0.9871
293,16,ok,15,57,42,True,15288,28,16,15,0.9943
294,16,ok,4,11,7,True,15346,23,41,4,1.0148
295,16,ok,12,30,18,True,15405,36,17,12,1.0182
296,16,ok,4,14,10,True,15463,20,74,4,1.1101
297,16,ok,15,65,50,True,15521,24,20,15,1.053
298,16,ok,4,12,8,True,15579,40,40,4,1.0518
299,16,ok,12,38,26,True,15638,41,20,12,1.0471
300,16,ok,4,13,9,True,15696,20,80,4,1.0486
301,16,ok,15,51,36,True,15754,25,16,15,1.0578
302,16,ok,4,12,8,True,15812,21,48,4,1.1496
303,16,ok,12,39,27,True,15871,26,19,12,1.0846
304,16,ok,4,15,11,True,15929,21,88,4,1.094
305,16,ok,15,52,37,True,15988,33,16,15,1.0937
306,16,ok,4,12,8,True,16046,23,43,4,1.1077
307,16,ok,12,38,26,True,16104,23,16,12,1.1191
308,16,ok,4,20,16,True,16163,18,77,4,1.1912
309,16,ok,15,46,31,True,16221,29,17,15,1.1301
310,16,ok,4,17,13,True,16280,24,40,4,1.1388
311,16,ok,12,43,31,True,16338,30,19,12,1.146
312,16,ok,4,12,8,True,16397,27,86,4,1.1876
313,16,ok,15,54,39,True,16455,36,17,15,1.1751
314,16,ok,4,14,10,True,16514,25,45,4,1.1948
315,16,ok,12,42,30,True,16572,39,18,12,1.1871
316,16,ok,4,15,11,True,16631,38,89,4,1.193
317,16,ok,15,51,36,True,16690,30,17,15,1.1946
318,16,ok,4,8,4,True,16748,23,40,4,1.2648
319,16,ok,12,38,26,True,16807,34,18,12,1.2162
320,16,ok,4,12,8,True,16866,20,77,4,1.2337
321,16,ok,15,48,33,True,16924,28,16,15,1.2559
322,16,ok,4,12,8,True,16983,19,45,4,1.2495
323,16,ok,12,46,34,True,17042,39,16,12,1.2598
324,16,ok,4,11,7,True,17100,21,79,4,1.2962
325,16,ok,15,47,32,True,17159,32,15,15,1.3053
326,16,ok,4,12,8,True,17218,28,46,4,1.2897
327,16,ok,12,39,27,True,17277,34,19,12,1.3096
328,16,ok,4,16,12,True,17336,23,76,4,1.3143
329,16,ok,15,62,47,True,17394,33,16,15,1.3073
330,16,ok,4,8,4,True,17453,27,42,4,1.3374
331,16,ok,12,39,27,True,17512,45,19,12,1.4054
332,16,ok,4,15,11,True,17571,29,82,4,1.3659
333,16,ok,15,55,40,True,17630,27,19,15,1.3652
334,16,ok,4,17,13,True,17689,20,40,4,1.3941
335,16,ok,12,35,23,True,17748,32,17,12,1.3793
336,16,ok,4,17,13,True,17807,24,82,4,1.376
337,16,ok,15,50,35,True,17866,28,16,15,1.4723
338,16,ok,4,16,12,True,17925,23,42,4,1.4091
339,16,ok,12,38,26,True,17984,34,16,12,1.4266
340,16,ok,4,12,8,True,18043,20,81,4,1.4345
341,16,ok,15,51,36,True,18102,28,17,15,1.4227
342,16,ok,4,11,7,True,18161,28,41,4,1.4442
343,16,ok,12,32,20,True,18220,33,16,12,1.5006
344,16,ok,4,11,7,True,18279,27,80,4,1.489
345,16,ok,15,53,38,True,18338,26,15,15,1.5431
346,16,ok,4,14,10,True,18397,38,46,4,1.4868
347,16,ok,12,36,24,True,18457,33,17,12,1.4849
348,16,ok,4,10,6,True,18516,28,80,4,1.4993
349,16,ok,15,53,38,True,18575,31,15,15,1.6158
350,16,ok,4,15,11,True,18634,35,43,4,1.5411
351,16,ok,12,42,30,True,18693,41,17,12,1.5727
352,16,ok,4,25,21,True,18753,21,82,4,1.5474
353,16,ok,15,53,38,True,18812,35,17,15,1.5447
354,16,ok,4,11,7,True,18871,32,44,4,1.567
355,16,ok,12,47,35,True,18930,37,16,12,1.6871
356,16,ok,4,14,10,True,18990,25,80,4,1.5906
357,16,ok,15,54,39,True,19049,28,17,15,1.6047
358,16,ok,4,13,9,True,19108,20,45,4,1.6205
359,16,ok,12,43,31,True,19168,35,18,12,1.6141
360,16,ok,4,16,12,True,19227,25,80,4,1.6377
362,16,ok,4,14,10,True,19346,29,43,4,1.6741
361,16,ok,15,56,41,True,19286,28,16,15,1.7307
363,16,ok,12,39,27,True,19405,37,17,12,1.6652
364,16,ok,4,19,15,True,19465,25,80,4,1.6609
365,16,ok,15,53,38,True,19524,31,19,15,1.6648
366,16,ok,4,17,13,True,19584,36,50,4,1.7095
367,16,ok,12,41,29,True,19643,37,17,12,1.7142
368,16,ok,4,14,10,True,19703,21,77,4,1.778
369,16,ok,15,62,47,True,19762,34,17,15,1.7337
370,16,ok,4,13,9,True,19822,31,41,4,1.7752
371,16,ok,12,39,27,True,19881,27,18,12,1.7563
372,16,ok,4,10,6,True,19941,33,73,4,1.7838
373,16,ok,15,57,42,True,20000,33,16,15,1.7846
374,16,ok,4,11,7,True,20060,26,40,4,1.7952
375,16,ok,12,47,35,True,20120,29,17,12,1.836
376,16,ok,4,16,12,True,20179,22,78,4,1.8614
377,16,ok,15,39,24,True,20239,33,18,15,1.8189
378,16,ok,4,14,10,True,20299,27,45,4,1.8278
379,16,ok,12,46,34,True,20358,40,16,12,1.8504
380,16,ok,4,13,9,True,20418,32,85,4,1.8449
381,16,ok,15,58,43,True,20478,29,16,15,1.9476
382,16,ok,4,15,11,True,20537,20,44,4,1.8613
383,16,ok,12,40,28,True,20597,33,16,12,1.9107
384,16,ok,4,14,10,True,20657,26,73,4,1.9393
385,16,ok,15,62,47,True,20717,29,16,15,1.9701
386,16,ok,4,11,7,True,20776,20,44,4,1.9153
387,16,ok,12,43,31,True,20836,31,20,12,1.9545
388,16,ok,4,14,10,True,20896,21,90,4,1.9677
389,16,ok,15,61,46,True,20956,40,15,15,1.9912
390,16,ok,4,15,11,True,21016,20,44,4,1.9934
391,16,ok,12,41,29,True,21076,27,16,12,2.0048
392,16,ok,4,10,6,True,21135,31,87,4,2.0553
393,16,ok,15,56,41,True,21195,26,20,15,2.027
394,16,ok,4,14,10,True,21255,29,43,4,2.0562
395,16,ok,12,43,31,True,21315,31,16,12,2.0114
396,16,ok,4,10,6,True,21375,29,88,4,2.0518
397,16,ok,15,45,30,True,21435,40,16,15,2.0985
398,16,ok,4,13,9,True,21495,30,49,4,2.0836
399,16,ok,12,41,29,True,21555,42,16,12,2.0972
400,16,ok,4,12,8,True,21615,27,96,4,2.1228
401,16,ok,15,51,36,True,21675,32,19,15,2.0987
402,16,ok,4,11,7,True,21735,23,45,4,2.159
403,16,ok,12,38,26,True,21795,37,18,12,2.1611
404,16,ok,4,12,8,True,21855,23,82,4,2.1711
405,16,ok,15,55,40,True,21915,40,18,15,2.1754
406,16,ok,4,16,12,True,21975,28,41,4,2.1847
407,16,ok,12,43,31,True,22035,35,16,12,2.289
408,16,ok,4,11,7,True,22096,37,85,4,2.2725
409,16,ok,15,51,36,True,22156,36,16,15,2.2387
410,16,ok,4,16,12,True,22216,37,40,4,2.2081
411,16,ok,12,42,30,True,22276,41,16,12,2.2972
412,16,ok,4,10,6,True,22336,34,79,4,2.231
413,16,ok,15,57,42,True,22396,32,16,15,2.3059
414,16,ok,4,13,9,True,22457,29,43,4,2.2834
415,16,ok,12,48,36,True,22517,38,17,12,2.3204
416,16,ok,4,11,7,True,22577,21,82,4,2.3058
417,16,ok,15,52,37,True,22637,35,16,15,2.3389
418,16,ok,4,14,10,True,22698,26,45,4,2.3173
419,16,ok,12,45,33,True,22758,43,17,12,2.4252
420,16,ok,4,11,7,True,22818,20,77,4,2.4643
421,16,ok,15,49,34,True,22878,35,20,15,2.3798
422,16,ok,4,10,6,True,22939,23,45,4,2.4328
423,16,ok,12,44,32,True,22999,31,17,12,2.3999
424,16,ok,4,17,13,True,23059,27,78,4,2.4166
425,16,ok,15,57,42,True,23120,32,18,15,2.4098
426,16,ok,4,17,13,True,23180,23,45,4,2.482
427,16,ok,12,45,33,True,23241,39,18,12,2.5025
428,16,ok,4,20,16,True,23301,22,91,4,2.498
429,16,ok,15,51,36,True,23361,33,19,15,2.5247
430,16,ok,4,17,13,True,23422,23,45,4,2.5172
431,16,ok,12,35,23,True,23482,34,17,12,2.6098
432,16,ok,4,15,11,True,23543,41,82,4,2.5409
433,16,ok,15,57,42,True,23603,29,17,15,2.5437
434,16,ok,4,17,13,True,23664,31,45,4,2.5582
435,16,ok,12,46,34,True,23724,38,19,12,2.6356
436,16,ok,4,14,10,True,23785,29,85,4,2.6074
437,16,ok,15,56,41,True,23845,43,17,15,2.6031
438,16,ok,4,13,9,True,23906,29,44,4,2.6128
440,16,ok,4,15,11,True,24027,29,79,4,2.6204
439,16,ok,12,40,28,True,23966,30,16,12,2.8039
441,16,ok,15,60,45,True,24087,34,19,15,2.7716
442,16,ok,4,16,12,True,24148,38,45,4,2.7941
443,16,ok,12,43,31,True,24209,36,19,12,2.8125
444,16,ok,4,12,8,True,24269,28,91,4,2.8404
445,16,ok,15,59,44,True,24330,37,16,15,2.8687
446,16,ok,4,14,10,True,24391,26,43,4,2.9118
448,16,ok,4,12,8,True,24512,31,95,4,2.8167
447,16,ok,12,44,32,True,24451,40,17,12,2.848
449,16,ok,15,51,36,True,24573,28,16,15,2.8329
450,16,ok,4,16,12,True,24633,35,47,4,2.8302
451,16,ok,12,41,29,True,24694,46,17,12,2.8816
452,16,ok,4,16,12,True,24755,37,80,4,2.8923
453,16,ok,15,44,29,True,24815,56,17,15,2.8921
454,16,ok,4,14,10,True,24876,34,47,4,2.9631
455,16,ok,12,45,33,True,24937,49,19,12,2.9527
456,16,ok,4,12,8,True,24998,23,92,4,2.9281
457,16,ok,15,57,42,True,25059,30,16,15,2.9531
458,16,ok,4,11,7,True,25119,27,44,4,2.9527
459,16,ok,12,29,17,True,25180,34,20,12,2.9909
460,16,ok,4,16,12,True,25241,27,88,4,3.0111
461,16,ok,15,48,33,True,25302,36,16,15,2.9679
462,16,ok,4,22,18,True,25363,29,50,4,3.0336
463,16,ok,12,36,24,True,25424,44,18,12,3.004
464,16,ok,4,15,11,True,25484,25,97,4,3.0479
465,16,ok,15,54,39,True,25545,36,17,15,3.0139
466,16,ok,4,13,9,True,25606,29,42,4,3.0562
467,16,ok,12,43,31,True,25667,49,18,12,3.2066
468,16,ok,4,12,8,True,25728,46,91,4,3.0962
469,16,ok,15,61,46,True,25789,47,17,15,3.113
470,16,ok,4,11,7,True,25850,31,46,4,3.1521
471,16,ok,12,46,34,True,25911,29,19,12,3.1433
472,16,ok,4,11,7,True,25972,22,85,4,3.2111
473,16,ok,15,57,42,True,26033,37,19,15,3.2782
474,16,ok,4,17,13,True,26094,24,44,4,3.1777
475,16,ok,12,48,36,True,26155,26,17,12,3.2351
476,16,ok,4,15,11,True,26216,32,87,4,3.4196
477,16,ok,15,57,42,True,26277,31,17,15,3.2033
478,16,ok,4,17,13,True,26338,27,48,4,3.2733
479,16,ok,12,52,40,True,26399,39,18,12,3.2203
480,16,ok,4,15,11,True,26460,34,82,4,3.2374
481,16,ok,15,52,37,True,26521,35,18,15,3.2242
482,16,ok,4,15,11,True,26582,32,44,4,3.3952
483,16,ok,12,40,28,True,26644,37,16,12,3.2659
484,16,ok,4,18,14,True,26705,37,85,4,3.3275
485,16,ok,15,65,50,True,26766,42,16,15,3.4812
486,16,ok,4,11,7,True,26827,38,48,4,3.3647
487,16,ok,12,41,29,True,26888,36,17,12,3.3309
488,16,ok,4,12,8,True,26949,24,85,4,3.391
489,16,ok,15,62,47,True,27011,34,18,15,3.4151
490,16,ok,4,10,6,True,27072,30,43,4,3.4771
491,16,ok,12,42,30,True,27133,56,18,12,3.4792
492,16,ok,4,10,6,True,27194,25,80,4,3.4462
493,16,ok,15,66,51,True,27255,40,18,15,3.4594
494,16,ok,4,12,8,True,27317,23,45,4,3.5451
495,16,ok,12,41,29,True,27378,34,20,12,3.4687
1,17,ok,16,16,0,True,37,2,3,16,0.0001
2,17,ok,2,2,0,True,63,4,10,2,0.0001
3,17,ok,7,10,3,True,93,3,16,7,0.0002
4,17,ok,2,5,3,True,126,3,24,2,0.0003
5,17,ok,9,13,4,True,160,4,31,9,0.0004
6,17,ok,2,3,1,True,195,4,29,2,0.0004
7,17,ok,7,13,6,True,232,6,33,7,0.0006
8,17,ok,2,4,2,True,269,4,31,2,0.0007
9,17,ok,9,15,6,True,308,6,38,9,0.0009
10,17,ok,2,4,2,True,347,5,39,2,0.001
11,17,ok,7,12,5,True,386,6,33,7,0.0012
12,17,ok,2,3,1,True,427,5,41,2,0.0013
13,17,ok,9,20,11,True,468,5,41,9,0.0016
14,17,ok,2,5,3,True,509,7,41,2,0.0018
15,17,ok,7,14,7,True,551,7,46,7,0.002
16,17,ok,2,7,5,True,593,4,54,2,0.0022
17,17,ok,9,19,10,True,636,8,48,9,0.0025
18,17,ok,2,4,2,True,679,7,49,2,0.0028
19,17,ok,7,14,7,True,723,8,47,7,0.003
20,17,ok,2,4,2,True,767,5,53,2,0.0034
21,17,ok,9,21,12,True,811,8,50,9,0.0037
22,17,ok,2,3,1,True,855,6,49,2,0.004
23,17,ok,7,15,8,True,900,9,52,7,0.0044
24,17,ok,2,5,3,True,945,5,57,2,0.0048
25,17,ok,9,18,9,True,990,6,53,9,0.0053
26,17,ok,2,4,2,True,1036,7,52,2,0.0057
27,17,ok,7,15,8,True,1082,9,58,7,0.0061
28,17,ok,2,4,2,True,1128,8,64,2,0.0065
29,17,ok,9,21,12,True,1174,9,54,9,0.007
30,17,ok,2,7,5,True,1220,9,49,2,0.0075
31,17,ok,7,17,10,True,1267,12,60,7,0.008
32,17,ok,2,5,3,True,1314,7,62,2,0.0086
33,17,ok,9,21,12,True,1361,12,59,9,0.0091
34,17,ok,2,5,3,True,1409,8,54,2,0.0097
35,17,ok,7,19,12,True,1456,8,66,7,0.0102
36,17,ok,2,5,3,True,1504,7,62,2,0.0108
37,17,ok,9,23,14,True,1552,10,63,9,0.0115
38,17,ok,2,6,4,True,1600,9,63,2,0.012
39,17,ok,7,18,11,True,1648,9,60,7,0.0128
40,17,ok,2,8,6,True,1696,9,60,2,0.0135
41,17,ok,9,25,16,True,1745,9,65,9,0.0143
42,17,ok,2,5,3,True,1793,6,64,2,0.015
43,17,ok,7,13,6,True,1842,11,59,7,0.0157
44,17,ok,2,5,3,True,1891,6,70,2,0.0166
45,17,ok,9,22,13,True,1940,8,67,9,0.0172
46,17,ok,2,6,4,True,1990,9,58,2,0.0182
47,17,ok,7,16,9,True,2039,16,66,7,0.0189
48,17,ok,2,8,6,True,2089,7,72,2,0.0196
49,17,ok,9,15,6,True,2138,10,66,9,0.021
50,17,ok,2,6,4,True,2188,7,70,2,0.0216
51,17,ok,7,17,10,True,2238,13,66,7,0.0226
52,17,ok,2,5,3,True,2288,9,68,2,0.0241
496,16,ok,4,10,6,True,27439,36,82,4,3.4893
53,17,ok,9,21,12,True,2338,13,70,9,0.0248
54,17,ok,2,6,4,True,2388,8,80,2,0.0256
55,17,ok,7,12,5,True,2439,7,68,7,0.0265
56,17,ok,2,6,4,True,2489,7,70,2,0.0277
57,17,ok,9,23,14,True,2540,10,72,9,0.0291
58,17,ok,2,5,3,True,2591,11,77,2,0.0298
59,17,ok,7,16,9,True,2642,14,70,7,0.0309
60,17,ok,2,6,4,True,2693,9,80,2,0.0318
61,17,ok,9,22,13,True,2744,12,72,9,0.0328
62,17,ok,2,6,4,True,2795,11,70,2,0.0342
63,17,ok,7,15,8,True,2846,12,74,7,0.0356
64,17,ok,2,4,2,True,2898,11,81,2,0.037
65,17,ok,9,24,15,True,2949,12,73,9,0.0378
66,17,ok,2,4,2,True,3001,8,80,2,0.0392
67,17,ok,7,15,8,True,3052,14,82,7,0.0403
68,17,ok,2,3,1,True,3104,11,77,2,0.0418
69,17,ok,9,24,15,True,3156,9,71,9,0.0431
70,17,ok,2,4,2,True,3208,6,73,2,0.0442
71,17,ok,7,16,9,True,3260,15,84,7,0.0455
72,17,ok,2,6,4,True,3312,7,86,2,0.0473
73,17,ok,9,20,11,True,3364,10,76,9,0.0485
74,17,ok,2,6,4,True,3417,7,84,2,0.0505
75,17,ok,7,19,12,True,3472,10,80,7,0.0516
76,17,ok,2,4,2,True,3522,8,85,2,0.0532
77,17,ok,9,17,8,True,3574,13,81,9,0.0546
78,17,ok,2,4,2,True,3627,10,79,2,0.0563
79,17,ok,7,16,9,True,3679,14,82,7,0.0581
80,17,ok,2,6,4,True,3732,10,82,2,0.0594
81,17,ok,9,30,21,True,3785,15,78,9,0.0609
82,17,ok,2,6,4,True,3840,10,79,2,0.0627
83,17,ok,7,19,12,True,3891,16,95,7,0.0647
84,17,ok,2,7,5,True,3944,9,83,2,0.0667
85,17,ok,9,25,16,True,3997,13,77,9,0.0685
497,16,ok,15,50,35,True,27500,29,19,15,3.5154
86,17,ok,2,4,2,True,4051,7,79,2,0.07
87,17,ok,7,17,10,True,4104,19,84,7,0.071
88,17,ok,2,5,3,True,4157,9,82,2,0.0735
89,17,ok,9,25,16,True,4211,12,87,9,0.0759
90,17,ok,2,6,4,True,4264,9,88,2,0.0766
91,17,ok,7,15,8,True,4318,16,81,7,0.0794
92,17,ok,2,5,3,True,4372,10,94,2,0.0811
93,17,ok,9,26,17,True,4426,14,85,9,0.0825
94,17,ok,2,6,4,True,4480,10,82,2,0.0848
95,17,ok,7,18,11,True,4533,11,83,7,0.0866
96,17,ok,2,4,2,True,4587,15,93,2,0.0885
97,17,ok,9,24,15,True,4641,12,83,9,0.0906
98,17,ok,2,4,2,True,4695,8,86,2,0.0927
99,17,ok,7,13,6,True,4752,12,81,7,0.0949
100,17,ok,2,8,6,True,4804,10,91,2,0.0978
498,16,ok,4,12,8,True,27562,30,44,4,3.5516
101,17,ok,9,29,20,True,4858,14,82,9,0.0998
102,17,ok,2,5,3,True,4912,8,89,2,0.1027
103,17,ok,7,17,10,True,4967,19,88,7,0.1044
104,17,ok,2,4,2,True,5021,12,93,2,0.1098
105,17,ok,9,16,7,True,5076,16,88,9,0.1089
106,17,ok,2,8,6,True,5130,8,87,2,0.11
107,17,ok,7,16,9,True,5185,12,99,7,0.1133
108,17,ok,2,4,2,True,5240,10,91,2,0.1198
109,17,ok,9,22,13,True,5296,11,97,9,0.118
110,17,ok,2,4,2,True,5349,8,98,2,0.1239
111,17,ok,7,23,16,True,5404,13,93,7,0.1299
112,17,ok,2,6,4,True,5459,14,84,2,0.1317
113,17,ok,9,20,11,True,5514,12,100,9,0.1292
114,17,ok,2,5,3,True,5569,15,96,2,0.1334
115,17,ok,7,18,11,True,5624,11,99,7,0.138
116,17,ok,2,5,3,True,5680,10,93,2,0.1353
117,17,ok,9,24,15,True,5735,13,89,9,0.1401
118,17,ok,2,4,2,True,5790,10,92,2,0.1409
119,17,ok,7,17,10,True,5845,17,96,7,0.1453
120,17,ok,2,7,5,True,5901,12,90,2,0.1457
121,17,ok,9,24,15,True,5956,13,86,9,0.1504
122,17,ok,2,6,4,True,6011,7,93,2,0.1527
123,17,ok,7,19,12,True,6067,15,92,7,0.1548
124,17,ok,2,5,3,True,6123,10,104,2,0.156
125,17,ok,9,23,14,True,6178,12,89,9,0.161
126,17,ok,2,3,1,True,6234,12,85,2,0.1624
127,17,ok,7,17,10,True,6290,14,92,7,0.1656
128,17,ok,2,6,4,True,6345,13,96,2,0.1671
129,17,ok,9,19,10,True,6401,13,92,9,0.1718
130,17,ok,2,8,6,True,6457,11,93,2,0.1745
131,17,ok,7,19,12,True,6513,12,92,7,0.1756
499,16,ok,12,36,24,True,27623,43,18,12,3.5374
132,17,ok,2,5,3,True,6569,10,96,2,0.179
133,17,ok,9,30,21,True,6625,12,87,9,0.1833
134,17,ok,2,5,3,True,6681,9,108,2,0.1849
135,17,ok,7,21,14,True,6737,14,90,7,0.1885
136,17,ok,2,6,4,True,6793,9,101,2,0.1938
137,17,ok,9,25,16,True,6850,14,95,9,0.2013
138,17,ok,2,6,4,True,6906,14,92,2,0.1998
139,17,ok,7,23,16,True,6962,16,93,7,0.1993
140,17,ok,2,6,4,True,7018,11,98,2,0.2036
141,17,ok,9,29,20,True,7075,15,96,9,0.2077
142,17,ok,2,8,6,True,7131,10,100,2,0.2106
143,17,ok,7,19,12,True,7188,15,97,7,0.2152
144,17,ok,2,5,3,True,7244,16,94,2,0.2182
145,17,ok,9,20,11,True,7301,15,104,9,0.2231
146,17,ok,2,6,4,True,7357,10,101,2,0.2259
147,17,ok,7,15,8,True,7414,16,106,7,0.2291
148,17,ok,2,5,3,True,7472,9,103,2,0.2335
149,17,ok,9,21,12,True,7527,15,103,9,0.2349
150,17,ok,2,6,4,True,7584,11,111,2,0.2414
151,17,ok,7,16,9,True,7641,14,101,7,0.2427
500,16,ok,4,15,11,True,27684,32,89,4,3.7139
152,17,ok,2,9,7,True,7698,12,99,2,0.2514
153,17,ok,9,24,15,True,7755,14,94,9,0.2534
154,17,ok,2,4,2,True,7812,12,97,2,0.2558
155,17,ok,7,16,9,True,7872,19,93,7,0.2654
156,17,ok,2,5,3,True,7926,13,98,2,0.2648
158,17,ok,2,4,2,True,8040,9,106,2,0.27
157,17,ok,9,21,12,True,7984,15,95,9,0.2876
159,17,ok,7,18,11,True,8097,12,112,7,0.2763
160,17,ok,2,6,4,True,8154,12,99,2,0.2773
161,17,ok,9,19,10,True,8211,15,101,9,0.2809
162,17,ok,2,7,5,True,8269,8,93,2,0.2842
163,17,ok,7,18,11,True,8326,14,116,7,0.2889
164,17,ok,2,8,6,True,8384,15,107,2,0.3134
165,17,ok,9,24,15,True,8441,16,107,9,0.2973
166,17,ok,2,6,4,True,8498,8,90,2,0.3006
167,17,ok,7,23,16,True,8556,18,103,7,0.304
168,17,ok,2,5,3,True,8613,14,113,2,0.3084
169,17,ok,9,26,17,True,8671,15,110,9,0.3124
170,17,ok,2,7,5,True,8728,8,110,2,0.3331
171,17,ok,7,14,7,True,8786,13,100,7,0.323
172,17,ok,2,7,5,True,8843,11,100,2,0.3348
173,17,ok,9,24,15,True,8901,19,102,9,0.332
174,17,ok,2,9,7,True,8960,16,101,2,0.3414
175,17,ok,7,20,13,True,9016,16,118,7,0.3389
176,17,ok,2,5,3,True,9074,15,102,2,0.3456
177,17,ok,9,26,17,True,9132,12,101,9,0.3479
178,17,ok,2,6,4,True,9190,12,106,2,0.3717
179,17,ok,7,21,14,True,9248,16,110,7,0.3564
180,17,ok,2,7,5,True,9306,11,106,2,0.3603
181,17,ok,9,28,19,True,9364,17,104,9,0.3697
182,17,ok,2,6,4,True,9422,11,104,2,0.3735
183,17,ok,7,20,13,True,9480,12,103,7,0.3769
184,17,ok,2,4,2,True,9538,14,104,2,0.3888
185,17,ok,9,26,17,True,9596,12,106,9,0.3871
186,17,ok,2,6,4,True,9654,9,99,2,0.3914
187,17,ok,7,19,12,True,9712,15,106,7,0.3945
188,17,ok,2,5,3,True,9770,10,101,2,0.4011
189,17,ok,9,27,18,True,9829,14,104,9,0.4078
190,17,ok,2,3,1,True,9888,17,113,2,0.4357
191,17,ok,7,18,11,True,9945,22,108,7,0.412
192,17,ok,2,5,3,True,10003,11,110,2,0.416
193,17,ok,9,26,17,True,10064,18,102,9,0.4233
194,17,ok,2,4,2,True,10120,12,107,2,0.4303
195,17,ok,7,13,6,True,10179,18,102,7,0.4345
196,17,ok,2,4,2,True,10240,13,111,2,0.4621
197,17,ok,9,24,15,True,10296,15,99,9,0.4389
198,17,ok,2,5,3,True,10354,11,105,2,0.4493
199,17,ok,7,16,9,True,10413,18,100,7,0.4613
200,17,ok,2,5,3,True,10471,8,107,2,0.4604
201,17,ok,9,21,12,True,10530,12,107,9,0.4728
202,17,ok,2,4,2,True,10588,13,102,2,0.4967
203,17,ok,7,20,13,True,10647,19,106,7,0.5132
204,17,ok,2,6,4,True,10706,12,108,2,0.5049
205,17,ok,9,22,13,True,10765,17,109,9,0.5098
206,17,ok,2,6,4,True,10823,11,102,2,0.5317
207,17,ok,7,22,15,True,10882,16,105,7,0.538
208,17,ok,2,3,1,True,10941,14,114,2,0.5035
209,17,ok,9,21,12,True,11000,19,107,9,0.5275
210,17,ok,2,4,2,True,11059,13,102,2,0.5108
211,17,ok,7,18,11,True,11118,19,97,7,0.5193
212,17,ok,2,4,2,True,11176,14,110,2,0.5298
213,17,ok,9,21,12,True,11235,22,119,9,0.5454
214,17,ok,2,5,3,True,11296,14,105,2,0.536
215,17,ok,7,21,14,True,11353,13,113,7,0.5655
216,17,ok,2,5,3,True,11413,16,111,2,0.547
217,17,ok,9,21,12,True,11472,16,110,9,0.5525
218,17,ok,2,10,8,True,11531,10,117,2,0.5686
219,17,ok,7,15,8,True,11590,16,110,7,0.5773
220,17,ok,2,4,2,True,11649,11,114,2,0.5892
221,17,ok,9,23,14,True,11708,15,110,9,0.5777
222,17,ok,2,7,5,True,11767,13,115,2,0.6164
223,17,ok,7,17,10,True,11827,22,105,7,0.5975
224,17,ok,2,8,6,True,11888,9,112,2,0.6472
225,17,ok,9,23,14,True,11945,16,111,9,0.6452
226,17,ok,2,8,6,True,12005,13,103,2,0.6578
227,17,ok,7,25,18,True,12064,27,107,7,0.6345
228,17,ok,2,3,1,True,12123,13,109,2,0.6855
229,17,ok,9,24,15,True,12183,14,101,9,0.6675
230,17,ok,2,7,5,True,12242,16,106,2,0.6349
231,17,ok,7,16,9,True,12302,23,114,7,0.647
232,17,ok,2,8,6,True,12361,11,108,2,0.6731
233,17,ok,9,25,16,True,12421,14,104,9,0.6424
234,17,ok,2,5,3,True,12480,10,107,2,0.6963
235,17,ok,7,20,13,True,12540,18,111,7,0.6779
236,17,ok,2,7,5,True,12600,11,112,2,0.6683
237,17,ok,9,25,16,True,12659,18,107,9,0.6787
238,17,ok,2,7,5,True,12720,12,106,2,0.6946
239,17,ok,7,17,10,True,12779,16,110,7,0.6833
240,17,ok,2,4,2,True,12838,15,108,2,0.7321
241,17,ok,9,25,16,True,12898,17,105,9,0.7
242,17,ok,2,7,5,True,12960,13,105,2,0.7365
243,17,ok,7,17,10,True,13018,14,113,7,0.733
244,17,ok,2,8,6,True,13077,11,123,2,0.7491
245,17,ok,9,30,21,True,13137,18,119,9,0.7566
246,17,ok,2,7,5,True,13197,8,118,2,0.7343
247,17,ok,7,20,13,True,13257,18,108,7,0.7656
248,17,ok,2,6,4,True,13317,11,111,2,0.7739
249,17,ok,9,24,15,True,13377,16,113,9,0.7596
250,17,ok,2,6,4,True,13437,11,120,2,0.7554
251,17,ok,7,22,15,True,13497,18,123,7,0.7683
252,17,ok,2,8,6,True,13557,11,120,2,0.7783
253,17,ok,9,24,15,True,13617,15,106,9,0.7913
254,17,ok,2,7,5,True,13677,10,114,2,0.8082
255,17,ok,7,28,21,True,13737,15,113,7,0.7947
256,17,ok,2,6,4,True,13797,17,118,2,0.8037
257,17,ok,9,26,17,True,13857,14,118,9,0.8288
258,17,ok,2,5,3,True,13918,12,120,2,0.8239
259,17,ok,7,26,19,True,13978,24,109,7,0.8581
260,17,ok,2,5,3,True,14038,19,131,2,0.8408
261,17,ok,9,20,11,True,14098,20,122,9,0.8548
262,17,ok,2,10,8,True,14158,11,110,2,0.8584
263,17,ok,7,15,8,True,14219,23,113,7,0.8617
264,17,ok,2,6,4,True,14279,15,123,2,0.9077
265,17,ok,9,26,17,True,14339,19,123,9,0.8953
266,17,ok,2,3,1,True,14400,16,126,2,0.9075
267,17,ok,7,20,13,True,14460,18,111,7,0.8961
268,17,ok,2,6,4,True,14521,10,111,2,0.8957
269,17,ok,9,22,13,True,14581,15,109,9,0.9045
270,17,ok,2,5,3,True,14641,12,113,2,0.9082
271,17,ok,7,19,12,True,14702,12,115,7,0.9187
272,17,ok,2,7,5,True,14762,17,113,2,0.9608
273,17,ok,9,24,15,True,14823,15,118,9,0.9331
274,17,ok,2,6,4,True,14883,10,121,2,0.9477
275,17,ok,7,22,15,True,14944,20,120,7,0.9408
276,17,ok,2,6,4,True,15005,12,114,2,0.9512
277,17,ok,9,28,19,True,15065,18,121,9,0.9677
278,17,ok,2,6,4,True,15126,17,110,2,1.0177
279,17,ok,7,16,9,True,15187,23,128,7,0.9978
280,17,ok,2,9,7,True,15247,9,120,2,0.9954
281,17,ok,9,23,14,True,15308,15,116,9,1.0019
282,17,ok,2,7,5,True,15369,14,110,2,1.0071
283,17,ok,7,22,15,True,15429,16,104,7,1.0106
284,17,ok,2,6,4,True,15490,15,122,2,1.0292
285,17,ok,9,27,18,True,15552,12,120,9,1.0651
286,17,ok,2,6,4,True,15612,13,113,2,1.0447
287,17,ok,7,16,9,True,15673,18,114,7,1.0496
288,17,ok,2,5,3,True,15733,16,110,2,1.0558
289,17,ok,9,21,12,True,15794,21,104,9,1.077
290,17,ok,2,4,2,True,15856,17,111,2,1.1087
291,17,ok,7,28,21,True,15916,13,113,7,1.1344
292,17,ok,2,7,5,True,15977,9,120,2,1.0867
293,17,ok,9,23,14,True,16038,16,118,9,1.136
294,17,ok,2,6,4,True,16099,10,123,2,1.1066
295,17,ok,7,20,13,True,16160,17,113,7,1.1197
296,17,ok,2,9,7,True,16221,16,122,2,1.1434
297,17,ok,9,21,12,True,16282,17,124,9,1.1335
298,17,ok,2,7,5,True,16343,14,116,2,1.1617
299,17,ok,7,20,13,True,16404,21,118,7,1.161
300,17,ok,2,6,4,True,16465,13,114,2,1.1713
301,17,ok,9,22,13,True,16526,17,120,9,1.1653
302,17,ok,2,4,2,True,16588,22,119,2,1.2157
303,17,ok,7,15,8,True,16649,29,124,7,1.1918
304,17,ok,2,7,5,True,16710,12,123,2,1.1934
305,17,ok,9,23,14,True,16771,19,112,9,1.1952
306,17,ok,2,7,5,True,16832,14,115,2,1.205
307,17,ok,7,21,14,True,16894,28,119,7,1.2305
308,17,ok,2,4,2,True,16955,16,114,2,1.2482
309,17,ok,9,29,20,True,17016,21,117,9,1.2477
310,17,ok,2,5,3,True,17078,17,125,2,1.2467
311,17,ok,7,18,11,True,17139,20,115,7,1.265
312,17,ok,2,5,3,True,17200,10,130,2,1.2635
313,17,ok,9,25,16,True,17262,16,122,9,1.3237
314,17,ok,2,9,7,True,17323,13,116,2,1.2921
315,17,ok,7,15,8,True,17384,25,127,7,1.3138
316,17,ok,2,3,1,True,17446,10,144,2,1.3089
317,17,ok,9,24,15,True,17507,20,118,9,1.3224
318,17,ok,2,6,4,True,17569,15,120,2,1.3647
319,17,ok,7,20,13,True,17630,19,115,7,1.3374
320,17,ok,2,4,2,True,17692,13,129,2,1.4127
321,17,ok,9,22,13,True,17753,20,117,9,1.4163
322,17,ok,2,7,5,True,17815,18,123,2,1.4223
323,17,ok,7,18,11,True,17876,15,116,7,1.4143
324,17,ok,2,8,6,True,17938,11,127,2,1.4369
325,17,ok,9,28,19,True,18000,17,123,9,1.436
326,17,ok,2,5,3,True,18061,14,117,2,1.4588
327,17,ok,7,16,9,True,18123,27,132,7,1.4328
328,17,ok,2,8,6,True,18185,13,123,2,1.4419
329,17,ok,9,27,18,True,18246,18,123,9,1.4315
330,17,ok,2,6,4,True,18308,17,126,2,1.4322
331,17,ok,7,21,14,True,18370,17,125,7,1.4471
332,17,ok,2,9,7,True,18432,11,124,2,1.4841
333,17,ok,9,29,20,True,18493,20,120,9,1.4758
334,17,ok,2,5,3,True,18555,14,120,2,1.4972
335,17,ok,7,25,18,True,18617,23,136,7,1.4873
336,17,ok,2,7,5,True,18679,9,120,2,1.5177
337,17,ok,9,24,15,True,18740,17,118,9,1.5126
338,17,ok,2,9,7,True,18802,12,116,2,1.5298
339,17,ok,7,24,17,True,18864,19,115,7,1.5423
340,17,ok,2,9,7,True,18926,17,123,2,1.5453
341,17,ok,9,23,14,True,18988,18,125,9,1.5608
342,17,ok,2,8,6,True,19050,17,112,2,1.5833
343,17,ok,7,20,13,True,19112,22,114,7,1.5864
344,17,ok,2,6,4,True,19174,11,128,2,1.5951
345,17,ok,9,27,18,True,19236,19,120,9,1.6263
346,17,ok,2,6,4,True,19298,13,120,2,1.6185
347,17,ok,7,22,15,True,19360,21,120,7,1.6561
348,17,ok,2,8,6,True,19422,18,127,2,1.6469
349,17,ok,9,24,15,True,19484,16,123,9,1.6719
350,17,ok,2,6,4,True,19546,17,121,2,1.7009
351,17,ok,7,20,13,True,19608,23,121,7,1.7133
352,17,ok,2,11,9,True,19670,11,120,2,1.7841
353,17,ok,9,27,18,True,19732,20,119,9,1.7498
354,17,ok,2,4,2,True,19794,19,119,2,1.7184
355,17,ok,7,19,12,True,19856,21,125,7,1.7723
356,17,ok,2,3,1,True,19920,23,134,2,1.7934
357,17,ok,9,23,14,True,19981,17,126,9,1.8109
358,17,ok,2,11,9,True,20043,15,120,2,1.7959
359,17,ok,7,25,18,True,20105,24,128,7,1.7852
360,17,ok,2,7,5,True,20167,10,129,2,1.786
361,17,ok,9,22,13,True,20230,18,124,9,1.8155
362,17,ok,2,7,5,True,20292,10,120,2,1.8209
363,17,ok,7,29,22,True,20354,19,129,7,1.8308
364,17,ok,2,6,4,True,20417,15,139,2,1.8149
365,17,ok,9,21,12,True,20480,16,125,9,1.8536
366,17,ok,2,9,7,True,20541,18,120,2,1.8435
367,17,ok,7,26,19,True,20604,14,117,7,1.8447
368,17,ok,2,7,5,True,20666,15,132,2,1.8782
369,17,ok,9,33,24,True,20728,16,133,9,1.9042
370,17,ok,2,10,8,True,20791,15,126,2,1.8934
371,17,ok,7,17,10,True,20853,25,115,7,1.9409
372,17,ok,2,7,5,True,20916,15,125,2,1.9111
373,17,ok,9,32,23,True,20978,16,118,9,1.9369
374,17,ok,2,7,5,True,21041,18,129,2,1.9908
375,17,ok,7,18,11,True,21103,20,119,7,1.9877
376,17,ok,2,5,3,True,21166,16,132,2,1.9644
377,17,ok,9,23,14,True,21228,20,123,9,1.9717
378,17,ok,2,7,5,True,21291,12,116,2,2.0145
379,17,ok,7,22,15,True,21353,26,127,7,2.0204
380,17,ok,2,7,5,True,21416,27,130,2,2.0291
381,17,ok,9,26,17,True,21478,17,119,9,2.0449
382,17,ok,2,5,3,True,21541,16,124,2,2.0367
383,17,ok,7,27,20,True,21604,22,122,7,2.0475
384,17,ok,2,8,6,True,21666,15,123,2,2.1272
385,17,ok,9,25,16,True,21729,16,121,9,2.0723
386,17,ok,2,5,3,True,21792,21,128,2,2.1172
387,17,ok,7,17,10,True,21854,19,120,7,2.1289
388,17,ok,2,6,4,True,21917,12,124,2,2.1144
389,17,ok,9,24,15,True,21980,21,130,9,2.1541
390,17,ok,2,4,2,True,22043,13,132,2,2.1649
391,17,ok,7,17,10,True,22105,24,128,7,2.1651
392,17,ok,2,5,3,True,22168,11,123,2,2.1791
393,17,ok,9,21,12,True,22231,20,128,9,2.205
394,17,ok,2,5,3,True,22294,17,123,2,2.2022
395,17,ok,7,17,10,True,22356,18,122,7,2.1888
396,17,ok,2,5,3,True,22419,17,133,2,2.2455
397,17,ok,9,25,16,True,22482,16,119,9,2.236
398,17,ok,2,7,5,True,22545,23,125,2,2.27
399,17,ok,7,21,14,True,22608,20,126,7,2.3117
400,17,ok,2,10,8,True,22672,12,127,2,2.2827
401,17,ok,9,30,21,True,22734,18,131,9,2.2675
402,17,ok,2,7,5,True,22797,14,133,2,2.2988
403,17,ok,7,24,17,True,22860,16,140,7,2.3395
404,17,ok,2,8,6,True,22923,13,125,2,2.3695
405,17,ok,9,25,16,True,22985,22,127,9,2.3605
406,17,ok,2,4,2,True,23048,14,130,2,2.3711
407,17,ok,7,23,16,True,23111,15,128,7,2.3581
408,17,ok,2,6,4,True,23174,13,136,2,2.3643
409,17,ok,9,31,22,True,23238,18,121,9,2.4079
410,17,ok,2,6,4,True,23301,11,121,2,2.4272
411,17,ok,7,24,17,True,23364,27,125,7,2.4399
412,17,ok,2,10,8,True,23427,8,132,2,2.5095
413,17,ok,9,29,20,True,23490,20,132,9,2.4354
414,17,ok,2,6,4,True,23553,23,124,2,2.4562
415,17,ok,7,16,9,True,23616,18,127,7,2.4765
416,17,ok,2,5,3,True,23680,12,140,2,2.5235
417,17,ok,9,27,18,True,23744,17,149,9,2.5415
418,17,ok,2,6,4,True,23806,17,133,2,2.6267
419,17,ok,7,23,16,True,23869,18,123,7,2.5384
420,17,ok,2,5,3,True,23932,21,146,2,2.5739
421,17,ok,9,25,16,True,23995,22,139,9,2.565
422,17,ok,2,5,3,True,24058,16,129,2,2.6529
423,17,ok,7,13,6,True,24122,27,127,7,2.61
424,17,ok,2,5,3,True,24185,17,123,2,2.605
425,17,ok,9,19,10,True,24248,18,129,9,2.6536
426,17,ok,2,11,9,True,24311,8,125,2,2.7385
427,17,ok,7,19,12,True,24375,15,126,7,2.7378
428,17,ok,2,10,8,True,24438,22,130,2,2.7846
429,17,ok,9,22,13,True,24501,14,134,9,2.7639
430,17,ok,2,8,6,True,24565,19,126,2,2.7896
431,17,ok,7,17,10,True,24628,20,132,7,2.7501
432,17,ok,2,6,4,True,24691,13,121,2,2.7269
433,17,ok,9,27,18,True,24755,17,128,9,2.7599
434,17,ok,2,7,5,True,24818,17,131,2,2.8032
435,17,ok,7,23,16,True,24882,24,125,7,2.798
436,17,ok,2,7,5,True,24945,15,130,2,2.8316
437,17,ok,9,22,13,True,25008,17,122,9,2.8354
438,17,ok,2,5,3,True,25072,20,138,2,2.8274
439,17,ok,7,17,10,True,25136,27,129,7,2.848
440,17,ok,2,6,4,True,25200,16,139,2,2.8794
441,17,ok,9,28,19,True,25262,14,125,9,2.9273
442,17,ok,2,9,7,True,25326,16,119,2,2.8947
443,17,ok,7,21,14,True,25389,18,126,7,2.9237
444,17,ok,2,7,5,True,25453,11,129,2,2.9251
445,17,ok,9,23,14,True,25517,24,138,9,3.0156
446,17,ok,2,7,5,True,25580,15,125,2,3.0304
447,17,ok,7,19,12,True,25644,17,142,7,3.0293
448,17,ok,2,4,2,True,25707,10,133,2,3.009
449,17,ok,9,32,23,True,25771,23,125,9,3.0085
450,17,ok,2,6,4,True,25835,17,127,2,3.0965
451,17,ok,7,20,13,True,25898,26,129,7,3.0575
452,17,ok,2,6,4,True,25962,17,144,2,3.0855
453,17,ok,9,26,17,True,26026,20,130,9,3.0893
454,17,ok,2,8,6,True,26089,16,132,2,3.1884
455,17,ok,7,18,11,True,26153,31,136,7,3.1017
456,17,ok,2,6,4,True,26217,16,133,2,3.0984
457,17,ok,9,31,22,True,26280,20,126,9,3.1483
458,17,ok,2,7,5,True,26344,15,134,2,3.1853
459,17,ok,7,26,19,True,26408,22,132,7,3.1922
460,17,ok,2,7,5,True,26472,11,129,2,3.1948
461,17,ok,9,24,15,True,26535,18,130,9,3.2402
462,17,ok,2,9,7,True,26599,14,126,2,3.2534
463,17,ok,7,21,14,True,26663,27,138,7,3.25
464,17,ok,2,5,3,True,26727,19,137,2,3.2709
465,17,ok,9,35,26,True,26791,19,133,9,3.2896
466,17,ok,2,8,6,True,26854,14,137,2,3.2931
467,17,ok,7,17,10,True,26918,33,131,7,3.2676
468,17,ok,2,7,5,True,26982,18,142,2,3.3426
469,17,ok,9,29,20,True,27046,23,126,9,3.3524
470,17,ok,2,9,7,True,27110,14,128,2,3.3704
471,17,ok,7,15,8,True,27174,25,137,7,3.4137
472,17,ok,2,6,4,True,27238,17,137,2,3.4067
473,17,ok,9,39,30,True,27302,16,134,9,3.4083
474,17,ok,2,7,5,True,27366,13,131,2,3.45
475,17,ok,7,21,14,True,27430,20,131,7,3.4548
476,17,ok,2,5,3,True,27494,17,133,2,3.4749
477,17,ok,9,27,18,True,27558,21,135,9,3.5144
478,17,ok,2,4,2,True,27622,17,135,2,3.4798
479,17,ok,7,16,9,True,27686,20,128,7,3.5195
480,17,ok,2,4,2,True,27750,20,137,2,3.5454
481,17,ok,9,22,13,True,27814,26,131,9,3.5609
482,17,ok,2,6,4,True,27878,25,128,2,3.5809
483,17,ok,7,15,8,True,27942,22,138,7,3.5781
484,17,ok,2,5,3,True,28006,14,134,2,3.5912
485,17,ok,9,29,20,True,28070,21,132,9,3.6402
486,17,ok,2,4,2,True,28134,17,134,2,3.6099
487,17,ok,7,13,6,True,28198,31,129,7,3.6553
488,17,ok,2,11,9,True,28262,15,130,2,3.6659
489,17,ok,9,31,22,True,28326,26,129,9,3.7486
490,17,ok,2,4,2,True,28391,17,142,2,3.6815
491,17,ok,7,21,14,True,28455,30,136,7,3.7668
492,17,ok,2,8,6,True,28519,11,143,2,3.7104
493,17,ok,9,26,17,True,28583,19,123,9,3.7688
494,17,ok,2,4,2,True,28647,16,131,2,3.812
495,17,ok,7,19,12,True,28712,24,134,7,3.8463
1,18,ok,17,17,0,True,39,2,3,17,0.0001
2,18,ok,2,2,0,True,68,5,6,2,0.0002
3,18,ok,8,9,1,True,98,7,5,8,0.0002
4,18,ok,2,4,2,True,132,3,13,2,0.0003
5,18,ok,9,15,6,True,168,7,6,9,0.0004
6,18,ok,2,7,5,True,205,4,11,2,0.0005
7,18,ok,10,14,4,True,244,4,6,10,0.0006
8,18,ok,2,3,1,True,283,4,32,2,0.0008
9,18,ok,13,23,10,True,323,7,8,13,0.0009
10,18,ok,2,5,3,True,364,6,16,2,0.0011
11,18,ok,8,13,5,True,408,9,9,8,0.0013
12,18,ok,2,5,3,True,448,5,25,2,0.0014
13,18,ok,9,17,8,True,493,7,9,9,0.0017
14,18,ok,2,4,2,True,535,8,16,2,0.0019
15,18,ok,10,15,5,True,579,10,8,10,0.0021
16,18,ok,2,3,1,True,623,7,71,2,0.0024
17,18,ok,17,38,21,True,668,8,11,17,0.0027
18,18,ok,2,6,4,True,714,8,14,2,0.003
19,18,ok,8,17,9,True,758,13,12,8,0.0033
20,18,ok,2,5,3,True,804,4,26,2,0.0037
21,18,ok,9,13,4,True,851,11,12,9,0.0039
22,18,ok,2,6,4,True,897,6,16,2,0.0043
23,18,ok,10,24,14,True,944,11,11,10,0.0047
24,18,ok,2,6,4,True,991,6,61,2,0.0051
25,18,ok,13,25,12,True,1039,12,13,13,0.0056
26,18,ok,2,6,4,True,1088,9,19,2,0.0061
27,18,ok,8,15,7,True,1134,15,14,8,0.0065
28,18,ok,2,4,2,True,1183,7,31,2,0.0067
29,18,ok,9,18,9,True,1231,13,12,9,0.0073
30,18,ok,2,5,3,True,1280,9,23,2,0.0079
31,18,ok,10,17,7,True,1329,10,13,10,0.0084
32,18,ok,2,2,0,True,1378,9,95,2,0.0089
33,18,ok,17,42,25,True,1427,10,12,17,0.0096
34,18,ok,2,4,2,True,1477,7,21,2,0.0101
35,18,ok,8,14,6,True,1527,20,13,8,0.0107
36,18,ok,2,6,4,True,1576,9,32,2,0.0113
37,18,ok,9,20,11,True,1627,11,11,9,0.0121
38,18,ok,2,7,5,True,1677,7,21,2,0.0127
39,18,ok,10,21,11,True,1727,14,11,10,0.0134
40,18,ok,2,7,5,True,1778,7,64,2,0.0141
41,18,ok,13,33,20,True,1829,15,12,13,0.015
42,18,ok,2,6,4,True,1880,8,20,2,0.0155
43,18,ok,8,17,9,True,1931,19,14,8,0.0166
44,18,ok,2,6,4,True,1982,7,37,2,0.0172
45,18,ok,9,20,11,True,2034,23,12,9,0.0179
46,18,ok,2,3,1,True,2085,11,20,2,0.0189
47,18,ok,10,23,13,True,2137,12,14,10,0.0198
48,18,ok,2,7,5,True,2189,8,111,2,0.0206
49,18,ok,17,40,23,True,2241,13,13,17,0.0215
496,17,ok,2,9,7,True,28776,18,139,2,3.8369
50,18,ok,2,4,2,True,2295,13,20,2,0.0224
51,18,ok,8,18,10,True,2345,18,13,8,0.0229
52,18,ok,2,5,3,True,2398,10,36,2,0.0245
53,18,ok,9,22,13,True,2450,23,15,9,0.0252
54,18,ok,2,6,4,True,2503,8,21,2,0.0287
55,18,ok,10,23,13,True,2556,11,16,10,0.0271
56,18,ok,2,5,3,True,2608,11,70,2,0.0287
57,18,ok,13,35,22,True,2661,15,13,13,0.0289
58,18,ok,2,4,2,True,2715,8,24,2,0.0308
59,18,ok,8,16,8,True,2768,19,12,8,0.0316
60,18,ok,2,5,3,True,2821,11,36,2,0.0332
61,18,ok,9,20,11,True,2875,20,12,9,0.0338
62,18,ok,2,5,3,True,2928,12,24,2,0.0355
63,18,ok,10,15,5,True,2982,13,13,10,0.0358
497,17,ok,9,24,15,True,28840,23,125,9,3.8507
64,18,ok,2,10,8,True,3036,6,138,2,0.038
65,18,ok,17,46,29,True,3090,14,15,17,0.0388
66,18,ok,2,5,3,True,3144,11,24,2,0.0393
67,18,ok,8,19,11,True,3198,15,15,8,0.0419
68,18,ok,2,6,4,True,3252,8,39,2,0.0422
69,18,ok,9,17,8,True,3306,19,13,9,0.0439
70,18,ok,2,4,2,True,3360,10,25,2,0.0461
71,18,ok,10,21,11,True,3417,17,15,10,0.0464
72,18,ok,2,6,4,True,3470,10,65,2,0.0481
73,18,ok,13,36,23,True,3524,16,14,13,0.0508
74,18,ok,2,3,1,True,3579,14,24,2,0.0506
75,18,ok,8,19,11,True,3634,21,14,8,0.052
76,18,ok,2,8,6,True,3689,11,44,2,0.0552
77,18,ok,9,24,15,True,3744,16,14,9,0.0555
78,18,ok,2,4,2,True,3799,15,21,2,0.0575
79,18,ok,10,25,15,True,3854,21,16,10,0.0604
80,18,ok,2,5,3,True,3910,9,131,2,0.0609
81,18,ok,17,38,21,True,3965,14,16,17,0.0652
82,18,ok,2,6,4,True,4020,15,25,2,0.0654
83,18,ok,8,15,7,True,4075,30,15,8,0.0653
84,18,ok,2,5,3,True,4131,12,47,2,0.0661
85,18,ok,9,27,18,True,4187,18,19,9,0.07
86,18,ok,2,7,5,True,4242,16,26,2,0.0706
87,18,ok,10,22,12,True,4301,19,15,10,0.0763
88,18,ok,2,6,4,True,4354,11,77,2,0.0756
89,18,ok,13,28,15,True,4410,16,15,13,0.076
90,18,ok,2,6,4,True,4466,11,23,2,0.0778
91,18,ok,8,22,14,True,4522,29,16,8,0.082
92,18,ok,2,5,3,True,4578,11,42,2,0.0817
93,18,ok,9,20,11,True,4635,15,15,9,0.0834
94,18,ok,2,6,4,True,4692,16,28,2,0.0871
95,18,ok,10,26,16,True,4747,18,17,10,0.0875
96,18,ok,2,7,5,True,4804,7,147,2,0.0892
97,18,ok,17,38,21,True,4860,14,16,17,0.0918
98,18,ok,2,10,8,True,4917,10,27,2,0.0948
498,17,ok,2,6,4,True,28904,13,135,2,3.8216
99,18,ok,8,17,9,True,4974,21,17,8,0.0958
100,18,ok,2,4,2,True,5030,9,46,2,0.0983
101,18,ok,9,20,11,True,5087,23,19,9,0.1026
102,18,ok,2,8,6,True,5144,14,23,2,0.1023
103,18,ok,10,28,18,True,5202,16,16,10,0.1081
104,18,ok,2,5,3,True,5258,11,78,2,0.1121
105,18,ok,13,33,20,True,5315,19,18,13,0.1123
106,18,ok,2,5,3,True,5372,16,30,2,0.1158
107,18,ok,8,20,12,True,5429,27,18,8,0.1147
108,18,ok,2,4,2,True,5487,8,50,2,0.116
109,18,ok,9,23,14,True,5544,25,15,9,0.1186
110,18,ok,2,6,4,True,5601,10,29,2,0.1291
111,18,ok,10,26,16,True,5659,15,17,10,0.1249
112,18,ok,2,9,7,True,5716,12,154,2,0.1262
113,18,ok,17,41,24,True,5774,15,18,17,0.1289
114,18,ok,2,8,6,True,5831,11,26,2,0.1311
115,18,ok,8,21,13,True,5889,29,15,8,0.1338
116,18,ok,2,7,5,True,5947,15,46,2,0.1369
117,18,ok,9,19,10,True,6005,20,17,9,0.1417
118,18,ok,2,3,1,True,6062,19,27,2,0.1425
119,18,ok,10,21,11,True,6120,20,17,10,0.1447
120,18,ok,2,4,2,True,6178,16,90,2,0.1483
499,17,ok,7,19,12,True,28969,18,137,7,3.8865
121,18,ok,13,28,15,True,6236,20,18,13,0.1501
122,18,ok,2,8,6,True,6294,12,27,2,0.1522
123,18,ok,8,19,11,True,6352,27,18,8,0.1607
124,18,ok,2,6,4,True,6410,12,48,2,0.1584
125,18,ok,9,19,10,True,6469,27,19,9,0.1663
126,18,ok,2,6,4,True,6527,10,26,2,0.1632
127,18,ok,10,25,15,True,6585,17,17,10,0.1666
128,18,ok,2,4,2,True,6644,13,162,2,0.1691
129,18,ok,17,42,25,True,6702,19,16,17,0.1729
130,18,ok,2,7,5,True,6760,12,30,2,0.1815
131,18,ok,8,13,5,True,6819,16,17,8,0.1786
132,18,ok,2,5,3,True,6877,17,50,2,0.1831
133,18,ok,9,23,14,True,6936,26,17,9,0.1854
134,18,ok,2,4,2,True,6995,14,27,2,0.1887
135,18,ok,10,26,16,True,7053,28,20,10,0.1971
136,18,ok,2,6,4,True,7112,12,83,2,0.194
137,18,ok,13,32,19,True,7171,21,21,13,0.1983
138,18,ok,2,10,8,True,7230,14,28,2,0.2009
139,18,ok,8,15,7,True,7289,32,16,8,0.2106
140,18,ok,2,5,3,True,7348,17,55,2,0.2243
141,18,ok,9,18,9,True,7407,23,19,9,0.2163
142,18,ok,2,5,3,True,7466,15,31,2,0.2246
143,18,ok,10,28,18,True,7525,22,16,10,0.2239
144,18,ok,2,4,2,True,7584,9,165,2,0.2231
146,18,ok,2,5,3,True,7702,13,29,2,0.2269
145,18,ok,17,50,33,True,7643,15,17,17,0.2286
147,18,ok,8,22,14,True,7762,19,20,8,0.2345
148,18,ok,2,5,3,True,7821,10,46,2,0.235
149,18,ok,9,25,16,True,7880,29,20,9,0.2647
150,18,ok,2,8,6,True,7940,15,28,2,0.2462
151,18,ok,10,23,13,True,7999,22,21,10,0.2584
152,18,ok,2,5,3,True,8059,13,87,2,0.2553
500,17,ok,2,7,5,True,29033,13,143,2,3.9486
153,18,ok,13,34,21,True,8118,23,21,13,0.2595
154,18,ok,2,5,3,True,8178,16,31,2,0.2699
155,18,ok,8,19,11,True,8237,19,21,8,0.267
156,18,ok,2,5,3,True,8297,15,49,2,0.2668
157,18,ok,9,26,17,True,8357,23,19,9,0.2694
158,18,ok,2,4,2,True,8416,16,36,2,0.2756
159,18,ok,10,27,17,True,8476,20,20,10,0.2773
160,18,ok,2,6,4,True,8536,14,168,2,0.2819
161,18,ok,17,52,35,True,8596,18,18,17,0.2912
162,18,ok,2,7,5,True,8656,13,29,2,0.2958
163,18,ok,8,16,8,True,8716,31,18,8,0.2927
164,18,ok,2,5,3,True,8776,15,54,2,0.3008
165,18,ok,9,18,9,True,8836,25,20,9,0.302
166,18,ok,2,8,6,True,8896,14,34,2,0.3067
167,18,ok,10,20,10,True,8956,29,18,10,0.3146
168,18,ok,2,8,6,True,9016,9,94,2,0.315
169,18,ok,13,33,20,True,9076,19,23,13,0.3164
170,18,ok,2,5,3,True,9136,21,33,2,0.3232
171,18,ok,8,17,9,True,9197,27,18,8,0.3317
172,18,ok,2,4,2,True,9257,14,51,2,0.333
173,18,ok,9,24,15,True,9317,32,19,9,0.3338
174,18,ok,2,7,5,True,9378,14,28,2,0.3399
175,18,ok,10,25,15,True,9438,26,19,10,0.3493
176,18,ok,2,3,1,True,9498,12,172,2,0.3549
177,18,ok,17,47,30,True,9559,17,20,17,0.359
178,18,ok,2,6,4,True,9619,11,36,2,0.3575
179,18,ok,8,18,10,True,9680,27,18,8,0.365
180,18,ok,2,8,6,True,9740,12,53,2,0.3692
181,18,ok,9,25,16,True,9801,26,19,9,0.3707
182,18,ok,2,7,5,True,9862,11,32,2,0.3789
183,18,ok,10,18,8,True,9922,25,19,10,0.3849
184,18,ok,2,9,7,True,9983,13,110,2,0.3954
185,18,ok,13,29,16,True,10044,23,20,13,0.3913
186,18,ok,2,4,2,True,10105,12,30,2,0.4023
187,18,ok,8,17,9,True,10166,41,20,8,0.3985
188,18,ok,2,7,5,True,10226,17,53,2,0.4104
189,18,ok,9,26,17,True,10287,27,19,9,0.4137
190,18,ok,2,6,4,True,10348,11,32,2,0.4312
191,18,ok,10,26,16,True,10409,23,21,10,0.4194
192,18,ok,2,9,7,True,10470,11,195,2,0.4287
193,18,ok,17,44,27,True,10531,18,17,17,0.4397
194,18,ok,2,4,2,True,10592,18,29,2,0.4385
195,18,ok,8,21,13,True,10653,26,18,8,0.434
196,18,ok,2,6,4,True,10715,18,55,2,0.4575
197,18,ok,9,24,15,True,10776,23,19,9,0.452
198,18,ok,2,4,2,True,10837,10,33,2,0.4514
199,18,ok,10,27,17,True,10898,22,22,10,0.4553
200,18,ok,2,7,5,True,10960,12,98,2,0.4664
201,18,ok,13,39,26,True,11021,17,20,13,0.4699
202,18,ok,2,6,4,True,11084,11,31,2,0.4951
203,18,ok,8,19,11,True,11144,34,23,8,0.4849
204,18,ok,2,4,2,True,11205,18,55,2,0.4854
205,18,ok,9,23,14,True,11266,22,19,9,0.4896
206,18,ok,2,5,3,True,11328,14,31,2,0.4992
207,18,ok,10,29,19,True,11390,26,21,10,0.5056
208,18,ok,2,10,8,True,11451,15,178,2,0.5235
209,18,ok,17,43,26,True,11512,22,19,17,0.5094
210,18,ok,2,7,5,True,11574,10,31,2,0.5174
211,18,ok,8,18,10,True,11636,25,20,8,0.5209
212,18,ok,2,4,2,True,11697,18,55,2,0.5336
213,18,ok,9,21,12,True,11759,34,21,9,0.5378
214,18,ok,2,8,6,True,11821,15,32,2,0.561
215,18,ok,10,26,16,True,11883,17,22,10,0.5495
216,18,ok,2,6,4,True,11944,12,99,2,0.5525
217,18,ok,13,29,16,True,12006,26,19,13,0.5622
218,18,ok,2,10,8,True,12068,11,30,2,0.5684
219,18,ok,8,20,12,True,12130,41,19,8,0.5716
221,18,ok,9,21,12,True,12254,34,22,9,0.5835
220,18,ok,2,6,4,True,12192,14,52,2,0.593
222,18,ok,2,7,5,True,12315,10,31,2,0.5873
223,18,ok,10,29,19,True,12377,25,19,10,0.6057
224,18,ok,2,3,1,True,12439,14,192,2,0.6064
225,18,ok,17,42,25,True,12501,21,23,17,0.6099
226,18,ok,2,6,4,True,12564,13,32,2,0.6132
227,18,ok,8,19,11,True,12626,38,19,8,0.6161
228,18,ok,2,4,2,True,12688,20,58,2,0.6269
229,18,ok,9,19,10,True,12750,35,19,9,0.6875
230,18,ok,2,7,5,True,12812,19,35,2,0.6682
231,18,ok,10,21,11,True,12874,19,20,10,0.6452
232,18,ok,2,6,4,True,12937,19,105,2,0.6705
233,18,ok,13,37,24,True,12999,22,20,13,0.6624
234,18,ok,2,7,5,True,13061,13,31,2,0.6625
235,18,ok,8,18,10,True,13123,30,23,8,0.6706
236,18,ok,2,6,4,True,13186,22,63,2,0.692
237,18,ok,9,22,13,True,13248,28,20,9,0.6855
239,18,ok,10,25,15,True,13373,24,21,10,0.7006
238,18,ok,2,4,2,True,13311,17,36,2,0.7143
240,18,ok,2,6,4,True,13435,19,181,2,0.704
241,18,ok,17,45,28,True,13498,21,20,17,0.7067
242,18,ok,2,7,5,True,13560,14,34,2,0.7225
243,18,ok,8,16,8,True,13623,27,20,8,0.7221
244,18,ok,2,6,4,True,13686,13,60,2,0.7372
245,18,ok,9,24,15,True,13748,23,20,9,0.7328
246,18,ok,2,8,6,True,13811,10,32,2,0.7601
247,18,ok,10,21,11,True,13873,24,21,10,0.7486
248,18,ok,2,8,6,True,13936,11,102,2,0.7596
249,18,ok,13,31,18,True,13999,21,21,13,0.7665
250,18,ok,2,6,4,True,14062,13,33,2,0.7783
251,18,ok,8,24,16,True,14124,25,21,8,0.775
252,18,ok,2,8,6,True,14187,12,57,2,0.7879
253,18,ok,9,22,13,True,14250,30,22,9,0.7915
254,18,ok,2,6,4,True,14314,17,37,2,0.8285
255,18,ok,10,18,8,True,14376,22,19,10,0.8038
256,18,ok,2,6,4,True,14438,15,194,2,0.8203
257,18,ok,17,40,23,True,14501,18,19,17,0.8205
258,18,ok,2,12,10,True,14564,17,33,2,0.8243
259,18,ok,8,19,11,True,14627,29,20,8,0.8315
261,18,ok,9,22,13,True,14753,34,23,9,0.843
260,18,ok,2,7,5,True,14690,19,59,2,0.8604
263,18,ok,10,21,11,True,14879,25,20,10,0.8662
262,18,ok,2,7,5,True,14816,20,34,2,0.8725
264,18,ok,2,7,5,True,14942,18,108,2,0.872
265,18,ok,13,29,16,True,15005,21,20,13,0.8821
266,18,ok,2,6,4,True,15069,17,38,2,0.8853
267,18,ok,8,18,10,True,15132,28,20,8,0.9344
268,18,ok,2,8,6,True,15195,11,63,2,0.9171
269,18,ok,9,26,17,True,15258,41,19,9,0.9282
270,18,ok,2,5,3,True,15321,18,33,2,0.9349
271,18,ok,10,25,15,True,15385,23,21,10,0.9349
272,18,ok,2,5,3,True,15448,12,192,2,0.9333
273,18,ok,17,42,25,True,15511,21,19,17,0.9593
274,18,ok,2,6,4,True,15574,16,37,2,0.9595
275,18,ok,8,16,8,True,15638,32,21,8,0.9662
276,18,ok,2,5,3,True,15701,11,58,2,1.0009
277,18,ok,9,17,8,True,15765,23,20,9,0.9892
278,18,ok,2,7,5,True,15828,13,32,2,0.9894
279,18,ok,10,24,14,True,15891,28,20,10,1.0101
280,18,ok,2,5,3,True,15955,11,102,2,1.0299
281,18,ok,13,38,25,True,16018,21,21,13,1.042
282,18,ok,2,5,3,True,16082,15,34,2,1.0577
283,18,ok,8,19,11,True,16145,25,23,8,1.048
284,18,ok,2,8,6,True,16209,13,58,2,1.0533
285,18,ok,9,22,13,True,16272,26,22,9,1.0873
286,18,ok,2,8,6,True,16336,19,33,2,1.0809
287,18,ok,10,32,22,True,16400,34,22,10,1.0808
288,18,ok,2,6,4,True,16463,15,214,2,1.0957
289,18,ok,17,55,38,True,16527,19,21,17,1.1053
290,18,ok,2,9,7,True,16592,18,33,2,1.0824
291,18,ok,8,19,11,True,16654,40,23,8,1.0962
292,18,ok,2,7,5,True,16718,17,58,2,1.1053
293,18,ok,9,23,14,True,16782,19,22,9,1.1284
294,18,ok,2,4,2,True,16846,26,38,2,1.134
295,18,ok,10,29,19,True,16909,23,21,10,1.1495
296,18,ok,2,4,2,True,16973,15,107,2,1.1395
297,18,ok,13,35,22,True,17037,20,21,13,1.1756
298,18,ok,2,5,3,True,17102,12,35,2,1.1506
299,18,ok,8,22,14,True,17165,40,21,8,1.1903
300,18,ok,2,4,2,True,17229,14,56,2,1.187
301,18,ok,9,26,17,True,17293,26,20,9,1.1793
302,18,ok,2,7,5,True,17357,12,33,2,1.1931
303,18,ok,10,25,15,True,17421,38,25,10,1.2117
304,18,ok,2,7,5,True,17485,19,198,2,1.215
305,18,ok,17,47,30,True,17549,21,21,17,1.2648
306,18,ok,2,8,6,True,17613,20,34,2,1.2529
307,18,ok,8,23,15,True,17677,35,23,8,1.2505
308,18,ok,2,8,6,True,17741,13,62,2,1.275
309,18,ok,9,23,14,True,17805,50,21,9,1.278
310,18,ok,2,7,5,True,17869,13,35,2,1.2753
311,18,ok,10,27,17,True,17933,23,20,10,1.3078
312,18,ok,2,10,8,True,17997,14,120,2,1.2935
313,18,ok,13,30,17,True,18061,26,22,13,1.2974
314,18,ok,2,6,4,True,18126,18,36,2,1.3079
315,18,ok,8,19,11,True,18190,31,21,8,1.3365
316,18,ok,2,9,7,True,18254,15,62,2,1.3292
317,18,ok,9,25,16,True,18318,26,21,9,1.3808
318,18,ok,2,5,3,True,18383,14,36,2,1.3604
319,18,ok,10,24,14,True,18447,29,23,10,1.3608
320,18,ok,2,5,3,True,18513,22,206,2,1.3661
321,18,ok,17,47,30,True,18576,22,26,17,1.3936
322,18,ok,2,7,5,True,18640,18,36,2,1.3868
323,18,ok,8,27,19,True,18704,27,21,8,1.4424
324,18,ok,2,10,8,True,18769,16,70,2,1.4116
325,18,ok,9,29,20,True,18833,32,22,9,1.4207
326,18,ok,2,7,5,True,18898,18,36,2,1.4308
327,18,ok,10,32,22,True,18962,27,21,10,1.4462
328,18,ok,2,5,3,True,19027,13,111,2,1.4807
329,18,ok,13,27,14,True,19091,22,23,13,1.4903
330,18,ok,2,8,6,True,19156,14,34,2,1.4812
331,18,ok,8,26,18,True,19220,41,24,8,1.4858
332,18,ok,2,6,4,True,19285,18,61,2,1.4996
333,18,ok,9,24,15,True,19349,26,26,9,1.5208
334,18,ok,2,4,2,True,19414,23,38,2,1.5165
335,18,ok,10,28,18,True,19479,28,27,10,1.5598
336,18,ok,2,6,4,True,19543,19,200,2,1.5582
337,18,ok,17,53,36,True,19608,25,21,17,1.547
338,18,ok,2,8,6,True,19673,17,43,2,1.5524
339,18,ok,8,21,13,True,19737,30,21,8,1.6236
340,18,ok,2,7,5,True,19802,14,60,2,1.5766
341,18,ok,9,27,18,True,19867,29,23,9,1.604
342,18,ok,2,8,6,True,19931,22,37,2,1.6159
343,18,ok,10,22,12,True,19996,27,25,10,1.6221
344,18,ok,2,7,5,True,20061,23,117,2,1.6329
345,18,ok,13,39,26,True,20126,29,25,13,1.6496
346,18,ok,2,7,5,True,20191,21,36,2,1.7124
347,18,ok,8,22,14,True,20256,28,20,8,1.6957
348,18,ok,2,6,4,True,20320,23,61,2,1.7126
349,18,ok,9,25,16,True,20385,35,25,9,1.7013
350,18,ok,2,5,3,True,20450,17,38,2,1.7242
351,18,ok,10,24,14,True,20515,24,20,10,1.7293
352,18,ok,2,7,5,True,20580,13,210,2,1.7694
353,18,ok,17,49,32,True,20645,20,23,17,1.8195
354,18,ok,2,5,3,True,20710,22,36,2,1.7563
355,18,ok,8,19,11,True,20775,30,23,8,1.8141
356,18,ok,2,6,4,True,20840,13,59,2,1.7725
357,18,ok,9,28,19,True,20905,44,22,9,1.8037
358,18,ok,2,6,4,True,20970,20,42,2,1.8373
359,18,ok,10,30,20,True,21035,23,22,10,1.8534
360,18,ok,2,7,5,True,21100,15,112,2,1.8447
361,18,ok,13,46,33,True,21165,31,20,13,1.8365
362,18,ok,2,4,2,True,21230,23,36,2,1.8509
363,18,ok,8,23,15,True,21296,30,24,8,1.916
364,18,ok,2,9,7,True,21361,21,64,2,1.8743
365,18,ok,9,22,13,True,21426,36,25,9,1.8995
366,18,ok,2,6,4,True,21491,11,38,2,1.9306
367,18,ok,10,26,16,True,21556,24,23,10,1.9136
368,18,ok,2,11,9,True,21624,13,209,2,1.9203
369,18,ok,17,51,34,True,21687,22,21,17,2.0775
370,18,ok,2,6,4,True,21752,19,35,2,1.9496
371,18,ok,8,20,12,True,21817,51,22,8,1.9837
372,18,ok,2,7,5,True,21883,16,61,2,1.9859
373,18,ok,9,24,15,True,21948,29,24,9,1.9618
374,18,ok,2,11,9,True,22015,17,38,2,1.9785
375,18,ok,10,28,18,True,22079,21,21,10,2.1007
376,18,ok,2,11,9,True,22144,28,116,2,2.0667
377,18,ok,13,31,18,True,22209,24,23,13,2.0698
378,18,ok,2,7,5,True,22275,13,35,2,2.0588
379,18,ok,8,24,16,True,22340,33,23,8,2.08
380,18,ok,2,6,4,True,22406,27,61,2,2.0879
381,18,ok,9,23,14,True,22471,26,23,9,2.1685
382,18,ok,2,7,5,True,22537,16,38,2,2.1947
383,18,ok,10,31,21,True,22602,33,23,10,2.1937
384,18,ok,2,6,4,True,22668,20,209,2,2.1613
385,18,ok,17,46,29,True,22733,20,22,17,2.174
386,18,ok,2,5,3,True,22799,15,40,2,2.1533
387,18,ok,8,24,16,True,22865,28,22,8,2.1906
388,18,ok,2,8,6,True,22930,13,66,2,2.2468
390,18,ok,2,5,3,True,23061,23,34,2,2.2378
389,18,ok,9,21,12,True,22995,49,20,9,2.2933
391,18,ok,10,34,24,True,23127,29,23,10,2.2464
392,18,ok,2,6,4,True,23192,19,134,2,2.2473
393,18,ok,13,44,31,True,23258,22,22,13,2.3428
394,18,ok,2,10,8,True,23324,14,35,2,2.3098
395,18,ok,8,27,19,True,23389,32,25,8,2.3364
396,18,ok,2,11,9,True,23455,15,70,2,2.3447
397,18,ok,9,30,21,True,23521,36,26,9,2.4078
398,18,ok,2,6,4,True,23586,17,41,2,2.3993
399,18,ok,10,28,18,True,23652,36,26,10,2.3755
400,18,ok,2,6,4,True,23718,19,221,2,2.3422
401,18,ok,17,48,31,True,23784,21,27,17,2.3886
402,18,ok,2,9,7,True,23849,15,36,2,2.4067
403,18,ok,8,26,18,True,23915,32,21,8,2.4016
404,18,ok,2,7,5,True,23981,19,61,2,2.5413
405,18,ok,9,24,15,True,24047,29,25,9,2.426
406,18,ok,2,8,6,True,24113,16,34,2,2.4339
407,18,ok,10,34,24,True,24179,38,23,10,2.4553
408,18,ok,2,11,9,True,24245,16,115,2,2.4853
409,18,ok,13,36,23,True,24311,28,25,13,2.5127
410,18,ok,2,7,5,True,24378,12,41,2,2.557
411,18,ok,8,19,11,True,24442,31,25,8,2.5527
412,18,ok,2,6,4,True,24508,13,66,2,2.5536
413,18,ok,9,25,16,True,24574,24,21,9,2.5296
414,18,ok,2,7,5,True,24640,13,39,2,2.5856
415,18,ok,10,31,21,True,24706,40,26,10,2.5486
416,18,ok,2,5,3,True,24772,21,213,2,2.6455
417,18,ok,17,52,35,True,24838,27,22,17,2.637
418,18,ok,2,9,7,True,24905,16,38,2,2.6024
419,18,ok,8,24,16,True,24970,27,25,8,2.6298
420,18,ok,2,7,5,True,25037,19,62,2,2.6747
421,18,ok,9,22,13,True,25103,32,23,9,2.6802
422,18,ok,2,7,5,True,25169,19,39,2,2.6585
423,18,ok,10,24,14,True,25235,28,25,10,2.8626
424,18,ok,2,8,6,True,25301,18,117,2,2.7124
425,18,ok,13,45,32,True,25367,25,24,13,2.7328
426,18,ok,2,7,5,True,25433,22,37,2,2.8016
427,18,ok,8,24,16,True,25500,34,26,8,2.7589
428,18,ok,2,5,3,True,25566,24,62,2,2.7585
429,18,ok,9,30,21,True,25632,43,24,9,2.8647
430,18,ok,2,11,9,True,25698,15,43,2,2.8116
431,18,ok,10,28,18,True,25764,27,24,10,2.8469
432,18,ok,2,7,5,True,25831,12,209,2,2.8589
433,18,ok,17,54,37,True,25897,24,24,17,2.9087
434,18,ok,2,5,3,True,25963,20,39,2,2.8606
436,18,ok,2,6,4,True,26096,15,66,2,2.8654
435,18,ok,8,20,12,True,26030,39,22,8,2.9888
437,18,ok,9,20,11,True,26163,28,24,9,2.9089
438,18,ok,2,8,6,True,26229,25,35,2,2.9122
439,18,ok,10,27,17,True,26295,33,22,10,3.0197
440,18,ok,2,5,3,True,26361,24,116,2,2.9276
441,18,ok,13,39,26,True,26428,27,26,13,3.0049
442,18,ok,2,5,3,True,26494,24,37,2,2.9983
443,18,ok,8,26,18,True,26561,28,23,8,3.0045
444,18,ok,2,8,6,True,26627,18,64,2,3.0971
445,18,ok,9,25,16,True,26694,39,22,9,3.158
446,18,ok,2,8,6,True,26760,25,36,2,3.0327
447,18,ok,10,29,19,True,26826,32,22,10,3.0518
448,18,ok,2,6,4,True,26894,22,220,2,3.1837
449,18,ok,17,52,35,True,26960,25,23,17,3.0969
450,18,ok,2,4,2,True,27026,16,39,2,3.1786
451,18,ok,8,23,15,True,27093,42,25,8,3.1495
452,18,ok,2,6,4,True,27159,22,63,2,3.1366
453,18,ok,9,21,12,True,27226,41,24,9,3.1968
454,18,ok,2,4,2,True,27292,17,38,2,3.2185
455,18,ok,10,26,16,True,27359,33,23,10,3.2286
456,18,ok,2,7,5,True,27426,21,122,2,3.2546
457,18,ok,13,51,38,True,27492,26,23,13,3.2968
458,18,ok,2,8,6,True,27559,19,39,2,3.2206
459,18,ok,8,27,19,True,27625,53,22,8,3.2392
460,18,ok,2,8,6,True,27693,15,66,2,3.3036
461,18,ok,9,30,21,True,27759,44,22,9,3.3184
462,18,ok,2,8,6,True,27829,13,38,2,3.3612
463,18,ok,10,28,18,True,27892,31,23,10,3.4493
464,18,ok,2,10,8,True,27959,20,215,2,3.379
465,18,ok,17,55,38,True,28026,23,23,17,3.3494
466,18,ok,2,11,9,True,28092,12,38,2,3.5417
467,18,ok,8,20,12,True,28159,34,28,8,3.3985
468,18,ok,2,5,3,True,28226,19,66,2,3.4371
469,18,ok,9,32,23,True,28293,26,23,9,3.429
470,18,ok,2,7,5,True,28360,19,38,2,3.4352
471,18,ok,10,24,14,True,28426,28,22,10,3.5892
472,18,ok,2,5,3,True,28493,21,122,2,3.5232
473,18,ok,13,33,20,True,28560,41,25,13,3.5595
474,18,ok,2,7,5,True,28628,30,42,2,3.5373
475,18,ok,8,19,11,True,28696,49,25,8,3.5226
476,18,ok,2,6,4,True,28761,19,64,2,3.5779
477,18,ok,9,24,15,True,28828,29,24,9,3.6415
478,18,ok,2,5,3,True,28895,17,37,2,3.7257
479,18,ok,10,29,19,True,28961,40,27,10,3.649
480,18,ok,2,9,7,True,29028,24,215,2,3.8285
481,18,ok,17,47,30,True,29095,24,24,17,3.6907
482,18,ok,2,5,3,True,29162,26,40,2,3.7061
483,18,ok,8,24,16,True,29229,32,23,8,3.6659
484,18,ok,2,4,2,True,29296,25,67,2,3.8886
485,18,ok,9,22,13,True,29363,31,25,9,3.7114
486,18,ok,2,7,5,True,29430,16,38,2,3.7457
487,18,ok,10,32,22,True,29497,29,23,10,3.8403
488,18,ok,2,6,4,True,29564,26,120,2,3.7521
489,18,ok,13,42,29,True,29631,19,23,13,3.7939
490,18,ok,2,7,5,True,29699,22,36,2,3.858
491,18,ok,8,21,13,True,29766,35,24,8,3.8299
492,18,ok,2,4,2,True,29833,20,75,2,3.9603
493,18,ok,9,21,12,True,29900,30,23,9,3.9678
494,18,ok,2,6,4,True,29967,23,36,2,3.9304
495,18,ok,10,22,12,True,30034,32,23,10,3.9612
1,19,ok,18,18,0,True,41,2,3,18,0.0001
2,19,ok,6,6,0,True,72,3,9,6,0.0002
3,19,ok,6,10,4,True,103,2,12,6,0.0002
4,19,ok,8,16,8,True,139,3,13,8,0.0003
5,19,ok,10,16,6,True,177,5,15,10,0.0004
6,19,ok,4,6,2,True,216,5,22,4,0.0005
7,19,ok,14,26,12,True,256,5,12,14,0.0008
8,19,ok,6,13,7,True,297,4,13,6,0.0009
9,19,ok,6,9,3,True,339,6,18,6,0.0011
10,19,ok,8,15,7,True,382,6,15,8,0.0011
11,19,ok,10,16,6,True,425,6,18,10,0.0013
12,19,ok,4,8,4,True,470,6,41,4,0.0016
13,19,ok,14,28,14,True,515,6,19,14,0.002
14,19,ok,6,11,5,True,560,7,20,6,0.0019
15,19,ok,6,15,9,True,606,7,18,6,0.0023
16,19,ok,8,23,15,True,652,8,17,8,0.0027
17,19,ok,10,21,11,True,699,7,22,10,0.0029
18,19,ok,4,8,4,True,746,4,39,4,0.0033
19,19,ok,14,32,18,True,794,7,20,14,0.0035
20,19,ok,6,10,4,True,842,9,19,6,0.0039
21,19,ok,6,9,3,True,890,8,24,6,0.0043
22,19,ok,8,18,10,True,939,8,21,8,0.0048
23,19,ok,10,20,10,True,988,10,22,10,0.0052
24,19,ok,4,12,8,True,1037,7,45,4,0.0056
25,19,ok,14,30,16,True,1087,8,22,14,0.0059
26,19,ok,6,14,8,True,1137,6,24,6,0.0066
27,19,ok,6,15,9,True,1187,8,23,6,0.0074
28,19,ok,8,14,6,True,1237,8,26,8,0.0071
29,19,ok,10,19,9,True,1288,10,26,10,0.0076
30,19,ok,4,9,5,True,1339,8,39,4,0.0085
31,19,ok,14,29,15,True,1390,7,23,14,0.0089
32,19,ok,6,11,5,True,1441,12,22,6,0.0091
33,19,ok,6,22,16,True,1493,8,27,6,0.0098
34,19,ok,8,18,10,True,1545,11,24,8,0.0105
35,19,ok,10,19,9,True,1597,13,27,10,0.0111
36,19,ok,4,12,8,True,1649,7,55,4,0.0117
37,19,ok,14,33,19,True,1701,8,27,14,0.0125
38,19,ok,6,16,10,True,1754,14,31,6,0.0132
39,19,ok,6,15,9,True,1806,8,31,6,0.0138
40,19,ok,8,17,9,True,1859,8,25,8,0.0144
41,19,ok,10,26,16,True,1912,11,26,10,0.0156
42,19,ok,4,9,5,True,1966,12,62,4,0.0163
43,19,ok,14,36,22,True,2019,8,25,14,0.0169
44,19,ok,6,10,4,True,2073,13,32,6,0.0178
45,19,ok,6,10,4,True,2126,8,31,6,0.0187
46,19,ok,8,21,13,True,2180,9,26,8,0.0203
47,19,ok,10,20,10,True,2234,10,27,10,0.0202
48,19,ok,4,10,6,True,2288,10,54,4,0.0213
49,19,ok,14,31,17,True,2343,12,29,14,0.0223
50,19,ok,6,9,3,True,2397,13,31,6,0.0232
51,19,ok,6,18,12,True,2452,8,32,6,0.0243
52,19,ok,8,21,13,True,2506,13,28,8,0.0253
53,19,ok,10,21,11,True,2561,12,31,10,0.0265
54,19,ok,4,9,5,True,2616,10,65,4,0.0275
55,19,ok,14,33,19,True,2671,10,27,14,0.0288
56,19,ok,6,16,10,True,2727,10,31,6,0.0298
57,19,ok,6,13,7,True,2782,9,38,6,0.0309
58,19,ok,8,17,9,True,2837,11,32,8,0.0322
59,19,ok,10,19,9,True,2893,11,28,10,0.0379
60,19,ok,4,9,5,True,2949,10,52,4,0.0339
61,19,ok,14,32,18,True,3005,12,33,14,0.0352
62,19,ok,6,9,3,True,3061,14,35,6,0.0369
496,18,ok,2,9,7,True,30101,21,235,2,3.9419
63,19,ok,6,23,17,True,3117,8,34,6,0.0384
64,19,ok,8,22,14,True,3173,12,32,8,0.0397
65,19,ok,10,26,16,True,3229,10,36,10,0.0407
66,19,ok,4,13,9,True,3285,9,62,4,0.0426
67,19,ok,14,35,21,True,3342,12,30,14,0.044
68,19,ok,6,14,8,True,3399,10,33,6,0.0464
69,19,ok,6,13,7,True,3456,9,42,6,0.0464
497,18,ok,17,53,36,True,30168,21,24,17,3.9754
70,19,ok,8,21,13,True,3512,9,38,8,0.051
71,19,ok,10,21,11,True,3569,16,32,10,0.0494
72,19,ok,4,11,7,True,3626,13,59,4,0.0504
73,19,ok,14,27,13,True,3683,12,35,14,0.0554
74,19,ok,6,20,14,True,3740,9,38,6,0.0535
75,19,ok,6,13,7,True,3797,11,38,6,0.056
76,19,ok,8,14,6,True,3855,10,36,8,0.0604
77,19,ok,10,25,15,True,3912,12,34,10,0.0587
78,19,ok,4,6,2,True,3970,11,62,4,0.0605
79,19,ok,14,35,21,True,4027,13,35,14,0.0658
80,19,ok,6,10,4,True,4085,14,34,6,0.0637
81,19,ok,6,20,14,True,4143,9,39,6,0.0655
82,19,ok,8,20,12,True,4201,10,34,8,0.0714
83,19,ok,10,25,15,True,4259,12,37,10,0.0688
84,19,ok,4,11,7,True,4317,8,61,4,0.0711
85,19,ok,14,37,23,True,4375,13,43,14,0.0772
86,19,ok,6,14,8,True,4433,12,34,6,0.0765
87,19,ok,6,19,13,True,4491,10,45,6,0.0782
88,19,ok,8,21,13,True,4550,12,38,8,0.0832
89,19,ok,10,26,16,True,4608,11,34,10,0.0862
90,19,ok,4,12,8,True,4667,11,64,4,0.0831
91,19,ok,14,38,24,True,4725,16,35,14,0.0901
92,19,ok,6,22,16,True,4784,14,38,6,0.0867
93,19,ok,6,19,13,True,4843,8,41,6,0.0891
95,19,ok,10,24,14,True,4960,12,35,10,0.0924
94,19,ok,8,21,13,True,4901,16,37,8,0.0966
96,19,ok,4,9,5,True,5022,12,65,4,0.0942
97,19,ok,14,30,16,True,5078,11,36,14,0.0973
98,19,ok,6,13,7,True,5137,13,38,6,0.1055
99,19,ok,6,13,7,True,5196,10,39,6,0.1009
100,19,ok,8,22,14,True,5256,9,36,8,0.1041
101,19,ok,10,22,12,True,5315,11,39,10,0.1127
498,18,ok,2,8,6,True,30236,18,38,2,3.9736
102,19,ok,4,8,4,True,5374,14,71,4,0.108
103,19,ok,14,39,25,True,5436,15,37,14,0.1115
104,19,ok,6,14,8,True,5493,15,35,6,0.1211
105,19,ok,6,12,6,True,5553,9,39,6,0.1166
106,19,ok,8,19,11,True,5612,13,37,8,0.121
107,19,ok,10,21,11,True,5672,13,37,10,0.1214
108,19,ok,4,8,4,True,5732,15,68,4,0.1323
109,19,ok,14,35,21,True,5792,12,35,14,0.1259
110,19,ok,6,15,9,True,5852,15,39,6,0.1289
111,19,ok,6,11,5,True,5912,13,42,6,0.1317
112,19,ok,8,18,10,True,5972,12,36,8,0.142
113,19,ok,10,25,15,True,6032,17,40,10,0.1358
114,19,ok,4,11,7,True,6092,14,80,4,0.1385
115,19,ok,14,29,15,True,6152,13,37,14,0.1419
499,18,ok,8,20,12,True,30303,48,26,8,3.9741
116,19,ok,6,15,9,True,6212,13,40,6,0.1599
117,19,ok,6,16,10,True,6273,10,39,6,0.1476
118,19,ok,8,22,14,True,6333,9,37,8,0.1498
119,19,ok,10,24,14,True,6393,21,40,10,0.1537
120,19,ok,4,16,12,True,6454,8,70,4,0.1558
500,18,ok,2,7,5,True,30370,21,66,2,4.0576
121,19,ok,14,36,22,True,6514,13,39,14,0.1702
122,19,ok,6,13,7,True,6575,14,41,6,0.1628
123,19,ok,6,18,12,True,6636,11,39,6,0.1666
124,19,ok,8,19,11,True,6696,17,41,8,0.1679
125,19,ok,10,24,14,True,6757,16,43,10,0.1725
126,19,ok,4,12,8,True,6818,11,71,4,0.1734
128,19,ok,6,18,12,True,6940,14,39,6,0.1813
127,19,ok,14,42,28,True,6879,16,45,14,0.1895
129,19,ok,6,23,17,True,7001,10,42,6,0.183
130,19,ok,8,21,13,True,7062,14,38,8,0.1853
131,19,ok,10,23,13,True,7123,15,37,10,0.1893
132,19,ok,4,10,6,True,7184,10,73,4,0.1932
133,19,ok,14,35,21,True,7245,13,42,14,0.1974
134,19,ok,6,11,5,True,7306,18,43,6,0.2126
135,19,ok,6,15,9,True,7367,12,44,6,0.2039
136,19,ok,8,22,14,True,7429,13,43,8,0.205
137,19,ok,10,19,9,True,7490,26,40,10,0.21
138,19,ok,4,7,3,True,7552,14,80,4,0.2132
139,19,ok,14,31,17,True,7614,14,46,14,0.2175
141,19,ok,6,19,13,True,7736,11,46,6,0.2239
140,19,ok,6,15,9,True,7675,14,42,6,0.2342
142,19,ok,8,18,10,True,7798,13,41,8,0.2269
143,19,ok,10,25,15,True,7859,21,38,10,0.2308
144,19,ok,4,11,7,True,7921,15,79,4,0.2364
145,19,ok,14,38,24,True,7983,14,38,14,0.2391
146,19,ok,6,15,9,True,8046,16,43,6,0.2435
147,19,ok,6,19,13,True,8107,11,45,6,0.2701
148,19,ok,8,19,11,True,8169,14,43,8,0.2512
149,19,ok,10,29,19,True,8230,15,47,10,0.2531
150,19,ok,4,14,10,True,8292,11,81,4,0.2584
151,19,ok,14,37,23,True,8355,15,44,14,0.261
152,19,ok,6,12,6,True,8417,16,42,6,0.2658
153,19,ok,6,18,12,True,8479,13,44,6,0.2878
154,19,ok,8,23,15,True,8541,16,41,8,0.2712
155,19,ok,10,26,16,True,8603,17,42,10,0.2747
156,19,ok,4,13,9,True,8665,9,81,4,0.2817
157,19,ok,14,39,25,True,8730,14,44,14,0.2857
158,19,ok,6,17,11,True,8790,25,46,6,0.2899
159,19,ok,6,10,4,True,8852,17,50,6,0.3132
160,19,ok,8,23,15,True,8915,11,43,8,0.2953
161,19,ok,10,28,18,True,8977,14,42,10,0.3001
162,19,ok,4,13,9,True,9040,9,87,4,0.3157
163,19,ok,14,38,24,True,9102,14,46,14,0.3111
164,19,ok,6,11,5,True,9165,13,47,6,0.3159
166,19,ok,8,21,13,True,9290,11,45,8,0.3219
165,19,ok,6,10,4,True,9228,16,49,6,0.3482
167,19,ok,10,21,11,True,9353,17,40,10,0.3295
168,19,ok,4,8,4,True,9416,11,81,4,0.3356
169,19,ok,14,44,30,True,9479,12,45,14,0.3425
170,19,ok,6,17,11,True,9541,11,43,6,0.3418
171,19,ok,6,14,8,True,9604,14,49,6,0.3425
172,19,ok,8,19,11,True,9667,12,46,8,0.3799
173,19,ok,10,23,13,True,9730,22,41,10,0.3538
174,19,ok,4,12,8,True,9793,12,81,4,0.3597
175,19,ok,14,38,24,True,9856,16,46,14,0.366
176,19,ok,6,14,8,True,9919,13,43,6,0.3688
177,19,ok,6,16,10,True,9983,13,45,6,0.3713
178,19,ok,8,18,10,True,10046,15,43,8,0.4032
179,19,ok,10,17,7,True,10109,17,45,10,0.3811
180,19,ok,4,10,6,True,10172,11,86,4,0.3862
181,19,ok,14,41,27,True,10235,13,47,14,0.4041
182,19,ok,6,13,7,True,10299,14,43,6,0.4052
183,19,ok,6,21,15,True,10362,13,45,6,0.3987
185,19,ok,10,28,18,True,10489,19,44,10,0.4085
184,19,ok,8,22,14,True,10425,12,45,8,0.4341
186,19,ok,4,13,9,True,10552,14,82,4,0.4153
187,19,ok,14,39,25,True,10616,17,50,14,0.4261
188,19,ok,6,16,10,True,10679,20,48,6,0.4288
189,19,ok,6,16,10,True,10743,19,45,6,0.4361
190,19,ok,8,21,13,True,10806,15,45,8,0.4354
191,19,ok,10,26,16,True,10870,14,41,10,0.4633
192,19,ok,4,11,7,True,10934,12,86,4,0.4466
193,19,ok,14,36,22,True,10997,18,44,14,0.4593
194,19,ok,6,17,11,True,11061,12,47,6,0.4648
195,19,ok,6,15,9,True,11125,13,48,6,0.4909
196,19,ok,8,21,13,True,11189,11,48,8,0.48
197,19,ok,10,21,11,True,11253,24,45,10,0.4793
198,19,ok,4,15,11,True,11317,12,78,4,0.48
199,19,ok,14,33,19,True,11380,17,47,14,0.4848
200,19,ok,6,18,12,True,11444,15,42,6,0.5079
201,19,ok,6,20,14,True,11508,13,50,6,0.4981
202,19,ok,8,22,14,True,11572,14,50,8,0.5009
203,19,ok,10,26,16,True,11636,19,45,10,0.5139
204,19,ok,4,8,4,True,11700,14,80,4,0.5113
205,19,ok,14,43,29,True,11765,15,46,14,0.5222
206,19,ok,6,17,11,True,11829,15,47,6,0.5476
207,19,ok,6,15,9,True,11893,15,49,6,0.5335
208,19,ok,8,19,11,True,11957,13,43,8,0.5534
209,19,ok,10,30,20,True,12021,28,45,10,0.5497
210,19,ok,4,15,11,True,12086,14,84,4,0.5439
211,19,ok,14,40,26,True,12150,17,47,14,0.5556
212,19,ok,6,16,10,True,12214,16,47,6,0.5613
213,19,ok,6,21,15,True,12279,12,46,6,0.5696
214,19,ok,8,21,13,True,12343,14,44,8,0.5927
215,19,ok,10,26,16,True,12408,26,46,10,0.5845
216,19,ok,4,14,10,True,12472,12,86,4,0.5836
217,19,ok,14,51,37,True,12536,16,46,14,0.5918
218,19,ok,6,19,13,True,12601,13,52,6,0.5945
219,19,ok,6,17,11,True,12666,12,50,6,0.6119
220,19,ok,8,22,14,True,12730,15,47,8,0.6292
221,19,ok,10,28,18,True,12795,20,46,10,0.6235
222,19,ok,4,9,5,True,12859,13,85,4,0.6228
223,19,ok,14,36,22,True,12924,17,46,14,0.6313
224,19,ok,6,22,16,True,12989,16,46,6,0.6349
225,19,ok,6,13,7,True,13054,13,47,6,0.6417
226,19,ok,8,23,15,True,13118,16,51,8,0.662
227,19,ok,10,21,11,True,13183,19,47,10,0.6643
228,19,ok,4,11,7,True,13248,13,84,4,0.6586
229,19,ok,14,36,22,True,13313,17,53,14,0.6674
230,19,ok,6,20,14,True,13378,19,49,6,0.685
231,19,ok,6,17,11,True,13446,14,55,6,0.6793
232,19,ok,8,24,16,True,13508,14,48,8,0.6833
233,19,ok,10,26,16,True,13573,15,49,10,0.7021
234,19,ok,4,11,7,True,13638,17,84,4,0.7172
235,19,ok,14,47,33,True,13703,14,44,14,0.716
236,19,ok,6,17,11,True,13768,19,50,6,0.7165
237,19,ok,6,12,6,True,13833,17,48,6,0.7214
238,19,ok,8,18,10,True,13898,13,48,8,0.7229
239,19,ok,10,22,12,True,13963,29,48,10,0.7378
240,19,ok,4,11,7,True,14028,16,90,4,0.7687
241,19,ok,14,35,21,True,14094,18,52,14,0.7595
242,19,ok,6,15,9,True,14159,18,52,6,0.773
243,19,ok,6,16,10,True,14224,14,49,6,0.764
244,19,ok,8,22,14,True,14289,15,47,8,0.7663
245,19,ok,10,27,17,True,14355,21,50,10,0.7895
246,19,ok,4,17,13,True,14420,16,91,4,0.787
247,19,ok,14,41,27,True,14485,13,51,14,0.852
248,19,ok,6,18,12,True,14551,20,47,6,0.7947
249,19,ok,6,18,12,True,14616,13,54,6,0.8034
250,19,ok,8,16,8,True,14682,21,52,8,0.8129
251,19,ok,10,23,13,True,14747,22,47,10,0.8441
252,19,ok,4,15,11,True,14814,12,89,4,0.8335
253,19,ok,14,46,32,True,14878,17,50,14,0.9155
254,19,ok,6,16,10,True,14944,18,51,6,0.8613
255,19,ok,6,11,5,True,15009,13,54,6,0.8778
256,19,ok,8,26,18,True,15075,13,46,8,0.8686
257,19,ok,10,26,16,True,15140,27,47,10,0.8761
258,19,ok,4,11,7,True,15206,16,88,4,0.8808
259,19,ok,14,38,24,True,15272,17,49,14,0.9008
260,19,ok,6,11,5,True,15338,17,49,6,0.9326
261,19,ok,6,21,15,True,15403,11,52,6,0.8955
262,19,ok,8,23,15,True,15469,21,49,8,0.9091
263,19,ok,10,29,19,True,15535,21,47,10,0.9177
264,19,ok,4,14,10,True,15601,13,91,4,0.9181
265,19,ok,14,32,18,True,15667,16,47,14,0.9419
266,19,ok,6,12,6,True,15732,17,47,6,1.0042
267,19,ok,6,15,9,True,15798,17,56,6,0.9555
268,19,ok,8,21,13,True,15864,13,47,8,0.9575
269,19,ok,10,24,14,True,15930,21,51,10,0.9659
270,19,ok,4,10,6,True,15996,14,91,4,0.972
271,19,ok,14,37,23,True,16062,17,53,14,0.9887
272,19,ok,6,22,16,True,16128,18,52,6,1.0096
273,19,ok,6,20,14,True,16194,16,58,6,0.992
274,19,ok,8,25,17,True,16260,21,48,8,1.0082
275,19,ok,10,24,14,True,16326,25,48,10,1.0277
276,19,ok,4,14,10,True,16392,20,88,4,1.0802
277,19,ok,14,49,35,True,16459,20,47,14,1.0513
278,19,ok,6,18,12,True,16525,22,51,6,1.0485
279,19,ok,6,13,7,True,16591,18,53,6,1.0526
280,19,ok,8,24,16,True,16657,15,50,8,1.1088
281,19,ok,10,24,14,True,16723,33,47,10,1.0758
282,19,ok,4,13,9,True,16790,12,87,4,1.0872
283,19,ok,14,33,19,True,16856,13,49,14,1.1246
284,19,ok,6,16,10,True,16922,20,53,6,1.1009
285,19,ok,6,15,9,True,16989,14,54,6,1.0966
286,19,ok,8,24,16,True,17055,20,51,8,1.1341
287,19,ok,10,26,16,True,17121,25,54,10,1.1259
288,19,ok,4,15,11,True,17188,14,91,4,1.1224
289,19,ok,14,39,25,True,17254,21,50,14,1.1568
290,19,ok,6,15,9,True,17321,23,47,6,1.1497
291,19,ok,6,20,14,True,17387,15,54,6,1.1522
292,19,ok,8,26,18,True,17454,21,49,8,1.2195
293,19,ok,10,26,16,True,17520,36,47,10,1.2509
294,19,ok,4,9,5,True,17587,13,92,4,1.2071
295,19,ok,14,41,27,True,17653,17,52,14,1.2884
296,19,ok,6,21,15,True,17720,17,50,6,1.2379
297,19,ok,6,16,10,True,17787,15,57,6,1.2539
298,19,ok,8,17,9,True,17853,16,52,8,1.2555
299,19,ok,10,21,11,True,17920,21,47,10,1.2768
300,19,ok,4,12,8,True,17987,10,89,4,1.2793
301,19,ok,14,37,23,True,18054,18,50,14,1.2637
302,19,ok,6,21,15,True,18120,17,49,6,1.291
303,19,ok,6,11,5,True,18187,15,52,6,1.3082
304,19,ok,8,25,17,True,18253,17,52,8,1.2794
305,19,ok,10,25,15,True,18320,21,48,10,1.3175
306,19,ok,4,9,5,True,18387,13,99,4,1.3474
307,19,ok,14,35,21,True,18454,15,51,14,1.4065
308,19,ok,6,12,6,True,18522,16,51,6,1.3473
309,19,ok,6,13,7,True,18588,17,55,6,1.4081
310,19,ok,8,25,17,True,18655,13,48,8,1.4074
311,19,ok,10,23,13,True,18721,20,47,10,1.4843
312,19,ok,4,14,10,True,18788,17,92,4,1.4703
313,19,ok,14,36,22,True,18855,24,47,14,1.4267
314,19,ok,6,16,10,True,18922,19,47,6,1.4424
315,19,ok,6,15,9,True,18990,18,57,6,1.4289
316,19,ok,8,21,13,True,19056,14,52,8,1.4545
317,19,ok,10,24,14,True,19123,19,58,10,1.4763
318,19,ok,4,10,6,True,19191,14,89,4,1.469
319,19,ok,14,40,26,True,19258,16,50,14,1.4633
320,19,ok,6,19,13,True,19325,17,49,6,1.4635
321,19,ok,6,17,11,True,19392,19,58,6,1.4646
322,19,ok,8,26,18,True,19459,16,48,8,1.5338
323,19,ok,10,26,16,True,19526,15,55,10,1.611
324,19,ok,4,16,12,True,19593,14,90,4,1.5526
325,19,ok,14,37,23,True,19661,22,49,14,1.6288
326,19,ok,6,19,13,True,19728,20,49,6,1.6266
327,19,ok,6,18,12,True,19795,20,56,6,1.6541
328,19,ok,8,28,20,True,19862,16,56,8,1.6678
329,19,ok,10,18,8,True,19930,22,57,10,1.6211
330,19,ok,4,15,11,True,19997,21,93,4,1.6341
331,19,ok,14,39,25,True,20064,20,50,14,1.6515
332,19,ok,6,18,12,True,20132,14,51,6,1.7399
333,19,ok,6,14,8,True,20199,14,54,6,1.6556
334,19,ok,8,24,16,True,20268,19,59,8,1.6321
335,19,ok,10,25,15,True,20334,22,50,10,1.6809
336,19,ok,4,8,4,True,20401,14,95,4,1.6765
337,19,ok,14,46,32,True,20469,17,53,14,1.6777
338,19,ok,6,19,13,True,20538,22,54,6,1.6745
339,19,ok,6,14,8,True,20604,21,54,6,1.6607
340,19,ok,8,22,14,True,20671,20,56,8,1.683
341,19,ok,10,26,16,True,20739,18,52,10,1.6977
342,19,ok,4,14,10,True,20807,19,96,4,1.7016
343,19,ok,14,37,23,True,20874,24,57,14,1.7536
344,19,ok,6,17,11,True,20942,20,51,6,1.7791
345,19,ok,6,16,10,True,21009,17,54,6,1.7789
346,19,ok,8,23,15,True,21077,14,54,8,1.7725
347,19,ok,10,22,12,True,21145,26,50,10,1.7997
348,19,ok,4,11,7,True,21212,16,102,4,1.7848
349,19,ok,14,37,23,True,21280,24,48,14,1.8149
350,19,ok,6,19,13,True,21348,18,51,6,1.8151
351,19,ok,6,12,6,True,21415,23,54,6,1.8707
352,19,ok,8,20,12,True,21483,22,48,8,1.825
353,19,ok,10,23,13,True,21551,21,54,10,1.8314
354,19,ok,4,11,7,True,21619,17,98,4,1.8442
355,19,ok,14,36,22,True,21687,18,54,14,1.9058
356,19,ok,6,16,10,True,21754,24,58,6,1.8858
357,19,ok,6,21,15,True,21822,15,55,6,1.8858
358,19,ok,8,19,11,True,21890,18,51,8,1.8852
359,19,ok,10,27,17,True,21958,21,53,10,1.9226
360,19,ok,4,10,6,True,22026,17,93,4,1.931
361,19,ok,14,40,26,True,22094,15,55,14,1.9507
362,19,ok,6,20,14,True,22162,20,49,6,1.9565
363,19,ok,6,17,11,True,22230,20,53,6,1.9622
364,19,ok,8,20,12,True,22298,20,53,8,1.9851
365,19,ok,10,26,16,True,22366,19,50,10,1.9806
366,19,ok,4,14,10,True,22434,18,102,4,2.008
367,19,ok,14,44,30,True,22502,16,50,14,2.0043
368,19,ok,6,13,7,True,22572,19,54,6,2.0326
369,19,ok,6,18,12,True,22638,14,61,6,2.0138
370,19,ok,8,16,8,True,22706,21,53,8,2.0397
371,19,ok,10,26,16,True,22774,28,50,10,2.0759
372,19,ok,4,13,9,True,22842,19,99,4,2.0398
373,19,ok,14,37,23,True,22910,16,53,14,2.0833
374,19,ok,6,18,12,True,22979,19,52,6,2.1156
375,19,ok,6,19,13,True,23047,22,59,6,2.1181
376,19,ok,8,28,20,True,23115,16,53,8,2.1154
377,19,ok,10,26,16,True,23183,21,57,10,2.1539
378,19,ok,4,9,5,True,23251,13,98,4,2.1857
379,19,ok,14,38,24,True,23320,17,48,14,2.1929
380,19,ok,6,18,12,True,23388,22,56,6,2.2656
381,19,ok,6,21,15,True,23456,15,53,6,2.2415
382,19,ok,8,18,10,True,23526,16,55,8,2.2006
383,19,ok,10,24,14,True,23593,21,48,10,2.2223
384,19,ok,4,12,8,True,23661,23,107,4,2.2464
385,19,ok,14,46,32,True,23730,18,55,14,2.248
387,19,ok,6,13,7,True,23868,17,56,6,2.2566
386,19,ok,6,17,11,True,23798,22,56,6,2.3452
388,19,ok,8,27,19,True,23935,17,57,8,2.2669
389,19,ok,10,34,24,True,24003,24,59,10,2.3243
390,19,ok,4,12,8,True,24072,14,97,4,2.3157
391,19,ok,14,45,31,True,24140,26,54,14,2.3872
392,19,ok,6,13,7,True,24209,18,49,6,2.3544
393,19,ok,6,15,9,True,24277,15,57,6,2.3846
394,19,ok,8,23,15,True,24346,19,53,8,2.3891
395,19,ok,10,22,12,True,24414,24,56,10,2.4123
396,19,ok,4,11,7,True,24483,18,95,4,2.4198
397,19,ok,14,44,30,True,24552,15,53,14,2.4539
398,19,ok,6,18,12,True,24620,12,52,6,2.4213
399,19,ok,6,16,10,True,24688,22,56,6,2.4543
400,19,ok,8,22,14,True,24757,19,54,8,2.4271
401,19,ok,10,32,22,True,24826,29,49,10,2.4576
402,19,ok,4,9,5,True,24894,25,98,4,2.4591
403,19,ok,14,39,25,True,24963,23,52,14,2.5266
404,19,ok,6,15,9,True,25032,21,56,6,2.5569
405,19,ok,6,15,9,True,25100,12,56,6,2.5331
406,19,ok,8,26,18,True,25169,17,52,8,2.5722
407,19,ok,10,26,16,True,25238,26,52,10,2.6638
408,19,ok,4,15,11,True,25307,18,100,4,2.7417
409,19,ok,14,41,27,True,25375,24,58,14,3.5098
410,19,ok,6,19,13,True,25444,25,51,6,3.7538
411,19,ok,6,16,10,True,25513,16,55,6,3.7458
412,19,ok,8,27,19,True,25582,18,53,8,4.1508
413,19,ok,10,24,14,True,25651,34,57,10,4.6107
414,19,ok,4,10,6,True,25719,17,101,4,4.6064
415,19,ok,14,38,24,True,25788,23,56,14,4.4407
416,19,ok,6,20,14,True,25857,22,60,6,4.5538
417,19,ok,6,18,12,True,25926,14,55,6,4.6752
418,19,ok,8,24,16,True,25995,15,53,8,4.7169
419,19,ok,10,24,14,True,26064,23,56,10,4.7692
420,19,ok,4,11,7,True,26133,17,99,4,4.6949
421,19,ok,14,39,25,True,26202,22,53,14,4.7995
422,19,ok,6,17,11,True,26271,21,58,6,4.7343
423,19,ok,6,18,12,True,26340,16,58,6,4.8346
424,19,ok,8,24,16,True,26409,16,55,8,4.8863
425,19,ok,10,28,18,True,26478,20,55,10,4.7888
426,19,ok,4,9,5,True,26547,15,95,4,4.9559
427,19,ok,14,40,26,True,26616,22,52,14,4.9362
428,19,ok,6,13,7,True,26685,26,49,6,4.957
429,19,ok,6,19,13,True,26754,16,56,6,5.0128
430,19,ok,8,22,14,True,26823,16,56,8,4.8379
431,19,ok,10,32,22,True,26892,22,55,10,5.0584
432,19,ok,4,14,10,True,26961,23,103,4,5.0494
433,19,ok,14,30,16,True,27031,23,51,14,5.0581
434,19,ok,6,18,12,True,27100,31,54,6,5.1482
435,19,ok,6,22,16,True,27169,22,58,6,5.1481
436,19,ok,8,22,14,True,27238,17,57,8,5.0993
437,19,ok,10,20,10,True,27307,26,60,10,5.0522
438,19,ok,4,15,11,True,27378,16,105,4,5.0819
439,19,ok,14,43,29,True,27446,23,53,14,5.2188
440,19,ok,6,17,11,True,27515,25,57,6,5.2991
441,19,ok,6,15,9,True,27584,21,58,6,5.255
442,19,ok,8,29,21,True,27654,16,59,8,5.2849
443,19,ok,10,27,17,True,27723,20,56,10,5.3142
444,19,ok,4,8,4,True,27792,21,103,4,5.2836
445,19,ok,14,42,28,True,27862,17,57,14,5.3001
446,19,ok,6,17,11,True,27931,15,61,6,5.3766
447,19,ok,6,15,9,True,28000,20,60,6,5.5935
448,19,ok,8,21,13,True,28070,17,53,8,5.3218
449,19,ok,10,28,18,True,28139,23,58,10,5.4236
450,19,ok,4,11,7,True,28208,14,117,4,5.3823
451,19,ok,14,43,29,True,28278,16,59,14,5.5249
452,19,ok,6,18,12,True,28347,23,52,6,5.4849
453,19,ok,6,18,12,True,28417,25,55,6,5.5423
454,19,ok,8,21,13,True,28486,20,56,8,5.5917
455,19,ok,10,25,15,True,28556,26,54,10,5.6072
456,19,ok,4,12,8,True,28625,19,101,4,5.667
457,19,ok,14,47,33,True,28695,19,52,14,5.6974
458,19,ok,6,19,13,True,28764,20,55,6,5.7171
459,19,ok,6,16,10,True,28836,15,59,6,5.7007
460,19,ok,8,21,13,True,28903,19,58,8,5.7326
461,19,ok,10,26,16,True,28973,27,59,10,5.746
462,19,ok,4,11,7,True,29042,18,103,4,5.8704
463,19,ok,14,43,29,True,29112,19,58,14,5.7287
464,19,ok,6,18,12,True,29182,26,53,6,5.7575
465,19,ok,6,21,15,True,29251,21,56,6,5.9406
466,19,ok,8,26,18,True,29322,18,63,8,5.9674
467,19,ok,10,24,14,True,29391,31,57,10,6.0032
468,19,ok,4,13,9,True,29460,17,100,4,5.9856
469,19,ok,14,42,28,True,29530,19,54,14,6.0129
470,19,ok,6,20,14,True,29600,21,62,6,6.1115
471,19,ok,6,16,10,True,29669,18,63,6,6.0621
472,19,ok,8,30,22,True,29739,19,59,8,6.1386
473,19,ok,10,27,17,True,29809,21,52,10,6.0758
474,19,ok,4,10,6,True,29879,14,100,4,6.1632
475,19,ok,14,32,18,True,29948,25,63,14,6.1788
476,19,ok,6,13,7,True,30018,25,60,6,6.2103
477,19,ok,6,22,16,True,30088,22,60,6,6.3078
478,19,ok,8,16,8,True,30158,16,57,8,6.279
479,19,ok,10,27,17,True,30228,24,58,10,6.3547
480,19,ok,4,12,8,True,30297,18,99,4,6.2855
481,19,ok,14,34,20,True,30367,18,54,14,6.3106
482,19,ok,6,24,18,True,30438,18,56,6,6.5069
483,19,ok,6,16,10,True,30510,16,63,6,6.4039
484,19,ok,8,23,15,True,30577,19,58,8,6.4796
485,19,ok,10,32,22,True,30647,28,55,10,6.519
486,19,ok,4,11,7,True,30717,13,106,4,6.5145
487,19,ok,14,39,25,True,30787,18,61,14,6.608
488,19,ok,6,23,17,True,30857,27,55,6,6.599
489,19,ok,6,15,9,True,30927,19,56,6,6.6176
490,19,ok,8,31,23,True,30997,17,57,8,6.6212
491,19,ok,10,24,14,True,31068,36,55,10,6.6957
492,19,ok,4,14,10,True,31137,17,105,4,6.7139
493,19,ok,14,41,27,True,31207,25,55,14,6.6901
494,19,ok,6,15,9,True,31277,24,58,6,6.7997
495,19,ok,6,18,12,True,31347,20,60,6,6.8397
1,20,ok,19,19,0,True,43,2,3,19,0.0002
2,20,ok,4,4,0,True,76,5,7,4,0.0003
3,20,ok,3,4,1,True,109,3,11,3,0.0004
4,20,ok,6,11,5,True,146,4,7,6,0.0006
5,20,ok,7,13,6,True,185,5,6,7,0.0008
6,20,ok,2,3,1,True,226,4,25,2,0.0009
7,20,ok,11,23,12,True,268,6,7,11,0.0012
8,20,ok,6,14,8,True,311,7,12,6,0.0015
9,20,ok,3,7,4,True,355,5,40,3,0.0018
10,20,ok,10,20,10,True,399,6,12,10,0.0021
11,20,ok,7,13,6,True,445,10,7,7,0.0024
12,20,ok,2,7,5,True,491,6,33,2,0.0028
13,20,ok,11,18,7,True,538,9,9,11,0.0032
14,20,ok,4,10,6,True,585,14,15,4,0.0036
15,20,ok,3,8,5,True,633,5,18,3,0.0041
16,20,ok,6,9,3,True,681,9,16,6,0.0045
17,20,ok,11,21,10,True,730,11,13,11,0.005
18,20,ok,2,5,3,True,780,7,89,2,0.0057
19,20,ok,19,40,21,True,829,7,12,19,0.0062
20,20,ok,4,7,3,True,879,11,18,4,0.0068
21,20,ok,3,6,3,True,931,7,24,3,0.0076
22,20,ok,6,13,7,True,981,13,15,6,0.0083
23,20,ok,7,9,2,True,1032,18,14,7,0.0089
24,20,ok,2,7,5,True,1083,5,39,2,0.0097
25,20,ok,11,26,15,True,1135,15,14,11,0.0105
26,20,ok,6,9,3,True,1187,12,20,6,0.0114
27,20,ok,3,9,6,True,1239,7,61,3,0.0123
28,20,ok,10,24,14,True,1292,10,18,10,0.013
29,20,ok,7,13,6,True,1344,18,12,7,0.0139
30,20,ok,2,4,2,True,1397,6,53,2,0.0149
31,20,ok,11,19,8,True,1451,11,12,11,0.016
32,20,ok,4,8,4,True,1504,10,20,4,0.017
33,20,ok,3,8,5,True,1558,8,24,3,0.0181
34,20,ok,6,14,8,True,1612,12,21,6,0.0191
35,20,ok,11,19,8,True,1666,12,12,11,0.0203
36,20,ok,2,7,5,True,1721,8,130,2,0.0216
37,20,ok,19,45,26,True,1775,11,13,19,0.0228
38,20,ok,4,9,5,True,1830,15,22,4,0.0242
39,20,ok,3,9,6,True,1885,7,27,3,0.0257
40,20,ok,6,14,8,True,1940,20,22,6,0.0268
41,20,ok,7,12,5,True,1995,17,12,7,0.0282
42,20,ok,2,5,3,True,2052,6,53,2,0.0296
43,20,ok,11,23,12,True,2107,14,14,11,0.0309
44,20,ok,6,15,9,True,2162,9,21,6,0.0327
45,20,ok,3,6,3,True,2218,13,83,3,0.0345
46,20,ok,10,24,14,True,2275,9,21,10,0.036
47,20,ok,7,16,9,True,2331,15,14,7,0.0372
48,20,ok,2,6,4,True,2387,8,51,2,0.0391
49,20,ok,11,24,13,True,2444,14,14,11,0.0405
496,19,ok,8,19,11,True,31417,19,55,8,6.835
50,20,ok,4,9,5,True,2501,23,23,4,0.0424
51,20,ok,3,9,6,True,2558,9,27,3,0.0449
52,20,ok,6,15,9,True,2615,14,24,6,0.046
53,20,ok,11,26,15,True,2672,14,15,11,0.0488
54,20,ok,2,6,4,True,2729,6,154,2,0.0497
55,20,ok,19,35,16,True,2787,13,14,19,0.0522
56,20,ok,4,7,3,True,2844,20,21,4,0.0531
57,20,ok,3,10,7,True,2902,11,35,3,0.0562
58,20,ok,6,11,5,True,2960,13,27,6,0.0568
59,20,ok,7,16,9,True,3021,16,15,7,0.0608
60,20,ok,2,7,5,True,3078,12,52,2,0.0618
61,20,ok,11,23,12,True,3135,19,16,11,0.0654
62,20,ok,6,15,9,True,3192,15,25,6,0.0664
63,20,ok,3,8,5,True,3251,7,87,3,0.07
64,20,ok,10,29,19,True,3309,12,24,10,0.0707
65,20,ok,7,12,5,True,3368,17,14,7,0.0747
66,20,ok,2,8,6,True,3427,6,68,2,0.0759
67,20,ok,11,24,13,True,3485,14,18,11,0.0797
68,20,ok,4,7,3,True,3544,24,23,4,0.0808
69,20,ok,3,11,8,True,3603,9,35,3,0.0853
70,20,ok,6,14,8,True,3663,18,24,6,0.0863
71,20,ok,11,19,8,True,3724,17,16,11,0.0905
72,20,ok,2,8,6,True,3781,9,163,2,0.0913
73,20,ok,19,39,20,True,3841,13,17,19,0.0958
74,20,ok,4,10,6,True,3900,16,26,4,0.0972
75,20,ok,3,6,3,True,3960,12,35,3,0.1018
76,20,ok,6,11,5,True,4020,27,28,6,0.1029
77,20,ok,7,19,12,True,4080,19,18,7,0.1081
78,20,ok,2,5,3,True,4142,9,65,2,0.1093
79,20,ok,11,25,14,True,4200,22,17,11,0.1145
80,20,ok,6,17,11,True,4260,13,29,6,0.1152
81,20,ok,3,8,5,True,4320,12,83,3,0.1211
82,20,ok,10,29,19,True,4380,11,27,10,0.122
83,20,ok,7,18,11,True,4441,19,18,7,0.1283
84,20,ok,2,5,3,True,4503,11,63,2,0.1292
85,20,ok,11,23,12,True,4562,19,17,11,0.1356
86,20,ok,4,9,5,True,4622,19,31,4,0.1355
87,20,ok,3,6,3,True,4683,11,43,3,0.1425
497,19,ok,10,23,13,True,31487,25,57,10,6.8662
88,20,ok,6,16,10,True,4744,13,28,6,0.1333
89,20,ok,11,27,16,True,4805,18,18,11,0.1487
90,20,ok,2,6,4,True,4866,14,179,2,0.1227
91,20,ok,19,42,23,True,4927,11,17,19,0.1525
92,20,ok,4,11,7,True,4988,18,29,4,0.1613
93,20,ok,3,10,7,True,5049,10,38,3,0.1607
94,20,ok,6,14,8,True,5110,14,28,6,0.164
95,20,ok,7,19,12,True,5172,16,17,7,0.1722
96,20,ok,2,4,2,True,5233,12,64,2,0.1723
498,19,ok,4,11,7,True,31557,21,109,4,6.9334
97,20,ok,11,28,17,True,5295,31,17,11,0.1764
99,20,ok,3,10,7,True,5418,15,101,3,0.1645
98,20,ok,6,11,5,True,5356,18,32,6,0.1847
100,20,ok,10,27,17,True,5479,11,29,10,0.1888
101,20,ok,7,15,8,True,5541,25,16,7,0.1911
102,20,ok,2,6,4,True,5605,10,74,2,0.1507
103,20,ok,11,22,11,True,5665,20,16,11,0.1984
105,20,ok,3,7,4,True,5789,12,41,3,0.1764
104,20,ok,4,9,5,True,5727,25,31,4,0.2043
106,20,ok,6,17,11,True,5852,14,30,6,0.2087
107,20,ok,11,21,10,True,5913,14,17,11,0.2259
108,20,ok,2,6,4,True,5976,11,197,2,0.2239
109,20,ok,19,45,26,True,6038,17,18,19,0.2283
110,20,ok,4,9,5,True,6100,24,27,4,0.2328
111,20,ok,3,11,8,True,6163,10,37,3,0.2439
112,20,ok,6,15,9,True,6225,23,28,6,0.2411
113,20,ok,7,12,5,True,6288,29,18,7,0.2466
114,20,ok,2,5,3,True,6350,13,69,2,0.2514
115,20,ok,11,23,12,True,6413,20,19,11,0.2642
116,20,ok,6,17,11,True,6476,18,28,6,0.2624
117,20,ok,3,8,5,True,6539,10,101,3,0.268
118,20,ok,10,27,17,True,6602,16,31,10,0.2722
119,20,ok,7,14,7,True,6665,29,18,7,0.2836
120,20,ok,2,5,3,True,6728,8,74,2,0.2788
121,20,ok,11,28,17,True,6791,24,17,11,0.2851
122,20,ok,4,10,6,True,6854,19,29,4,0.2824
123,20,ok,3,12,9,True,6917,8,41,3,0.3017
124,20,ok,6,14,8,True,6980,21,29,6,0.301
125,20,ok,11,25,14,True,7043,18,16,11,0.3085
126,20,ok,2,5,3,True,7107,8,188,2,0.3133
499,19,ok,14,40,26,True,31627,19,57,14,6.9014
127,20,ok,19,60,41,True,7170,14,21,19,0.3255
128,20,ok,4,11,7,True,7234,17,32,4,0.3273
129,20,ok,3,9,6,True,7297,15,43,3,0.3315
130,20,ok,6,12,6,True,7361,18,30,6,0.3284
131,20,ok,7,17,10,True,7424,18,18,7,0.3422
132,20,ok,2,5,3,True,7488,15,75,2,0.353
133,20,ok,11,30,19,True,7552,20,20,11,0.341
134,20,ok,6,12,6,True,7616,21,32,6,0.3546
135,20,ok,3,9,6,True,7679,12,108,3,0.3534
136,20,ok,10,25,15,True,7743,15,30,10,0.353
137,20,ok,7,16,9,True,7809,26,19,7,0.3687
138,20,ok,2,7,5,True,7871,12,83,2,0.3783
139,20,ok,11,30,19,True,7935,15,20,11,0.3869
140,20,ok,4,8,4,True,7999,21,30,4,0.3921
141,20,ok,3,10,7,True,8064,11,41,3,0.3775
142,20,ok,6,14,8,True,8128,26,32,6,0.3918
143,20,ok,11,25,14,True,8192,28,19,11,0.4068
144,20,ok,2,9,7,True,8256,15,190,2,0.4203
145,20,ok,19,52,33,True,8322,16,21,19,0.4151
500,19,ok,6,22,16,True,31698,25,58,6,6.9694
146,20,ok,4,9,5,True,8385,38,29,4,0.428
147,20,ok,3,7,4,True,8449,11,49,3,0.4134
148,20,ok,6,13,7,True,8514,28,32,6,0.4383
149,20,ok,7,17,10,True,8578,23,20,7,0.4465
150,20,ok,2,6,4,True,8643,10,77,2,0.457
151,20,ok,11,29,18,True,8708,19,18,11,0.4742
152,20,ok,6,11,5,True,8772,18,33,6,0.4699
153,20,ok,3,6,3,True,8837,12,119,3,0.4755
154,20,ok,10,27,17,True,8902,15,33,10,0.489
155,20,ok,7,22,15,True,8968,25,18,7,0.4867
156,20,ok,2,8,6,True,9031,14,73,2,0.4881
157,20,ok,11,26,15,True,9096,26,18,11,0.5173
158,20,ok,4,8,4,True,9161,16,33,4,0.484
159,20,ok,3,7,4,True,9226,16,41,3,0.4838
160,20,ok,6,15,9,True,9291,31,34,6,0.5355
161,20,ok,11,27,16,True,9356,19,19,11,0.5124
162,20,ok,2,7,5,True,9421,10,210,2,0.5473
163,20,ok,19,54,35,True,9487,19,20,19,0.5654
164,20,ok,4,9,5,True,9552,19,30,4,0.551
165,20,ok,3,9,6,True,9617,13,45,3,0.5591
166,20,ok,6,13,7,True,9682,13,33,6,0.5718
167,20,ok,7,12,5,True,9748,27,19,7,0.5759
168,20,ok,2,7,5,True,9813,18,82,2,0.5487
169,20,ok,11,27,16,True,9879,23,20,11,0.5829
170,20,ok,6,13,7,True,9944,15,37,6,0.57
171,20,ok,3,9,6,True,10009,17,112,3,0.6054
172,20,ok,10,23,13,True,10075,17,32,10,0.5794
173,20,ok,7,27,20,True,10141,28,22,7,0.6511
174,20,ok,2,5,3,True,10206,17,80,2,0.5984
175,20,ok,11,27,16,True,10272,18,20,11,0.6557
176,20,ok,4,12,8,True,10338,28,32,4,0.6632
177,20,ok,3,8,5,True,10403,14,43,3,0.6295
178,20,ok,6,17,11,True,10469,19,33,6,0.6573
179,20,ok,11,24,13,True,10535,25,18,11,0.6576
180,20,ok,2,7,5,True,10601,17,205,2,0.6928
181,20,ok,19,43,24,True,10667,16,23,19,0.6996
182,20,ok,4,8,4,True,10733,18,37,4,0.7078
183,20,ok,3,7,4,True,10799,12,43,3,0.7014
184,20,ok,6,12,6,True,10865,32,29,6,0.7428
185,20,ok,7,12,5,True,10931,22,24,7,0.7196
186,20,ok,2,7,5,True,10997,11,80,2,0.7512
187,20,ok,11,25,14,True,11063,25,20,11,0.7553
188,20,ok,6,14,8,True,11129,20,33,6,0.7618
189,20,ok,3,6,3,True,11195,10,124,3,0.759
190,20,ok,10,27,17,True,11262,20,34,10,0.8028
191,20,ok,7,17,10,True,11328,30,21,7,0.7872
192,20,ok,2,5,3,True,11394,17,77,2,0.8038
193,20,ok,11,26,15,True,11460,23,20,11,0.8028
194,20,ok,4,11,7,True,11527,20,41,4,0.8126
195,20,ok,3,11,8,True,11593,17,50,3,0.8143
196,20,ok,6,19,13,True,11660,35,34,6,0.8471
197,20,ok,11,29,18,True,11726,22,20,11,0.8195
198,20,ok,2,7,5,True,11793,12,215,2,0.8584
199,20,ok,19,57,38,True,11859,14,23,19,0.8623
200,20,ok,4,8,4,True,11926,20,32,4,0.8745
201,20,ok,3,10,7,True,11993,13,48,3,0.856
202,20,ok,6,19,13,True,12059,12,32,6,0.909
203,20,ok,7,17,10,True,12126,28,22,7,0.8936
204,20,ok,2,6,4,True,12193,16,83,2,0.9163
205,20,ok,11,30,19,True,12259,23,19,11,0.9135
206,20,ok,6,14,8,True,12326,20,35,6,0.9224
207,20,ok,3,8,5,True,12393,12,122,3,0.9317
208,20,ok,10,24,14,True,12460,15,34,10,0.9721
209,20,ok,7,17,10,True,12527,26,21,7,0.9639
210,20,ok,2,5,3,True,12594,12,83,2,0.9794
211,20,ok,11,29,18,True,12661,32,20,11,0.9822
212,20,ok,4,10,6,True,12728,28,35,4,0.9877
213,20,ok,3,10,7,True,12795,13,52,3,1.0004
214,20,ok,6,18,12,True,12863,21,33,6,1.0363
215,20,ok,11,28,17,True,12929,25,23,11,1.0265
216,20,ok,2,7,5,True,12996,16,217,2,1.0139
217,20,ok,19,44,25,True,13063,19,22,19,1.0245
218,20,ok,4,11,7,True,13131,20,34,4,1.0445
219,20,ok,3,7,4,True,13198,15,49,3,1.0586
220,20,ok,6,20,14,True,13265,19,36,6,1.0857
221,20,ok,7,17,10,True,13332,32,19,7,1.0793
222,20,ok,2,4,2,True,13400,18,90,2,1.1007
223,20,ok,11,29,18,True,13467,21,21,11,1.116
224,20,ok,6,15,9,True,13534,18,33,6,1.108
225,20,ok,3,8,5,True,13602,19,121,3,1.1261
226,20,ok,10,25,15,True,13669,13,35,10,1.1377
227,20,ok,7,18,11,True,13737,34,21,7,1.1463
228,20,ok,2,7,5,True,13804,13,88,2,1.1624
229,20,ok,11,26,15,True,13872,25,20,11,1.1773
230,20,ok,4,11,7,True,13939,35,36,4,1.1787
231,20,ok,3,7,4,True,14007,16,48,3,1.1826
232,20,ok,6,17,11,True,14075,20,39,6,1.2409
233,20,ok,11,25,14,True,14142,24,23,11,1.2399
234,20,ok,2,8,6,True,14210,12,226,2,1.2469
235,20,ok,19,50,31,True,14278,18,21,19,1.255
236,20,ok,4,13,9,True,14346,26,35,4,1.2678
237,20,ok,3,9,6,True,14413,18,54,3,1.278
238,20,ok,6,17,11,True,14481,15,33,6,1.2952
239,20,ok,7,18,11,True,14549,26,25,7,1.3127
240,20,ok,2,7,5,True,14617,13,82,2,1.3174
241,20,ok,11,25,14,True,14685,29,22,11,1.3279
242,20,ok,6,21,15,True,14753,20,36,6,1.3717
243,20,ok,3,10,7,True,14821,9,126,3,1.3309
244,20,ok,10,29,19,True,14889,20,40,10,1.3366
245,20,ok,7,17,10,True,14957,34,21,7,1.3931
246,20,ok,2,6,4,True,15025,10,92,2,1.3531
247,20,ok,11,23,12,True,15093,29,27,11,1.392
248,20,ok,4,13,9,True,15162,31,37,4,1.4516
249,20,ok,3,9,6,True,15229,13,46,3,1.3941
250,20,ok,6,16,10,True,15297,18,38,6,1.384
251,20,ok,11,27,16,True,15365,26,24,11,1.4638
252,20,ok,2,10,8,True,15434,17,231,2,1.4497
253,20,ok,19,53,34,True,15502,19,21,19,1.4569
254,20,ok,4,14,10,True,15570,22,36,4,1.5093
255,20,ok,3,10,7,True,15639,16,49,3,1.515
256,20,ok,6,20,14,True,15707,30,34,6,1.5302
257,20,ok,7,16,9,True,15775,28,21,7,1.5797
258,20,ok,2,8,6,True,15844,14,83,2,1.5607
259,20,ok,11,28,17,True,15912,21,21,11,1.5635
260,20,ok,6,20,14,True,15980,20,37,6,1.5829
261,20,ok,3,11,8,True,16049,15,121,3,1.5736
262,20,ok,10,23,13,True,16117,19,36,10,1.6689
263,20,ok,7,24,17,True,16188,20,24,7,1.6181
264,20,ok,2,6,4,True,16254,13,90,2,1.6186
265,20,ok,11,26,15,True,16323,33,23,11,1.6355
266,20,ok,4,11,7,True,16392,26,32,4,1.6618
267,20,ok,3,10,7,True,16460,20,50,3,1.6508
268,20,ok,6,15,9,True,16530,23,33,6,1.6845
269,20,ok,11,29,18,True,16598,22,24,11,1.6761
270,20,ok,2,7,5,True,16666,17,238,2,1.7269
271,20,ok,19,59,40,True,16735,25,23,19,1.761
273,20,ok,3,12,9,True,16873,11,54,3,1.7241
272,20,ok,4,11,7,True,16804,35,36,4,1.7454
274,20,ok,6,16,10,True,16941,20,37,6,1.7672
275,20,ok,7,19,12,True,17010,29,21,7,1.7525
276,20,ok,2,8,6,True,17079,15,94,2,1.7573
277,20,ok,11,27,16,True,17148,27,22,11,1.8033
278,20,ok,6,19,13,True,17217,18,33,6,1.7925
279,20,ok,3,9,6,True,17286,13,134,3,1.8673
280,20,ok,10,19,9,True,17355,18,39,10,1.7748
281,20,ok,7,15,8,True,17424,34,23,7,1.7066
282,20,ok,2,5,3,True,17493,11,91,2,1.6471
283,20,ok,11,30,19,True,17562,18,22,11,1.4749
284,20,ok,4,11,7,True,17632,23,37,4,1.3631
285,20,ok,3,6,3,True,17700,13,50,3,1.3344
286,20,ok,6,18,12,True,17769,23,35,6,1.1651
287,20,ok,11,36,25,True,17841,24,26,11,1.1393
288,20,ok,2,6,4,True,17907,22,235,2,1.1647
289,20,ok,19,50,31,True,17976,18,22,19,1.1662
290,20,ok,4,14,10,True,18046,31,38,4,1.1842
291,20,ok,3,9,6,True,18115,16,49,3,1.1836
292,20,ok,6,15,9,True,18184,21,37,6,1.1889
293,20,ok,7,15,8,True,18253,30,23,7,1.194
294,20,ok,2,4,2,True,18323,13,95,2,1.2492
295,20,ok,11,31,20,True,18392,22,23,11,1.252
296,20,ok,6,18,12,True,18461,20,34,6,1.269
297,20,ok,3,11,8,True,18531,13,124,3,1.2699
298,20,ok,10,24,14,True,18601,19,37,10,1.2726
299,20,ok,7,13,6,True,18670,32,25,7,1.2711
300,20,ok,2,7,5,True,18739,15,91,2,1.299
301,20,ok,11,31,20,True,18808,30,24,11,1.3068
302,20,ok,4,7,3,True,18878,57,37,4,1.2951
303,20,ok,3,13,10,True,18947,20,52,3,1.3173
304,20,ok,6,18,12,True,19019,20,36,6,1.3091
305,20,ok,11,29,18,True,19087,23,23,11,1.3091
306,20,ok,2,5,3,True,19156,17,260,2,1.3289
307,20,ok,19,44,25,True,19226,18,25,19,1.3778
308,20,ok,4,11,7,True,19295,20,37,4,1.3486
309,20,ok,3,9,6,True,19365,17,52,3,1.3644
310,20,ok,6,20,14,True,19435,18,35,6,1.3675
311,20,ok,7,15,8,True,19504,34,26,7,1.3921
312,20,ok,2,5,3,True,19574,17,85,2,1.4046
313,20,ok,11,27,16,True,19644,24,22,11,1.4393
314,20,ok,6,17,11,True,19714,18,37,6,1.4058
315,20,ok,3,12,9,True,19783,11,134,3,1.4358
316,20,ok,10,35,25,True,19853,19,37,10,1.4323
317,20,ok,7,19,12,True,19923,35,24,7,1.4528
318,20,ok,2,5,3,True,19993,13,90,2,1.4627
319,20,ok,11,25,14,True,20064,31,24,11,1.481
320,20,ok,4,10,6,True,20133,26,40,4,1.4675
321,20,ok,3,12,9,True,20202,17,57,3,1.5295
322,20,ok,6,14,8,True,20272,23,40,6,1.5111
323,20,ok,11,21,10,True,20342,23,24,11,1.5318
324,20,ok,2,8,6,True,20412,12,245,2,1.5842
325,20,ok,19,51,32,True,20482,20,25,19,1.5561
326,20,ok,4,10,6,True,20552,33,38,4,1.5938
327,20,ok,3,10,7,True,20622,17,51,3,1.6449
328,20,ok,6,16,10,True,20692,29,40,6,1.6181
329,20,ok,7,15,8,True,20762,40,22,7,1.6596
330,20,ok,2,3,1,True,20833,17,99,2,1.6305
331,20,ok,11,25,14,True,20903,24,22,11,1.6618
332,20,ok,6,17,11,True,20973,28,37,6,1.6196
333,20,ok,3,8,5,True,21043,28,129,3,1.6377
334,20,ok,10,32,22,True,21113,21,37,10,1.6598
335,20,ok,7,21,14,True,21185,19,23,7,1.656
336,20,ok,2,7,5,True,21254,13,89,2,1.7192
337,20,ok,11,34,23,True,21324,21,22,11,1.6742
338,20,ok,4,11,7,True,21394,26,38,4,1.7246
339,20,ok,3,10,7,True,21464,18,57,3,1.7145
340,20,ok,6,14,8,True,21535,27,40,6,1.7086
341,20,ok,11,26,15,True,21605,26,22,11,1.7368
342,20,ok,2,6,4,True,21679,17,254,2,1.7636
343,20,ok,19,47,28,True,21746,20,29,19,1.7638
344,20,ok,4,10,6,True,21816,21,38,4,1.8133
345,20,ok,3,7,4,True,21888,18,53,3,1.7792
346,20,ok,6,15,9,True,21957,28,37,6,1.8579
347,20,ok,7,19,12,True,22028,40,23,7,1.7889
348,20,ok,2,8,6,True,22098,14,95,2,1.8288
349,20,ok,11,34,23,True,22168,26,24,11,1.8184
350,20,ok,6,15,9,True,22239,28,40,6,1.8282
351,20,ok,3,8,5,True,22310,17,134,3,1.8679
352,20,ok,10,24,14,True,22382,19,40,10,1.8701
353,20,ok,7,17,10,True,22451,52,22,7,1.9584
354,20,ok,2,8,6,True,22521,13,95,2,1.9337
355,20,ok,11,26,15,True,22592,28,24,11,1.9057
356,20,ok,4,9,5,True,22663,29,38,4,1.9207
357,20,ok,3,6,3,True,22733,18,52,3,1.9606
358,20,ok,6,16,10,True,22804,23,39,6,1.9465
359,20,ok,11,29,18,True,22875,21,27,11,2.0206
360,20,ok,2,7,5,True,22945,15,246,2,1.9837
361,20,ok,19,43,24,True,23016,21,22,19,1.9917
362,20,ok,4,11,7,True,23087,28,40,4,1.9972
363,20,ok,3,8,5,True,23157,17,53,3,2.038
364,20,ok,6,14,8,True,23228,21,40,6,2.0729
365,20,ok,7,20,13,True,23299,42,26,7,2.1015
366,20,ok,2,3,1,True,23370,21,94,2,2.0497
367,20,ok,11,30,19,True,23441,22,25,11,2.0528
368,20,ok,6,18,12,True,23512,22,38,6,2.1029
369,20,ok,3,12,9,True,23582,15,136,3,2.1469
370,20,ok,10,31,21,True,23655,20,40,10,2.1023
371,20,ok,7,21,14,True,23724,32,24,7,2.1255
372,20,ok,2,8,6,True,23795,14,95,2,2.1798
373,20,ok,11,28,17,True,23866,21,23,11,2.1452
374,20,ok,4,12,8,True,23937,27,43,4,2.1495
375,20,ok,3,9,6,True,24008,15,51,3,2.1897
376,20,ok,6,15,9,True,24079,40,39,6,2.2674
377,20,ok,11,28,17,True,24150,29,25,11,2.1785
378,20,ok,2,10,8,True,24221,12,243,2,2.2252
379,20,ok,19,47,28,True,24292,20,26,19,2.2165
380,20,ok,4,7,3,True,24363,27,37,4,2.2196
381,20,ok,3,7,4,True,24435,15,58,3,2.2868
382,20,ok,6,19,13,True,24506,31,40,6,2.2977
383,20,ok,7,21,14,True,24577,46,23,7,2.2889
384,20,ok,2,8,6,True,24648,13,101,2,2.2926
385,20,ok,11,26,15,True,24719,35,23,11,2.3015
386,20,ok,6,22,16,True,24790,28,40,6,2.3877
387,20,ok,3,9,6,True,24862,13,127,3,2.3553
388,20,ok,10,37,27,True,24933,19,40,10,2.3668
389,20,ok,7,17,10,True,25004,39,25,7,2.3945
390,20,ok,2,6,4,True,25075,20,93,2,2.3869
391,20,ok,11,28,17,True,25147,30,24,11,2.5052
392,20,ok,4,14,10,True,25218,37,40,4,2.4066
393,20,ok,3,9,6,True,25289,14,55,3,2.4272
394,20,ok,6,14,8,True,25361,18,37,6,2.4268
395,20,ok,11,22,11,True,25432,26,27,11,2.4223
396,20,ok,2,4,2,True,25503,16,248,2,2.4879
397,20,ok,19,59,40,True,25575,18,23,19,2.5422
398,20,ok,4,12,8,True,25646,43,40,4,2.601
399,20,ok,3,11,8,True,25718,15,58,3,2.5454
400,20,ok,6,16,10,True,25789,32,39,6,2.5545
401,20,ok,7,20,13,True,25860,37,26,7,2.5736
402,20,ok,2,8,6,True,25932,20,98,2,2.5818
403,20,ok,11,23,12,True,26003,38,26,11,2.6256
404,20,ok,6,12,6,True,26075,30,41,6,2.6721
405,20,ok,3,6,3,True,26146,15,146,3,2.6263
406,20,ok,10,27,17,True,26220,20,43,10,2.6181
407,20,ok,7,22,15,True,26290,21,25,7,2.6249
408,20,ok,2,6,4,True,26361,18,99,2,2.6699
409,20,ok,11,35,24,True,26433,26,24,11,2.6642
410,20,ok,4,11,7,True,26505,29,40,4,2.7213
411,20,ok,3,7,4,True,26576,14,57,3,2.7613
412,20,ok,6,15,9,True,26648,27,37,6,2.725
413,20,ok,11,30,19,True,26719,36,26,11,2.7339
414,20,ok,2,6,4,True,26791,19,252,2,2.8623
415,20,ok,19,48,29,True,26866,19,25,19,2.775
416,20,ok,4,11,7,True,26934,27,41,4,2.7577
417,20,ok,3,11,8,True,27006,17,52,3,2.7944
418,20,ok,6,17,11,True,27078,18,38,6,2.8142
419,20,ok,7,18,11,True,27151,33,26,7,2.8202
420,20,ok,2,6,4,True,27221,11,97,2,2.9403
421,20,ok,11,34,23,True,27293,30,22,11,2.9601
422,20,ok,6,13,7,True,27365,24,42,6,2.8586
423,20,ok,3,10,7,True,27437,12,153,3,2.8944
424,20,ok,10,31,21,True,27509,22,43,10,2.9199
425,20,ok,7,22,15,True,27581,37,22,7,2.9677
426,20,ok,2,11,9,True,27652,12,98,2,2.94
427,20,ok,11,23,12,True,27724,31,25,11,2.9831
428,20,ok,4,14,10,True,27797,20,40,4,2.9938
429,20,ok,3,9,6,True,27868,18,63,3,3.027
430,20,ok,6,14,8,True,27940,25,43,6,3.0639
431,20,ok,11,30,19,True,28012,35,24,11,3.0612
432,20,ok,2,7,5,True,28084,11,254,2,3.1421
433,20,ok,19,54,35,True,28158,26,25,19,3.1294
434,20,ok,4,14,10,True,28228,22,37,4,3.2082
435,20,ok,3,8,5,True,28300,15,53,3,3.1485
436,20,ok,6,15,9,True,28372,22,43,6,3.1613
437,20,ok,7,22,15,True,28444,38,23,7,3.1232
438,20,ok,2,7,5,True,28519,22,107,2,3.1711
439,20,ok,11,30,19,True,28588,47,23,11,3.1951
440,20,ok,6,21,15,True,28661,26,37,6,3.1978
441,20,ok,3,8,5,True,28733,14,152,3,3.302
442,20,ok,10,30,20,True,28805,16,39,10,3.2576
443,20,ok,7,23,16,True,28877,31,25,7,3.2138
444,20,ok,2,8,6,True,28949,18,99,2,3.6473
445,20,ok,11,24,13,True,29021,40,23,11,3.7974
446,20,ok,4,14,10,True,29093,27,41,4,3.9831
447,20,ok,3,6,3,True,29166,21,52,3,4.0616
448,20,ok,6,18,12,True,29238,26,42,6,4.32
449,20,ok,11,23,12,True,29310,22,27,11,4.601
450,20,ok,2,7,5,True,29382,16,263,2,5.1189
451,20,ok,19,57,38,True,29455,24,23,19,5.1101
452,20,ok,4,9,5,True,29527,29,41,4,5.3347
453,20,ok,3,12,9,True,29599,19,53,3,5.8027
454,20,ok,6,12,6,True,29672,23,37,6,5.8024
455,20,ok,7,15,8,True,29744,45,27,7,5.8043
456,20,ok,2,6,4,True,29816,16,99,2,5.9653
457,20,ok,11,27,16,True,29889,34,26,11,5.9174
458,20,ok,6,13,7,True,29961,22,45,6,5.9193
459,20,ok,3,10,7,True,30034,14,140,3,5.9041
460,20,ok,10,30,20,True,30106,29,39,10,6.0017
461,20,ok,7,12,5,True,30178,41,23,7,6.0161
462,20,ok,2,6,4,True,30251,17,104,2,6.0029
463,20,ok,11,26,15,True,30324,43,26,11,6.0113
464,20,ok,4,16,12,True,30396,49,38,4,6.1335
465,20,ok,3,12,9,True,30468,16,54,3,6.0838
466,20,ok,6,15,9,True,30541,34,42,6,6.1526
467,20,ok,11,28,17,True,30613,25,27,11,6.224
468,20,ok,2,7,5,True,30686,15,261,2,6.2565
469,20,ok,19,54,35,True,30761,23,28,19,6.1813
470,20,ok,4,14,10,True,30831,36,47,4,6.375
471,20,ok,3,13,10,True,30904,15,57,3,6.3497
472,20,ok,6,16,10,True,30976,28,42,6,6.3609
473,20,ok,7,13,6,True,31049,30,25,7,6.5912
474,20,ok,2,5,3,True,31122,15,99,2,6.4922
475,20,ok,11,30,19,True,31194,30,26,11,6.5449
476,20,ok,6,13,7,True,31267,30,43,6,6.5494
477,20,ok,3,8,5,True,31339,18,147,3,6.47
478,20,ok,10,30,20,True,31412,24,41,10,6.5577
479,20,ok,7,24,17,True,31485,26,28,7,6.7019
480,20,ok,2,7,5,True,31557,20,100,2,6.9139
481,20,ok,11,29,18,True,31630,25,25,11,6.5998
482,20,ok,4,12,8,True,31703,30,41,4,6.6987
483,20,ok,3,10,7,True,31776,21,58,3,6.8071
484,20,ok,6,16,10,True,31848,37,43,6,6.6931
485,20,ok,11,31,20,True,31921,23,26,11,6.8245
486,20,ok,2,8,6,True,31996,11,284,2,6.672
487,20,ok,19,58,39,True,32067,28,26,19,6.6454
488,20,ok,4,13,9,True,32140,35,41,4,6.7825
489,20,ok,3,15,12,True,32212,23,56,3,6.8088
490,20,ok,6,21,15,True,32285,30,43,6,6.838
491,20,ok,7,19,12,True,32358,34,24,7,6.9368
493,20,ok,11,26,15,True,32504,28,29,11,6.8115
492,20,ok,2,10,8,True,32431,19,108,2,6.9801
494,20,ok,6,15,9,True,32577,22,44,6,7.199
495,20,ok,3,6,3,True,32650,17,149,3,7.0416
1,21,ok,20,20,0,True,46,2,3,20,0.0003
2,21,ok,4,6,2,True,78,3,11,4,0.0003
3,21,ok,12,22,10,True,114,4,8,12,0.0005
4,21,ok,4,7,3,True,153,4,25,4,0.0006
5,21,ok,15,28,13,True,193,4,10,15,0.0009
6,21,ok,4,7,3,True,236,5,17,4,0.001
7,21,ok,12,19,7,True,279,5,11,12,0.0013
8,21,ok,4,9,5,True,324,6,33,4,0.0015
9,21,ok,15,26,11,True,370,6,13,15,0.0019
10,21,ok,4,8,4,True,420,5,20,4,0.0022
11,21,ok,12,24,12,True,464,7,14,12,0.0026
12,21,ok,4,7,3,True,512,5,49,4,0.0029
13,21,ok,15,28,13,True,561,7,15,15,0.0034
14,21,ok,4,6,2,True,610,5,28,4,0.0037
15,21,ok,12,14,2,True,660,8,15,12,0.0043
16,21,ok,4,9,5,True,711,4,45,4,0.0048
17,21,ok,15,35,20,True,761,7,15,15,0.0054
18,21,ok,4,7,3,True,813,7,27,4,0.0059
19,21,ok,12,29,17,True,864,8,18,12,0.0067
20,21,ok,4,8,4,True,917,6,54,4,0.0074
21,21,ok,15,28,13,True,969,8,17,15,0.0081
22,21,ok,4,8,4,True,1022,8,35,4,0.0088
23,21,ok,12,19,7,True,1075,9,17,12,0.0096
24,21,ok,4,11,7,True,1129,7,49,4,0.0104
25,21,ok,15,35,20,True,1182,8,17,15,0.0113
26,21,ok,4,9,5,True,1240,9,34,4,0.0122
27,21,ok,12,22,10,True,1291,12,18,12,0.0131
28,21,ok,4,5,1,True,1346,7,63,4,0.014
29,21,ok,15,37,22,True,1401,7,20,15,0.015
30,21,ok,4,8,4,True,1456,10,41,4,0.0159
31,21,ok,12,25,13,True,1511,10,19,12,0.0169
32,21,ok,4,9,5,True,1567,9,60,4,0.0182
33,21,ok,15,31,16,True,1623,9,20,15,0.0194
34,21,ok,4,12,8,True,1680,6,34,4,0.0206
35,21,ok,12,20,8,True,1735,10,23,12,0.0217
36,21,ok,4,7,3,True,1792,8,61,4,0.0232
37,21,ok,15,31,16,True,1849,9,22,15,0.0243
38,21,ok,4,8,4,True,1906,7,41,4,0.0258
39,21,ok,12,25,13,True,1963,11,24,12,0.0271
40,21,ok,4,10,6,True,2020,8,65,4,0.0288
41,21,ok,15,36,21,True,2078,11,20,15,0.0305
42,21,ok,4,8,4,True,2136,8,41,4,0.0318
43,21,ok,12,29,17,True,2194,9,22,12,0.0332
44,21,ok,4,10,6,True,2252,8,69,4,0.0349
45,21,ok,15,34,19,True,2310,8,21,15,0.0366
46,21,ok,4,10,6,True,2368,9,40,4,0.0385
47,21,ok,12,31,19,True,2427,8,21,12,0.0401
48,21,ok,4,10,6,True,2486,13,81,4,0.0418
49,21,ok,15,32,17,True,2545,9,24,15,0.0436
50,21,ok,4,7,3,True,2604,10,45,4,0.0457
51,21,ok,12,25,13,True,2663,9,23,12,0.0475
52,21,ok,4,10,6,True,2722,8,76,4,0.0496
53,21,ok,15,36,21,True,2782,10,22,15,0.0516
54,21,ok,4,8,4,True,2841,10,43,4,0.0536
55,21,ok,12,29,17,True,2901,12,22,12,0.0559
56,21,ok,4,10,6,True,2961,10,83,4,0.0581
496,20,ok,10,36,26,True,32723,21,41,10,7.1992
57,21,ok,15,36,21,True,3021,10,21,15,0.0614
58,21,ok,4,12,8,True,3081,7,42,4,0.0623
59,21,ok,12,26,14,True,3141,18,24,12,0.0645
60,21,ok,4,10,6,True,3202,8,84,4,0.067
61,21,ok,15,31,16,True,3262,12,26,15,0.0696
62,21,ok,4,10,6,True,3323,8,51,4,0.0646
63,21,ok,12,30,18,True,3384,12,25,12,0.0704
64,21,ok,4,6,2,True,3445,9,71,4,0.074
65,21,ok,15,36,21,True,3506,11,23,15,0.0786
66,21,ok,4,8,4,True,3567,15,43,4,0.0821
67,21,ok,12,29,17,True,3628,12,25,12,0.0789
68,21,ok,4,10,6,True,3689,11,86,4,0.088
69,21,ok,15,36,21,True,3751,8,23,15,0.0798
70,21,ok,4,10,6,True,3812,7,43,4,0.0892
71,21,ok,12,28,16,True,3874,14,25,12,0.0863
72,21,ok,4,8,4,True,3936,8,77,4,0.0994
73,21,ok,15,41,26,True,3998,12,29,15,0.0999
75,21,ok,12,27,15,True,4122,13,29,12,0.0741
74,21,ok,4,13,9,True,4060,9,48,4,0.1045
76,21,ok,4,9,5,True,4184,11,79,4,0.1047
77,21,ok,15,33,18,True,4246,13,26,15,0.1045
78,21,ok,4,8,4,True,4308,15,44,4,0.1164
79,21,ok,12,28,16,True,4371,14,30,12,0.1186
497,20,ok,7,14,7,True,32796,61,25,7,6.9816
80,21,ok,4,7,3,True,4433,12,85,4,0.1248
81,21,ok,15,40,25,True,4496,13,28,15,0.1254
82,21,ok,4,10,6,True,4559,10,47,4,0.1299
83,21,ok,12,32,20,True,4621,14,26,12,0.1332
84,21,ok,4,14,10,True,4684,9,87,4,0.1355
85,21,ok,15,39,24,True,4747,16,27,15,0.1396
86,21,ok,4,9,5,True,4810,13,52,4,0.1434
87,21,ok,12,29,17,True,4874,15,26,12,0.1482
88,21,ok,4,11,7,True,4937,11,91,4,0.1501
89,21,ok,15,28,13,True,5000,13,25,15,0.1543
90,21,ok,4,13,9,True,5063,13,48,4,0.1628
92,21,ok,4,9,5,True,5191,10,85,4,0.1325
91,21,ok,12,24,12,True,5127,15,29,12,0.1572
93,21,ok,15,32,17,True,5254,11,31,15,0.1752
94,21,ok,4,11,7,True,5320,12,46,4,0.1718
95,21,ok,12,34,22,True,5382,16,30,12,0.1789
96,21,ok,4,11,7,True,5446,15,94,4,0.1873
97,21,ok,15,40,25,True,5510,11,26,15,0.1863
98,21,ok,4,11,7,True,5574,9,52,4,0.1905
99,21,ok,12,33,21,True,5638,21,29,12,0.2006
100,21,ok,4,11,7,True,5702,11,87,4,0.1992
101,21,ok,15,34,19,True,5766,12,31,15,0.2048
102,21,ok,4,13,9,True,5830,11,51,4,0.2154
103,21,ok,12,30,18,True,5895,13,31,12,0.2148
104,21,ok,4,9,5,True,5960,9,92,4,0.2168
105,21,ok,15,34,19,True,6024,13,27,15,0.2318
106,21,ok,4,11,7,True,6088,12,50,4,0.2286
107,21,ok,12,30,18,True,6153,12,28,12,0.2332
108,21,ok,4,11,7,True,6220,9,92,4,0.247
109,21,ok,15,46,31,True,6283,13,32,15,0.2409
110,21,ok,4,14,10,True,6347,11,50,4,0.2483
111,21,ok,12,23,11,True,6412,15,30,12,0.2537
112,21,ok,4,12,8,True,6480,8,94,4,0.2571
113,21,ok,15,34,19,True,6542,13,29,15,0.2628
114,21,ok,4,9,5,True,6608,11,49,4,0.2736
499,20,ok,11,32,21,True,32942,35,24,11,7.2016
498,20,ok,2,4,2,True,32870,17,106,2,7.2304
115,21,ok,12,28,16,True,6673,19,30,12,0.2741
116,21,ok,4,12,8,True,6740,13,95,4,0.2674
117,21,ok,15,35,20,True,6803,16,31,15,0.2981
118,21,ok,4,9,5,True,6869,13,54,4,0.2901
119,21,ok,12,28,16,True,6934,15,29,12,0.3021
120,21,ok,4,9,5,True,7000,11,98,4,0.3072
121,21,ok,15,38,23,True,7065,15,28,15,0.3038
122,21,ok,4,14,10,True,7131,14,55,4,0.3309
123,21,ok,12,32,20,True,7200,12,30,12,0.3212
124,21,ok,4,9,5,True,7262,11,100,4,0.332
125,21,ok,15,39,24,True,7328,12,32,15,0.3308
126,21,ok,4,14,10,True,7394,16,53,4,0.3281
127,21,ok,12,33,21,True,7460,17,30,12,0.3394
128,21,ok,4,12,8,True,7526,11,95,4,0.3354
129,21,ok,15,44,29,True,7592,11,29,15,0.3445
130,21,ok,4,7,3,True,7660,12,60,4,0.3535
131,21,ok,12,27,15,True,7724,14,35,12,0.3621
132,21,ok,4,16,12,True,7791,8,106,4,0.3585
133,21,ok,15,43,28,True,7857,14,29,15,0.3777
134,21,ok,4,9,5,True,7923,11,55,4,0.3767
135,21,ok,12,33,21,True,7989,11,30,12,0.3909
136,21,ok,4,12,8,True,8056,11,99,4,0.3966
137,21,ok,15,42,27,True,8122,14,29,15,0.398
138,21,ok,4,10,6,True,8189,12,55,4,0.4072
139,21,ok,12,28,16,True,8255,18,29,12,0.4123
140,21,ok,4,8,4,True,8322,11,104,4,0.425
141,21,ok,15,42,27,True,8389,13,37,15,0.4325
500,20,ok,4,14,10,True,33015,35,45,4,7.3257
142,21,ok,4,10,6,True,8456,13,55,4,0.4454
143,21,ok,12,28,16,True,8522,13,31,12,0.4385
144,21,ok,4,8,4,True,8589,12,97,4,0.4618
145,21,ok,15,39,24,True,8656,13,29,15,0.4714
146,21,ok,4,13,9,True,8723,10,55,4,0.4786
147,21,ok,12,31,19,True,8790,17,33,12,0.484
148,21,ok,4,10,6,True,8857,12,101,4,0.4876
149,21,ok,15,36,21,True,8924,16,29,15,0.4906
150,21,ok,4,10,6,True,8991,12,60,4,0.499
151,21,ok,12,29,17,True,9059,18,32,12,0.5047
152,21,ok,4,11,7,True,9126,17,100,4,0.5124
153,21,ok,15,41,26,True,9193,15,35,15,0.531
154,21,ok,4,9,5,True,9260,12,55,4,0.5158
155,21,ok,12,29,17,True,9328,19,32,12,0.531
156,21,ok,4,12,8,True,9395,13,106,4,0.5287
157,21,ok,15,43,28,True,9463,12,28,15,0.5122
158,21,ok,4,13,9,True,9530,17,55,4,0.5341
159,21,ok,12,29,17,True,9600,20,31,12,0.5736
160,21,ok,4,12,8,True,9665,18,105,4,0.5602
161,21,ok,15,34,19,True,9733,13,35,15,0.5569
162,21,ok,4,9,5,True,9801,12,59,4,0.5726
163,21,ok,12,33,21,True,9868,23,32,12,0.5806
164,21,ok,4,9,5,True,9936,15,112,4,0.5676
165,21,ok,15,36,21,True,10004,19,34,15,0.5591
166,21,ok,4,12,8,True,10072,13,59,4,0.6022
167,21,ok,12,29,17,True,10140,16,32,12,0.5796
168,21,ok,4,10,6,True,10208,11,108,4,0.6212
169,21,ok,15,37,22,True,10276,16,33,15,0.6114
170,21,ok,4,13,9,True,10344,13,55,4,0.6436
171,21,ok,12,28,16,True,10412,16,29,12,0.6185
172,21,ok,4,12,8,True,10480,11,111,4,0.6641
173,21,ok,15,44,29,True,10548,13,37,15,0.6664
174,21,ok,4,8,4,True,10620,13,55,4,0.7113
175,21,ok,12,28,16,True,10685,20,33,12,0.688
176,21,ok,4,12,8,True,10753,14,112,4,0.7062
177,21,ok,15,40,25,True,10822,14,35,15,0.7094
178,21,ok,4,16,12,True,10890,10,66,4,0.7172
179,21,ok,12,30,18,True,10960,17,34,12,0.7095
181,21,ok,15,37,22,True,11095,16,37,15,0.6745
180,21,ok,4,13,9,True,11027,12,112,4,0.7288
182,21,ok,4,15,11,True,11164,16,58,4,0.7169
183,21,ok,12,26,14,True,11232,21,40,12,0.7364
184,21,ok,4,10,6,True,11301,11,104,4,0.7443
185,21,ok,15,39,24,True,11370,21,39,15,0.7281
186,21,ok,4,12,8,True,11438,15,60,4,0.75
187,21,ok,12,30,18,True,11507,19,35,12,0.7824
188,21,ok,4,12,8,True,11576,10,106,4,0.8059
189,21,ok,15,36,21,True,11645,14,33,15,0.851
190,21,ok,4,8,4,True,11714,14,60,4,0.8417
191,21,ok,12,32,20,True,11783,22,30,12,0.8412
192,21,ok,4,13,9,True,11852,15,114,4,0.8455
193,21,ok,15,41,26,True,11921,15,34,15,0.8591
194,21,ok,4,14,10,True,11990,13,60,4,0.8725
195,21,ok,12,27,15,True,12059,22,34,12,0.9091
196,21,ok,4,14,10,True,12128,10,104,4,0.8298
197,21,ok,15,37,22,True,12200,15,34,15,0.8935
198,21,ok,4,12,8,True,12266,14,67,4,0.8635
199,21,ok,12,32,20,True,12335,19,38,12,0.9161
200,21,ok,4,11,7,True,12404,13,108,4,0.9421
201,21,ok,15,33,18,True,12474,21,37,15,0.9141
202,21,ok,4,14,10,True,12543,11,66,4,0.9378
203,21,ok,12,29,17,True,12612,14,32,12,0.9475
204,21,ok,4,11,7,True,12682,16,108,4,0.964
205,21,ok,15,36,21,True,12751,19,32,15,0.9222
206,21,ok,4,11,7,True,12821,14,61,4,0.9862
207,21,ok,12,32,20,True,12890,18,36,12,0.9949
208,21,ok,4,8,4,True,12960,19,105,4,0.8255
209,21,ok,15,34,19,True,13029,15,32,15,0.913
210,21,ok,4,9,5,True,13100,13,60,4,1.0176
211,21,ok,12,28,16,True,13168,18,35,12,1.0421
212,21,ok,4,9,5,True,13238,13,110,4,1.0568
213,21,ok,15,41,26,True,13308,19,35,15,1.0643
214,21,ok,4,13,9,True,13377,13,66,4,1.0619
215,21,ok,12,34,22,True,13447,14,35,12,1.0618
216,21,ok,4,18,14,True,13520,13,115,4,1.1029
217,21,ok,15,40,25,True,13587,16,42,15,1.1143
218,21,ok,4,14,10,True,13657,11,57,4,1.0972
219,21,ok,12,31,19,True,13727,15,32,12,1.1388
220,21,ok,4,14,10,True,13797,13,120,4,1.119
221,21,ok,15,39,24,True,13866,14,33,15,1.1701
222,21,ok,4,11,7,True,13936,13,58,4,1.1429
223,21,ok,12,29,17,True,14007,22,39,12,1.1978
224,21,ok,4,8,4,True,14077,12,115,4,1.0795
226,21,ok,4,9,5,True,14217,11,57,4,0.8861
225,21,ok,15,35,20,True,14147,19,39,15,1.2516
227,21,ok,12,26,14,True,14287,18,36,12,1.2413
228,21,ok,4,11,7,True,14357,12,114,4,1.2397
229,21,ok,15,41,26,True,14427,16,33,15,1.2502
230,21,ok,4,8,4,True,14498,11,63,4,1.2046
231,21,ok,12,31,19,True,14568,13,37,12,1.3318
232,21,ok,4,11,7,True,14640,14,122,4,1.2115
233,21,ok,15,46,31,True,14709,15,38,15,1.2771
234,21,ok,4,13,9,True,14780,13,75,4,1.3189
235,21,ok,12,28,16,True,14849,17,38,12,1.2854
236,21,ok,4,11,7,True,14920,18,113,4,1.3519
237,21,ok,15,36,21,True,14990,17,35,15,1.2946
238,21,ok,4,7,3,True,15061,13,66,4,1.3489
239,21,ok,12,36,24,True,15131,14,39,12,1.3912
240,21,ok,4,14,10,True,15202,14,111,4,1.4078
241,21,ok,15,35,20,True,15272,15,39,15,1.4507
242,21,ok,4,11,7,True,15343,15,61,4,1.4005
243,21,ok,12,30,18,True,15414,16,35,12,1.4451
244,21,ok,4,10,6,True,15484,15,119,4,1.4445
245,21,ok,15,40,25,True,15555,17,36,15,1.444
246,21,ok,4,11,7,True,15626,14,64,4,1.401
247,21,ok,12,22,10,True,15697,19,34,12,1.4748
248,21,ok,4,11,7,True,15767,14,117,4,1.4531
249,21,ok,15,41,26,True,15838,15,34,15,1.3938
250,21,ok,4,11,7,True,15909,19,65,4,1.5827
251,21,ok,12,30,18,True,15980,18,35,12,1.5363
252,21,ok,4,13,9,True,16051,14,110,4,1.5544
253,21,ok,15,35,20,True,16122,15,34,15,1.5756
254,21,ok,4,12,8,True,16193,13,61,4,1.5858
255,21,ok,12,38,26,True,16264,17,37,12,1.6067
256,21,ok,4,13,9,True,16335,18,124,4,1.637
257,21,ok,15,37,22,True,16406,14,36,15,1.6381
258,21,ok,4,10,6,True,16480,14,64,4,1.6386
259,21,ok,12,27,15,True,16548,23,43,12,1.6627
260,21,ok,4,13,9,True,16620,18,127,4,1.6273
261,21,ok,15,39,24,True,16690,19,38,15,1.6499
262,21,ok,4,11,7,True,16762,12,64,4,1.7231
263,21,ok,12,36,24,True,16833,18,38,12,1.7123
264,21,ok,4,13,9,True,16904,17,110,4,1.7276
265,21,ok,15,42,27,True,16975,16,39,15,1.6835
266,21,ok,4,12,8,True,17047,14,60,4,1.7381
267,21,ok,12,23,11,True,17118,18,41,12,1.6999
268,21,ok,4,14,10,True,17189,18,127,4,1.7738
269,21,ok,15,38,23,True,17261,21,37,15,1.8569
270,21,ok,4,13,9,True,17332,15,71,4,1.792
271,21,ok,12,29,17,True,17404,22,39,12,1.7998
272,21,ok,4,13,9,True,17475,21,114,4,1.8212
273,21,ok,15,33,18,True,17546,19,38,15,1.8121
274,21,ok,4,11,7,True,17618,18,69,4,1.8175
275,21,ok,12,30,18,True,17690,20,35,12,1.9417
276,21,ok,4,8,4,True,17761,13,118,4,1.847
277,21,ok,15,33,18,True,17833,15,35,15,1.9238
278,21,ok,4,8,4,True,17904,17,67,4,1.9501
279,21,ok,12,34,22,True,17976,19,36,12,1.8815
280,21,ok,4,11,7,True,18048,13,123,4,1.9792
281,21,ok,15,41,26,True,18119,18,38,15,2.0075
282,21,ok,4,10,6,True,18191,16,70,4,2.0179
283,21,ok,12,25,13,True,18263,19,37,12,1.9571
285,21,ok,15,31,16,True,18406,17,38,15,2.0296
284,21,ok,4,11,7,True,18335,12,120,4,2.1053
286,21,ok,4,9,5,True,18478,12,65,4,2.0098
287,21,ok,12,29,17,True,18550,16,41,12,1.9342
288,21,ok,4,13,9,True,18622,18,120,4,2.1101
289,21,ok,15,46,31,True,18694,27,34,15,1.8909
290,21,ok,4,9,5,True,18766,14,63,4,2.066
291,21,ok,12,38,26,True,18838,25,38,12,2.1677
292,21,ok,4,11,7,True,18910,15,129,4,2.1149
293,21,ok,15,32,17,True,18982,17,36,15,2.1911
294,21,ok,4,12,8,True,19054,14,77,4,2.1838
295,21,ok,12,38,26,True,19126,24,43,12,2.2322
296,21,ok,4,10,6,True,19198,17,128,4,2.2979
297,21,ok,15,35,20,True,19270,19,39,15,2.2631
298,21,ok,4,10,6,True,19342,12,68,4,2.279
299,21,ok,12,37,25,True,19414,16,37,12,2.3088
300,21,ok,4,12,8,True,19487,13,129,4,2.1833
301,21,ok,15,39,24,True,19559,20,38,15,2.2313
302,21,ok,4,7,3,True,19631,15,62,4,2.0314
303,21,ok,12,34,22,True,19703,15,47,12,1.9853
304,21,ok,4,12,8,True,19775,17,123,4,1.7849
305,21,ok,15,37,22,True,19848,17,44,15,1.5475
306,21,ok,4,14,10,True,19920,17,68,4,1.4881
307,21,ok,12,40,28,True,19992,22,37,12,1.4406
308,21,ok,4,7,3,True,20065,14,125,4,1.4207
309,21,ok,15,37,22,True,20137,17,39,15,1.4567
310,21,ok,4,11,7,True,20210,16,67,4,1.4428
311,21,ok,12,25,13,True,20282,20,37,12,1.4618
312,21,ok,4,9,5,True,20354,15,121,4,1.5154
313,21,ok,15,37,22,True,20427,16,39,15,1.4715
314,21,ok,4,9,5,True,20500,18,68,4,1.5316
315,21,ok,12,29,17,True,20572,19,40,12,1.5759
316,21,ok,4,11,7,True,20645,12,126,4,1.9711
317,21,ok,15,41,26,True,20717,20,38,15,2.2573
318,21,ok,4,17,13,True,20790,21,71,4,2.4174
319,21,ok,12,31,19,True,20862,22,40,12,2.3447
320,21,ok,4,11,7,True,20935,15,135,4,2.5805
321,21,ok,15,48,33,True,21008,20,43,15,2.6634
322,21,ok,4,11,7,True,21080,11,68,4,2.7322
323,21,ok,12,29,17,True,21153,17,40,12,2.7397
325,21,ok,15,36,21,True,21300,21,41,15,2.7446
324,21,ok,4,13,9,True,21226,12,122,4,2.8381
326,21,ok,4,15,11,True,21371,14,67,4,2.7644
327,21,ok,12,34,22,True,21444,19,37,12,2.6563
328,21,ok,4,10,6,True,21517,14,122,4,2.9443
329,21,ok,15,43,28,True,21590,18,40,15,2.8763
331,21,ok,12,30,18,True,21736,17,40,12,2.7116
330,21,ok,4,12,8,True,21663,13,70,4,2.8371
332,21,ok,4,13,9,True,21808,16,123,4,2.8985
333,21,ok,15,37,22,True,21881,20,37,15,2.8998
334,21,ok,4,13,9,True,21954,19,74,4,2.9628
335,21,ok,12,35,23,True,22027,22,40,12,3.0653
336,21,ok,4,9,5,True,22100,13,120,4,2.893
337,21,ok,15,39,24,True,22173,20,35,15,2.9391
338,21,ok,4,14,10,True,22246,17,69,4,2.7857
339,21,ok,12,33,21,True,22320,29,41,12,2.9947
340,21,ok,4,13,9,True,22392,15,135,4,2.8113
341,21,ok,15,35,20,True,22466,17,40,15,2.9217
342,21,ok,4,14,10,True,22540,14,73,4,2.8529
343,21,ok,12,31,19,True,22612,27,38,12,2.8327
344,21,ok,4,14,10,True,22685,12,125,4,2.9957
345,21,ok,15,52,37,True,22758,17,38,15,2.9745
346,21,ok,4,11,7,True,22831,19,76,4,3.1489
348,21,ok,4,16,12,True,22978,19,130,4,3.2177
347,21,ok,12,39,27,True,22905,19,38,12,3.3317
349,21,ok,15,38,23,True,23051,18,40,15,3.239
350,21,ok,4,12,8,True,23124,12,67,4,3.3467
351,21,ok,12,32,20,True,23200,26,39,12,3.2653
352,21,ok,4,10,6,True,23271,19,130,4,3.3129
353,21,ok,15,46,31,True,23344,17,39,15,3.3413
354,21,ok,4,10,6,True,23418,16,70,4,3.388
355,21,ok,12,37,25,True,23491,16,39,12,3.389
356,21,ok,4,12,8,True,23565,14,127,4,3.5247
357,21,ok,15,40,25,True,23638,20,48,15,3.5083
358,21,ok,4,12,8,True,23711,17,70,4,3.4987
360,21,ok,4,13,9,True,23860,16,135,4,3.244
359,21,ok,12,29,17,True,23785,21,39,12,3.486
361,21,ok,15,37,22,True,23932,19,36,15,3.3948
362,21,ok,4,9,5,True,24005,17,69,4,3.5691
363,21,ok,12,34,22,True,24080,18,39,12,3.6534
364,21,ok,4,15,11,True,24153,20,133,4,3.5995
365,21,ok,15,46,31,True,24226,18,37,15,3.6455
366,21,ok,4,14,10,True,24300,13,68,4,3.5851
367,21,ok,12,33,21,True,24373,21,44,12,3.6744
368,21,ok,4,9,5,True,24447,20,123,4,3.7478
369,21,ok,15,39,24,True,24521,16,45,15,3.698
370,21,ok,4,13,9,True,24594,15,70,4,3.7681
371,21,ok,12,32,20,True,24668,18,37,12,3.7471
372,21,ok,4,12,8,True,24742,19,134,4,3.6531
373,21,ok,15,41,26,True,24816,16,38,15,3.8286
374,21,ok,4,12,8,True,24889,15,70,4,3.728
375,21,ok,12,38,26,True,24963,21,42,12,3.8657
376,21,ok,4,10,6,True,25040,15,130,4,3.8225
377,21,ok,15,48,33,True,25111,18,44,15,3.9423
378,21,ok,4,10,6,True,25185,14,70,4,3.9451
379,21,ok,12,30,18,True,25259,25,39,12,3.9856
380,21,ok,4,13,9,True,25332,13,131,4,3.9999
381,21,ok,15,36,21,True,25406,18,37,15,3.9192
382,21,ok,4,11,7,True,25480,16,67,4,4.098
383,21,ok,12,30,18,True,25554,22,39,12,4.0811
384,21,ok,4,11,7,True,25628,18,133,4,4.0789
385,21,ok,15,39,24,True,25702,17,44,15,4.1277
386,21,ok,4,13,9,True,25776,16,71,4,3.9624
387,21,ok,12,35,23,True,25850,22,41,12,3.9205
388,21,ok,4,10,6,True,25924,16,130,4,3.8795
390,21,ok,4,14,10,True,26072,17,69,4,4.1827
389,21,ok,15,44,29,True,26000,20,37,15,4.2549
391,21,ok,12,37,25,True,26146,20,41,12,4.2841
392,21,ok,4,12,8,True,26220,16,126,4,4.1787
393,21,ok,15,39,24,True,26295,15,41,15,4.1917
394,21,ok,4,10,6,True,26369,19,68,4,4.2647
396,21,ok,4,10,6,True,26520,25,136,4,4.2777
395,21,ok,12,29,17,True,26443,24,40,12,4.3258
397,21,ok,15,46,31,True,26591,15,40,15,4.3784
398,21,ok,4,15,11,True,26665,13,71,4,4.3083
399,21,ok,12,26,14,True,26740,20,42,12,4.4386
400,21,ok,4,14,10,True,26814,17,134,4,4.4073
401,21,ok,15,46,31,True,26888,19,42,15,4.4493
402,21,ok,4,14,10,True,26963,13,74,4,4.4864
403,21,ok,12,33,21,True,27037,17,42,12,4.5605
404,21,ok,4,16,12,True,27111,17,126,4,4.5992
405,21,ok,15,51,36,True,27185,15,37,15,4.631
406,21,ok,4,7,3,True,27260,19,79,4,4.5627
407,21,ok,12,31,19,True,27334,32,39,12,4.5318
408,21,ok,4,9,5,True,27409,19,132,4,4.6127
409,21,ok,15,39,24,True,27483,20,43,15,4.7042
410,21,ok,4,14,10,True,27557,15,71,4,4.5887
411,21,ok,12,27,15,True,27632,22,40,12,4.7997
412,21,ok,4,14,10,True,27706,17,139,4,4.807
413,21,ok,15,45,30,True,27781,20,42,15,4.801
414,21,ok,4,12,8,True,27855,18,70,4,4.7481
415,21,ok,12,26,14,True,27930,27,44,12,4.8584
416,21,ok,4,9,5,True,28004,18,133,4,4.9951
417,21,ok,15,36,21,True,28080,20,40,15,4.7528
418,21,ok,4,13,9,True,28154,13,73,4,4.9224
419,21,ok,12,35,23,True,28228,23,37,12,4.8874
420,21,ok,4,11,7,True,28303,20,138,4,5.0655
421,21,ok,15,40,25,True,28377,17,43,15,5.0264
422,21,ok,4,13,9,True,28452,19,73,4,5.0199
423,21,ok,12,26,14,True,28527,29,41,12,5.1742
424,21,ok,4,8,4,True,28601,15,141,4,5.0802
425,21,ok,15,37,22,True,28676,21,40,15,5.1592
426,21,ok,4,13,9,True,28751,16,73,4,5.2418
427,21,ok,12,34,22,True,28825,20,41,12,5.2745
428,21,ok,4,13,9,True,28900,15,128,4,5.234
429,21,ok,15,40,25,True,28975,21,43,15,5.1842
430,21,ok,4,8,4,True,29050,15,74,4,5.3939
431,21,ok,12,32,20,True,29124,19,45,12,5.2898
432,21,ok,4,13,9,True,29200,23,131,4,5.3337
433,21,ok,15,42,27,True,29274,19,45,15,5.4236
434,21,ok,4,15,11,True,29349,20,75,4,5.5264
435,21,ok,12,29,17,True,29424,30,48,12,5.478
436,21,ok,4,12,8,True,29499,14,141,4,5.4566
437,21,ok,15,39,24,True,29574,23,39,15,5.4475
438,21,ok,4,16,12,True,29648,20,76,4,5.5301
439,21,ok,12,26,14,True,29723,23,39,12,5.4585
440,21,ok,4,13,9,True,29798,14,136,4,5.7055
441,21,ok,15,37,22,True,29873,19,47,15,5.735
442,21,ok,4,12,8,True,29948,17,74,4,5.6929
443,21,ok,12,36,24,True,30023,19,42,12,5.6377
444,21,ok,4,11,7,True,30098,15,133,4,5.6192
445,21,ok,15,39,24,True,30173,22,40,15,5.7649
446,21,ok,4,12,8,True,30248,20,68,4,5.8587
447,21,ok,12,33,21,True,30323,25,39,12,5.8284
448,21,ok,4,11,7,True,30400,18,143,4,5.9327
449,21,ok,15,42,27,True,30474,24,45,15,5.8163
450,21,ok,4,10,6,True,30549,16,76,4,5.8949
451,21,ok,12,40,28,True,30624,27,43,12,5.9226
452,21,ok,4,9,5,True,30700,20,149,4,5.8602
453,21,ok,15,41,26,True,30774,21,39,15,5.9731
454,21,ok,4,9,5,True,30849,15,76,4,6.03
455,21,ok,12,31,19,True,30924,24,42,12,6.044
456,21,ok,4,7,3,True,31000,12,147,4,6.126
457,21,ok,15,46,31,True,31075,17,41,15,6.1029
458,21,ok,4,10,6,True,31150,19,74,4,6.1308
459,21,ok,12,28,16,True,31225,23,48,12,6.1631
460,21,ok,4,9,5,True,31300,15,135,4,6.1308
461,21,ok,15,46,31,True,31376,22,41,15,6.1736
462,21,ok,4,10,6,True,31451,16,72,4,6.2979
463,21,ok,12,31,19,True,31526,25,43,12,6.151
464,21,ok,4,13,9,True,31602,16,129,4,5.8811
465,21,ok,15,48,33,True,31677,17,40,15,5.6161
466,21,ok,4,16,12,True,31752,13,80,4,5.3036
467,21,ok,12,39,27,True,31828,21,43,12,5.5657
468,21,ok,4,10,6,True,31903,18,140,4,5.5415
469,21,ok,15,37,22,True,31980,23,49,15,5.5447
470,21,ok,4,12,8,True,32054,20,80,4,5.9066
471,21,ok,12,29,17,True,32129,25,40,12,6.0407
472,21,ok,4,11,7,True,32205,18,145,4,5.646
473,21,ok,15,39,24,True,32280,24,40,15,5.0628
474,21,ok,4,15,11,True,32356,23,73,4,4.8676
475,21,ok,12,29,17,True,32431,31,40,12,4.4562
476,21,ok,4,13,9,True,32507,23,130,4,3.9875
477,21,ok,15,39,24,True,32582,19,39,15,3.9416
478,21,ok,4,11,7,True,32658,16,72,4,3.968
479,21,ok,12,25,13,True,32733,21,44,12,4.0241
480,21,ok,4,14,10,True,32809,13,134,4,4.1491
481,21,ok,15,39,24,True,32884,22,41,15,4.1387
482,21,ok,4,8,4,True,32960,13,74,4,4.1259
483,21,ok,12,37,25,True,33036,18,41,12,4.102
484,21,ok,4,11,7,True,33111,20,130,4,4.132
485,21,ok,15,44,29,True,33187,22,42,15,4.1665
486,21,ok,4,9,5,True,33263,21,77,4,4.196
487,21,ok,12,39,27,True,33340,23,44,12,4.2631
488,21,ok,4,12,8,True,33414,18,134,4,4.2836
489,21,ok,15,42,27,True,33490,18,42,15,4.1989
490,21,ok,4,13,9,True,33565,15,78,4,4.347
491,21,ok,12,33,21,True,33641,17,41,12,4.3178
492,21,ok,4,12,8,True,33717,16,133,4,4.3639
493,21,ok,15,42,27,True,33793,20,42,15,4.3476
494,21,ok,4,11,7,True,33868,22,78,4,4.3722
495,21,ok,12,36,24,True,33944,18,41,12,4.3761
1,22,ok,21,21,0,True,48,2,3,21,0.0002
2,22,ok,6,8,2,True,81,3,11,6,0.0002
3,22,ok,9,15,6,True,119,3,11,9,0.0003
4,22,ok,8,14,6,True,159,4,12,8,0.0004
5,22,ok,15,24,9,True,202,5,6,15,0.0005
6,22,ok,4,7,3,True,246,5,44,4,0.0006
7,22,ok,21,38,17,True,294,5,7,21,0.0008
8,22,ok,6,13,7,True,338,4,17,6,0.0009
9,22,ok,9,16,7,True,386,4,14,9,0.0013
10,22,ok,8,19,11,True,434,6,24,8,0.0013
11,22,ok,15,27,12,True,483,7,9,15,0.0014
12,22,ok,4,9,5,True,533,5,58,4,0.0017
13,22,ok,21,44,23,True,584,6,9,21,0.002
14,22,ok,6,12,6,True,635,6,21,6,0.0022
15,22,ok,9,22,13,True,687,6,20,9,0.0024
16,22,ok,8,16,8,True,740,6,25,8,0.0027
17,22,ok,15,29,14,True,792,9,11,15,0.0031
18,22,ok,4,9,5,True,846,5,74,4,0.0034
19,22,ok,21,45,24,True,899,7,11,21,0.0038
20,22,ok,6,11,5,True,954,8,33,6,0.0042
21,22,ok,9,20,11,True,1008,6,23,9,0.0046
22,22,ok,8,16,8,True,1063,9,28,8,0.0049
23,22,ok,15,24,9,True,1118,13,10,15,0.0054
24,22,ok,4,7,3,True,1174,7,68,4,0.0058
25,22,ok,21,43,22,True,1230,8,12,21,0.0064
26,22,ok,6,10,4,True,1286,11,32,6,0.0069
27,22,ok,9,17,8,True,1344,8,29,9,0.0073
28,22,ok,8,17,9,True,1399,8,33,8,0.01
29,22,ok,15,34,19,True,1456,10,13,15,0.0084
30,22,ok,4,12,8,True,1514,5,95,4,0.0091
31,22,ok,21,43,22,True,1575,9,13,21,0.0098
32,22,ok,6,12,6,True,1629,11,36,6,0.0104
33,22,ok,9,17,8,True,1687,11,27,9,0.011
34,22,ok,8,20,12,True,1746,7,31,8,0.0116
35,22,ok,15,27,12,True,1804,12,12,15,0.0124
36,22,ok,4,9,5,True,1863,7,93,4,0.0131
37,22,ok,21,47,26,True,1922,11,14,21,0.0141
38,22,ok,6,15,9,True,1981,10,38,6,0.0147
39,22,ok,9,19,10,True,2041,9,27,9,0.0155
40,22,ok,8,15,7,True,2100,9,39,8,0.0163
41,22,ok,15,38,23,True,2163,10,15,15,0.0171
42,22,ok,4,10,6,True,2220,6,90,4,0.0177
43,22,ok,21,49,28,True,2280,9,14,21,0.0187
44,22,ok,6,15,9,True,2341,8,36,6,0.0198
45,22,ok,9,22,13,True,2401,9,29,9,0.021
46,22,ok,8,17,9,True,2462,9,36,8,0.0218
47,22,ok,15,36,21,True,2523,9,15,15,0.0227
48,22,ok,4,13,9,True,2584,9,93,4,0.0236
49,22,ok,21,52,31,True,2646,11,15,21,0.0248
50,22,ok,6,15,9,True,2709,15,40,6,0.0259
51,22,ok,9,16,7,True,2768,8,33,9,0.0267
52,22,ok,8,20,12,True,2829,9,40,8,0.0281
53,22,ok,15,36,21,True,2891,12,15,15,0.029
54,22,ok,4,9,5,True,2953,7,99,4,0.0303
55,22,ok,21,43,22,True,3015,9,16,21,0.0316
56,22,ok,6,13,7,True,3077,15,45,6,0.0329
57,22,ok,9,18,9,True,3139,8,34,9,0.0342
58,22,ok,8,17,9,True,3202,10,40,8,0.0351
59,22,ok,15,28,13,True,3265,15,15,15,0.0369
60,22,ok,4,6,2,True,3327,8,110,4,0.0383
61,22,ok,21,49,28,True,3390,11,16,21,0.0394
62,22,ok,6,14,8,True,3453,13,44,6,0.0406
63,22,ok,9,19,10,True,3516,12,32,9,0.047
64,22,ok,8,23,15,True,3579,10,48,8,0.0431
65,22,ok,15,37,22,True,3643,13,15,15,0.0451
66,22,ok,4,7,3,True,3706,12,108,4,0.0467
67,22,ok,21,45,24,True,3770,11,14,21,0.0482
68,22,ok,6,13,7,True,3833,12,45,6,0.0507
69,22,ok,9,20,11,True,3897,10,35,9,0.0516
496,21,ok,4,9,5,True,34020,16,134,4,4.4241
70,22,ok,8,15,7,True,3961,9,41,8,0.0532
71,22,ok,15,31,16,True,4025,11,16,15,0.055
72,22,ok,4,17,13,True,4089,8,130,4,0.0562
73,22,ok,21,57,36,True,4154,13,16,21,0.0577
74,22,ok,6,13,7,True,4221,11,43,6,0.06
75,22,ok,9,18,9,True,4282,9,33,9,0.0625
76,22,ok,8,20,12,True,4347,12,44,8,0.0632
77,22,ok,15,29,14,True,4411,13,16,15,0.065
78,22,ok,4,9,5,True,4476,12,116,4,0.0671
79,22,ok,21,45,24,True,4541,10,17,21,0.0793
80,22,ok,6,16,10,True,4606,14,45,6,0.0714
81,22,ok,9,21,12,True,4671,10,42,9,0.0762
82,22,ok,8,18,10,True,4736,12,51,8,0.0743
83,22,ok,15,35,20,True,4801,14,17,15,0.076
84,22,ok,4,10,6,True,4867,8,113,4,0.0783
85,22,ok,21,49,28,True,4932,11,19,21,0.0808
86,22,ok,6,16,10,True,4998,12,50,6,0.0836
87,22,ok,9,19,10,True,5063,12,42,9,0.0838
88,22,ok,8,25,17,True,5129,11,50,8,0.086
89,22,ok,15,33,18,True,5194,13,18,15,0.0882
90,22,ok,4,9,5,True,5260,9,133,4,0.0903
91,22,ok,21,48,27,True,5326,13,19,21,0.0933
92,22,ok,6,18,12,True,5392,15,47,6,0.0949
93,22,ok,9,15,6,True,5460,12,42,9,0.0977
497,21,ok,15,46,31,True,34096,18,44,15,4.4935
94,22,ok,8,23,15,True,5524,12,50,8,0.1002
95,22,ok,15,35,20,True,5591,12,18,15,0.1037
96,22,ok,4,10,6,True,5657,15,125,4,0.1064
97,22,ok,21,50,29,True,5723,12,21,21,0.1066
98,22,ok,6,14,8,True,5790,14,52,6,0.111
100,22,ok,8,19,11,True,5923,12,52,8,0.1152
99,22,ok,9,26,17,True,5859,10,38,9,0.1226
101,22,ok,15,30,15,True,5990,15,16,15,0.1179
102,22,ok,4,13,9,True,6056,8,125,4,0.1203
103,22,ok,21,48,27,True,6123,14,20,21,0.1235
104,22,ok,6,14,8,True,6190,14,49,6,0.1276
105,22,ok,9,24,15,True,6258,12,40,9,0.1273
106,22,ok,8,15,7,True,6324,11,47,8,0.1381
107,22,ok,15,32,17,True,6391,11,19,15,0.1329
108,22,ok,4,10,6,True,6459,10,161,4,0.1366
109,22,ok,21,49,28,True,6526,15,19,21,0.1464
110,22,ok,6,19,13,True,6594,17,58,6,0.1432
111,22,ok,9,26,17,True,6661,17,41,9,0.1445
112,22,ok,8,24,16,True,6728,10,55,8,0.156
498,21,ok,4,12,8,True,34172,22,77,4,4.609
113,22,ok,15,36,21,True,6796,21,17,15,0.152
114,22,ok,4,13,9,True,6863,9,130,4,0.1549
115,22,ok,21,47,26,True,6931,16,17,21,0.1718
116,22,ok,6,15,9,True,6999,12,53,6,0.1727
117,22,ok,9,20,11,True,7067,13,40,9,0.1631
118,22,ok,8,26,18,True,7134,8,52,8,0.1672
119,22,ok,15,29,14,True,7202,17,19,15,0.1707
120,22,ok,4,8,4,True,7270,11,141,4,0.1839
121,22,ok,21,51,30,True,7338,14,19,21,0.1793
499,21,ok,12,33,21,True,34247,20,41,12,4.5534
122,22,ok,6,23,17,True,7407,13,51,6,0.1934
123,22,ok,9,29,20,True,7475,15,43,9,0.2189
124,22,ok,8,19,11,True,7543,14,57,8,0.2393
125,22,ok,15,33,18,True,7611,16,18,15,0.2376
126,22,ok,4,15,11,True,7680,11,134,4,0.3084
127,22,ok,21,52,31,True,7748,16,20,21,0.3276
128,22,ok,6,14,8,True,7817,11,55,6,0.3482
130,22,ok,8,25,17,True,7954,14,55,8,0.3125
129,22,ok,9,23,14,True,7885,10,44,9,0.3542
131,22,ok,15,39,24,True,8022,16,20,15,0.3496
132,22,ok,4,15,11,True,8091,11,147,4,0.3267
134,22,ok,6,12,6,True,8229,15,50,6,0.3475
133,22,ok,21,53,32,True,8160,15,18,21,0.4057
135,22,ok,9,23,14,True,8298,11,44,9,0.4012
136,22,ok,8,22,14,True,8367,12,61,8,0.3898
137,22,ok,15,26,11,True,8436,15,20,15,0.4019
138,22,ok,4,10,6,True,8505,12,141,4,0.4029
500,21,ok,4,14,10,True,34323,24,142,4,5.019
139,22,ok,21,53,32,True,8574,16,21,21,0.444
140,22,ok,6,13,7,True,8643,16,55,6,0.4183
141,22,ok,9,23,14,True,8712,14,49,9,0.4376
142,22,ok,8,22,14,True,8782,14,56,8,0.4344
143,22,ok,15,37,22,True,8851,15,19,15,0.454
144,22,ok,4,14,10,True,8920,11,145,4,0.4698
146,22,ok,6,13,7,True,9059,16,58,6,0.4186
145,22,ok,21,65,44,True,8990,15,20,21,0.4785
148,22,ok,8,16,8,True,9198,13,57,8,0.4256
147,22,ok,9,20,11,True,9129,13,45,9,0.4919
149,22,ok,15,34,19,True,9268,19,21,15,0.4791
150,22,ok,4,10,6,True,9338,12,148,4,0.5082
151,22,ok,21,61,40,True,9408,15,20,21,0.4734
152,22,ok,6,15,9,True,9477,16,58,6,0.5282
153,22,ok,9,33,24,True,9547,11,48,9,0.4746
154,22,ok,8,22,14,True,9618,10,54,8,0.5369
155,22,ok,15,39,24,True,9687,17,24,15,0.5445
157,22,ok,21,51,30,True,9828,16,24,21,0.5398
156,22,ok,4,17,13,True,9757,13,148,4,0.5538
158,22,ok,6,18,12,True,9897,20,61,6,0.4881
159,22,ok,9,25,16,True,9967,15,48,9,0.5147
160,22,ok,8,18,10,True,10037,13,51,8,0.5842
161,22,ok,15,33,18,True,10107,19,21,15,0.5914
164,22,ok,6,14,8,True,10318,19,55,6,0.5787
162,22,ok,4,10,6,True,10178,15,154,4,0.6179
163,22,ok,21,54,33,True,10248,15,22,21,0.6068
165,22,ok,9,21,12,True,10389,16,42,9,0.5983
166,22,ok,8,19,11,True,10459,13,57,8,0.6345
167,22,ok,15,37,22,True,10530,23,21,15,0.6535
168,22,ok,4,12,8,True,10600,8,150,4,0.6396
170,22,ok,6,15,9,True,10742,17,55,6,0.6784
169,22,ok,21,52,31,True,10671,13,19,21,0.6814
171,22,ok,9,24,15,True,10812,11,46,9,0.6692
172,22,ok,8,26,18,True,10883,18,64,8,0.6976
173,22,ok,15,31,16,True,10954,18,22,15,0.7289
174,22,ok,4,10,6,True,11025,12,148,4,0.7214
175,22,ok,21,50,29,True,11095,15,20,21,0.7262
176,22,ok,6,15,9,True,11166,16,56,6,0.7326
177,22,ok,9,21,12,True,11237,16,53,9,0.7158
178,22,ok,8,21,13,True,11308,15,60,8,0.7494
179,22,ok,15,35,20,True,11379,17,21,15,0.7702
180,22,ok,4,14,10,True,11450,11,158,4,0.7674
182,22,ok,6,15,9,True,11593,17,69,6,0.7459
181,22,ok,21,49,28,True,11521,18,27,21,0.7798
183,22,ok,9,20,11,True,11664,10,44,9,0.7825
184,22,ok,8,18,10,True,11735,15,56,8,0.8014
185,22,ok,15,36,21,True,11806,32,24,15,0.8026
186,22,ok,4,16,12,True,11878,10,163,4,0.8109
187,22,ok,21,53,32,True,11949,15,20,21,0.8474
188,22,ok,6,12,6,True,12020,22,53,6,0.8375
189,22,ok,9,24,15,True,12092,15,48,9,0.848
190,22,ok,8,24,16,True,12163,15,58,8,0.8577
191,22,ok,15,45,30,True,12235,20,25,15,0.8713
192,22,ok,4,14,10,True,12306,12,154,4,0.8767
194,22,ok,6,18,12,True,12453,14,59,6,0.8913
193,22,ok,21,63,42,True,12378,14,22,21,0.9128
195,22,ok,9,26,17,True,12521,14,46,9,0.8982
196,22,ok,8,19,11,True,12593,16,57,8,0.9089
197,22,ok,15,33,18,True,12665,16,22,15,0.882
198,22,ok,4,10,6,True,12736,11,155,4,0.8783
199,22,ok,21,60,39,True,12810,15,19,21,0.9172
200,22,ok,6,14,8,True,12880,14,59,6,0.9615
201,22,ok,9,29,20,True,12952,11,48,9,0.8943
202,22,ok,8,30,22,True,13024,15,57,8,0.9492
203,22,ok,15,40,25,True,13096,21,24,15,0.8919
204,22,ok,4,11,7,True,13168,13,165,4,0.9306
205,22,ok,21,58,37,True,13240,18,24,21,1.0067
206,22,ok,6,12,6,True,13314,17,64,6,0.9984
207,22,ok,9,30,21,True,13384,10,50,9,1.0167
208,22,ok,8,15,7,True,13456,13,56,8,0.8969
209,22,ok,15,39,24,True,13528,19,25,15,1.0191
210,22,ok,4,8,4,True,13601,15,158,4,0.984
212,22,ok,6,14,8,True,13745,17,67,6,0.9794
211,22,ok,21,69,48,True,13673,16,24,21,1.0741
213,22,ok,9,26,17,True,13818,16,55,9,1.0342
214,22,ok,8,24,16,True,13890,11,67,8,1.1393
215,22,ok,15,37,22,True,13962,21,19,15,1.1222
216,22,ok,4,15,11,True,14035,13,158,4,1.1503
217,22,ok,21,54,33,True,14107,17,24,21,1.1295
218,22,ok,6,14,8,True,14180,22,60,6,1.169
219,22,ok,9,24,15,True,14252,15,50,9,1.1782
220,22,ok,8,21,13,True,14325,15,66,8,1.224
221,22,ok,15,31,16,True,14397,21,21,15,1.1621
222,22,ok,4,11,7,True,14470,15,157,4,1.1875
223,22,ok,21,56,35,True,14543,15,22,21,1.227
224,22,ok,6,17,11,True,14616,21,62,6,1.2268
225,22,ok,9,19,10,True,14688,20,57,9,1.1957
226,22,ok,8,20,12,True,14761,12,58,8,1.2861
227,22,ok,15,36,21,True,14834,22,22,15,1.2741
228,22,ok,4,9,5,True,14907,11,165,4,1.1997
229,22,ok,21,52,31,True,14979,18,24,21,1.2937
230,22,ok,6,13,7,True,15052,19,62,6,1.2571
231,22,ok,9,24,15,True,15125,17,52,9,1.2413
232,22,ok,8,21,13,True,15198,17,60,8,1.3551
233,22,ok,15,48,33,True,15271,17,25,15,1.3375
234,22,ok,4,13,9,True,15344,15,158,4,1.3758
235,22,ok,21,53,32,True,15417,20,23,21,1.3881
236,22,ok,6,13,7,True,15490,17,66,6,1.3863
237,22,ok,9,27,18,True,15564,15,51,9,1.3994
238,22,ok,8,22,14,True,15637,17,60,8,1.3716
239,22,ok,15,35,20,True,15710,18,23,15,1.4416
240,22,ok,4,14,10,True,15783,15,164,4,1.4589
241,22,ok,21,52,31,True,15856,17,21,21,1.4207
242,22,ok,6,18,12,True,15930,25,62,6,1.4529
243,22,ok,9,28,19,True,16003,17,53,9,1.4159
244,22,ok,8,25,17,True,16076,15,60,8,1.4588
245,22,ok,15,39,24,True,16150,18,24,15,1.4516
246,22,ok,4,10,6,True,16223,15,161,4,1.5307
247,22,ok,21,64,43,True,16297,18,24,21,1.4259
248,22,ok,6,17,11,True,16370,15,65,6,1.5018
249,22,ok,9,22,13,True,16444,19,50,9,1.5542
250,22,ok,8,19,11,True,16517,17,63,8,1.4981
251,22,ok,15,41,26,True,16591,25,23,15,1.5955
252,22,ok,4,12,8,True,16664,21,170,4,1.5894
253,22,ok,21,56,35,True,16738,18,26,21,1.4961
254,22,ok,6,16,10,True,16812,20,63,6,1.5184
255,22,ok,9,22,13,True,16885,19,53,9,1.6372
256,22,ok,8,25,17,True,16959,16,63,8,1.6557
257,22,ok,15,40,25,True,17033,22,22,15,1.7136
258,22,ok,4,18,14,True,17106,12,173,4,1.6784
259,22,ok,21,50,29,True,17180,18,21,21,1.6914
260,22,ok,6,19,13,True,17254,9,64,6,1.6972
261,22,ok,9,22,13,True,17328,14,50,9,1.7122
262,22,ok,8,24,16,True,17402,13,66,8,1.735
263,22,ok,15,50,35,True,17476,19,26,15,1.7119
264,22,ok,4,11,7,True,17550,17,165,4,1.7684
265,22,ok,21,70,49,True,17624,20,23,21,1.7822
266,22,ok,6,9,3,True,17698,19,63,6,1.8296
267,22,ok,9,24,15,True,17772,17,54,9,1.8379
268,22,ok,8,21,13,True,17846,15,68,8,1.788
269,22,ok,15,37,22,True,17920,25,22,15,1.7755
270,22,ok,4,14,10,True,17994,15,185,4,1.8842
271,22,ok,21,57,36,True,18068,16,22,21,1.8775
272,22,ok,6,11,5,True,18142,22,63,6,1.9034
273,22,ok,9,27,18,True,18216,17,57,9,1.8281
274,22,ok,8,20,12,True,18291,16,73,8,1.9786
275,22,ok,15,42,27,True,18365,18,23,15,1.9363
276,22,ok,4,10,6,True,18439,15,178,4,1.9069
277,22,ok,21,61,40,True,18513,20,23,21,1.9891
278,22,ok,6,11,5,True,18588,20,64,6,1.8923
279,22,ok,9,19,10,True,18662,16,55,9,1.8818
280,22,ok,8,20,12,True,18736,15,79,8,2.0289
281,22,ok,15,47,32,True,18811,19,27,15,1.9349
282,22,ok,4,9,5,True,18885,16,177,4,2.0454
283,22,ok,21,57,36,True,18960,18,23,21,2.0897
284,22,ok,6,15,9,True,19034,15,68,6,1.9896
285,22,ok,9,21,12,True,19110,22,54,9,2.0379
286,22,ok,8,20,12,True,19183,16,69,8,2.0677
287,22,ok,15,40,25,True,19258,20,28,15,2.0695
288,22,ok,4,11,7,True,19332,23,164,4,2.1502
289,22,ok,21,56,35,True,19407,22,25,21,2.1943
290,22,ok,6,16,10,True,19482,15,67,6,2.1291
291,22,ok,9,24,15,True,19556,13,55,9,2.1576
292,22,ok,8,22,14,True,19631,19,68,8,2.1347
293,22,ok,15,35,20,True,19706,23,27,15,2.2387
294,22,ok,4,14,10,True,19780,11,178,4,2.2823
296,22,ok,6,15,9,True,19930,15,65,6,2.2353
295,22,ok,21,48,27,True,19855,20,24,21,2.3137
297,22,ok,9,23,14,True,20005,17,63,9,2.3195
298,22,ok,8,20,12,True,20080,16,70,8,2.3664
299,22,ok,15,45,30,True,20155,19,23,15,2.3177
300,22,ok,4,11,7,True,20229,24,175,4,2.3997
301,22,ok,21,63,42,True,20307,16,25,21,2.2569
302,22,ok,6,15,9,True,20379,22,71,6,2.4359
303,22,ok,9,22,13,True,20454,19,55,9,2.5068
304,22,ok,8,21,13,True,20529,18,68,8,2.4612
305,22,ok,15,36,21,True,20604,21,29,15,2.4037
306,22,ok,4,12,8,True,20679,20,182,4,2.4897
307,22,ok,21,59,38,True,20754,23,25,21,2.4652
308,22,ok,6,14,8,True,20830,29,64,6,2.5451
309,22,ok,9,17,8,True,20905,15,54,9,2.5106
310,22,ok,8,25,17,True,20980,19,65,8,2.5122
311,22,ok,15,36,21,True,21055,20,23,15,2.6097
312,22,ok,4,13,9,True,21130,19,170,4,2.6865
313,22,ok,21,58,37,True,21205,24,23,21,2.6689
314,22,ok,6,16,10,True,21281,19,62,6,2.6271
315,22,ok,9,29,20,True,21357,13,53,9,2.6844
316,22,ok,8,19,11,True,21431,19,66,8,2.6818
317,22,ok,15,38,23,True,21506,22,25,15,2.6502
318,22,ok,4,8,4,True,21582,14,182,4,2.7972
319,22,ok,21,60,39,True,21657,21,25,21,2.7596
320,22,ok,6,18,12,True,21732,15,70,6,2.7165
321,22,ok,9,20,11,True,21808,19,57,9,2.7908
322,22,ok,8,22,14,True,21883,17,77,8,2.8309
323,22,ok,15,35,20,True,21959,27,24,15,2.6877
324,22,ok,4,9,5,True,22034,14,179,4,2.847
325,22,ok,21,47,26,True,22110,19,23,21,2.8058
326,22,ok,6,16,10,True,22185,22,69,6,2.8501
327,22,ok,9,26,17,True,22261,19,53,9,2.8292
328,22,ok,8,17,9,True,22336,15,69,8,2.9136
329,22,ok,15,42,27,True,22412,17,24,15,2.8807
331,22,ok,21,52,31,True,22563,17,24,21,2.6045
330,22,ok,4,10,6,True,22488,14,189,4,2.6565
332,22,ok,6,15,9,True,22639,27,66,6,2.58
333,22,ok,9,24,15,True,22714,21,53,9,2.382
334,22,ok,8,23,15,True,22790,14,63,8,2.0571
335,22,ok,15,32,17,True,22869,19,25,15,2.0374
336,22,ok,4,10,6,True,22942,15,183,4,1.8944
337,22,ok,21,51,30,True,23017,20,27,21,1.9311
338,22,ok,6,14,8,True,23093,18,67,6,1.9576
339,22,ok,9,27,18,True,23169,20,59,9,1.9011
340,22,ok,8,21,13,True,23245,24,78,8,1.9032
341,22,ok,15,35,20,True,23321,22,25,15,1.9015
342,22,ok,4,10,6,True,23397,17,180,4,1.942
343,22,ok,21,58,37,True,23472,19,25,21,1.9339
344,22,ok,6,19,13,True,23548,19,67,6,1.9561
345,22,ok,9,21,12,True,23625,19,55,9,1.9364
346,22,ok,8,29,21,True,23700,17,65,8,1.9588
347,22,ok,15,40,25,True,23776,20,23,15,1.9698
348,22,ok,4,9,5,True,23852,15,187,4,2.0101
349,22,ok,21,58,37,True,23928,20,24,21,1.9845
350,22,ok,6,17,11,True,24004,24,67,6,2.0682
351,22,ok,9,23,14,True,24080,15,57,9,2.0584
352,22,ok,8,23,15,True,24156,22,68,8,2.0932
353,22,ok,15,36,21,True,24234,18,26,15,2.1048
355,22,ok,21,56,35,True,24385,20,29,21,2.0975
354,22,ok,4,12,8,True,24309,12,183,4,2.1592
356,22,ok,6,13,7,True,24461,17,69,6,2.1323
357,22,ok,9,28,19,True,24537,21,56,9,2.1013
358,22,ok,8,23,15,True,24613,12,73,8,2.0998
359,22,ok,15,39,24,True,24690,30,22,15,2.1374
360,22,ok,4,10,6,True,24766,15,177,4,2.1448
361,22,ok,21,56,35,True,24842,20,25,21,2.2014
362,22,ok,6,16,10,True,24918,18,67,6,2.2614
363,22,ok,9,28,19,True,24995,18,54,9,2.2229
364,22,ok,8,22,14,True,25071,16,69,8,2.2372
365,22,ok,15,40,25,True,25148,24,24,15,2.2141
366,22,ok,4,11,7,True,25224,16,181,4,2.2347
367,22,ok,21,56,35,True,25300,20,26,21,2.2504
369,22,ok,9,29,20,True,25453,19,58,9,2.2573
368,22,ok,6,11,5,True,25377,23,67,6,2.3218
370,22,ok,8,21,13,True,25530,19,73,8,2.3997
371,22,ok,15,42,27,True,25606,17,27,15,2.27
372,22,ok,4,13,9,True,25683,12,192,4,2.3294
373,22,ok,21,61,40,True,25759,18,25,21,2.3195
374,22,ok,6,19,13,True,25836,23,71,6,2.3209
375,22,ok,9,30,21,True,25912,12,60,9,2.3726
376,22,ok,8,22,14,True,25989,20,72,8,2.4041
377,22,ok,15,39,24,True,26065,22,25,15,2.3801
378,22,ok,4,12,8,True,26142,13,181,4,2.4775
379,22,ok,21,63,42,True,26219,19,25,21,2.4088
380,22,ok,6,18,12,True,26295,20,70,6,2.4414
381,22,ok,9,23,14,True,26372,20,58,9,2.4727
382,22,ok,8,24,16,True,26449,21,68,8,2.4455
383,22,ok,15,38,23,True,26525,20,25,15,2.5244
384,22,ok,4,9,5,True,26602,22,185,4,2.4719
385,22,ok,21,60,39,True,26679,18,24,21,2.5193
386,22,ok,6,18,12,True,26756,26,68,6,2.5283
387,22,ok,9,22,13,True,26832,19,54,9,2.5603
388,22,ok,8,22,14,True,26909,28,67,8,2.6592
389,22,ok,15,40,25,True,26986,33,24,15,2.5806
390,22,ok,4,14,10,True,27063,26,189,4,2.6899
391,22,ok,21,46,25,True,27140,17,26,21,2.6445
392,22,ok,6,19,13,True,27217,17,70,6,2.6376
393,22,ok,9,19,10,True,27294,20,58,9,2.6459
394,22,ok,8,21,13,True,27371,19,76,8,2.6527
395,22,ok,15,34,19,True,27448,22,27,15,2.6634
396,22,ok,4,9,5,True,27524,19,202,4,2.7003
397,22,ok,21,52,31,True,27601,20,24,21,2.6927
398,22,ok,6,18,12,True,27678,23,69,6,2.7005
399,22,ok,9,31,22,True,27756,20,61,9,2.7303
400,22,ok,8,25,17,True,27833,24,73,8,2.7329
401,22,ok,15,42,27,True,27910,23,26,15,2.7788
402,22,ok,4,18,14,True,27987,14,192,4,2.7804
403,22,ok,21,58,37,True,28064,22,29,21,2.8342
404,22,ok,6,18,12,True,28141,18,68,6,2.7942
405,22,ok,9,23,14,True,28218,15,63,9,2.8296
406,22,ok,8,27,19,True,28295,17,71,8,2.8065
407,22,ok,15,41,26,True,28372,21,26,15,2.8446
408,22,ok,4,12,8,True,28450,12,181,4,2.8535
409,22,ok,21,54,33,True,28527,22,24,21,2.8551
410,22,ok,6,13,7,True,28604,18,72,6,2.8992
411,22,ok,9,33,24,True,28681,22,60,9,2.9181
412,22,ok,8,21,13,True,28758,19,73,8,2.9287
413,22,ok,15,40,25,True,28836,20,25,15,2.9971
414,22,ok,4,11,7,True,28913,19,190,4,2.9607
415,22,ok,21,66,45,True,28990,23,23,21,2.9684
416,22,ok,6,19,13,True,29068,27,71,6,2.9782
417,22,ok,9,17,8,True,29145,16,58,9,3.0386
418,22,ok,8,20,12,True,29222,20,79,8,3.0228
419,22,ok,15,47,32,True,29300,27,24,15,3.0467
420,22,ok,4,15,11,True,29377,15,183,4,3.0607
421,22,ok,21,57,36,True,29455,20,25,21,3.1229
422,22,ok,6,14,8,True,29532,22,72,6,3.136
423,22,ok,9,28,19,True,29610,17,57,9,3.1314
424,22,ok,8,20,12,True,29687,19,73,8,3.1296
425,22,ok,15,43,28,True,29765,20,27,15,3.1151
426,22,ok,4,14,10,True,29842,15,185,4,3.1607
427,22,ok,21,56,35,True,29920,19,27,21,3.17
428,22,ok,6,17,11,True,29997,18,79,6,3.2457
429,22,ok,9,23,14,True,30075,15,59,9,3.2289
430,22,ok,8,22,14,True,30152,22,75,8,3.2201
431,22,ok,15,46,31,True,30230,26,27,15,3.2282
432,22,ok,4,15,11,True,30307,14,189,4,3.2825
433,22,ok,21,56,35,True,30385,22,27,21,3.2921
434,22,ok,6,16,10,True,30463,21,71,6,3.3402
435,22,ok,9,29,20,True,30540,18,57,9,3.3574
436,22,ok,8,23,15,True,30618,15,75,8,3.3762
437,22,ok,15,33,18,True,30696,31,26,15,3.3595
438,22,ok,4,10,6,True,30774,15,190,4,3.4621
439,22,ok,21,63,42,True,30851,21,26,21,3.4442
440,22,ok,6,16,10,True,30929,23,68,6,3.4216
441,22,ok,9,30,21,True,31007,17,60,9,3.463
442,22,ok,8,16,8,True,31085,17,76,8,3.4577
443,22,ok,15,42,27,True,31162,22,25,15,3.4587
444,22,ok,4,12,8,True,31240,12,193,4,3.5524
445,22,ok,21,61,40,True,31318,20,28,21,3.5657
446,22,ok,6,19,13,True,31396,19,72,6,3.5378
447,22,ok,9,24,15,True,31474,17,60,9,3.5653
448,22,ok,8,24,16,True,31552,12,72,8,3.5371
449,22,ok,15,45,30,True,31630,26,24,15,3.5784
450,22,ok,4,12,8,True,31707,19,182,4,3.6934
451,22,ok,21,65,44,True,31785,18,25,21,3.6602
452,22,ok,6,17,11,True,31863,24,83,6,3.6935
453,22,ok,9,24,15,True,31941,20,59,9,3.726
454,22,ok,8,25,17,True,32019,16,74,8,3.7199
455,22,ok,15,42,27,True,32097,21,29,15,3.7518
456,22,ok,4,12,8,True,32175,17,193,4,3.8748
457,22,ok,21,53,32,True,32253,20,27,21,3.7715
458,22,ok,6,22,16,True,32331,18,74,6,3.793
459,22,ok,9,20,11,True,32409,25,56,9,3.8185
460,22,ok,8,20,12,True,32488,15,73,8,3.827
461,22,ok,15,42,27,True,32566,24,26,15,3.8485
462,22,ok,4,15,11,True,32644,16,203,4,3.9136
463,22,ok,21,66,45,True,32722,21,28,21,3.9155
464,22,ok,6,11,5,True,32800,24,82,6,3.8954
465,22,ok,9,24,15,True,32878,24,60,9,4.0626
466,22,ok,8,23,15,True,32956,21,81,8,3.9142
467,22,ok,15,42,27,True,33035,22,27,15,3.9298
468,22,ok,4,12,8,True,33113,16,188,4,3.964
469,22,ok,21,59,38,True,33191,25,26,21,3.9975
470,22,ok,6,17,11,True,33269,25,73,6,3.9998
471,22,ok,9,22,13,True,33347,18,61,9,4.1119
472,22,ok,8,19,11,True,33426,19,78,8,4.0773
473,22,ok,15,37,22,True,33504,21,27,15,4.1187
474,22,ok,4,13,9,True,33582,18,195,4,4.1316
475,22,ok,21,71,50,True,33661,19,27,21,4.135
476,22,ok,6,18,12,True,33739,25,83,6,4.1457
477,22,ok,9,24,15,True,33817,20,68,9,4.1822
478,22,ok,8,25,17,True,33896,15,77,8,4.2556
479,22,ok,15,42,27,True,33974,26,31,15,4.208
480,22,ok,4,13,9,True,34053,16,188,4,4.4951
481,22,ok,21,73,52,True,34131,22,29,21,4.5825
482,22,ok,6,16,10,True,34209,17,73,6,5.1092
483,22,ok,9,31,22,True,34288,18,61,9,5.645
484,22,ok,8,21,13,True,34366,20,69,8,6.0003
485,22,ok,15,36,21,True,34445,22,28,15,6.3311
486,22,ok,4,10,6,True,34524,21,204,4,7.3525
487,22,ok,21,66,45,True,34602,24,26,21,7.3647
488,22,ok,6,15,9,True,34680,26,75,6,7.6149
489,22,ok,9,22,13,True,34759,20,58,9,7.5834
490,22,ok,8,23,15,True,34839,19,75,8,7.6128
491,22,ok,15,34,19,True,34916,26,25,15,7.8025
492,22,ok,4,12,8,True,34994,13,194,4,7.5479
493,22,ok,21,65,44,True,35073,18,25,21,7.5263
494,22,ok,6,20,14,True,35154,22,75,6,7.7666
495,22,ok,9,34,25,True,35230,22,57,9,7.9819
1,23,ok,22,22,0,True,50,2,3,22,0.0003
2,23,ok,6,6,0,True,85,3,8,6,0.0005
3,23,ok,10,13,3,True,124,6,5,10,0.0005
4,23,ok,8,11,3,True,166,5,8,8,0.0007
5,23,ok,6,14,8,True,210,3,21,6,0.0009
6,23,ok,12,17,5,True,256,4,10,12,0.0011
7,23,ok,10,20,10,True,303,12,7,10,0.0015
8,23,ok,6,9,3,True,352,9,12,6,0.0021
9,23,ok,14,24,10,True,401,10,8,14,0.0021
10,23,ok,4,12,8,True,451,4,53,4,0.0024
11,23,ok,22,38,16,True,502,6,9,22,0.003
12,23,ok,6,10,4,True,554,13,15,6,0.0032
13,23,ok,10,22,12,True,607,9,10,10,0.0041
14,23,ok,8,14,6,True,660,8,18,8,0.0043
15,23,ok,6,11,5,True,714,5,32,6,0.0048
16,23,ok,12,21,9,True,770,8,16,12,0.0053
17,23,ok,10,14,4,True,823,11,11,10,0.0061
18,23,ok,6,11,5,True,880,7,15,6,0.0066
19,23,ok,14,21,7,True,934,11,11,14,0.0075
20,23,ok,4,8,4,True,990,7,58,4,0.008
21,23,ok,22,47,25,True,1047,9,10,22,0.0088
22,23,ok,6,12,6,True,1104,14,17,6,0.0095
23,23,ok,10,21,11,True,1161,9,11,10,0.0102
24,23,ok,8,16,8,True,1219,9,18,8,0.0111
25,23,ok,6,12,6,True,1277,6,38,6,0.0122
26,23,ok,12,22,10,True,1335,6,19,12,0.0135
27,23,ok,10,17,7,True,1394,17,14,10,0.0139
28,23,ok,6,11,5,True,1453,10,19,6,0.0149
29,23,ok,14,29,15,True,1512,12,13,14,0.0163
30,23,ok,4,7,3,True,1572,9,75,4,0.0175
31,23,ok,22,51,29,True,1631,9,13,22,0.0189
32,23,ok,6,11,5,True,1694,15,24,6,0.0203
33,23,ok,10,25,15,True,1752,15,12,10,0.0212
34,23,ok,8,15,7,True,1812,8,24,8,0.0227
35,23,ok,6,16,10,True,1873,8,41,6,0.0238
36,23,ok,12,26,14,True,1936,9,20,12,0.025
37,23,ok,10,18,8,True,1995,12,15,10,0.0262
38,23,ok,6,18,12,True,2056,11,20,6,0.0279
39,23,ok,14,30,16,True,2118,11,14,14,0.0296
40,23,ok,4,12,8,True,2180,10,85,4,0.0318
41,23,ok,22,42,20,True,2244,9,13,22,0.0337
42,23,ok,6,7,1,True,2304,15,20,6,0.0354
43,23,ok,10,19,9,True,2366,16,13,10,0.0372
44,23,ok,8,25,17,True,2429,10,20,8,0.0393
45,23,ok,6,18,12,True,2492,8,46,6,0.0409
46,23,ok,12,29,17,True,2555,9,27,12,0.0434
496,22,ok,8,24,16,True,35309,20,75,8,7.5281
48,23,ok,6,13,7,True,2681,14,27,6,0.0334
47,23,ok,10,19,9,True,2618,10,14,10,0.045
49,23,ok,14,30,16,True,2744,12,17,14,0.0469
50,23,ok,4,11,7,True,2808,8,102,4,0.0519
51,23,ok,22,50,28,True,2872,9,16,22,0.0509
52,23,ok,6,14,8,True,2936,18,26,6,0.0561
53,23,ok,10,16,6,True,3000,19,14,10,0.0556
54,23,ok,8,12,4,True,3064,12,26,8,0.0594
55,23,ok,6,12,6,True,3128,9,49,6,0.0599
56,23,ok,12,24,12,True,3193,9,24,12,0.0653
57,23,ok,10,19,9,True,3257,21,14,10,0.0648
58,23,ok,6,11,5,True,3322,11,23,6,0.07
59,23,ok,14,27,13,True,3387,16,16,14,0.0422
60,23,ok,4,12,8,True,3454,8,95,4,0.073
61,23,ok,22,47,25,True,3517,12,15,22,0.0676
62,23,ok,6,12,6,True,3586,14,28,6,0.0774
63,23,ok,10,20,10,True,3648,15,21,10,0.078
64,23,ok,8,15,7,True,3714,13,27,8,0.0835
65,23,ok,6,15,9,True,3779,9,56,6,0.0841
66,23,ok,12,28,16,True,3845,10,27,12,0.0886
67,23,ok,10,15,5,True,3911,15,17,10,0.0892
68,23,ok,6,9,3,True,3977,22,25,6,0.0997
69,23,ok,14,31,17,True,4043,10,15,14,0.0967
70,23,ok,4,11,7,True,4109,8,111,4,0.107
71,23,ok,22,66,44,True,4176,11,16,22,0.1033
72,23,ok,6,11,5,True,4242,15,26,6,0.1121
73,23,ok,10,23,13,True,4309,14,15,10,0.1095
497,22,ok,15,35,20,True,35388,33,25,15,7.7347
74,23,ok,8,13,5,True,4378,14,25,8,0.1144
75,23,ok,6,16,10,True,4442,9,56,6,0.1154
76,23,ok,12,34,22,True,4510,13,27,12,0.1176
77,23,ok,10,23,13,True,4576,36,17,10,0.1253
78,23,ok,6,14,8,True,4643,19,28,6,0.1247
79,23,ok,14,34,20,True,4710,13,17,14,0.1285
81,23,ok,22,46,24,True,4845,11,17,22,0.1239
80,23,ok,4,9,5,True,4778,11,107,4,0.1373
82,23,ok,6,12,6,True,4913,20,28,6,0.1402
83,23,ok,10,28,18,True,4980,25,17,10,0.1306
84,23,ok,8,15,7,True,5048,15,31,8,0.1471
85,23,ok,6,16,10,True,5116,10,61,6,0.1526
86,23,ok,12,26,14,True,5184,14,30,12,0.1545
87,23,ok,10,19,9,True,5252,18,19,10,0.1579
88,23,ok,6,13,7,True,5320,21,30,6,0.1623
89,23,ok,14,24,10,True,5390,15,18,14,0.1666
90,23,ok,4,6,2,True,5456,10,107,4,0.1716
91,23,ok,22,63,41,True,5524,12,17,22,0.1763
92,23,ok,6,8,2,True,5593,23,32,6,0.1799
93,23,ok,10,20,10,True,5661,21,18,10,0.1846
94,23,ok,8,16,8,True,5730,11,30,8,0.1855
95,23,ok,6,19,13,True,5798,8,58,6,0.1959
96,23,ok,12,29,17,True,5867,10,29,12,0.2005
97,23,ok,10,21,11,True,5936,21,16,10,0.2056
98,23,ok,6,11,5,True,6006,16,28,6,0.2116
99,23,ok,14,34,20,True,6074,14,21,14,0.2167
100,23,ok,4,8,4,True,6143,10,106,4,0.2213
101,23,ok,22,50,28,True,6212,12,18,22,0.2265
102,23,ok,6,20,14,True,6281,20,31,6,0.2319
103,23,ok,10,18,8,True,6351,17,20,10,0.2341
104,23,ok,8,19,11,True,6420,15,26,8,0.2485
105,23,ok,6,14,8,True,6490,11,68,6,0.2333
106,23,ok,12,30,18,True,6559,10,32,12,0.2406
107,23,ok,10,24,14,True,6628,20,18,10,0.2657
108,23,ok,6,15,9,True,6698,25,31,6,0.2574
109,23,ok,14,31,17,True,6768,13,16,14,0.2648
110,23,ok,4,16,12,True,6838,8,111,4,0.2847
111,23,ok,22,49,27,True,6908,17,20,22,0.2736
112,23,ok,6,13,7,True,6977,28,33,6,0.2777
113,23,ok,10,27,17,True,7048,25,19,10,0.2805
114,23,ok,8,23,15,True,7118,14,31,8,0.2964
115,23,ok,6,15,9,True,7188,9,74,6,0.2937
498,22,ok,4,13,9,True,35466,19,199,4,7.845
499,22,ok,21,64,43,True,35545,19,27,21,7.7161
116,23,ok,12,27,15,True,7258,13,37,12,0.2987
117,23,ok,10,18,8,True,7328,27,18,10,0.3179
119,23,ok,14,32,18,True,7469,16,20,14,0.2796
118,23,ok,6,22,16,True,7399,13,30,6,0.3124
120,23,ok,4,10,6,True,7540,11,117,4,0.3208
121,23,ok,22,55,33,True,7612,13,19,22,0.3278
122,23,ok,6,16,10,True,7681,26,32,6,0.3513
123,23,ok,10,26,16,True,7751,16,19,10,0.3388
124,23,ok,8,17,9,True,7822,18,33,8,0.3498
125,23,ok,6,14,8,True,7893,8,68,6,0.3542
126,23,ok,12,30,18,True,7964,13,36,12,0.3593
127,23,ok,10,22,12,True,8035,23,20,10,0.3776
128,23,ok,6,14,8,True,8106,19,31,6,0.3643
129,23,ok,14,35,21,True,8177,24,20,14,0.3778
130,23,ok,4,11,7,True,8250,15,120,4,0.382
131,23,ok,22,55,33,True,8319,12,18,22,0.3853
132,23,ok,6,12,6,True,8390,15,33,6,0.4026
133,23,ok,10,27,17,True,8462,17,21,10,0.405
134,23,ok,8,17,9,True,8533,14,31,8,0.3913
135,23,ok,6,17,11,True,8604,16,67,6,0.415
136,23,ok,12,35,23,True,8676,13,32,12,0.4244
137,23,ok,10,24,14,True,8747,26,18,10,0.4556
138,23,ok,6,15,9,True,8819,18,32,6,0.3935
500,22,ok,6,15,9,True,35624,20,76,6,7.8484
139,23,ok,14,28,14,True,8890,21,18,14,0.4174
140,23,ok,4,13,9,True,8962,11,122,4,0.4451
141,23,ok,22,53,31,True,9034,16,23,22,0.4688
142,23,ok,6,18,12,True,9106,19,32,6,0.4515
143,23,ok,10,20,10,True,9178,24,23,10,0.4758
144,23,ok,8,16,8,True,9249,17,32,8,0.4769
145,23,ok,6,14,8,True,9321,14,73,6,0.4896
146,23,ok,12,35,23,True,9393,11,32,12,0.4936
147,23,ok,10,21,11,True,9465,21,19,10,0.5082
148,23,ok,6,17,11,True,9538,24,33,6,0.5167
149,23,ok,14,29,15,True,9610,19,20,14,0.5223
150,23,ok,4,12,8,True,9682,11,121,4,0.5258
151,23,ok,22,62,40,True,9754,14,21,22,0.5305
152,23,ok,6,14,8,True,9827,35,36,6,0.5386
153,23,ok,10,22,12,True,9899,21,22,10,0.5525
154,23,ok,8,19,11,True,9971,20,36,8,0.5739
155,23,ok,6,10,4,True,10044,13,76,6,0.5687
156,23,ok,12,25,13,True,10116,17,32,12,0.581
157,23,ok,10,24,14,True,10189,25,21,10,0.5851
158,23,ok,6,14,8,True,10262,17,38,6,0.594
159,23,ok,14,32,18,True,10334,17,25,14,0.5986
160,23,ok,4,11,7,True,10407,10,132,4,0.6242
161,23,ok,22,48,26,True,10480,15,21,22,0.6138
162,23,ok,6,10,4,True,10553,20,34,6,0.6235
163,23,ok,10,24,14,True,10626,22,20,10,0.6181
164,23,ok,8,20,12,True,10698,18,35,8,0.6034
165,23,ok,6,13,7,True,10771,11,67,6,0.6077
167,23,ok,10,27,17,True,10917,17,21,10,0.5585
166,23,ok,12,24,12,True,10846,14,33,12,0.6648
169,23,ok,14,33,19,True,11066,16,20,14,0.5851
168,23,ok,6,13,7,True,10991,18,39,6,0.6719
170,23,ok,4,12,8,True,11137,14,130,4,0.6725
171,23,ok,22,49,27,True,11210,16,23,22,0.6361
172,23,ok,6,9,3,True,11283,25,37,6,0.6685
173,23,ok,10,26,16,True,11357,22,20,10,0.6674
174,23,ok,8,17,9,True,11430,19,36,8,0.7318
175,23,ok,6,15,9,True,11504,16,74,6,0.7058
176,23,ok,12,33,21,True,11577,15,32,12,0.7034
177,23,ok,10,26,16,True,11651,35,20,10,0.7268
178,23,ok,6,15,9,True,11726,22,34,6,0.7587
179,23,ok,14,31,17,True,11798,18,23,14,0.7676
180,23,ok,4,11,7,True,11871,12,140,4,0.7328
181,23,ok,22,64,42,True,11946,15,21,22,0.7919
182,23,ok,6,13,7,True,12019,24,36,6,0.7225
183,23,ok,10,26,16,True,12093,21,25,10,0.6941
184,23,ok,8,24,16,True,12166,18,36,8,0.8071
186,23,ok,12,33,21,True,12314,14,38,12,0.743
185,23,ok,6,17,11,True,12240,12,74,6,0.8289
187,23,ok,10,30,20,True,12388,26,21,10,0.8394
188,23,ok,6,10,4,True,12462,22,32,6,0.8812
189,23,ok,14,28,14,True,12540,22,20,14,0.8494
190,23,ok,4,12,8,True,12610,9,150,4,0.8754
191,23,ok,22,58,36,True,12684,15,25,22,0.8821
192,23,ok,6,16,10,True,12758,13,37,6,0.9057
193,23,ok,10,24,14,True,12833,28,22,10,0.8938
194,23,ok,8,20,12,True,12907,21,35,8,0.9552
195,23,ok,6,14,8,True,12981,14,75,6,0.897
196,23,ok,12,28,16,True,13055,17,39,12,0.9064
197,23,ok,10,27,17,True,13130,24,21,10,0.9466
198,23,ok,6,20,14,True,13204,13,37,6,0.9708
199,23,ok,14,27,13,True,13279,22,24,14,0.9763
200,23,ok,4,11,7,True,13353,12,133,4,1.0217
201,23,ok,22,59,37,True,13427,18,21,22,0.98
202,23,ok,6,14,8,True,13502,30,41,6,1.0068
203,23,ok,10,27,17,True,13577,38,24,10,0.9624
204,23,ok,8,18,10,True,13651,18,37,8,1.0845
205,23,ok,6,12,6,True,13726,17,81,6,1.0492
207,23,ok,10,26,16,True,13875,24,22,10,0.8802
206,23,ok,12,29,17,True,13801,14,36,12,1.0581
208,23,ok,6,14,8,True,13950,23,34,6,1.0829
209,23,ok,14,37,23,True,14025,18,24,14,1.0085
210,23,ok,4,12,8,True,14100,11,136,4,1.1247
211,23,ok,22,60,38,True,14175,17,21,22,1.1086
212,23,ok,6,15,9,True,14249,26,37,6,1.038
213,23,ok,10,22,12,True,14324,32,23,10,1.1305
215,23,ok,6,18,12,True,14476,14,70,6,1.0294
214,23,ok,8,27,19,True,14399,15,34,8,1.1522
216,23,ok,12,37,25,True,14549,13,39,12,1.2026
218,23,ok,6,12,6,True,14700,17,36,6,1.1547
217,23,ok,10,31,21,True,14625,32,24,10,1.1805
219,23,ok,14,32,18,True,14775,21,24,14,1.2038
220,23,ok,4,10,6,True,14850,14,158,4,1.1767
221,23,ok,22,59,37,True,14925,19,23,22,1.2393
223,23,ok,10,25,15,True,15076,24,21,10,1.2269
222,23,ok,6,17,11,True,15001,23,35,6,1.2952
224,23,ok,8,19,11,True,15151,16,38,8,1.3181
225,23,ok,6,18,12,True,15227,15,75,6,1.2887
226,23,ok,12,29,17,True,15302,15,35,12,1.3428
227,23,ok,10,23,13,True,15378,29,25,10,1.2969
228,23,ok,6,15,9,True,15453,27,38,6,1.329
229,23,ok,14,38,24,True,15528,18,22,14,1.3482
230,23,ok,4,16,12,True,15604,10,137,4,1.3666
231,23,ok,22,54,32,True,15680,19,23,22,1.3878
232,23,ok,6,14,8,True,15755,34,37,6,1.4697
233,23,ok,10,25,15,True,15831,38,25,10,1.3579
235,23,ok,6,17,11,True,15982,12,80,6,1.3571
234,23,ok,8,19,11,True,15906,26,39,8,1.4044
236,23,ok,12,30,18,True,16060,15,37,12,1.2996
237,23,ok,10,31,21,True,16134,33,22,10,1.4437
238,23,ok,6,14,8,True,16209,26,43,6,1.4346
239,23,ok,14,31,17,True,16285,28,23,14,1.4585
240,23,ok,4,11,7,True,16361,14,154,4,1.4442
241,23,ok,22,53,31,True,16437,18,22,22,1.4972
242,23,ok,6,16,10,True,16513,22,37,6,1.4761
243,23,ok,10,23,13,True,16589,26,22,10,1.4924
245,23,ok,6,13,7,True,16742,19,74,6,1.5567
244,23,ok,8,26,18,True,16665,20,37,8,1.6025
248,23,ok,6,12,6,True,16969,27,35,6,1.5779
247,23,ok,10,15,5,True,16893,25,21,10,1.6003
246,23,ok,12,33,21,True,16817,17,38,12,1.688
249,23,ok,14,30,16,True,17045,22,23,14,1.5942
251,23,ok,22,57,35,True,17198,19,23,22,1.6019
250,23,ok,4,18,14,True,17122,16,139,4,1.6501
252,23,ok,6,14,8,True,17274,23,36,6,1.6183
253,23,ok,10,22,12,True,17350,30,26,10,1.6418
254,23,ok,8,20,12,True,17427,15,39,8,1.7296
255,23,ok,6,17,11,True,17503,16,80,6,1.6748
256,23,ok,12,35,23,True,17579,16,38,12,1.7071
257,23,ok,10,21,11,True,17656,28,23,10,1.7673
258,23,ok,6,13,7,True,17732,28,47,6,1.6678
259,23,ok,14,35,21,True,17809,24,25,14,1.6969
260,23,ok,4,11,7,True,17885,14,147,4,1.7653
261,23,ok,22,61,39,True,17962,16,22,22,1.8049
262,23,ok,6,12,6,True,18040,24,37,6,1.8208
263,23,ok,10,25,15,True,18115,32,29,10,1.8428
264,23,ok,8,18,10,True,18192,20,39,8,1.8354
265,23,ok,6,16,10,True,18268,14,96,6,1.8859
266,23,ok,12,35,23,True,18345,20,39,12,1.7786
267,23,ok,10,21,11,True,18422,34,23,10,1.847
268,23,ok,6,15,9,True,18498,25,36,6,1.7676
269,23,ok,14,36,22,True,18575,27,24,14,1.8598
270,23,ok,4,12,8,True,18652,14,156,4,1.8987
271,23,ok,22,52,30,True,18729,18,25,22,1.9374
272,23,ok,6,14,8,True,18805,24,45,6,1.9741
273,23,ok,10,27,17,True,18882,21,24,10,1.9688
274,23,ok,8,21,13,True,18959,16,38,8,2.0385
275,23,ok,6,11,5,True,19036,17,86,6,2.0421
276,23,ok,12,31,19,True,19113,14,40,12,2.0113
277,23,ok,10,30,20,True,19190,18,24,10,2.0981
278,23,ok,6,19,13,True,19267,31,45,6,2.1234
279,23,ok,14,31,17,True,19344,26,23,14,2.0788
280,23,ok,4,10,6,True,19421,13,152,4,2.0843
281,23,ok,22,70,48,True,19498,17,26,22,2.1756
282,23,ok,6,20,14,True,19575,23,39,6,2.1494
283,23,ok,10,27,17,True,19653,16,23,10,2.1723
284,23,ok,8,20,12,True,19730,17,41,8,2.3402
285,23,ok,6,19,13,True,19807,16,86,6,2.2287
286,23,ok,12,38,26,True,19884,19,37,12,2.2394
287,23,ok,10,25,15,True,19961,20,24,10,2.2103
288,23,ok,6,16,10,True,20039,36,38,6,2.1662
289,23,ok,14,32,18,True,20116,28,24,14,2.2783
290,23,ok,4,16,12,True,20193,11,146,4,2.4522
291,23,ok,22,65,43,True,20271,19,25,22,2.3047
292,23,ok,6,14,8,True,20350,24,39,6,2.3034
293,23,ok,10,18,8,True,20425,35,25,10,2.3558
294,23,ok,8,19,11,True,20504,27,39,8,2.3471
295,23,ok,6,14,8,True,20580,14,89,6,2.4681
296,23,ok,12,35,23,True,20658,17,36,12,2.4558
297,23,ok,10,18,8,True,20735,26,23,10,2.4195
298,23,ok,6,11,5,True,20813,21,42,6,2.4038
299,23,ok,14,31,17,True,20891,21,26,14,2.4309
300,23,ok,4,17,13,True,20968,12,158,4,2.4407
301,23,ok,22,64,42,True,21046,18,24,22,2.6124
302,23,ok,6,14,8,True,21123,23,40,6,2.451
303,23,ok,10,28,18,True,21201,34,24,10,2.5081
304,23,ok,8,21,13,True,21279,19,38,8,2.4889
305,23,ok,6,13,7,True,21356,16,88,6,2.5284
306,23,ok,12,33,21,True,21434,15,40,12,2.6254
307,23,ok,10,29,19,True,21512,26,24,10,2.5175
308,23,ok,6,14,8,True,21590,31,40,6,2.542
309,23,ok,14,38,24,True,21668,19,23,14,2.6316
310,23,ok,4,6,2,True,21745,16,145,4,2.6062
311,23,ok,22,60,38,True,21824,14,22,22,2.6784
312,23,ok,6,18,12,True,21901,23,41,6,2.8268
313,23,ok,10,28,18,True,21979,26,28,10,2.6952
314,23,ok,8,22,14,True,22057,25,41,8,2.7527
315,23,ok,6,13,7,True,22135,12,82,6,2.702
316,23,ok,12,39,27,True,22213,14,41,12,2.7445
317,23,ok,10,29,19,True,22291,24,23,10,2.6776
318,23,ok,6,18,12,True,22369,26,41,6,2.9558
319,23,ok,14,39,25,True,22447,18,27,14,2.7384
320,23,ok,4,11,7,True,22525,12,145,4,2.8521
321,23,ok,22,55,33,True,22603,15,24,22,2.8447
322,23,ok,6,17,11,True,22682,18,46,6,2.8396
323,23,ok,10,22,12,True,22760,29,23,10,2.8193
324,23,ok,8,18,10,True,22838,19,42,8,2.8513
325,23,ok,6,19,13,True,22916,14,89,6,3.1196
326,23,ok,12,32,20,True,22994,15,43,12,2.81
327,23,ok,10,26,16,True,23073,20,26,10,2.9527
328,23,ok,6,15,9,True,23151,26,46,6,2.8175
329,23,ok,14,35,21,True,23229,25,29,14,3.0608
330,23,ok,4,11,7,True,23308,17,149,4,3.0872
331,23,ok,22,56,34,True,23386,21,25,22,2.9605
332,23,ok,6,16,10,True,23464,30,40,6,3.1292
333,23,ok,10,26,16,True,23543,29,23,10,3.1428
334,23,ok,8,22,14,True,23621,22,42,8,3.142
335,23,ok,6,16,10,True,23700,17,83,6,3.2281
336,23,ok,12,29,17,True,23778,24,43,12,3.1395
337,23,ok,10,20,10,True,23857,31,26,10,3.2668
338,23,ok,6,12,6,True,23935,25,44,6,3.2364
339,23,ok,14,42,28,True,24014,19,23,14,3.3074
340,23,ok,4,6,2,True,24092,16,150,4,3.2259
341,23,ok,22,54,32,True,24171,22,24,22,3.3051
342,23,ok,6,13,7,True,24249,24,40,6,3.3801
343,23,ok,10,28,18,True,24328,26,25,10,3.4097
344,23,ok,8,19,11,True,24407,26,39,8,3.4325
345,23,ok,6,20,14,True,24485,18,85,6,3.423
346,23,ok,12,41,29,True,24564,15,43,12,3.3474
347,23,ok,10,24,14,True,24643,37,24,10,3.4843
348,23,ok,6,16,10,True,24721,35,40,6,3.5143
349,23,ok,14,32,18,True,24800,22,25,14,3.5187
350,23,ok,4,11,7,True,24879,13,155,4,3.5909
351,23,ok,22,59,37,True,24958,16,23,22,3.5768
352,23,ok,6,19,13,True,25037,27,41,6,3.5706
353,23,ok,10,22,12,True,25116,31,25,10,3.5815
354,23,ok,8,24,16,True,25194,20,44,8,3.6041
355,23,ok,6,11,5,True,25273,14,86,6,3.4979
356,23,ok,12,32,20,True,25352,16,46,12,3.6842
357,23,ok,10,24,14,True,25432,33,25,10,3.6728
358,23,ok,6,11,5,True,25510,33,41,6,3.6094
359,23,ok,14,39,25,True,25589,27,26,14,3.7194
360,23,ok,4,14,10,True,25668,16,150,4,3.672
361,23,ok,22,76,54,True,25747,21,31,22,3.9023
362,23,ok,6,12,6,True,25826,26,37,6,3.7693
363,23,ok,10,24,14,True,25905,29,25,10,3.9049
364,23,ok,8,20,12,True,25984,22,42,8,3.7085
365,23,ok,6,18,12,True,26063,14,83,6,3.9381
366,23,ok,12,36,24,True,26143,16,43,12,3.9343
367,23,ok,10,23,13,True,26224,26,29,10,3.9048
368,23,ok,6,14,8,True,26301,30,42,6,4.0148
369,23,ok,14,37,23,True,26380,26,29,14,3.912
370,23,ok,4,6,2,True,26459,20,166,4,3.9257
371,23,ok,22,61,39,True,26539,19,25,22,3.986
372,23,ok,6,17,11,True,26620,16,43,6,4.0962
373,23,ok,10,24,14,True,26697,25,25,10,4.043
374,23,ok,8,15,7,True,26776,18,43,8,4.0065
375,23,ok,6,18,12,True,26856,13,86,6,3.8392
376,23,ok,12,32,20,True,26935,18,40,12,4.1547
377,23,ok,10,28,18,True,27014,27,25,10,4.0439
378,23,ok,6,16,10,True,27094,23,40,6,4.2656
379,23,ok,14,32,18,True,27173,29,25,14,4.2705
380,23,ok,4,10,6,True,27253,13,165,4,4.3119
381,23,ok,22,72,50,True,27332,17,25,22,4.225
382,23,ok,6,15,9,True,27412,36,39,6,4.1803
383,23,ok,10,16,6,True,27491,48,25,10,4.3054
384,23,ok,8,16,8,True,27570,25,45,8,4.1701
385,23,ok,6,14,8,True,27650,18,88,6,4.2843
386,23,ok,12,29,17,True,27730,18,40,12,4.2827
387,23,ok,10,26,16,True,27809,24,23,10,4.3547
388,23,ok,6,14,8,True,27889,30,41,6,4.4424
389,23,ok,14,36,22,True,27968,21,23,14,4.4685
390,23,ok,4,11,7,True,28048,16,155,4,4.4693
391,23,ok,22,59,37,True,28127,17,26,22,4.6016
392,23,ok,6,12,6,True,28207,35,41,6,4.5232
393,23,ok,10,26,16,True,28287,30,27,10,4.6099
394,23,ok,8,20,12,True,28367,19,42,8,4.6505
395,23,ok,6,18,12,True,28446,16,88,6,4.6363
396,23,ok,12,31,19,True,28526,17,44,12,4.6481
397,23,ok,10,22,12,True,28606,31,25,10,4.6412
398,23,ok,6,17,11,True,28686,22,42,6,4.8181
399,23,ok,14,36,22,True,28765,26,24,14,4.7322
400,23,ok,4,14,10,True,28845,15,162,4,4.7784
401,23,ok,22,49,27,True,28925,20,27,22,4.8532
402,23,ok,6,16,10,True,29005,23,46,6,4.8588
403,23,ok,10,23,13,True,29085,40,28,10,4.8665
404,23,ok,8,17,9,True,29165,32,44,8,5.0324
405,23,ok,6,14,8,True,29244,16,91,6,4.8959
406,23,ok,12,25,13,True,29324,18,43,12,4.9517
407,23,ok,10,25,15,True,29404,31,29,10,5.063
408,23,ok,6,18,12,True,29484,27,44,6,4.9971
409,23,ok,14,34,20,True,29564,31,26,14,5.0555
410,23,ok,4,12,8,True,29644,18,160,4,5.0911
411,23,ok,22,69,47,True,29724,20,24,22,5.1154
412,23,ok,6,19,13,True,29804,26,44,6,5.1317
413,23,ok,10,23,13,True,29884,26,27,10,5.137
414,23,ok,8,17,9,True,29965,26,42,8,5.0809
415,23,ok,6,18,12,True,30045,13,88,6,5.1935
416,23,ok,12,36,24,True,30125,17,40,12,5.2394
417,23,ok,10,22,12,True,30206,27,26,10,5.3175
418,23,ok,6,15,9,True,30285,37,41,6,5.2964
419,23,ok,14,36,22,True,30365,24,26,14,5.345
420,23,ok,4,9,5,True,30445,15,160,4,5.2784
421,23,ok,22,61,39,True,30526,21,28,22,5.3982
422,23,ok,6,13,7,True,30606,23,40,6,5.3458
423,23,ok,10,24,14,True,30686,28,28,10,5.4773
424,23,ok,8,18,10,True,30766,30,43,8,5.4866
425,23,ok,6,15,9,True,30847,20,85,6,5.5258
426,23,ok,12,42,30,True,30927,21,42,12,5.6632
427,23,ok,10,27,17,True,31007,33,27,10,5.5268
428,23,ok,6,16,10,True,31088,37,41,6,5.5365
429,23,ok,14,42,28,True,31168,29,24,14,5.5753
430,23,ok,4,13,9,True,31248,16,157,4,5.6443
431,23,ok,22,59,37,True,31329,19,28,22,5.6225
432,23,ok,6,21,15,True,31409,37,43,6,5.5905
433,23,ok,10,28,18,True,31489,26,28,10,5.7042
434,23,ok,8,21,13,True,31570,22,41,8,5.7899
435,23,ok,6,18,12,True,31650,14,92,6,5.7903
436,23,ok,12,35,23,True,31731,17,46,12,5.778
437,23,ok,10,24,14,True,31812,29,25,10,6.1232
438,23,ok,6,16,10,True,31892,28,43,6,5.8928
439,23,ok,14,43,29,True,31972,30,28,14,5.9642
440,23,ok,4,13,9,True,32053,13,169,4,5.8966
441,23,ok,22,66,44,True,32133,18,28,22,5.788
442,23,ok,6,15,9,True,32214,27,42,6,5.8349
443,23,ok,10,27,17,True,32295,25,25,10,6.1872
444,23,ok,8,20,12,True,32375,33,49,8,6.0751
445,23,ok,6,19,13,True,32456,17,90,6,6.1422
446,23,ok,12,42,30,True,32538,22,42,12,6.2515
447,23,ok,10,34,24,True,32617,36,24,10,6.0111
448,23,ok,6,19,13,True,32698,28,41,6,6.2381
449,23,ok,14,47,33,True,32780,22,25,14,5.9624
450,23,ok,4,13,9,True,32859,15,177,4,5.7719
451,23,ok,22,57,35,True,32940,24,28,22,6.0214
452,23,ok,6,17,11,True,33022,32,42,6,6.3643
453,23,ok,10,17,7,True,33102,30,27,10,6.3024
454,23,ok,8,14,6,True,33182,16,45,8,6.4597
455,23,ok,6,20,14,True,33263,19,88,6,6.3761
456,23,ok,12,30,18,True,33344,22,42,12,6.3841
457,23,ok,10,26,16,True,33425,32,29,10,6.4894
459,23,ok,14,41,27,True,33587,28,25,14,6.585
458,23,ok,6,14,8,True,33506,48,46,6,6.5896
460,23,ok,4,15,11,True,33667,17,167,4,6.5199
461,23,ok,22,58,36,True,33748,22,25,22,6.6497
462,23,ok,6,16,10,True,33829,31,44,6,6.5809
463,23,ok,10,25,15,True,33910,37,27,10,6.7387
464,23,ok,8,20,12,True,33991,24,42,8,6.7955
465,23,ok,6,17,11,True,34072,22,99,6,6.8051
466,23,ok,12,39,27,True,34153,17,43,12,6.8856
467,23,ok,10,18,8,True,34234,31,25,10,6.966
468,23,ok,6,15,9,True,34315,30,42,6,6.9614
469,23,ok,14,43,29,True,34396,24,26,14,6.8535
471,23,ok,22,58,36,True,34562,22,30,22,6.8691
470,23,ok,4,12,8,True,34477,19,172,4,7.035
472,23,ok,6,14,8,True,34639,31,45,6,7.0691
473,23,ok,10,27,17,True,34721,24,25,10,6.8311
474,23,ok,8,24,16,True,34804,20,44,8,6.9747
475,23,ok,6,18,12,True,34883,17,97,6,7.0795
477,23,ok,10,29,19,True,35046,21,28,10,6.8711
476,23,ok,12,29,17,True,34964,20,42,12,7.0298
478,23,ok,6,13,7,True,35126,25,44,6,6.8878
479,23,ok,14,41,27,True,35207,23,26,14,6.8561
480,23,ok,4,13,9,True,35289,14,173,4,7.3516
481,23,ok,22,56,34,True,35370,18,27,22,7.1528
482,23,ok,6,14,8,True,35451,32,45,6,7.3096
483,23,ok,10,33,23,True,35532,26,25,10,7.3379
484,23,ok,8,23,15,True,35614,17,45,8,7.4341
485,23,ok,6,21,15,True,35695,17,88,6,7.4375
486,23,ok,12,33,21,True,35776,21,42,12,7.6624
487,23,ok,10,21,11,True,35860,34,26,10,7.4909
488,23,ok,6,17,11,True,35939,18,44,6,7.6642
489,23,ok,14,31,17,True,36020,34,30,14,7.7064
490,23,ok,4,10,6,True,36102,15,166,4,7.7581
491,23,ok,22,57,35,True,36183,21,27,22,7.8278
492,23,ok,6,10,4,True,36265,27,44,6,7.7977
493,23,ok,10,30,20,True,36346,24,26,10,7.7532
494,23,ok,8,20,12,True,36427,27,50,8,7.9909
495,23,ok,6,17,11,True,36509,18,94,6,7.9498
1,24,ok,23,23,0,True,52,2,3,23,0.0003
2,24,ok,3,3,0,True,88,3,8,3,0.0003
3,24,ok,7,10,3,True,129,5,5,7,0.0005
4,24,ok,4,6,2,True,173,8,10,4,0.0007
5,24,ok,7,10,3,True,218,8,6,7,0.0009
6,24,ok,3,7,4,True,266,11,12,3,0.0011
7,24,ok,5,7,2,True,315,10,7,5,0.0014
8,24,ok,3,5,2,True,368,12,10,3,0.0017
9,24,ok,7,14,7,True,416,12,8,7,0.0021
10,24,ok,7,11,4,True,468,7,13,7,0.0024
11,24,ok,3,7,4,True,522,5,55,3,0.0028
12,24,ok,12,22,10,True,575,7,15,12,0.0033
13,24,ok,5,7,2,True,630,16,10,5,0.0036
14,24,ok,4,6,2,True,685,15,16,4,0.0042
15,24,ok,7,11,4,True,741,13,8,7,0.0047
16,24,ok,4,7,3,True,797,15,14,4,0.0053
17,24,ok,5,7,2,True,854,12,10,5,0.0059
18,24,ok,3,5,2,True,911,28,15,3,0.0065
19,24,ok,5,10,5,True,969,23,10,5,0.0073
20,24,ok,4,7,3,True,1027,13,18,4,0.008
21,24,ok,13,25,12,True,1086,10,11,13,0.0088
22,24,ok,2,6,4,True,1145,4,123,2,0.0096
23,24,ok,23,56,33,True,1204,8,11,23,0.0102
24,24,ok,3,6,3,True,1265,20,15,3,0.0109
25,24,ok,7,13,6,True,1324,15,11,7,0.012
26,24,ok,4,8,4,True,1384,22,15,4,0.013
27,24,ok,7,10,3,True,1445,22,12,7,0.014
28,24,ok,3,6,3,True,1506,13,22,3,0.0152
29,24,ok,5,10,5,True,1568,19,11,5,0.0163
30,24,ok,3,6,3,True,1633,14,17,3,0.0175
31,24,ok,7,15,8,True,1691,14,14,7,0.0187
32,24,ok,7,15,8,True,1753,13,19,7,0.02
33,24,ok,3,10,7,True,1817,7,73,3,0.0215
34,24,ok,12,27,15,True,1878,11,19,12,0.0228
35,24,ok,5,11,6,True,1941,25,12,5,0.024
36,24,ok,4,8,4,True,2004,18,19,4,0.0255
37,24,ok,7,9,2,True,2068,20,12,7,0.027
38,24,ok,4,10,6,True,2131,12,20,4,0.0285
39,24,ok,5,9,4,True,2195,29,11,5,0.0295
40,24,ok,3,6,3,True,2259,16,22,3,0.0312
41,24,ok,5,9,4,True,2323,36,13,5,0.0328
42,24,ok,4,9,5,True,2388,15,23,4,0.0345
43,24,ok,13,31,18,True,2452,14,13,13,0.0356
44,24,ok,2,7,5,True,2517,5,158,2,0.0383
45,24,ok,23,55,32,True,2582,12,14,23,0.04
46,24,ok,3,6,3,True,2647,17,21,3,0.0419
47,24,ok,7,21,14,True,2714,20,15,7,0.0438
48,24,ok,4,11,7,True,2778,17,22,4,0.0457
49,24,ok,7,16,9,True,2844,30,13,7,0.0473
50,24,ok,3,7,4,True,2910,16,25,3,0.0313
51,24,ok,5,10,5,True,2976,27,13,5,0.0337
52,24,ok,3,5,2,True,3042,22,20,3,0.0359
53,24,ok,7,18,11,True,3108,19,14,7,0.0449
54,24,ok,7,16,9,True,3174,13,23,7,0.0573
55,24,ok,3,10,7,True,3243,8,96,3,0.0601
496,23,ok,12,35,23,True,36590,20,44,12,7.8131
56,24,ok,12,27,15,True,3308,10,21,12,0.0601
57,24,ok,5,11,6,True,3375,16,16,5,0.0636
58,24,ok,4,10,6,True,3442,20,26,4,0.0687
59,24,ok,7,13,6,True,3509,18,17,7,0.0707
60,24,ok,4,6,2,True,3576,21,22,4,0.0736
61,24,ok,5,10,5,True,3644,32,17,5,0.0771
62,24,ok,3,8,5,True,3711,20,23,3,0.0789
63,24,ok,5,10,5,True,3779,30,15,5,0.0817
64,24,ok,4,9,5,True,3847,18,22,4,0.0843
65,24,ok,13,30,17,True,3915,16,14,13,0.0698
66,24,ok,2,4,2,True,3983,8,175,2,0.0911
67,24,ok,23,56,33,True,4051,12,16,23,0.0748
68,24,ok,3,7,4,True,4120,21,23,3,0.0948
69,24,ok,7,14,7,True,4188,28,15,7,0.0886
70,24,ok,4,10,6,True,4257,16,24,4,0.1013
71,24,ok,7,10,3,True,4325,32,15,7,0.0962
72,24,ok,3,7,4,True,4394,42,24,3,0.1078
73,24,ok,5,10,5,True,4463,31,17,5,0.1088
74,24,ok,3,7,4,True,4532,33,27,3,0.1143
75,24,ok,7,17,10,True,4601,26,16,7,0.1174
76,24,ok,7,19,12,True,4671,20,27,7,0.1215
77,24,ok,3,11,8,True,4740,11,93,3,0.1244
79,24,ok,5,11,6,True,4879,37,15,5,0.0882
78,24,ok,12,30,18,True,4809,14,26,12,0.1277
80,24,ok,4,8,4,True,4949,28,26,4,0.1364
81,24,ok,7,15,8,True,5018,19,17,7,0.1415
82,24,ok,4,7,3,True,5088,23,24,4,0.1437
83,24,ok,5,10,5,True,5158,27,18,5,0.1486
84,24,ok,3,9,6,True,5228,34,27,3,0.1452
85,24,ok,5,11,6,True,5299,29,15,5,0.1517
86,24,ok,4,7,3,True,5369,26,29,4,0.159
87,24,ok,13,30,17,True,5439,19,16,13,0.1594
88,24,ok,2,6,4,True,5510,12,188,2,0.1679
89,24,ok,23,57,34,True,5580,15,14,23,0.168
90,24,ok,3,5,2,True,5651,23,26,3,0.1592
91,24,ok,7,16,9,True,5721,21,16,7,0.1734
92,24,ok,4,8,4,True,5792,22,26,4,0.1834
497,23,ok,10,26,16,True,36672,28,29,10,8.0308
93,24,ok,7,12,5,True,5865,26,16,7,0.1899
94,24,ok,3,6,3,True,5934,33,26,3,0.192
95,24,ok,5,10,5,True,6005,25,15,5,0.1991
96,24,ok,3,7,4,True,6076,20,25,3,0.2037
97,24,ok,7,12,5,True,6148,27,19,7,0.2029
98,24,ok,7,14,7,True,6219,23,26,7,0.2107
99,24,ok,3,7,4,True,6290,12,114,3,0.2156
100,24,ok,12,29,17,True,6362,11,30,12,0.1698
101,24,ok,5,12,7,True,6433,34,15,5,0.222
102,24,ok,4,10,6,True,6509,32,29,4,0.2284
103,24,ok,7,19,12,True,6578,30,19,7,0.2329
104,24,ok,4,12,8,True,6648,20,31,4,0.2014
105,24,ok,5,13,8,True,6720,27,16,5,0.1994
106,24,ok,3,4,1,True,6792,28,28,3,0.2416
108,24,ok,4,11,7,True,6936,25,28,4,0.198
107,24,ok,5,10,5,True,6864,30,18,5,0.2152
109,24,ok,13,29,16,True,7009,18,18,13,0.2579
110,24,ok,2,6,4,True,7081,12,206,2,0.264
111,24,ok,23,53,30,True,7153,14,18,23,0.2657
498,23,ok,6,16,10,True,36753,26,45,6,8.1088
112,24,ok,3,6,3,True,7226,33,29,3,0.2735
113,24,ok,7,15,8,True,7298,34,18,7,0.2827
114,24,ok,4,8,4,True,7371,28,27,4,0.2829
115,24,ok,7,14,7,True,7443,29,18,7,0.2996
116,24,ok,3,7,4,True,7516,36,29,3,0.2985
117,24,ok,5,12,7,True,7590,47,17,5,0.3056
118,24,ok,3,10,7,True,7661,54,34,3,0.3063
119,24,ok,7,15,8,True,7734,22,18,7,0.3199
120,24,ok,7,18,11,True,7807,15,25,7,0.3173
121,24,ok,3,12,9,True,7880,8,113,3,0.3276
122,24,ok,12,27,15,True,7953,16,31,12,0.3286
123,24,ok,5,11,6,True,8027,41,16,5,0.3474
124,24,ok,4,10,6,True,8100,19,28,4,0.3443
126,24,ok,4,9,5,True,8246,20,28,4,0.3273
125,24,ok,7,12,5,True,8173,33,18,7,0.3542
499,23,ok,14,32,18,True,36835,26,25,14,8.0589
127,24,ok,5,13,8,True,8320,23,18,5,0.3748
128,24,ok,3,11,8,True,8395,29,31,3,0.3685
129,24,ok,5,13,8,True,8467,26,17,5,0.3627
130,24,ok,4,10,6,True,8540,25,29,4,0.3814
131,24,ok,13,27,14,True,8614,20,18,13,0.3856
132,24,ok,2,5,3,True,8688,17,234,2,0.4069
133,24,ok,23,63,40,True,8761,18,16,23,0.4036
134,24,ok,3,6,3,True,8835,34,29,3,0.387
135,24,ok,7,12,5,True,8909,42,18,7,0.3757
136,24,ok,4,13,9,True,8983,22,29,4,0.419
137,24,ok,7,16,9,True,9057,29,15,7,0.3866
139,24,ok,5,11,6,True,9205,44,20,5,0.385
138,24,ok,3,6,3,True,9131,33,29,3,0.4344
140,24,ok,3,6,3,True,9280,19,27,3,0.4416
141,24,ok,7,10,3,True,9354,35,18,7,0.4399
142,24,ok,7,12,5,True,9428,19,28,7,0.4663
143,24,ok,3,6,3,True,9503,13,113,3,0.4564
144,24,ok,12,39,27,True,9577,15,28,12,0.4814
145,24,ok,5,13,8,True,9651,27,18,5,0.4987
146,24,ok,4,9,5,True,9729,43,28,4,0.4921
147,24,ok,7,17,10,True,9801,30,25,7,0.5082
500,23,ok,4,11,7,True,36916,15,168,4,8.0164
148,24,ok,4,14,10,True,9875,32,29,4,0.507
149,24,ok,5,12,7,True,9950,50,18,5,0.5023
150,24,ok,3,7,4,True,10025,26,28,3,0.5408
151,24,ok,5,11,6,True,10099,22,18,5,0.53
152,24,ok,4,11,7,True,10174,40,33,4,0.5458
153,24,ok,13,31,18,True,10249,26,19,13,0.4669
154,24,ok,2,5,3,True,10324,9,221,2,0.5437
155,24,ok,23,60,37,True,10399,17,19,23,0.5273
156,24,ok,3,7,4,True,10474,31,30,3,0.5741
157,24,ok,7,20,13,True,10549,26,18,7,0.5769
158,24,ok,4,9,5,True,10626,27,28,4,0.5881
159,24,ok,7,15,8,True,10700,34,19,7,0.6034
160,24,ok,3,11,8,True,10775,38,30,3,0.5799
161,24,ok,5,11,6,True,10850,35,20,5,0.6085
162,24,ok,3,8,5,True,10926,30,28,3,0.6209
163,24,ok,7,13,6,True,11001,30,21,7,0.6336
164,24,ok,7,11,4,True,11076,24,30,7,0.6381
165,24,ok,3,6,3,True,11152,18,115,3,0.6387
166,24,ok,12,37,25,True,11228,14,31,12,0.6448
167,24,ok,5,10,5,True,11303,52,20,5,0.67
168,24,ok,4,14,10,True,11379,20,30,4,0.6395
169,24,ok,7,19,12,True,11454,44,20,7,0.667
170,24,ok,4,13,9,True,11530,24,31,4,0.6862
171,24,ok,5,11,6,True,11606,44,17,5,0.6629
172,24,ok,3,4,1,True,11684,34,32,3,0.6439
173,24,ok,5,9,4,True,11758,64,16,5,0.6526
174,24,ok,4,11,7,True,11834,28,31,4,0.7185
175,24,ok,13,26,13,True,11910,21,20,13,0.7291
178,24,ok,3,8,5,True,12138,38,30,3,0.6513
176,24,ok,2,9,7,True,11986,17,254,2,0.7611
177,24,ok,23,56,33,True,12062,19,19,23,0.7579
179,24,ok,7,19,12,True,12214,49,19,7,0.7433
180,24,ok,4,12,8,True,12290,33,31,4,0.7852
181,24,ok,7,22,15,True,12367,29,18,7,0.7971
182,24,ok,3,8,5,True,12443,26,33,3,0.8059
183,24,ok,5,12,7,True,12519,38,19,5,0.8338
184,24,ok,3,13,10,True,12596,24,29,3,0.8307
185,24,ok,7,20,13,True,12673,23,18,7,0.8359
186,24,ok,7,15,8,True,12748,24,31,7,0.8452
187,24,ok,3,11,8,True,12825,12,128,3,0.8572
188,24,ok,12,31,19,True,12903,19,29,12,0.8657
189,24,ok,5,11,6,True,12978,50,21,5,0.8733
190,24,ok,4,11,7,True,13055,36,33,4,0.8809
191,24,ok,7,24,17,True,13133,30,19,7,0.8825
192,24,ok,4,11,7,True,13208,33,33,4,0.91
193,24,ok,5,11,6,True,13285,37,23,5,0.927
195,24,ok,5,14,9,True,13439,42,23,5,0.8397
194,24,ok,3,8,5,True,13362,31,32,3,0.9332
196,24,ok,4,7,3,True,13515,23,35,4,0.8714
197,24,ok,13,34,21,True,13592,22,23,13,0.9517
198,24,ok,2,10,8,True,13669,10,244,2,0.9944
199,24,ok,23,65,42,True,13746,19,21,23,0.9981
200,24,ok,3,8,5,True,13823,45,31,3,1.0165
201,24,ok,7,17,10,True,13900,43,26,7,0.9678
202,24,ok,4,9,5,True,13978,42,30,4,0.99
203,24,ok,7,17,10,True,14055,33,21,7,0.9995
204,24,ok,3,9,6,True,14132,23,35,3,1.0258
205,24,ok,5,13,8,True,14209,53,21,5,1.042
207,24,ok,7,18,11,True,14364,36,21,7,1.0332
206,24,ok,3,9,6,True,14287,51,32,3,1.0638
208,24,ok,7,14,7,True,14444,20,35,7,1.0189
209,24,ok,3,13,10,True,14519,15,134,3,1.0418
210,24,ok,12,29,17,True,14596,21,34,12,1.0817
211,24,ok,5,13,8,True,14674,44,18,5,1.1027
212,24,ok,4,10,6,True,14751,23,33,4,1.1354
213,24,ok,7,15,8,True,14829,37,20,7,1.1315
214,24,ok,4,10,6,True,14906,22,34,4,1.1161
215,24,ok,5,14,9,True,14984,41,21,5,1.1223
216,24,ok,3,10,7,True,15061,28,34,3,1.1855
217,24,ok,5,10,5,True,15139,37,21,5,1.1896
218,24,ok,4,10,6,True,15217,36,38,4,1.1976
219,24,ok,13,36,23,True,15295,25,21,13,1.2126
220,24,ok,2,6,4,True,15372,19,247,2,1.2205
221,24,ok,23,54,31,True,15450,21,24,23,1.1832
222,24,ok,3,9,6,True,15528,37,32,3,1.2493
223,24,ok,7,15,8,True,15606,44,21,7,1.2764
224,24,ok,4,8,4,True,15684,28,35,4,1.2783
226,24,ok,3,6,3,True,15840,36,35,3,1.2517
225,24,ok,7,17,10,True,15762,24,21,7,1.3183
227,24,ok,5,12,7,True,15918,36,21,5,1.3319
228,24,ok,3,7,4,True,15996,36,36,3,1.3173
229,24,ok,7,16,9,True,16074,23,22,7,1.3109
230,24,ok,7,17,10,True,16153,20,33,7,1.2737
232,24,ok,12,41,29,True,16309,14,33,12,1.2299
231,24,ok,3,10,7,True,16231,14,140,3,1.3861
233,24,ok,5,12,7,True,16387,30,20,5,1.396
234,24,ok,4,12,8,True,16466,25,40,4,1.3477
235,24,ok,7,17,10,True,16544,34,20,7,1.4096
236,24,ok,4,10,6,True,16622,26,33,4,1.4085
237,24,ok,5,16,11,True,16701,41,21,5,1.4031
238,24,ok,3,11,8,True,16779,29,34,3,1.4998
239,24,ok,5,11,6,True,16858,52,21,5,1.4887
240,24,ok,4,9,5,True,16936,23,36,4,1.4872
241,24,ok,13,35,22,True,17015,24,20,13,1.455
242,24,ok,2,7,5,True,17093,16,256,2,1.4988
243,24,ok,23,62,39,True,17172,19,20,23,1.4928
244,24,ok,3,8,5,True,17250,32,33,3,1.5448
245,24,ok,7,14,7,True,17329,44,22,7,1.5008
246,24,ok,4,8,4,True,17408,29,36,4,1.5591
247,24,ok,7,15,8,True,17487,29,25,7,1.5785
248,24,ok,3,10,7,True,17565,49,37,3,1.5612
249,24,ok,5,11,6,True,17644,58,19,5,1.6267
250,24,ok,3,9,6,True,17723,45,31,3,1.6123
251,24,ok,7,12,5,True,17802,29,21,7,1.5787
252,24,ok,7,15,8,True,17881,26,35,7,1.6554
253,24,ok,3,9,6,True,17960,14,135,3,1.6696
254,24,ok,12,37,25,True,18039,17,33,12,1.6767
255,24,ok,5,10,5,True,18118,42,21,5,1.7573
256,24,ok,4,9,5,True,18197,36,36,4,1.7251
257,24,ok,7,20,13,True,18276,32,20,7,1.7241
258,24,ok,4,13,9,True,18355,39,39,4,1.7777
259,24,ok,5,13,8,True,18434,53,21,5,1.7899
260,24,ok,3,9,6,True,18513,31,36,3,1.6408
261,24,ok,5,11,6,True,18592,28,20,5,1.7204
262,24,ok,4,9,5,True,18671,31,34,4,1.872
263,24,ok,13,26,13,True,18751,22,21,13,1.8778
264,24,ok,2,7,5,True,18830,16,260,2,1.7808
265,24,ok,23,62,39,True,18909,31,20,23,1.8561
266,24,ok,3,6,3,True,18989,51,36,3,1.8519
267,24,ok,7,13,6,True,19068,32,21,7,1.9158
268,24,ok,4,11,7,True,19147,25,35,4,1.8732
269,24,ok,7,12,5,True,19228,39,25,7,1.9449
270,24,ok,3,5,2,True,19306,45,36,3,1.9438
271,24,ok,5,11,6,True,19386,39,21,5,1.8129
272,24,ok,3,10,7,True,19465,34,33,3,1.9799
273,24,ok,7,21,14,True,19545,31,20,7,1.8864
274,24,ok,7,14,7,True,19624,18,36,7,1.8747
275,24,ok,3,11,8,True,19704,15,144,3,2.0035
276,24,ok,12,43,31,True,19783,15,33,12,2.0092
277,24,ok,5,13,8,True,19863,30,21,5,2.0547
278,24,ok,4,12,8,True,19943,40,32,4,2.0284
279,24,ok,7,14,7,True,20022,39,21,7,2.0648
280,24,ok,4,16,12,True,20102,32,40,4,1.8916
281,24,ok,5,12,7,True,20182,46,23,5,2.0229
282,24,ok,3,8,5,True,20263,52,37,3,2.1447
283,24,ok,5,16,11,True,20342,39,22,5,2.1311
284,24,ok,4,11,7,True,20424,29,34,4,2.1647
285,24,ok,13,32,19,True,20501,29,20,13,2.1271
286,24,ok,2,6,4,True,20585,16,256,2,2.1752
287,24,ok,23,68,45,True,20661,20,20,23,2.0918
288,24,ok,3,7,4,True,20741,35,36,3,2.2729
289,24,ok,7,15,8,True,20821,40,20,7,2.2804
290,24,ok,4,10,6,True,20901,24,35,4,2.1573
291,24,ok,7,17,10,True,20981,26,24,7,2.1768
292,24,ok,3,6,3,True,21061,41,36,3,2.1805
293,24,ok,5,15,10,True,21141,50,21,5,2.1937
294,24,ok,3,9,6,True,21221,25,37,3,2.3739
295,24,ok,7,18,11,True,21302,34,21,7,2.1312
296,24,ok,7,18,11,True,21382,28,36,7,2.3813
297,24,ok,3,7,4,True,21462,20,148,3,2.1826
298,24,ok,12,39,27,True,21542,20,34,12,2.4212
299,24,ok,5,10,5,True,21622,30,21,5,2.4801
301,24,ok,7,19,12,True,21783,42,22,7,2.3966
300,24,ok,4,13,9,True,21703,47,33,4,2.4805
302,24,ok,4,11,7,True,21863,27,38,4,2.4517
303,24,ok,5,11,6,True,21944,39,23,5,2.5145
304,24,ok,3,11,8,True,22024,41,34,3,2.5087
305,24,ok,5,11,6,True,22105,78,24,5,2.573
306,24,ok,4,10,6,True,22185,33,37,4,2.5659
307,24,ok,13,26,13,True,22265,24,21,13,2.679
308,24,ok,2,5,3,True,22346,17,280,2,2.6476
309,24,ok,23,54,31,True,22426,17,21,23,2.6826
310,24,ok,3,10,7,True,22507,38,40,3,2.6796
311,24,ok,7,20,13,True,22588,39,25,7,2.5897
312,24,ok,4,8,4,True,22668,41,38,4,2.598
313,24,ok,7,18,11,True,22749,38,21,7,2.7847
314,24,ok,3,8,5,True,22829,47,37,3,2.7165
315,24,ok,5,11,6,True,22910,47,23,5,2.7618
316,24,ok,3,11,8,True,22991,50,37,3,2.822
317,24,ok,7,20,13,True,23072,28,21,7,2.7203
318,24,ok,7,21,14,True,23152,23,33,7,2.8144
319,24,ok,3,8,5,True,23233,16,149,3,2.8998
320,24,ok,12,29,17,True,23314,17,38,12,2.8045
321,24,ok,5,10,5,True,23395,32,26,5,2.8263
322,24,ok,4,14,10,True,23475,25,37,4,2.8905
323,24,ok,7,18,11,True,23556,30,21,7,2.9264
324,24,ok,4,11,7,True,23637,36,39,4,2.9361
325,24,ok,5,11,6,True,23718,42,22,5,3.0653
326,24,ok,3,12,9,True,23799,23,35,3,2.999
327,24,ok,5,11,6,True,23880,52,21,5,3.0001
328,24,ok,4,9,5,True,23961,38,33,4,3.0594
329,24,ok,13,31,18,True,24042,29,20,13,3.1089
330,24,ok,2,9,7,True,24123,17,285,2,3.0477
331,24,ok,23,63,40,True,24204,23,22,23,3.1727
332,24,ok,3,12,9,True,24285,55,35,3,3.1018
333,24,ok,7,19,12,True,24366,36,22,7,3.1449
334,24,ok,4,12,8,True,24448,25,35,4,3.1382
335,24,ok,7,18,11,True,24529,39,22,7,3.1423
336,24,ok,3,8,5,True,24610,25,34,3,3.1661
337,24,ok,5,14,9,True,24691,42,21,5,3.3208
338,24,ok,3,7,4,True,24772,59,39,3,3.2424
339,24,ok,7,17,10,True,24854,27,22,7,3.2587
340,24,ok,7,18,11,True,24935,27,36,7,3.2933
341,24,ok,3,12,9,True,25016,14,155,3,3.3463
342,24,ok,12,27,15,True,25098,23,36,12,3.3718
344,24,ok,4,9,5,True,25260,30,35,4,3.2424
343,24,ok,5,15,10,True,25179,27,24,5,3.3995
345,24,ok,7,17,10,True,25342,29,24,7,3.3063
346,24,ok,4,9,5,True,25423,40,35,4,3.4697
347,24,ok,5,15,10,True,25504,33,23,5,3.3594
348,24,ok,3,4,1,True,25586,63,35,3,3.4447
349,24,ok,5,10,5,True,25668,54,21,5,3.4196
350,24,ok,4,9,5,True,25749,26,37,4,3.5259
351,24,ok,13,36,23,True,25830,28,24,13,3.5362
352,24,ok,2,7,5,True,25912,19,272,2,3.5489
353,24,ok,23,59,36,True,25994,24,27,23,3.5215
354,24,ok,3,10,7,True,26075,34,38,3,3.4453
355,24,ok,7,19,12,True,26157,39,21,7,3.5245
356,24,ok,4,10,6,True,26238,60,36,4,3.6575
357,24,ok,7,22,15,True,26320,34,23,7,3.6082
358,24,ok,3,9,6,True,26404,44,37,3,3.6199
359,24,ok,5,16,11,True,26484,52,24,5,3.8363
360,24,ok,3,10,7,True,26565,29,35,3,3.7889
361,24,ok,7,23,16,True,26647,59,24,7,3.7529
362,24,ok,7,17,10,True,26729,20,36,7,3.8054
363,24,ok,3,10,7,True,26811,18,166,3,3.881
364,24,ok,12,42,30,True,26892,23,34,12,3.888
365,24,ok,5,15,10,True,26974,40,26,5,3.8579
366,24,ok,4,15,11,True,27056,32,35,4,3.9681
367,24,ok,7,16,9,True,27140,41,27,7,3.8189
368,24,ok,4,13,9,True,27220,38,38,4,4.0113
369,24,ok,5,12,7,True,27302,40,24,5,3.8409
370,24,ok,3,8,5,True,27384,37,38,3,4.0504
371,24,ok,5,11,6,True,27466,56,21,5,4.0864
372,24,ok,4,11,7,True,27548,29,39,4,4.1228
373,24,ok,13,35,22,True,27630,23,25,13,4.0553
374,24,ok,2,7,5,True,27712,14,276,2,4.1624
375,24,ok,23,72,49,True,27794,24,21,23,4.1758
376,24,ok,3,8,5,True,27876,48,37,3,4.1222
377,24,ok,7,18,11,True,27958,33,23,7,4.1618
378,24,ok,4,9,5,True,28040,41,36,4,4.2696
379,24,ok,7,12,5,True,28122,44,20,7,4.2476
380,24,ok,3,6,3,True,28204,39,40,3,4.3068
381,24,ok,5,10,5,True,28290,63,24,5,4.3295
382,24,ok,3,11,8,True,28369,43,39,3,4.3696
383,24,ok,7,18,11,True,28451,47,22,7,4.292
384,24,ok,7,16,9,True,28533,23,36,7,4.2512
385,24,ok,3,8,5,True,28616,18,156,3,4.4225
386,24,ok,12,42,30,True,28698,22,43,12,4.3091
387,24,ok,5,14,9,True,28780,43,22,5,4.4236
388,24,ok,4,10,6,True,28863,35,43,4,4.3787
389,24,ok,7,14,7,True,28945,37,22,7,4.4794
390,24,ok,4,10,6,True,29027,55,37,4,4.5201
391,24,ok,5,12,7,True,29110,58,27,5,4.5676
392,24,ok,3,8,5,True,29192,40,36,3,4.647
393,24,ok,5,15,10,True,29274,56,27,5,4.6302
394,24,ok,4,12,8,True,29357,23,36,4,4.6477
395,24,ok,13,30,17,True,29439,26,22,13,4.6288
396,24,ok,2,9,7,True,29522,10,291,2,4.7117
397,24,ok,23,68,45,True,29604,26,23,23,4.7649
398,24,ok,3,7,4,True,29687,41,36,3,4.6564
399,24,ok,7,17,10,True,29769,40,23,7,4.557
400,24,ok,4,9,5,True,29854,51,36,4,4.8505
401,24,ok,7,14,7,True,29935,28,24,7,4.7396
402,24,ok,3,10,7,True,30017,41,34,3,4.8994
403,24,ok,5,12,7,True,30100,37,24,5,4.8804
405,24,ok,7,20,13,True,30265,44,25,7,4.8997
404,24,ok,3,7,4,True,30183,40,35,3,5.0197
406,24,ok,7,17,10,True,30348,26,37,7,4.9664
407,24,ok,3,12,9,True,30431,15,163,3,5.0931
408,24,ok,12,31,19,True,30513,20,36,12,4.8826
409,24,ok,5,14,9,True,30596,52,23,5,5.0161
410,24,ok,4,9,5,True,30682,46,38,4,5.117
411,24,ok,7,13,6,True,30762,43,23,7,5.1719
412,24,ok,4,8,4,True,30844,41,39,4,5.0906
413,24,ok,5,16,11,True,30927,33,22,5,5.2518
414,24,ok,3,7,4,True,31010,40,44,3,5.2387
415,24,ok,5,12,7,True,31093,46,24,5,5.3006
417,24,ok,13,32,19,True,31259,30,24,13,5.1701
416,24,ok,4,7,3,True,31176,28,38,4,5.2697
418,24,ok,2,7,5,True,31342,17,310,2,5.232
419,24,ok,23,69,46,True,31425,22,23,23,5.4121
420,24,ok,3,8,5,True,31510,39,35,3,5.184
421,24,ok,7,16,9,True,31591,40,24,7,5.4728
422,24,ok,4,13,9,True,31674,42,37,4,5.4688
423,24,ok,7,15,8,True,31757,46,22,7,5.4703
424,24,ok,3,6,3,True,31840,40,38,3,5.2929
425,24,ok,5,8,3,True,31923,60,24,5,5.5337
426,24,ok,3,13,10,True,32006,36,41,3,5.3382
427,24,ok,7,19,12,True,32089,40,22,7,5.5537
428,24,ok,7,22,15,True,32172,30,38,7,5.6575
429,24,ok,3,7,4,True,32255,17,155,3,5.6766
430,24,ok,12,34,22,True,32338,24,38,12,5.7189
431,24,ok,5,14,9,True,32421,56,23,5,5.7398
432,24,ok,4,8,4,True,32504,35,42,4,5.7289
433,24,ok,7,17,10,True,32588,34,25,7,5.7657
434,24,ok,4,11,7,True,32671,37,41,4,5.9225
435,24,ok,5,11,6,True,32754,41,25,5,5.989
436,24,ok,3,6,3,True,32837,47,42,3,5.9667
437,24,ok,5,14,9,True,32921,48,24,5,5.9439
438,24,ok,4,10,6,True,33005,27,37,4,5.9782
439,24,ok,13,31,18,True,33087,27,25,13,5.8255
440,24,ok,2,6,4,True,33171,20,299,2,6.0494
441,24,ok,23,77,54,True,33254,27,25,23,6.11
442,24,ok,3,7,4,True,33337,41,37,3,6.1881
443,24,ok,7,15,8,True,33421,40,22,7,6.1431
444,24,ok,4,12,8,True,33504,39,40,4,6.1592
445,24,ok,7,21,14,True,33587,41,21,7,6.2024
446,24,ok,3,9,6,True,33672,51,38,3,6.2479
447,24,ok,5,17,12,True,33754,71,24,5,6.3784
448,24,ok,3,7,4,True,33838,62,40,3,6.4438
449,24,ok,7,20,13,True,33921,47,22,7,6.322
450,24,ok,7,17,10,True,34005,29,37,7,6.3685
451,24,ok,3,10,7,True,34088,17,159,3,6.389
452,24,ok,12,30,18,True,34172,21,44,12,6.5222
453,24,ok,5,8,3,True,34255,66,24,5,6.5453
454,24,ok,4,15,11,True,34339,26,41,4,6.443
455,24,ok,7,13,6,True,34423,48,25,7,6.4714
456,24,ok,4,8,4,True,34506,32,40,4,6.7334
457,24,ok,5,11,6,True,34590,57,23,5,6.5953
458,24,ok,3,7,4,True,34673,50,38,3,6.6081
459,24,ok,5,13,8,True,34757,44,24,5,6.7257
460,24,ok,4,9,5,True,34841,40,39,4,6.5952
461,24,ok,13,34,21,True,34924,26,22,13,6.6596
462,24,ok,2,5,3,True,35008,26,308,2,6.6133
463,24,ok,23,81,58,True,35092,21,22,23,6.6897
464,24,ok,3,8,5,True,35176,53,37,3,6.7097
465,24,ok,7,17,10,True,35259,35,23,7,6.9176
466,24,ok,4,12,8,True,35343,36,37,4,6.9544
467,24,ok,7,21,14,True,35427,35,30,7,7.0418
468,24,ok,3,5,2,True,35512,53,40,3,6.93
469,24,ok,5,11,6,True,35595,133,23,5,6.9258
470,24,ok,3,5,2,True,35679,61,40,3,7.1994
471,24,ok,7,21,14,True,35762,32,25,7,7.0371
472,24,ok,7,18,11,True,35846,25,37,7,7.0055
473,24,ok,3,10,7,True,35930,17,157,3,7.0977
474,24,ok,12,32,20,True,36014,20,41,12,6.9873
475,24,ok,5,11,6,True,36098,51,25,5,7.2102
476,24,ok,4,13,9,True,36182,40,39,4,7.1102
477,24,ok,7,16,9,True,36266,27,24,7,7.2199
478,24,ok,4,15,11,True,36350,29,37,4,7.369
479,24,ok,5,13,8,True,36434,54,25,5,7.3165
480,24,ok,3,11,8,True,36518,45,37,3,7.2758
481,24,ok,5,18,13,True,36602,55,24,5,7.2307
482,24,ok,4,11,7,True,36686,27,41,4,7.2952
483,24,ok,13,34,21,True,36770,29,25,13,7.189
484,24,ok,2,8,6,True,36854,15,300,2,6.6925
485,24,ok,23,69,46,True,36938,25,22,23,6.136
486,24,ok,3,9,6,True,37022,50,39,3,5.7359
487,24,ok,7,15,8,True,37106,33,23,7,5.3291
488,24,ok,4,11,7,True,37191,37,39,4,4.5956
489,24,ok,7,16,9,True,37275,45,24,7,4.5251
490,24,ok,3,10,7,True,37359,31,42,3,4.5727
491,24,ok,5,11,6,True,37444,62,24,5,4.6006
492,24,ok,3,10,7,True,37527,36,40,3,4.6394
493,24,ok,7,25,18,True,37612,51,25,7,4.7109
494,24,ok,7,22,15,True,37696,26,39,7,4.752
495,24,ok,3,7,4,True,37780,17,165,3,4.7585
1,25,ok,24,24,0,True,54,2,3,24,0.0002
2,25,ok,4,5,1,True,96,3,25,4,0.0002
3,25,ok,15,27,12,True,134,3,11,15,0.0003
4,25,ok,4,6,2,True,179,4,25,4,0.0004
5,25,ok,15,27,12,True,227,4,16,15,0.0005
6,25,ok,4,7,3,True,276,4,34,4,0.0006
7,25,ok,15,30,15,True,327,4,18,15,0.0008
8,25,ok,4,9,5,True,379,4,32,4,0.001
9,25,ok,15,26,11,True,432,5,19,15,0.0012
10,25,ok,4,12,8,True,486,4,37,4,0.0014
11,25,ok,15,34,19,True,541,5,19,15,0.0016
12,25,ok,4,8,4,True,596,5,34,4,0.0018
13,25,ok,15,31,16,True,653,8,18,15,0.0021
14,25,ok,4,8,4,True,710,7,42,4,0.0024
15,25,ok,15,39,24,True,768,6,22,15,0.0028
16,25,ok,4,11,7,True,826,4,38,4,0.003
17,25,ok,15,33,18,True,884,8,26,15,0.0034
18,25,ok,4,11,7,True,944,7,36,4,0.0037
19,25,ok,15,38,23,True,1004,11,28,15,0.0042
20,25,ok,4,14,10,True,1064,7,43,4,0.0046
21,25,ok,15,39,24,True,1124,8,28,15,0.0051
22,25,ok,4,12,8,True,1185,6,54,4,0.0055
23,25,ok,15,37,22,True,1248,7,29,15,0.0061
24,25,ok,4,9,5,True,1309,7,45,4,0.0066
25,25,ok,15,34,19,True,1371,9,29,15,0.0071
26,25,ok,4,11,7,True,1433,7,46,4,0.0073
27,25,ok,15,31,16,True,1496,9,25,15,0.0079
28,25,ok,4,12,8,True,1559,6,50,4,0.0085
29,25,ok,15,35,20,True,1623,10,32,15,0.0092
30,25,ok,4,13,9,True,1686,10,49,4,0.0098
31,25,ok,15,27,12,True,1750,13,29,15,0.0106
32,25,ok,4,9,5,True,1815,8,56,4,0.0117
33,25,ok,15,32,17,True,1879,9,29,15,0.0123
34,25,ok,4,9,5,True,1944,8,55,4,0.0131
35,25,ok,15,36,21,True,2009,8,28,15,0.0139
36,25,ok,4,9,5,True,2074,9,54,4,0.0146
37,25,ok,15,28,13,True,2140,10,26,15,0.0155
38,25,ok,4,10,6,True,2208,11,56,4,0.0163
39,25,ok,15,39,24,True,2272,10,29,15,0.0171
40,25,ok,4,8,4,True,2338,8,63,4,0.0177
41,25,ok,15,29,14,True,2404,10,30,15,0.0188
42,25,ok,4,8,4,True,2472,8,64,4,0.0226
43,25,ok,15,39,24,True,2538,11,31,15,0.0207
44,25,ok,4,9,5,True,2605,9,54,4,0.0221
45,25,ok,15,35,20,True,2672,13,32,15,0.0222
46,25,ok,4,10,6,True,2739,7,59,4,0.0234
47,25,ok,15,42,27,True,2808,10,33,15,0.0245
48,25,ok,4,14,10,True,2875,11,60,4,0.0255
49,25,ok,15,43,28,True,2942,9,34,15,0.0268
50,25,ok,4,14,10,True,3011,11,58,4,0.0324
51,25,ok,15,41,26,True,3079,14,33,15,0.029
52,25,ok,4,10,6,True,3147,12,56,4,0.0298
53,25,ok,15,43,28,True,3216,11,30,15,0.0311
54,25,ok,4,6,2,True,3284,11,66,4,0.0321
55,25,ok,15,44,29,True,3353,14,33,15,0.0337
56,25,ok,4,10,6,True,3422,8,70,4,0.0346
57,25,ok,15,37,22,True,3492,12,41,15,0.0362
496,24,ok,12,29,17,True,37864,24,39,12,4.7636
58,25,ok,4,15,11,True,3561,10,63,4,0.038
59,25,ok,15,38,23,True,3630,12,35,15,0.0408
60,25,ok,4,12,8,True,3700,10,71,4,0.0406
61,25,ok,15,34,19,True,3770,13,34,15,0.0439
62,25,ok,4,11,7,True,3840,9,66,4,0.0432
63,25,ok,15,31,16,True,3910,12,49,15,0.0464
64,25,ok,4,9,5,True,3980,11,66,4,0.0463
65,25,ok,15,32,17,True,4050,13,39,15,0.0499
66,25,ok,4,11,7,True,4121,9,69,4,0.05
67,25,ok,15,45,30,True,4191,11,37,15,0.0535
68,25,ok,4,12,8,True,4262,17,67,4,0.0534
69,25,ok,15,34,19,True,4333,12,39,15,0.0564
70,25,ok,4,9,5,True,4403,12,61,4,0.0562
71,25,ok,15,28,13,True,4474,13,41,15,0.0601
72,25,ok,4,12,8,True,4546,10,65,4,0.0599
73,25,ok,15,34,19,True,4617,14,41,15,0.0642
74,25,ok,4,13,9,True,4688,11,76,4,0.0635
75,25,ok,15,38,23,True,4760,14,40,15,0.0675
76,25,ok,4,9,5,True,4831,10,67,4,0.0692
77,25,ok,15,38,23,True,4903,14,39,15,0.0712
78,25,ok,4,12,8,True,4975,14,71,4,0.0699
79,25,ok,15,42,27,True,5047,11,47,15,0.0758
80,25,ok,4,8,4,True,5119,17,69,4,0.0751
81,25,ok,15,38,23,True,5191,14,46,15,0.0875
82,25,ok,4,14,10,True,5263,12,68,4,0.079
497,24,ok,5,14,9,True,37950,42,25,5,4.7214
83,25,ok,15,36,21,True,5335,18,43,15,0.0834
84,25,ok,4,11,7,True,5408,15,80,4,0.0827
85,25,ok,15,45,30,True,5480,15,38,15,0.086
86,25,ok,4,10,6,True,5553,14,77,4,0.091
87,25,ok,15,43,28,True,5626,13,42,15,0.0897
88,25,ok,4,9,5,True,5699,10,77,4,0.0925
89,25,ok,15,36,21,True,5772,14,44,15,0.0986
90,25,ok,4,13,9,True,5845,10,75,4,0.0977
91,25,ok,15,38,23,True,5918,11,48,15,0.0998
93,25,ok,15,38,23,True,6064,17,46,15,0.1048
92,25,ok,4,11,7,True,5991,12,74,4,0.1067
94,25,ok,4,11,7,True,6138,15,69,4,0.1082
95,25,ok,15,43,28,True,6211,14,40,15,0.1093
96,25,ok,4,9,5,True,6285,13,78,4,0.1227
97,25,ok,15,43,28,True,6360,14,38,15,0.1159
98,25,ok,4,12,8,True,6432,13,80,4,0.1169
99,25,ok,15,39,24,True,6506,16,40,15,0.1193
100,25,ok,4,13,9,True,6580,11,79,4,0.1244
101,25,ok,15,38,23,True,6654,15,46,15,0.126
498,24,ok,4,7,3,True,38033,36,45,4,4.8137
102,25,ok,4,10,6,True,6728,17,80,4,0.1276
103,25,ok,15,47,32,True,6802,17,42,15,0.1312
104,25,ok,4,11,7,True,6876,15,81,4,0.1321
105,25,ok,15,45,30,True,6950,17,42,15,0.1365
106,25,ok,4,7,3,True,7025,12,87,4,0.1398
107,25,ok,15,44,29,True,7099,14,47,15,0.1424
108,25,ok,4,10,6,True,7176,12,78,4,0.1437
109,25,ok,15,32,17,True,7248,14,49,15,0.1492
110,25,ok,4,12,8,True,7323,13,82,4,0.1595
111,25,ok,15,42,27,True,7398,15,43,15,0.1543
112,25,ok,4,7,3,True,7472,10,75,4,0.1576
113,25,ok,15,42,27,True,7547,14,42,15,0.1609
114,25,ok,4,11,7,True,7622,14,81,4,0.1696
115,25,ok,15,44,29,True,7697,18,45,15,0.1669
116,25,ok,4,11,7,True,7776,12,83,4,0.1715
117,25,ok,15,35,20,True,7848,15,45,15,0.1739
118,25,ok,4,14,10,True,7923,9,86,4,0.1838
119,25,ok,15,44,29,True,7998,15,47,15,0.1807
120,25,ok,4,13,9,True,8074,16,80,4,0.184
121,25,ok,15,36,21,True,8149,15,42,15,0.1984
122,25,ok,4,10,6,True,8225,12,84,4,0.2015
123,25,ok,15,41,26,True,8300,14,43,15,0.1927
124,25,ok,4,18,14,True,8376,13,80,4,0.1973
125,25,ok,15,40,25,True,8452,17,47,15,0.2076
126,25,ok,4,10,6,True,8528,16,89,4,0.2191
127,25,ok,15,39,24,True,8603,17,47,15,0.2112
128,25,ok,4,11,7,True,8679,16,80,4,0.2237
499,24,ok,7,20,13,True,38117,45,25,7,4.9078
129,25,ok,15,48,33,True,8755,16,51,15,0.2674
130,25,ok,4,13,9,True,8832,17,96,4,0.2417
131,25,ok,15,36,21,True,8908,15,45,15,0.266
132,25,ok,4,12,8,True,8984,13,79,4,0.2347
133,25,ok,15,35,20,True,9060,16,51,15,0.2323
134,25,ok,4,12,8,True,9136,11,92,4,0.2459
135,25,ok,15,46,31,True,9213,18,47,15,0.2385
136,25,ok,4,10,6,True,9289,15,87,4,0.2427
137,25,ok,15,35,20,True,9366,17,47,15,0.2468
138,25,ok,4,10,6,True,9442,14,84,4,0.2535
139,25,ok,15,41,26,True,9519,16,48,15,0.2663
140,25,ok,4,16,12,True,9595,13,93,4,0.2725
141,25,ok,15,45,30,True,9672,15,54,15,0.2621
142,25,ok,4,13,9,True,9749,12,84,4,0.2659
143,25,ok,15,48,33,True,9826,15,53,15,0.2723
144,25,ok,4,11,7,True,9903,13,95,4,0.2933
145,25,ok,15,36,21,True,9980,19,47,15,0.2825
146,25,ok,4,13,9,True,10057,13,88,4,0.2849
147,25,ok,15,42,27,True,10134,16,48,15,0.2876
148,25,ok,4,18,14,True,10211,11,88,4,0.2957
500,24,ok,4,6,2,True,38202,34,38,4,4.8992
150,25,ok,4,11,7,True,10365,14,88,4,0.3067
149,25,ok,15,36,21,True,10288,17,48,15,0.3278
151,25,ok,15,39,24,True,10443,18,51,15,0.311
152,25,ok,4,9,5,True,10520,14,82,4,0.322
153,25,ok,15,38,23,True,10598,16,50,15,0.3193
154,25,ok,4,12,8,True,10675,21,88,4,0.3271
155,25,ok,15,39,24,True,10753,18,50,15,0.3254
156,25,ok,4,10,6,True,10830,16,88,4,0.3354
157,25,ok,15,38,23,True,10908,17,45,15,0.3343
158,25,ok,4,13,9,True,10985,9,89,4,0.3396
159,25,ok,15,45,30,True,11063,17,47,15,0.3517
160,25,ok,4,12,8,True,11141,18,86,4,0.3492
161,25,ok,15,48,33,True,11219,16,54,15,0.3527
162,25,ok,4,12,8,True,11297,21,84,4,0.3616
163,25,ok,15,40,25,True,11376,17,45,15,0.3621
164,25,ok,4,14,10,True,11453,15,88,4,0.3672
165,25,ok,15,45,30,True,11531,16,50,15,0.3817
166,25,ok,4,17,13,True,11609,17,97,4,0.3802
167,25,ok,15,39,24,True,11688,18,49,15,0.384
168,25,ok,4,12,8,True,11765,17,88,4,0.388
169,25,ok,15,39,24,True,11843,22,57,15,0.3937
170,25,ok,4,11,7,True,11922,19,95,4,0.4082
172,25,ok,4,9,5,True,12078,20,82,4,0.4109
171,25,ok,15,51,36,True,12000,20,48,15,0.4244
173,25,ok,15,43,28,True,12157,16,53,15,0.4151
174,25,ok,4,10,6,True,12235,14,94,4,0.4194
175,25,ok,15,46,31,True,12314,21,53,15,0.4259
176,25,ok,4,14,10,True,12392,14,89,4,0.4301
177,25,ok,15,43,28,True,12471,20,50,15,0.4411
178,25,ok,4,19,15,True,12550,20,91,4,0.4539
179,25,ok,15,34,19,True,12628,20,50,15,0.4508
180,25,ok,4,12,8,True,12707,18,86,4,0.4569
181,25,ok,15,45,30,True,12786,23,49,15,0.4719
182,25,ok,4,12,8,True,12865,14,93,4,0.461
183,25,ok,15,50,35,True,12944,20,48,15,0.4692
184,25,ok,4,12,8,True,13022,14,93,4,0.4892
185,25,ok,15,41,26,True,13104,19,54,15,0.4825
186,25,ok,4,6,2,True,13181,14,95,4,0.5018
187,25,ok,15,48,33,True,13260,16,49,15,0.4958
188,25,ok,4,11,7,True,13339,12,103,4,0.4991
189,25,ok,15,44,29,True,13418,19,49,15,0.5081
190,25,ok,4,12,8,True,13497,14,94,4,0.5342
191,25,ok,15,45,30,True,13576,16,49,15,0.5182
192,25,ok,4,10,6,True,13656,15,89,4,0.5219
193,25,ok,15,39,24,True,13735,25,51,15,0.5417
194,25,ok,4,11,7,True,13814,15,88,4,0.5341
195,25,ok,15,45,30,True,13894,19,52,15,0.5417
196,25,ok,4,11,7,True,13973,17,97,4,0.5485
197,25,ok,15,48,33,True,14053,22,50,15,0.5598
198,25,ok,4,10,6,True,14132,15,97,4,0.5678
199,25,ok,15,45,30,True,14212,16,53,15,0.5751
200,25,ok,4,10,6,True,14291,18,91,4,0.5859
201,25,ok,15,47,32,True,14371,16,50,15,0.5904
202,25,ok,4,15,11,True,14451,16,101,4,0.5964
203,25,ok,15,47,32,True,14531,19,54,15,0.6045
204,25,ok,4,13,9,True,14610,15,90,4,0.6116
205,25,ok,15,38,23,True,14690,17,49,15,0.6291
206,25,ok,4,10,6,True,14770,15,92,4,0.6272
207,25,ok,15,41,26,True,14850,20,47,15,0.6395
208,25,ok,4,12,8,True,14930,15,91,4,0.6308
209,25,ok,15,40,25,True,15010,15,52,15,0.637
210,25,ok,4,10,6,True,15090,19,96,4,0.6533
211,25,ok,15,36,21,True,15170,22,51,15,0.6445
212,25,ok,4,15,11,True,15250,22,97,4,0.6745
213,25,ok,15,37,22,True,15330,20,55,15,0.6706
214,25,ok,4,11,7,True,15410,17,97,4,0.6707
215,25,ok,15,39,24,True,15491,21,52,15,0.6803
216,25,ok,4,10,6,True,15571,12,96,4,0.6894
217,25,ok,15,47,32,True,15651,14,53,15,0.6922
218,25,ok,4,14,10,True,15731,14,95,4,0.7345
219,25,ok,15,39,24,True,15812,20,59,15,0.7089
220,25,ok,4,11,7,True,15892,13,93,4,0.7155
221,25,ok,15,49,34,True,15973,19,51,15,0.7306
222,25,ok,4,17,13,True,16053,12,103,4,0.7432
223,25,ok,15,50,35,True,16134,17,53,15,0.7319
224,25,ok,4,12,8,True,16214,12,101,4,0.7562
225,25,ok,15,44,29,True,16296,18,57,15,0.7474
226,25,ok,4,17,13,True,16376,14,101,4,0.7656
227,25,ok,15,45,30,True,16456,20,54,15,0.7721
228,25,ok,4,13,9,True,16537,15,95,4,0.7835
229,25,ok,15,46,31,True,16618,17,53,15,0.7817
230,25,ok,4,17,13,True,16698,14,101,4,0.8028
231,25,ok,15,43,28,True,16779,17,57,15,0.8322
232,25,ok,4,18,14,True,16860,19,104,4,0.8083
233,25,ok,15,44,29,True,16944,17,52,15,0.8178
234,25,ok,4,16,12,True,17022,11,100,4,0.8216
235,25,ok,15,40,25,True,17103,16,54,15,0.8284
236,25,ok,4,8,4,True,17184,16,103,4,0.8326
237,25,ok,15,44,29,True,17265,18,52,15,0.8707
238,25,ok,4,15,11,True,17346,15,96,4,0.8574
239,25,ok,15,44,29,True,17427,21,54,15,0.8653
240,25,ok,4,11,7,True,17508,17,96,4,0.8792
241,25,ok,15,47,32,True,17589,17,53,15,0.8781
242,25,ok,4,13,9,True,17670,14,116,4,0.8803
243,25,ok,15,47,32,True,17752,17,61,15,0.8993
244,25,ok,4,10,6,True,17833,14,114,4,0.902
245,25,ok,15,42,27,True,17914,19,57,15,0.9203
246,25,ok,4,11,7,True,17996,19,108,4,0.9606
247,25,ok,15,42,27,True,18077,17,63,15,0.9271
248,25,ok,4,10,6,True,18158,17,103,4,0.9397
249,25,ok,15,45,30,True,18240,19,63,15,0.9473
250,25,ok,4,12,8,True,18321,16,100,4,0.9586
251,25,ok,15,45,30,True,18403,19,57,15,0.9686
252,25,ok,4,12,8,True,18484,21,96,4,0.9871
253,25,ok,15,38,23,True,18566,20,53,15,0.9996
254,25,ok,4,11,7,True,18648,20,99,4,0.992
255,25,ok,15,37,22,True,18729,17,54,15,0.9978
256,25,ok,4,9,5,True,18811,22,96,4,1.0156
257,25,ok,15,47,32,True,18892,20,57,15,1.021
258,25,ok,4,13,9,True,18974,16,97,4,1.0209
259,25,ok,15,53,38,True,19056,17,57,15,1.0688
260,25,ok,4,7,3,True,19138,24,110,4,1.0409
261,25,ok,15,45,30,True,19219,20,60,15,1.0512
262,25,ok,4,10,6,True,19301,21,102,4,1.0691
263,25,ok,15,37,22,True,19383,25,61,15,1.0745
264,25,ok,4,12,8,True,19465,16,108,4,1.0834
265,25,ok,15,39,24,True,19547,23,61,15,1.1024
266,25,ok,4,13,9,True,19629,17,105,4,1.1005
267,25,ok,15,54,39,True,19711,24,56,15,1.1032
268,25,ok,4,10,6,True,19793,16,96,4,1.1282
269,25,ok,15,54,39,True,19875,23,58,15,1.1347
270,25,ok,4,16,12,True,19957,14,105,4,1.1327
271,25,ok,15,43,28,True,20040,18,54,15,1.1583
272,25,ok,4,8,4,True,20121,20,100,4,1.154
273,25,ok,15,47,32,True,20204,20,61,15,1.1894
274,25,ok,4,9,5,True,20286,26,100,4,1.2089
275,25,ok,15,48,33,True,20368,19,52,15,1.2059
276,25,ok,4,11,7,True,20450,22,98,4,1.204
277,25,ok,15,44,29,True,20533,18,63,15,1.2128
278,25,ok,4,9,5,True,20616,16,106,4,1.2202
279,25,ok,15,49,34,True,20697,17,61,15,1.247
280,25,ok,4,11,7,True,20784,17,105,4,1.2575
281,25,ok,15,45,30,True,20862,23,57,15,1.2623
282,25,ok,4,14,10,True,20945,24,115,4,1.3088
283,25,ok,15,45,30,True,21027,19,54,15,1.2846
284,25,ok,4,13,9,True,21110,20,107,4,1.2863
285,25,ok,15,42,27,True,21192,17,59,15,1.3126
286,25,ok,4,16,12,True,21275,17,100,4,1.3131
287,25,ok,15,43,28,True,21357,21,57,15,1.318
288,25,ok,4,11,7,True,21440,19,104,4,1.3329
289,25,ok,15,44,29,True,21522,23,53,15,1.3371
290,25,ok,4,6,2,True,21605,19,112,4,1.3549
291,25,ok,15,48,33,True,21688,20,61,15,1.3725
292,25,ok,4,12,8,True,21771,18,99,4,1.3833
293,25,ok,15,43,28,True,21853,17,58,15,1.3895
294,25,ok,4,15,11,True,21936,13,106,4,1.4058
295,25,ok,15,45,30,True,22019,19,58,15,1.3934
296,25,ok,4,10,6,True,22102,12,98,4,1.4514
297,25,ok,15,49,34,True,22185,20,57,15,1.4492
298,25,ok,4,10,6,True,22268,14,101,4,1.436
299,25,ok,15,48,33,True,22351,24,60,15,1.442
300,25,ok,4,12,8,True,22433,19,115,4,1.4612
301,25,ok,15,52,37,True,22516,21,56,15,1.4947
302,25,ok,4,11,7,True,22599,24,110,4,1.4711
303,25,ok,15,44,29,True,22682,23,55,15,1.5027
304,25,ok,4,15,11,True,22766,21,109,4,1.5089
305,25,ok,15,50,35,True,22849,21,59,15,1.5164
306,25,ok,4,13,9,True,22932,14,108,4,1.5181
307,25,ok,15,36,21,True,23016,16,59,15,1.5912
308,25,ok,4,10,6,True,23098,19,104,4,1.5395
309,25,ok,15,42,27,True,23181,22,58,15,1.578
310,25,ok,4,11,7,True,23265,20,112,4,1.5817
311,25,ok,15,40,25,True,23348,21,59,15,1.5887
312,25,ok,4,10,6,True,23431,19,104,4,1.5969
313,25,ok,15,39,24,True,23514,21,59,15,1.628
314,25,ok,4,12,8,True,23598,17,113,4,1.6165
315,25,ok,15,46,31,True,23681,20,60,15,1.6514
316,25,ok,4,10,6,True,23764,22,116,4,1.674
317,25,ok,15,49,34,True,23848,20,58,15,1.6599
318,25,ok,4,14,10,True,23931,20,111,4,1.7057
319,25,ok,15,44,29,True,24015,21,58,15,1.6748
320,25,ok,4,9,5,True,24098,17,107,4,1.7065
321,25,ok,15,37,22,True,24182,18,63,15,1.7144
322,25,ok,4,12,8,True,24265,23,116,4,1.731
323,25,ok,15,51,36,True,24349,21,59,15,1.7248
324,25,ok,4,11,7,True,24432,20,104,4,1.7343
325,25,ok,15,46,31,True,24516,18,61,15,1.7511
326,25,ok,4,10,6,True,24600,19,105,4,1.7935
327,25,ok,15,49,34,True,24683,24,61,15,1.7868
328,25,ok,4,9,5,True,24768,19,114,4,1.797
329,25,ok,15,38,23,True,24851,22,56,15,1.8066
330,25,ok,4,13,9,True,24934,23,107,4,1.8705
331,25,ok,15,40,25,True,25018,26,56,15,1.8548
332,25,ok,4,8,4,True,25104,23,107,4,1.873
333,25,ok,15,41,26,True,25186,24,57,15,1.9031
334,25,ok,4,11,7,True,25270,16,115,4,1.9005
335,25,ok,15,42,27,True,25353,22,64,15,1.9037
336,25,ok,4,12,8,True,25440,26,101,4,1.9601
337,25,ok,15,43,28,True,25521,22,57,15,1.931
338,25,ok,4,9,5,True,25605,12,106,4,1.9183
339,25,ok,15,54,39,True,25689,16,57,15,1.9788
340,25,ok,4,9,5,True,25776,22,107,4,1.9509
341,25,ok,15,45,30,True,25857,18,55,15,1.9724
342,25,ok,4,15,11,True,25941,20,107,4,2.0143
343,25,ok,15,43,28,True,26025,20,57,15,2.0049
344,25,ok,4,14,10,True,26112,18,109,4,2.0379
345,25,ok,15,44,29,True,26193,23,64,15,2.0358
346,25,ok,4,17,13,True,26278,15,110,4,2.0454
347,25,ok,15,45,30,True,26362,24,54,15,2.0675
348,25,ok,4,16,12,True,26448,16,111,4,2.0947
349,25,ok,15,38,23,True,26530,20,57,15,2.0935
350,25,ok,4,14,10,True,26614,20,102,4,2.1353
351,25,ok,15,46,31,True,26699,22,59,15,2.1329
352,25,ok,4,12,8,True,26784,25,106,4,2.147
353,25,ok,15,37,22,True,26867,21,57,15,2.1375
354,25,ok,4,12,8,True,26952,17,110,4,2.1465
355,25,ok,15,56,41,True,27036,29,58,15,2.1706
356,25,ok,4,12,8,True,27120,23,116,4,2.2106
357,25,ok,15,32,17,True,27204,22,66,15,2.2249
358,25,ok,4,13,9,True,27289,19,123,4,2.2252
359,25,ok,15,42,27,True,27373,22,65,15,2.2252
360,25,ok,4,6,2,True,27458,25,120,4,2.2355
361,25,ok,15,47,32,True,27542,26,67,15,2.313
362,25,ok,4,17,13,True,27627,16,106,4,2.2747
363,25,ok,15,50,35,True,27711,25,61,15,2.3366
364,25,ok,4,14,10,True,27796,13,116,4,2.3145
365,25,ok,15,43,28,True,27880,18,62,15,2.3506
366,25,ok,4,18,14,True,27965,13,111,4,2.3486
367,25,ok,15,44,29,True,28049,26,61,15,2.3751
368,25,ok,4,9,5,True,28134,16,109,4,2.3497
369,25,ok,15,37,22,True,28219,26,57,15,2.3991
370,25,ok,4,13,9,True,28303,20,109,4,2.394
371,25,ok,15,46,31,True,28388,29,59,15,2.424
372,25,ok,4,13,9,True,28473,25,115,4,2.4073
373,25,ok,15,39,24,True,28558,26,57,15,2.4472
374,25,ok,4,17,13,True,28642,17,109,4,2.5146
375,25,ok,15,39,24,True,28727,24,58,15,2.496
376,25,ok,4,14,10,True,28812,17,110,4,2.5229
377,25,ok,15,47,32,True,28897,24,59,15,2.5232
378,25,ok,4,12,8,True,28982,19,110,4,2.5527
379,25,ok,15,47,32,True,29066,18,60,15,2.5224
380,25,ok,4,15,11,True,29151,19,111,4,2.5713
381,25,ok,15,45,30,True,29236,20,61,15,2.6102
382,25,ok,4,14,10,True,29321,27,116,4,2.6095
383,25,ok,15,44,29,True,29406,25,64,15,2.6614
384,25,ok,4,13,9,True,29491,19,113,4,2.6688
385,25,ok,15,42,27,True,29576,21,58,15,2.7021
386,25,ok,4,12,8,True,29661,17,121,4,2.6981
387,25,ok,15,46,31,True,29746,27,65,15,2.7462
388,25,ok,4,10,6,True,29832,20,113,4,2.7999
389,25,ok,15,46,31,True,29916,21,63,15,2.7546
390,25,ok,4,11,7,True,30001,16,117,4,2.7111
391,25,ok,15,45,30,True,30087,24,60,15,2.728
392,25,ok,4,14,10,True,30172,14,111,4,2.7613
393,25,ok,15,56,41,True,30257,28,67,15,2.892
394,25,ok,4,14,10,True,30342,24,114,4,2.821
395,25,ok,15,48,33,True,30427,21,60,15,2.8149
396,25,ok,4,16,12,True,30513,18,117,4,2.8239
397,25,ok,15,55,40,True,30598,22,67,15,2.8462
398,25,ok,4,13,9,True,30683,15,115,4,2.8448
399,25,ok,15,39,24,True,30768,27,63,15,2.9144
400,25,ok,4,10,6,True,30854,19,109,4,2.9595
401,25,ok,15,38,23,True,30939,20,72,15,2.9233
402,25,ok,4,11,7,True,31024,19,109,4,2.9298
403,25,ok,15,51,36,True,31110,32,68,15,2.9309
404,25,ok,4,15,11,True,31195,19,109,4,2.966
405,25,ok,15,50,35,True,31280,26,62,15,2.9807
406,25,ok,4,16,12,True,31368,18,117,4,3.105
407,25,ok,15,41,26,True,31451,20,60,15,3.0028
408,25,ok,4,15,11,True,31537,16,114,4,3.0158
409,25,ok,15,44,29,True,31622,23,62,15,3.0475
410,25,ok,4,12,8,True,31708,21,112,4,3.07
411,25,ok,15,45,30,True,31793,23,58,15,3.1178
412,25,ok,4,16,12,True,31879,22,113,4,3.2162
413,25,ok,15,38,23,True,31968,20,62,15,3.1552
414,25,ok,4,15,11,True,32050,19,111,4,3.1259
415,25,ok,15,41,26,True,32136,20,62,15,3.1714
416,25,ok,4,11,7,True,32221,16,112,4,3.1677
417,25,ok,15,48,33,True,32307,23,63,15,3.2149
418,25,ok,4,15,11,True,32393,22,115,4,3.2965
419,25,ok,15,38,23,True,32478,28,58,15,3.2272
420,25,ok,4,9,5,True,32564,22,112,4,3.2914
421,25,ok,15,53,38,True,32650,23,77,15,3.2513
422,25,ok,4,8,4,True,32736,18,117,4,3.2849
423,25,ok,15,47,32,True,32821,18,63,15,3.3267
424,25,ok,4,22,18,True,32907,16,119,4,3.3433
425,25,ok,15,45,30,True,32993,23,64,15,3.4445
426,25,ok,4,16,12,True,33079,18,109,4,3.3884
427,25,ok,15,41,26,True,33165,20,59,15,3.3999
428,25,ok,4,16,12,True,33250,17,112,4,3.4486
429,25,ok,15,43,28,True,33336,21,61,15,3.4683
430,25,ok,4,13,9,True,33422,22,104,4,3.4559
431,25,ok,15,59,44,True,33508,22,63,15,3.4927
432,25,ok,4,14,10,True,33594,28,121,4,3.4813
433,25,ok,15,54,39,True,33680,23,61,15,3.4754
434,25,ok,4,9,5,True,33766,20,111,4,3.498
435,25,ok,15,42,27,True,33852,23,61,15,3.6662
436,25,ok,4,10,6,True,33938,28,108,4,3.6299
437,25,ok,15,52,37,True,34024,20,62,15,3.6347
438,25,ok,4,16,12,True,34110,19,121,4,3.6334
439,25,ok,15,51,36,True,34200,23,62,15,3.6643
440,25,ok,4,9,5,True,34282,30,111,4,3.6866
441,25,ok,15,47,32,True,34368,28,61,15,3.7068
442,25,ok,4,11,7,True,34454,20,123,4,3.6864
443,25,ok,15,43,28,True,34541,25,64,15,3.71
444,25,ok,4,13,9,True,34627,22,118,4,3.7593
445,25,ok,15,33,18,True,34713,24,61,15,3.7232
446,25,ok,4,16,12,True,34800,17,114,4,3.7531
447,25,ok,15,38,23,True,34885,23,66,15,3.857
448,25,ok,4,15,11,True,34972,18,113,4,4.3543
449,25,ok,15,39,24,True,35058,26,63,15,4.3192
450,25,ok,4,13,9,True,35144,19,116,4,4.7942
451,25,ok,15,55,40,True,35232,25,60,15,5.0909
452,25,ok,4,9,5,True,35317,15,125,4,5.7071
453,25,ok,15,40,25,True,35403,35,60,15,6.419
454,25,ok,4,7,3,True,35489,12,111,4,6.6533
455,25,ok,15,46,31,True,35576,23,64,15,6.498
456,25,ok,4,10,6,True,35662,32,119,4,6.7611
457,25,ok,15,51,36,True,35749,20,60,15,6.6455
458,25,ok,4,8,4,True,35835,18,118,4,6.8591
459,25,ok,15,49,34,True,35921,24,66,15,6.8864
460,25,ok,4,11,7,True,36008,17,126,4,6.7656
461,25,ok,15,43,28,True,36096,26,64,15,6.9358
462,25,ok,4,11,7,True,36181,26,111,4,6.9232
463,25,ok,15,52,37,True,36267,27,62,15,7.1122
464,25,ok,4,13,9,True,36354,20,112,4,6.8441
465,25,ok,15,45,30,True,36440,19,67,15,6.9237
466,25,ok,4,10,6,True,36528,27,110,4,6.9026
467,25,ok,15,51,36,True,36613,18,67,15,7.1194
468,25,ok,4,16,12,True,36700,29,112,4,7.1467
469,25,ok,15,50,35,True,36787,27,65,15,6.9615
470,25,ok,4,12,8,True,36873,20,121,4,6.9557
471,25,ok,15,49,34,True,36960,21,70,15,7.2301
472,25,ok,4,18,14,True,37047,18,123,4,7.2515
473,25,ok,15,45,30,True,37133,28,64,15,7.3045
474,25,ok,4,14,10,True,37224,18,112,4,7.3815
475,25,ok,15,44,29,True,37307,24,63,15,7.2292
476,25,ok,4,12,8,True,37393,20,113,4,7.4528
477,25,ok,15,52,37,True,37480,20,65,15,7.4568
478,25,ok,4,17,13,True,37567,22,119,4,7.3334
479,25,ok,15,38,23,True,37656,19,69,15,7.3336
480,25,ok,4,13,9,True,37741,22,125,4,7.5592
481,25,ok,15,54,39,True,37827,27,63,15,7.7807
482,25,ok,4,12,8,True,37914,22,121,4,7.4485
483,25,ok,15,46,31,True,38001,23,70,15,7.7617
484,25,ok,4,14,10,True,38088,21,113,4,7.0445
485,25,ok,15,44,29,True,38175,24,68,15,7.4382
486,25,ok,4,13,9,True,38262,23,114,4,7.8362
487,25,ok,15,45,30,True,38349,21,67,15,7.8548
488,25,ok,4,13,9,True,38436,20,118,4,7.3989
489,25,ok,15,56,41,True,38522,24,62,15,8.0313
490,25,ok,4,15,11,True,38609,15,117,4,7.8831
491,25,ok,15,58,43,True,38696,27,65,15,7.9668
492,25,ok,4,12,8,True,38784,20,113,4,8.1774
493,25,ok,15,51,36,True,38870,23,63,15,8.0113
494,25,ok,4,12,8,True,38957,29,119,4,7.9822
495,25,ok,15,51,36,True,39048,23,63,15,8.1084
1,26,ok,25,25,0,True,56,2,3,25,0.0003
2,26,ok,3,3,0,True,95,6,16,3,0.0004
3,26,ok,8,11,3,True,139,7,17,8,0.0006
4,26,ok,4,8,4,True,186,3,18,4,0.0007
5,26,ok,5,9,4,True,235,4,20,5,0.001
6,26,ok,6,9,3,True,286,4,18,6,0.0012
7,26,ok,8,10,2,True,338,7,19,8,0.0015
8,26,ok,3,5,2,True,392,10,21,3,0.0019
9,26,ok,13,24,11,True,450,8,23,13,0.0023
10,26,ok,2,6,4,True,503,5,46,2,0.0026
11,26,ok,16,33,17,True,559,8,22,16,0.0031
12,26,ok,3,6,3,True,617,7,30,3,0.0035
13,26,ok,9,13,4,True,675,11,26,9,0.004
14,26,ok,4,9,5,True,734,7,32,4,0.0046
15,26,ok,4,8,4,True,794,7,32,4,0.0052
16,26,ok,6,11,5,True,854,5,30,6,0.0058
496,25,ok,4,10,6,True,39132,19,116,4,8.0337
17,26,ok,9,16,7,True,915,13,29,9,0.0065
18,26,ok,3,8,5,True,976,10,32,3,0.0062
19,26,ok,12,18,6,True,1038,9,33,12,0.0081
20,26,ok,2,8,6,True,1100,4,112,2,0.009
21,26,ok,21,43,22,True,1163,6,35,21,0.0096
22,26,ok,3,8,5,True,1226,13,35,3,0.0104
23,26,ok,8,14,6,True,1289,9,32,8,0.0112
24,26,ok,4,4,0,True,1353,8,36,4,0.0123
25,26,ok,5,11,6,True,1417,8,46,5,0.0133
26,26,ok,6,11,5,True,1482,7,34,6,0.0145
27,26,ok,8,15,7,True,1550,10,35,8,0.0155
28,26,ok,3,6,3,True,1612,10,35,3,0.0168
29,26,ok,13,26,13,True,1678,10,35,13,0.0179
30,26,ok,2,2,0,True,1744,7,76,2,0.0195
31,26,ok,16,33,17,True,1810,9,37,16,0.0204
32,26,ok,3,7,4,True,1876,10,40,3,0.0219
33,26,ok,9,16,7,True,1943,8,48,9,0.023
34,26,ok,4,8,4,True,2010,8,44,4,0.0248
35,26,ok,4,13,9,True,2077,8,47,4,0.0262
36,26,ok,6,13,7,True,2144,7,41,6,0.0279
37,26,ok,9,17,8,True,2212,13,47,9,0.0289
38,26,ok,3,6,3,True,2280,15,39,3,0.0307
39,26,ok,12,23,11,True,2348,10,38,12,0.0321
40,26,ok,2,5,3,True,2416,7,154,2,0.0284
41,26,ok,21,38,17,True,2485,11,46,21,0.0349
42,26,ok,3,5,2,True,2554,9,46,3,0.036
43,26,ok,8,14,6,True,2625,11,45,8,0.0383
44,26,ok,4,8,4,True,2692,10,46,4,0.0379
45,26,ok,5,14,9,True,2761,8,52,5,0.0421
46,26,ok,6,13,7,True,2831,8,43,6,0.0442
47,26,ok,8,18,10,True,2901,11,41,8,0.0463
48,26,ok,3,6,3,True,2971,13,43,3,0.0489
49,26,ok,13,27,14,True,3041,10,45,13,0.0507
50,26,ok,2,9,7,True,3111,6,97,2,0.0529
51,26,ok,16,30,14,True,3182,13,44,16,0.0552
52,26,ok,3,6,3,True,3252,10,51,3,0.0578
53,26,ok,9,15,6,True,3325,20,50,9,0.0528
54,26,ok,4,10,6,True,3394,11,43,4,0.0602
55,26,ok,4,11,7,True,3465,12,52,4,0.0482
56,26,ok,6,14,8,True,3536,10,46,6,0.0418
58,26,ok,3,6,3,True,3679,9,53,3,0.0446
57,26,ok,9,18,9,True,3608,19,48,9,0.0692
59,26,ok,12,25,13,True,3751,19,45,12,0.0716
60,26,ok,2,5,3,True,3825,7,176,2,0.0777
61,26,ok,21,49,28,True,3895,10,49,21,0.0799
62,26,ok,3,11,8,True,3967,8,52,3,0.0834
63,26,ok,8,16,8,True,4040,18,44,8,0.0853
64,26,ok,4,10,6,True,4112,10,51,4,0.0886
65,26,ok,5,12,7,True,4185,7,52,5,0.091
66,26,ok,6,13,7,True,4257,11,51,6,0.0943
67,26,ok,8,15,7,True,4330,16,45,8,0.0974
68,26,ok,3,7,4,True,4403,22,53,3,0.101
497,25,ok,15,50,35,True,39219,23,66,15,8.1619
69,26,ok,13,24,11,True,4476,13,49,13,0.1032
70,26,ok,2,5,3,True,4550,9,99,2,0.1073
71,26,ok,16,33,17,True,4625,14,52,16,0.1121
72,26,ok,3,5,2,True,4700,22,47,3,0.1141
73,26,ok,9,17,8,True,4770,15,55,9,0.1178
74,26,ok,4,9,5,True,4844,11,52,4,0.1228
75,26,ok,4,6,2,True,4917,10,56,4,0.1249
76,26,ok,6,15,9,True,4991,9,63,6,0.1281
77,26,ok,9,17,8,True,5065,19,53,9,0.1313
78,26,ok,3,10,7,True,5140,14,56,3,0.1334
79,26,ok,12,24,12,True,5214,13,53,12,0.1371
80,26,ok,2,4,2,True,5288,8,184,2,0.1339
81,26,ok,21,47,26,True,5363,15,54,21,0.0859
84,26,ok,4,11,7,True,5587,14,50,4,0.1004
82,26,ok,3,9,6,True,5437,16,55,3,0.1506
83,26,ok,8,15,7,True,5512,11,54,8,0.1558
85,26,ok,5,12,7,True,5662,11,60,5,0.1307
86,26,ok,6,18,12,True,5737,11,54,6,0.167
87,26,ok,8,16,8,True,5812,20,56,8,0.1717
88,26,ok,3,7,4,True,5887,10,56,3,0.1738
89,26,ok,13,28,15,True,5962,16,60,13,0.178
90,26,ok,2,6,4,True,6038,10,105,2,0.1847
91,26,ok,16,37,21,True,6113,13,55,16,0.1865
92,26,ok,3,8,5,True,6189,16,54,3,0.192
93,26,ok,9,14,5,True,6264,30,53,9,0.198
94,26,ok,4,10,6,True,6340,14,62,4,0.2004
95,26,ok,4,10,6,True,6416,10,61,4,0.1957
96,26,ok,6,14,8,True,6492,12,59,6,0.2116
97,26,ok,9,17,8,True,6568,23,56,9,0.2163
98,26,ok,3,7,4,True,6644,15,53,3,0.2198
99,26,ok,12,26,14,True,6720,17,55,12,0.223
100,26,ok,2,8,6,True,6800,13,228,2,0.2311
101,26,ok,21,53,32,True,6875,14,56,21,0.234
102,26,ok,3,7,4,True,6949,27,60,3,0.239
103,26,ok,8,17,9,True,7026,22,60,8,0.2455
104,26,ok,4,8,4,True,7102,13,60,4,0.2486
105,26,ok,5,17,12,True,7179,12,64,5,0.2555
106,26,ok,6,18,12,True,7256,11,62,6,0.2379
107,26,ok,8,12,4,True,7333,17,62,8,0.269
108,26,ok,3,8,5,True,7410,24,64,3,0.2677
498,25,ok,4,20,16,True,39306,16,115,4,8.3232
109,26,ok,13,29,16,True,7487,21,62,13,0.2727
110,26,ok,2,6,4,True,7564,8,112,2,0.2902
112,26,ok,3,7,4,True,7718,19,63,3,0.2277
499,25,ok,15,41,26,True,39393,22,60,15,8.0466
111,26,ok,16,44,28,True,7641,15,53,16,0.2974
113,26,ok,9,16,7,True,7796,31,59,9,0.2558
114,26,ok,4,11,7,True,7875,14,60,4,0.3165
115,26,ok,4,9,5,True,7950,14,69,4,0.3185
116,26,ok,6,12,6,True,8028,14,63,6,0.3251
117,26,ok,9,22,13,True,8106,20,64,9,0.3296
118,26,ok,3,6,3,True,8183,18,63,3,0.3348
119,26,ok,12,21,9,True,8261,18,60,12,0.3312
120,26,ok,2,7,5,True,8339,9,225,2,0.3467
121,26,ok,21,45,24,True,8417,15,62,21,0.3431
122,26,ok,3,10,7,True,8495,20,67,3,0.3587
123,26,ok,8,16,8,True,8575,36,60,8,0.3668
124,26,ok,4,12,8,True,8651,13,67,4,0.3058
500,25,ok,4,16,12,True,39480,18,124,4,8.2982
125,26,ok,5,19,14,True,8729,13,64,5,0.3476
126,26,ok,6,16,10,True,8807,13,53,6,0.3923
127,26,ok,8,16,8,True,8886,29,68,8,0.4154
128,26,ok,3,7,4,True,8964,14,59,3,0.4083
129,26,ok,13,40,27,True,9043,20,55,13,0.3949
130,26,ok,2,6,4,True,9125,9,124,2,0.408
131,26,ok,16,33,17,True,9200,19,63,16,0.3734
132,26,ok,3,9,6,True,9278,15,68,3,0.4042
133,26,ok,9,25,16,True,9357,21,59,9,0.4505
134,26,ok,4,8,4,True,9436,16,67,4,0.4412
135,26,ok,4,9,5,True,9515,14,65,4,0.4351
136,26,ok,6,17,11,True,9594,11,65,6,0.4072
137,26,ok,9,21,12,True,9673,18,63,9,0.4567
138,26,ok,3,7,4,True,9752,22,65,3,0.4666
139,26,ok,12,21,9,True,9831,17,62,12,0.4945
140,26,ok,2,4,2,True,9910,12,239,2,0.4839
141,26,ok,21,46,25,True,9989,14,61,21,0.4254
142,26,ok,3,10,7,True,10068,14,68,3,0.4345
143,26,ok,8,17,9,True,10150,23,72,8,0.5108
144,26,ok,4,8,4,True,10227,14,63,4,0.4963
145,26,ok,5,13,8,True,10307,12,71,5,0.5362
146,26,ok,6,11,5,True,10386,10,70,6,0.531
147,26,ok,8,17,9,True,10466,27,60,8,0.5396
148,26,ok,3,8,5,True,10545,14,68,3,0.5291
149,26,ok,13,30,17,True,10625,16,62,13,0.5639
150,26,ok,2,4,2,True,10705,8,123,2,0.5617
151,26,ok,16,39,23,True,10785,18,66,16,0.5869
152,26,ok,3,6,3,True,10864,14,66,3,0.5832
154,26,ok,4,8,4,True,11024,11,69,4,0.547
153,26,ok,9,20,11,True,10944,33,75,9,0.5932
155,26,ok,4,14,10,True,11104,10,73,4,0.616
156,26,ok,6,16,10,True,11184,10,65,6,0.5819
157,26,ok,9,17,8,True,11265,19,64,9,0.6581
158,26,ok,3,11,8,True,11345,13,70,3,0.6316
159,26,ok,12,31,19,True,11425,18,65,12,0.6414
160,26,ok,2,4,2,True,11505,7,238,2,0.6552
161,26,ok,21,50,29,True,11586,14,68,21,0.6203
162,26,ok,3,8,5,True,11666,23,63,3,0.6341
163,26,ok,8,16,8,True,11746,21,70,8,0.691
164,26,ok,4,13,9,True,11827,14,67,4,0.6853
165,26,ok,5,13,8,True,11907,11,75,5,0.6913
166,26,ok,6,14,8,True,11988,15,66,6,0.7031
167,26,ok,8,24,16,True,12069,25,65,8,0.6952
168,26,ok,3,11,8,True,12150,15,65,3,0.7059
169,26,ok,13,35,22,True,12230,15,64,13,0.7594
170,26,ok,2,5,3,True,12311,9,137,2,0.7479
171,26,ok,16,34,18,True,12392,19,69,16,0.7542
172,26,ok,3,8,5,True,12475,28,66,3,0.7656
173,26,ok,9,19,10,True,12554,15,70,9,0.7236
174,26,ok,4,9,5,True,12635,13,69,4,0.7357
176,26,ok,6,15,9,True,12800,13,65,6,0.8158
175,26,ok,4,6,2,True,12716,17,76,4,0.828
177,26,ok,9,23,14,True,12878,23,68,9,0.8269
178,26,ok,3,8,5,True,12959,14,74,3,0.8359
179,26,ok,12,26,14,True,13040,22,69,12,0.8418
180,26,ok,2,4,2,True,13122,15,250,2,0.852
183,26,ok,8,18,10,True,13366,29,75,8,0.8116
181,26,ok,21,61,40,True,13203,15,68,21,0.8647
182,26,ok,3,10,7,True,13285,14,62,3,0.8821
184,26,ok,4,13,9,True,13447,15,66,4,0.8935
185,26,ok,5,13,8,True,13529,18,73,5,0.8605
186,26,ok,6,14,8,True,13611,16,71,6,0.8593
188,26,ok,3,8,5,True,13774,19,71,3,0.8717
187,26,ok,8,24,16,True,13692,20,66,8,0.9101
189,26,ok,13,30,17,True,13856,14,68,13,0.9338
190,26,ok,2,6,4,True,13937,12,132,2,0.9484
191,26,ok,16,36,20,True,14019,18,66,16,0.9275
192,26,ok,3,9,6,True,14101,21,67,3,0.9558
193,26,ok,9,21,12,True,14183,26,71,9,0.8605
194,26,ok,4,10,6,True,14265,14,71,4,0.8773
195,26,ok,4,13,9,True,14347,13,78,4,0.8548
196,26,ok,6,15,9,True,14429,10,69,6,0.7848
197,26,ok,9,20,11,True,14511,25,69,9,0.762
198,26,ok,3,10,7,True,14593,19,74,3,0.6966
199,26,ok,12,33,21,True,14675,30,74,12,0.6089
200,26,ok,2,5,3,True,14757,15,248,2,0.6151
201,26,ok,21,55,34,True,14839,20,74,21,0.6334
202,26,ok,3,6,3,True,14922,25,69,3,0.6262
203,26,ok,8,19,11,True,15004,25,73,8,0.6249
204,26,ok,4,10,6,True,15086,14,76,4,0.6585
205,26,ok,5,14,9,True,15169,17,75,5,0.9026
206,26,ok,6,21,15,True,15251,14,78,6,0.9467
207,26,ok,8,22,14,True,15334,26,72,8,1.0203
208,26,ok,3,8,5,True,15416,19,72,3,1.0766
209,26,ok,13,28,15,True,15500,16,73,13,1.1354
210,26,ok,2,11,9,True,15581,11,141,2,1.1581
211,26,ok,16,45,29,True,15664,16,66,16,1.165
212,26,ok,3,8,5,True,15747,14,75,3,1.1433
213,26,ok,9,24,15,True,15829,21,78,9,1.1444
214,26,ok,4,12,8,True,15912,16,66,4,1.1199
215,26,ok,4,12,8,True,15995,14,73,4,1.0624
216,26,ok,6,22,16,True,16078,13,70,6,1.0131
217,26,ok,9,18,9,True,16161,25,71,9,0.8182
218,26,ok,3,4,1,True,16244,20,76,3,0.7904
219,26,ok,12,29,17,True,16327,20,69,12,0.7563
220,26,ok,2,9,7,True,16410,14,263,2,0.7668
221,26,ok,21,44,23,True,16493,20,76,21,0.7601
222,26,ok,3,8,5,True,16576,16,71,3,0.7627
223,26,ok,8,25,17,True,16659,22,74,8,0.7924
224,26,ok,4,11,7,True,16742,21,74,4,0.7732
225,26,ok,5,15,10,True,16825,11,79,5,0.788
226,26,ok,6,16,10,True,16908,19,74,6,0.7955
227,26,ok,8,18,10,True,16992,24,68,8,0.8046
228,26,ok,3,8,5,True,17075,18,74,3,0.8053
229,26,ok,13,31,18,True,17158,17,74,13,0.8373
230,26,ok,2,5,3,True,17242,14,134,2,0.8181
231,26,ok,16,34,18,True,17325,19,68,16,0.8357
232,26,ok,3,11,8,True,17408,23,72,3,0.8436
233,26,ok,9,27,18,True,17492,30,76,9,0.844
234,26,ok,4,14,10,True,17575,20,69,4,0.8558
236,26,ok,6,19,13,True,17743,13,76,6,0.866
235,26,ok,4,10,6,True,17659,18,83,4,0.9061
237,26,ok,9,23,14,True,17826,26,80,9,0.8831
238,26,ok,3,9,6,True,17910,15,76,3,0.8941
239,26,ok,12,30,18,True,17994,23,70,12,0.9023
240,26,ok,2,3,1,True,18077,11,283,2,0.9075
241,26,ok,21,46,25,True,18161,20,73,21,0.9183
242,26,ok,3,6,3,True,18245,23,72,3,0.9713
243,26,ok,8,18,10,True,18329,26,77,8,0.9549
244,26,ok,4,12,8,True,18413,17,71,4,0.95
245,26,ok,5,12,7,True,18496,14,86,5,0.9705
246,26,ok,6,12,6,True,18580,17,71,6,0.956
247,26,ok,8,20,12,True,18664,22,75,8,0.9773
248,26,ok,3,11,8,True,18750,18,72,3,1.0295
249,26,ok,13,33,20,True,18832,20,72,13,0.9978
250,26,ok,2,7,5,True,18916,13,154,2,1.0209
251,26,ok,16,44,28,True,19001,18,72,16,1.0259
252,26,ok,3,7,4,True,19085,18,74,3,1.03
253,26,ok,9,21,12,True,19169,23,72,9,1.0218
254,26,ok,4,12,8,True,19253,17,73,4,1.1037
255,26,ok,4,7,3,True,19337,15,85,4,1.0506
256,26,ok,6,20,14,True,19422,13,79,6,1.0693
257,26,ok,9,21,12,True,19506,30,74,9,1.066
258,26,ok,3,11,8,True,19590,22,74,3,1.0764
259,26,ok,12,32,20,True,19675,19,77,12,1.0842
261,26,ok,21,54,33,True,19843,15,84,21,1.1104
260,26,ok,2,10,8,True,19759,13,277,2,1.1585
262,26,ok,3,8,5,True,19928,17,73,3,1.1245
263,26,ok,8,15,7,True,20012,27,86,8,1.1378
264,26,ok,4,11,7,True,20097,19,72,4,1.1249
265,26,ok,5,16,11,True,20182,19,86,5,1.14
266,26,ok,6,15,9,True,20266,18,84,6,1.1478
267,26,ok,8,17,9,True,20351,25,71,8,1.1682
268,26,ok,3,8,5,True,20435,27,77,3,1.175
269,26,ok,13,33,20,True,20520,23,79,13,1.214
270,26,ok,2,10,8,True,20605,16,155,2,1.1951
271,26,ok,16,49,33,True,20690,22,72,16,1.2225
272,26,ok,3,8,5,True,20775,13,75,3,1.2366
273,26,ok,9,25,16,True,20859,26,79,9,1.241
274,26,ok,4,9,5,True,20944,20,78,4,1.2688
275,26,ok,4,11,7,True,21029,12,79,4,1.2455
276,26,ok,6,17,11,True,21114,14,77,6,1.267
277,26,ok,9,18,9,True,21199,30,76,9,1.2624
278,26,ok,3,14,11,True,21284,13,73,3,1.2876
279,26,ok,12,29,17,True,21369,22,75,12,1.2995
280,26,ok,2,6,4,True,21454,10,276,2,1.305
281,26,ok,21,61,40,True,21539,17,79,21,1.3088
282,26,ok,3,7,4,True,21624,21,75,3,1.3754
283,26,ok,8,20,12,True,21709,22,78,8,1.3419
284,26,ok,4,9,5,True,21794,15,75,4,1.3959
285,26,ok,5,14,9,True,21879,9,81,5,1.4052
286,26,ok,6,19,13,True,21965,15,83,6,1.4253
287,26,ok,8,19,11,True,22050,23,73,8,1.4358
288,26,ok,3,7,4,True,22135,21,77,3,1.4568
289,26,ok,13,37,24,True,22225,20,77,13,1.4393
290,26,ok,2,8,6,True,22306,17,151,2,1.4487
291,26,ok,16,33,17,True,22391,18,80,16,1.4609
292,26,ok,3,5,2,True,22476,17,72,3,1.473
293,26,ok,9,24,15,True,22562,27,81,9,1.4979
294,26,ok,4,13,9,True,22650,17,78,4,1.5122
295,26,ok,4,9,5,True,22733,17,84,4,1.4947
296,26,ok,6,15,9,True,22818,20,74,6,1.4989
297,26,ok,9,20,11,True,22904,24,75,9,1.5234
298,26,ok,3,13,10,True,22989,17,75,3,1.5346
299,26,ok,12,31,19,True,23075,19,77,12,1.5492
300,26,ok,2,6,4,True,23161,14,292,2,1.5524
301,26,ok,21,53,32,True,23246,19,80,21,1.5848
302,26,ok,3,8,5,True,23332,18,77,3,1.582
303,26,ok,8,20,12,True,23418,29,77,8,1.6267
304,26,ok,4,12,8,True,23503,15,76,4,1.5989
305,26,ok,5,18,13,True,23589,12,84,5,1.5989
306,26,ok,6,11,5,True,23675,19,82,6,1.6119
307,26,ok,8,25,17,True,23761,28,86,8,1.6164
308,26,ok,3,9,6,True,23847,16,73,3,1.6365
309,26,ok,13,36,23,True,23932,21,75,13,1.7072
310,26,ok,2,6,4,True,24018,12,157,2,1.6757
311,26,ok,16,34,18,True,24104,22,83,16,1.6717
312,26,ok,3,7,4,True,24190,22,79,3,1.6922
313,26,ok,9,21,12,True,24276,24,82,9,1.6881
314,26,ok,4,9,5,True,24362,16,76,4,1.7232
315,26,ok,4,9,5,True,24448,23,83,4,1.7518
316,26,ok,6,14,8,True,24534,15,82,6,1.7713
317,26,ok,9,20,11,True,24620,31,90,9,1.7529
318,26,ok,3,11,8,True,24706,26,83,3,1.7769
319,26,ok,12,27,15,True,24792,27,77,12,1.823
320,26,ok,2,9,7,True,24879,11,292,2,1.7931
321,26,ok,21,60,39,True,24965,17,79,21,1.841
322,26,ok,3,8,5,True,25051,32,84,3,1.8333
323,26,ok,8,16,8,True,25137,26,83,8,1.843
324,26,ok,4,12,8,True,25224,19,72,4,1.8615
325,26,ok,5,14,9,True,25310,19,84,5,1.9209
326,26,ok,6,21,15,True,25400,14,89,6,1.8795
327,26,ok,8,17,9,True,25482,30,76,8,1.902
328,26,ok,3,9,6,True,25569,15,83,3,1.9292
329,26,ok,13,40,27,True,25655,16,80,13,1.9355
330,26,ok,2,7,5,True,25742,13,148,2,1.9391
331,26,ok,16,47,31,True,25828,19,79,16,1.9525
332,26,ok,3,7,4,True,25915,15,78,3,2.0482
333,26,ok,9,27,18,True,26001,26,84,9,2.0093
334,26,ok,4,9,5,True,26088,19,78,4,2.0113
335,26,ok,4,15,11,True,26175,14,91,4,2.0059
336,26,ok,6,12,6,True,26261,14,78,6,2.0331
337,26,ok,9,23,14,True,26347,27,89,9,2.0336
338,26,ok,3,10,7,True,26434,30,76,3,2.0335
339,26,ok,12,25,13,True,26521,22,82,12,2.0615
340,26,ok,2,9,7,True,26607,14,291,2,2.0944
341,26,ok,21,64,43,True,26694,20,84,21,2.1283
342,26,ok,3,5,2,True,26781,17,79,3,2.0881
343,26,ok,8,17,9,True,26867,29,84,8,2.1206
344,26,ok,4,13,9,True,26954,16,88,4,2.1508
345,26,ok,5,23,18,True,27041,18,95,5,2.1526
346,26,ok,6,15,9,True,27128,21,81,6,2.1797
347,26,ok,8,19,11,True,27215,30,84,8,2.1759
348,26,ok,3,6,3,True,27301,17,79,3,2.2135
349,26,ok,13,30,17,True,27388,20,83,13,2.2671
350,26,ok,2,5,3,True,27475,9,154,2,2.2416
351,26,ok,16,42,26,True,27562,31,80,16,2.2417
352,26,ok,3,12,9,True,27650,34,81,3,2.2828
353,26,ok,9,23,14,True,27736,28,81,9,2.2943
354,26,ok,4,15,11,True,27825,11,75,4,2.2665
355,26,ok,4,11,7,True,27910,17,90,4,2.2924
356,26,ok,6,17,11,True,28000,16,86,6,2.3248
357,26,ok,9,18,9,True,28084,27,81,9,2.3316
358,26,ok,3,6,3,True,28171,17,86,3,2.3621
359,26,ok,12,31,19,True,28259,19,82,12,2.3735
360,26,ok,2,5,3,True,28346,19,287,2,2.3844
361,26,ok,21,56,35,True,28433,18,93,21,2.398
362,26,ok,3,7,4,True,28520,27,84,3,2.4552
363,26,ok,8,20,12,True,28607,26,80,8,2.4446
364,26,ok,4,14,10,True,28695,15,77,4,2.4746
365,26,ok,5,12,7,True,28782,11,91,5,2.5157
366,26,ok,6,20,14,True,28869,16,77,6,2.4605
367,26,ok,8,17,9,True,28956,30,84,8,2.4846
368,26,ok,3,11,8,True,29044,22,82,3,2.5003
369,26,ok,13,29,16,True,29131,24,87,13,2.5208
370,26,ok,2,8,6,True,29218,12,153,2,2.5744
371,26,ok,16,43,27,True,29306,20,80,16,2.5715
372,26,ok,3,7,4,True,29393,21,79,3,2.6315
373,26,ok,9,27,18,True,29481,30,88,9,2.5849
374,26,ok,4,13,9,True,29568,18,83,4,2.6068
375,26,ok,4,10,6,True,29656,18,96,4,2.6249
376,26,ok,6,19,13,True,29743,17,81,6,2.694
377,26,ok,9,25,16,True,29831,29,82,9,2.6552
378,26,ok,3,7,4,True,29918,21,85,3,2.7388
379,26,ok,12,31,19,True,30006,28,84,12,2.6722
380,26,ok,2,6,4,True,30094,19,305,2,2.7266
381,26,ok,21,55,34,True,30181,18,88,21,2.7286
382,26,ok,3,7,4,True,30269,21,79,3,2.7812
383,26,ok,8,19,11,True,30356,36,84,8,2.7523
384,26,ok,4,7,3,True,30444,24,86,4,2.768
385,26,ok,5,9,4,True,30532,14,94,5,2.7844
386,26,ok,6,23,17,True,30620,15,81,6,2.8406
387,26,ok,8,20,12,True,30707,41,80,8,2.8514
388,26,ok,3,11,8,True,30795,27,90,3,2.8532
389,26,ok,13,35,22,True,30883,19,87,13,2.9114
390,26,ok,2,5,3,True,30971,12,156,2,2.8687
391,26,ok,16,40,24,True,31059,21,79,16,2.8809
392,26,ok,3,8,5,True,31146,16,91,3,2.9007
393,26,ok,9,17,8,True,31234,39,81,9,2.939
394,26,ok,4,8,4,True,31325,20,75,4,2.9674
395,26,ok,4,11,7,True,31410,18,92,4,2.9911
396,26,ok,6,15,9,True,31500,17,80,6,2.991
397,26,ok,9,21,12,True,31586,31,80,9,3.0989
398,26,ok,3,9,6,True,31675,18,87,3,3.0205
399,26,ok,12,33,21,True,31762,29,79,12,3.0691
400,26,ok,2,7,5,True,31850,12,295,2,3.1102
401,26,ok,21,56,35,True,31938,19,82,21,3.0738
402,26,ok,3,9,6,True,32026,21,82,3,3.0738
403,26,ok,8,17,9,True,32114,31,87,8,3.1186
404,26,ok,4,9,5,True,32203,16,85,4,3.134
405,26,ok,5,14,9,True,32291,17,99,5,3.2293
406,26,ok,6,21,15,True,32379,21,83,6,3.1917
407,26,ok,8,18,10,True,32467,32,89,8,3.3857
408,26,ok,3,7,4,True,32555,20,82,3,3.5687
409,26,ok,13,34,21,True,32643,26,85,13,4.1918
410,26,ok,2,7,5,True,32732,15,167,2,4.7209
411,26,ok,16,36,20,True,32820,23,90,16,5.2364
412,26,ok,3,10,7,True,32908,14,95,3,5.4272
413,26,ok,9,23,14,True,33000,35,84,9,5.2682
414,26,ok,4,8,4,True,33085,20,87,4,5.0771
415,26,ok,4,14,10,True,33175,12,85,4,4.4887
416,26,ok,6,15,9,True,33262,19,81,6,4.002
417,26,ok,9,29,20,True,33350,39,92,9,3.5753
418,26,ok,3,9,6,True,33438,20,87,3,3.4468
419,26,ok,12,31,19,True,33527,21,82,12,3.4426
420,26,ok,2,5,3,True,33615,16,309,2,3.4545
421,26,ok,21,61,40,True,33704,17,93,21,3.4796
422,26,ok,3,7,4,True,33792,18,88,3,3.5602
423,26,ok,8,22,14,True,33881,26,79,8,3.5401
424,26,ok,4,11,7,True,33969,22,89,4,3.5894
425,26,ok,5,17,12,True,34058,18,92,5,3.5857
426,26,ok,6,12,6,True,34146,13,94,6,3.5995
427,26,ok,8,18,10,True,34235,29,86,8,3.5701
428,26,ok,3,10,7,True,34324,21,84,3,3.9795
429,26,ok,13,35,22,True,34412,24,85,13,4.0354
430,26,ok,2,10,8,True,34501,13,165,2,3.9505
431,26,ok,16,46,30,True,34589,32,82,16,4.0776
432,26,ok,3,8,5,True,34678,26,87,3,4.0305
433,26,ok,9,25,16,True,34767,42,82,9,4.0073
434,26,ok,4,8,4,True,34856,22,77,4,3.788
435,26,ok,4,13,9,True,34944,20,91,4,3.7644
436,26,ok,6,23,17,True,35033,14,82,6,3.7762
437,26,ok,9,27,18,True,35122,24,83,9,3.9257
438,26,ok,3,10,7,True,35211,31,84,3,3.8148
439,26,ok,12,32,20,True,35300,21,88,12,3.8274
440,26,ok,2,10,8,True,35388,12,320,2,3.8475
441,26,ok,21,44,23,True,35477,22,86,21,3.8804
442,26,ok,3,11,8,True,35566,23,84,3,3.9768
443,26,ok,8,26,18,True,35655,27,80,8,3.9379
444,26,ok,4,11,7,True,35744,17,101,4,3.9121
445,26,ok,5,11,6,True,35833,17,89,5,3.9461
446,26,ok,6,21,15,True,35925,19,81,6,3.9782
447,26,ok,8,21,13,True,36011,25,94,8,4.0034
448,26,ok,3,9,6,True,36100,19,83,3,4.2046
449,26,ok,13,31,18,True,36189,39,88,13,4.0844
450,26,ok,2,7,5,True,36278,19,159,2,4.0498
451,26,ok,16,47,31,True,36367,21,87,16,4.0831
452,26,ok,3,9,6,True,36456,28,88,3,4.1304
453,26,ok,9,24,15,True,36545,25,82,9,4.1836
454,26,ok,4,10,6,True,36634,24,86,4,4.2513
455,26,ok,4,17,13,True,36723,16,100,4,4.1873
456,26,ok,6,15,9,True,36812,13,95,6,4.1944
457,26,ok,9,23,14,True,36901,26,82,9,4.2307
458,26,ok,3,8,5,True,36991,29,86,3,4.2629
459,26,ok,12,31,19,True,37080,25,88,12,4.3003
460,26,ok,2,5,3,True,37169,18,313,2,4.3275
461,26,ok,21,56,35,True,37258,16,90,21,4.3318
462,26,ok,3,10,7,True,37350,30,91,3,4.3432
463,26,ok,8,17,9,True,37437,43,81,8,4.3561
464,26,ok,4,9,5,True,37526,19,99,4,4.3616
465,26,ok,5,16,11,True,37615,16,90,5,4.4285
466,26,ok,6,11,5,True,37705,20,84,6,4.4396
467,26,ok,8,16,8,True,37794,38,85,8,4.4439
468,26,ok,3,8,5,True,37883,31,86,3,4.4183
469,26,ok,13,32,19,True,37973,24,91,13,4.4706
470,26,ok,2,5,3,True,38062,11,179,2,4.5259
471,26,ok,16,37,21,True,38151,30,97,16,4.5911
472,26,ok,3,6,3,True,38241,29,85,3,4.6629
473,26,ok,9,22,13,True,38330,29,89,9,4.6906
474,26,ok,4,9,5,True,38420,24,89,4,4.6676
475,26,ok,4,9,5,True,38509,21,90,4,4.7139
476,26,ok,6,21,15,True,38600,18,80,6,4.7614
477,26,ok,9,23,14,True,38688,39,84,9,4.8539
478,26,ok,3,10,7,True,38778,17,93,3,4.8251
479,26,ok,12,28,16,True,38867,26,89,12,4.8298
480,26,ok,2,9,7,True,38957,14,314,2,4.836
481,26,ok,21,61,40,True,39047,25,90,21,4.8523
482,26,ok,3,10,7,True,39136,30,89,3,4.8665
483,26,ok,8,18,10,True,39226,34,84,8,4.8773
484,26,ok,4,9,5,True,39315,22,90,4,4.8914
486,26,ok,6,17,11,True,39495,23,85,6,4.9123
485,26,ok,5,21,16,True,39405,24,93,5,5.0597
487,26,ok,8,23,15,True,39584,40,92,8,4.9385
488,26,ok,3,10,7,True,39675,21,85,3,4.9482
489,26,ok,13,29,16,True,39764,34,95,13,5.1492
490,26,ok,2,8,6,True,39854,21,161,2,5.0608
491,26,ok,16,42,26,True,39943,26,92,16,5.0682
492,26,ok,3,6,3,True,40033,28,87,3,5.1357
493,26,ok,9,22,13,True,40125,25,91,9,5.1728
494,26,ok,4,13,9,True,40213,25,91,4,5.114
495,26,ok,4,15,11,True,40303,15,94,4,5.3825
1,27,ok,26,26,0,True,59,2,3,26,0.0003
2,27,ok,6,6,0,True,99,4,8,6,0.0004
3,27,ok,8,11,3,True,144,4,13,8,0.0006
4,27,ok,8,15,7,True,192,3,18,8,0.0009
5,27,ok,18,30,12,True,243,5,6,18,0.001
6,27,ok,4,9,5,True,296,4,27,4,0.0013
7,27,ok,20,34,14,True,350,7,7,20,0.0018
8,27,ok,6,12,6,True,405,4,18,6,0.002
9,27,ok,10,17,7,True,462,5,17,10,0.0023
10,27,ok,8,19,11,True,520,5,12,8,0.0029
11,27,ok,16,36,20,True,578,8,8,16,0.0033
12,27,ok,4,9,5,True,638,5,46,4,0.0039
13,27,ok,26,47,21,True,698,7,8,26,0.0044
14,27,ok,6,13,7,True,759,11,15,6,0.0049
15,27,ok,8,17,9,True,820,8,21,8,0.0056
16,27,ok,8,17,9,True,884,6,26,8,0.0063
17,27,ok,18,39,21,True,945,10,10,18,0.0072
18,27,ok,4,13,9,True,1009,6,34,4,0.0078
19,27,ok,20,39,19,True,1072,10,9,20,0.0085
20,27,ok,6,16,10,True,1136,7,27,6,0.0095
21,27,ok,10,27,17,True,1201,6,20,10,0.0101
22,27,ok,8,21,13,True,1266,8,16,8,0.0108
23,27,ok,16,37,21,True,1332,12,11,16,0.0078
24,27,ok,4,9,5,True,1398,8,62,4,0.0077
25,27,ok,26,61,35,True,1464,11,11,26,0.0082
26,27,ok,6,15,9,True,1534,9,16,6,0.0092
27,27,ok,8,15,7,True,1598,12,26,8,0.0154
28,27,ok,8,20,12,True,1665,10,30,8,0.0171
29,27,ok,18,43,25,True,1732,11,11,18,0.0183
30,27,ok,4,10,6,True,1800,9,38,4,0.0195
31,27,ok,20,41,21,True,1869,12,10,20,0.0207
32,27,ok,6,15,9,True,1937,12,28,6,0.022
33,27,ok,10,20,10,True,2006,10,22,10,0.0235
34,27,ok,8,25,17,True,2075,11,18,8,0.0251
35,27,ok,16,34,18,True,2144,14,10,16,0.0265
36,27,ok,4,10,6,True,2214,8,77,4,0.0282
37,27,ok,26,66,40,True,2284,10,12,26,0.0299
38,27,ok,6,20,14,True,2354,11,20,6,0.0313
39,27,ok,8,18,10,True,2424,18,26,8,0.0321
40,27,ok,8,18,10,True,2496,13,32,8,0.0339
41,27,ok,18,39,21,True,2565,21,11,18,0.0358
42,27,ok,4,10,6,True,2636,8,47,4,0.0375
43,27,ok,20,44,24,True,2708,15,12,20,0.0393
44,27,ok,6,16,10,True,2779,10,28,6,0.0412
45,27,ok,10,22,12,True,2850,11,32,10,0.0426
46,27,ok,8,20,12,True,2922,11,19,8,0.045
47,27,ok,16,37,21,True,2994,17,13,16,0.0473
48,27,ok,4,11,7,True,3066,7,76,4,0.0494
49,27,ok,26,65,39,True,3139,11,12,26,0.0518
50,27,ok,6,12,6,True,3211,22,19,6,0.0543
51,27,ok,8,21,13,True,3284,16,28,8,0.0486
52,27,ok,8,25,17,True,3357,10,31,8,0.0372
53,27,ok,18,39,21,True,3432,20,12,18,0.0529
54,27,ok,4,7,3,True,3503,14,44,4,0.0642
55,27,ok,20,48,28,True,3577,17,12,20,0.0667
56,27,ok,6,16,10,True,3650,16,40,6,0.0696
57,27,ok,10,26,16,True,3724,13,31,10,0.0721
58,27,ok,8,26,18,True,3798,11,25,8,0.0752
59,27,ok,16,37,21,True,3874,15,12,16,0.077
60,27,ok,4,10,6,True,3946,11,88,4,0.0806
496,26,ok,6,15,9,True,40392,19,88,6,6.0273
61,27,ok,26,74,48,True,4020,12,16,26,0.0831
62,27,ok,6,22,16,True,4094,16,22,6,0.0837
63,27,ok,8,24,16,True,4169,11,30,8,0.0902
64,27,ok,8,26,18,True,4244,15,36,8,0.0807
65,27,ok,18,51,33,True,4319,24,12,18,0.0969
66,27,ok,4,8,4,True,4394,9,55,4,0.0953
67,27,ok,20,54,34,True,4469,15,13,20,0.1023
68,27,ok,6,15,9,True,4544,11,38,6,0.1005
69,27,ok,10,27,17,True,4619,14,30,10,0.1061
70,27,ok,8,26,18,True,4695,12,19,8,0.1
71,27,ok,16,37,21,True,4771,19,15,16,0.1207
72,27,ok,4,13,9,True,4846,11,91,4,0.1134
73,27,ok,26,74,48,True,4922,17,15,26,0.1307
74,27,ok,6,14,8,True,4998,17,21,6,0.1225
75,27,ok,8,18,10,True,5074,18,32,8,0.1188
76,27,ok,8,25,17,True,5151,13,34,8,0.126
497,26,ok,9,24,15,True,40482,26,90,9,6.421
77,27,ok,18,43,25,True,5227,17,13,18,0.1337
78,27,ok,4,11,7,True,5304,8,49,4,0.1189
79,27,ok,20,48,28,True,5382,20,14,20,0.1289
80,27,ok,6,16,10,True,5460,15,37,6,0.1436
81,27,ok,10,29,19,True,5534,12,31,10,0.1442
82,27,ok,8,26,18,True,5611,21,20,8,0.1496
83,27,ok,16,37,21,True,5688,21,16,16,0.1552
84,27,ok,4,13,9,True,5765,16,92,4,0.1586
498,26,ok,3,15,12,True,40572,34,95,3,6.7256
85,27,ok,26,83,57,True,5842,21,15,26,0.1615
86,27,ok,6,15,9,True,5919,21,20,6,0.1679
87,27,ok,8,25,17,True,5997,13,32,8,0.1707
88,27,ok,8,25,17,True,6074,14,38,8,0.1743
89,27,ok,18,45,27,True,6152,23,16,18,0.1785
90,27,ok,4,14,10,True,6230,12,61,4,0.1847
91,27,ok,20,55,35,True,6307,20,15,20,0.1882
92,27,ok,6,15,9,True,6385,14,37,6,0.1864
93,27,ok,10,26,16,True,6463,17,33,10,0.1979
94,27,ok,8,29,21,True,6542,15,21,8,0.2028
95,27,ok,16,45,29,True,6620,23,14,16,0.2038
96,27,ok,4,16,12,True,6698,8,94,4,0.2106
97,27,ok,26,71,45,True,6777,21,13,26,0.2095
98,27,ok,6,15,9,True,6855,16,25,6,0.2058
99,27,ok,8,23,15,True,6934,25,35,8,0.2291
100,27,ok,8,24,16,True,7012,16,37,8,0.2078
101,27,ok,18,49,31,True,7091,21,15,18,0.2301
102,27,ok,4,17,13,True,7170,12,54,4,0.244
103,27,ok,20,47,27,True,7249,20,15,20,0.2483
104,27,ok,6,20,14,True,7328,14,40,6,0.2529
105,27,ok,10,24,14,True,7407,13,35,10,0.2608
106,27,ok,8,32,24,True,7488,14,21,8,0.2655
107,27,ok,16,46,30,True,7566,25,20,16,0.2714
108,27,ok,4,19,15,True,7645,13,94,4,0.2623
109,27,ok,26,67,41,True,7724,19,16,26,0.2827
110,27,ok,6,15,9,True,7804,16,24,6,0.2854
112,27,ok,8,32,24,True,7963,18,40,8,0.2169
111,27,ok,8,25,17,True,7883,17,30,8,0.2913
499,26,ok,12,33,21,True,40662,31,97,12,7.291
113,27,ok,18,39,21,True,8043,26,14,18,0.2938
114,27,ok,4,15,11,True,8122,13,56,4,0.2803
115,27,ok,20,47,27,True,8202,25,16,20,0.2908
116,27,ok,6,15,9,True,8282,22,39,6,0.3237
118,27,ok,8,28,20,True,8442,16,25,8,0.3027
117,27,ok,10,26,16,True,8362,14,36,10,0.334
119,27,ok,16,39,23,True,8523,24,15,16,0.3337
120,27,ok,4,17,13,True,8603,10,97,4,0.3387
121,27,ok,26,67,41,True,8684,18,17,26,0.3478
122,27,ok,6,13,7,True,8764,21,28,6,0.3578
123,27,ok,8,18,10,True,8844,19,33,8,0.369
124,27,ok,8,23,15,True,8925,13,41,8,0.2974
125,27,ok,18,51,33,True,9005,18,15,18,0.3039
126,27,ok,4,11,7,True,9086,18,56,4,0.3856
127,27,ok,20,42,22,True,9167,23,14,20,0.3829
129,27,ok,10,37,27,True,9329,20,33,10,0.4008
128,27,ok,6,21,15,True,9248,21,40,6,0.4075
130,27,ok,8,25,17,True,9410,18,27,8,0.4072
131,27,ok,16,39,23,True,9491,27,16,16,0.4165
132,27,ok,4,14,10,True,9572,15,100,4,0.4267
133,27,ok,26,75,49,True,9653,19,17,26,0.4335
134,27,ok,6,19,13,True,9734,23,27,6,0.4366
135,27,ok,8,28,20,True,9815,18,35,8,0.3755
136,27,ok,8,27,19,True,9897,19,45,8,0.4574
137,27,ok,18,43,25,True,9978,30,15,18,0.4571
500,26,ok,2,6,4,True,40752,22,317,2,8.1257
138,27,ok,4,15,11,True,10060,21,63,4,0.4698
139,27,ok,20,51,31,True,10141,27,16,20,0.4698
140,27,ok,6,20,14,True,10223,16,43,6,0.4826
141,27,ok,10,31,21,True,10305,17,38,10,0.4936
142,27,ok,8,27,19,True,10386,19,25,8,0.4183
145,27,ok,26,81,55,True,10634,23,16,26,0.4653
144,27,ok,4,13,9,True,10550,10,100,4,0.5059
143,27,ok,16,46,30,True,10468,22,18,16,0.5277
146,27,ok,6,19,13,True,10714,20,25,6,0.5344
147,27,ok,8,20,12,True,10796,22,34,8,0.5558
148,27,ok,8,26,18,True,10878,14,45,8,0.5437
149,27,ok,18,47,29,True,10960,18,15,18,0.4675
151,27,ok,20,67,47,True,11125,29,15,20,0.496
150,27,ok,4,11,7,True,11042,21,56,4,0.5584
152,27,ok,6,18,12,True,11207,18,44,6,0.5813
153,27,ok,10,26,16,True,11290,20,36,10,0.6037
154,27,ok,8,26,18,True,11372,19,25,8,0.5984
155,27,ok,16,42,26,True,11454,29,16,16,0.6018
156,27,ok,4,15,11,True,11537,12,114,4,0.6045
157,27,ok,26,76,50,True,11622,21,16,26,0.6166
158,27,ok,6,18,12,True,11702,16,27,6,0.6265
160,27,ok,8,22,14,True,11868,18,47,8,0.5328
159,27,ok,8,28,20,True,11785,21,38,8,0.646
162,27,ok,4,14,10,True,12034,18,62,4,0.5219
161,27,ok,18,48,30,True,11951,36,16,18,0.6063
163,27,ok,20,58,38,True,12117,24,18,20,0.6691
164,27,ok,6,15,9,True,12200,18,46,6,0.6812
165,27,ok,10,30,20,True,12283,26,34,10,0.6881
166,27,ok,8,26,18,True,12366,17,28,8,0.6954
168,27,ok,4,11,7,True,12532,14,112,4,0.6696
167,27,ok,16,44,28,True,12449,26,18,16,0.7053
169,27,ok,26,72,46,True,12615,19,24,26,0.7021
170,27,ok,6,18,12,True,12699,25,25,6,0.7023
172,27,ok,8,25,17,True,12870,16,42,8,0.6844
171,27,ok,8,26,18,True,12782,23,36,8,0.7609
173,27,ok,18,44,26,True,12949,30,17,18,0.6675
174,27,ok,4,14,10,True,13032,23,61,4,0.8107
175,27,ok,20,57,37,True,13116,23,16,20,0.7885
176,27,ok,6,15,9,True,13200,21,43,6,0.79
177,27,ok,10,27,17,True,13286,20,38,10,0.6918
178,27,ok,8,26,18,True,13367,22,28,8,0.7712
179,27,ok,16,44,28,True,13451,28,18,16,0.8104
180,27,ok,4,12,8,True,13535,18,118,4,0.7338
181,27,ok,26,71,45,True,13619,27,16,26,0.8469
182,27,ok,6,17,11,True,13702,30,31,6,0.8582
183,27,ok,8,23,15,True,13786,21,37,8,0.812
184,27,ok,8,24,16,True,13870,15,45,8,0.863
185,27,ok,18,51,33,True,13954,33,18,18,0.8549
186,27,ok,4,14,10,True,14040,12,67,4,0.8137
187,27,ok,20,66,46,True,14123,26,19,20,0.9156
188,27,ok,6,16,10,True,14207,20,49,6,0.9262
189,27,ok,10,34,24,True,14291,21,34,10,0.9705
190,27,ok,8,30,22,True,14378,19,27,8,0.9394
191,27,ok,16,47,31,True,14460,27,16,16,0.9618
192,27,ok,4,11,7,True,14544,16,115,4,0.9275
193,27,ok,26,79,53,True,14629,25,17,26,0.8995
194,27,ok,6,19,13,True,14713,17,25,6,0.9991
195,27,ok,8,25,17,True,14798,21,35,8,1.0041
196,27,ok,8,32,24,True,14882,20,46,8,0.9932
198,27,ok,4,13,9,True,15051,14,75,4,0.9813
197,27,ok,18,57,39,True,14967,21,17,18,1.0217
199,27,ok,20,56,36,True,15136,26,17,20,1.0448
200,27,ok,6,20,14,True,15221,19,45,6,1.0382
201,27,ok,10,28,18,True,15306,19,43,10,1.0716
202,27,ok,8,28,20,True,15390,16,27,8,1.0917
204,27,ok,4,16,12,True,15560,19,115,4,1.0803
203,27,ok,16,46,30,True,15475,27,17,16,1.1137
205,27,ok,26,76,50,True,15645,24,17,26,1.1215
206,27,ok,6,15,9,True,15730,19,29,6,1.1185
207,27,ok,8,20,12,True,15815,29,37,8,1.1568
208,27,ok,8,21,13,True,15900,22,48,8,1.1411
209,27,ok,18,46,28,True,15985,20,16,18,1.1716
210,27,ok,4,12,8,True,16071,13,72,4,1.1689
211,27,ok,20,61,41,True,16156,31,17,20,1.188
212,27,ok,6,16,10,True,16241,24,46,6,1.1724
213,27,ok,10,29,19,True,16326,15,41,10,1.1384
214,27,ok,8,23,15,True,16412,23,28,8,1.202
216,27,ok,4,15,11,True,16582,21,115,4,1.1744
215,27,ok,16,40,24,True,16497,30,17,16,1.2039
217,27,ok,26,89,63,True,16668,20,19,26,1.2167
218,27,ok,6,16,10,True,16753,20,27,6,1.2248
219,27,ok,8,29,21,True,16839,22,37,8,1.2817
220,27,ok,8,22,14,True,16926,19,52,8,1.1896
221,27,ok,18,55,37,True,17010,30,17,18,1.2396
222,27,ok,4,16,12,True,17096,17,60,4,1.309
223,27,ok,20,48,28,True,17181,28,18,20,1.2697
224,27,ok,6,22,16,True,17267,21,52,6,1.2682
225,27,ok,10,34,24,True,17353,16,38,10,1.3756
226,27,ok,8,23,15,True,17439,18,29,8,1.3291
227,27,ok,16,43,27,True,17524,26,21,16,1.4222
228,27,ok,4,19,15,True,17610,16,117,4,1.4352
229,27,ok,26,85,59,True,17696,27,21,26,1.391
230,27,ok,6,18,12,True,17784,26,29,6,1.4829
232,27,ok,8,26,18,True,17954,19,50,8,1.3979
231,27,ok,8,21,13,True,17868,22,43,8,1.4339
233,27,ok,18,48,30,True,18040,29,18,18,1.5046
234,27,ok,4,9,5,True,18126,22,67,4,1.4944
235,27,ok,20,63,43,True,18213,25,18,20,1.52
236,27,ok,6,16,10,True,18299,24,45,6,1.6121
237,27,ok,10,31,21,True,18385,22,39,10,1.5676
238,27,ok,8,28,20,True,18471,22,29,8,1.5688
239,27,ok,16,47,31,True,18557,34,19,16,1.548
240,27,ok,4,14,10,True,18644,15,120,4,1.5964
241,27,ok,26,78,52,True,18730,24,17,26,1.6159
242,27,ok,6,25,19,True,18817,15,29,6,1.6434
243,27,ok,8,28,20,True,18903,24,34,8,1.5728
244,27,ok,8,27,19,True,18989,19,55,8,1.621
245,27,ok,18,50,32,True,19076,30,21,18,1.669
246,27,ok,4,13,9,True,19162,23,67,4,1.6949
247,27,ok,20,57,37,True,19249,32,18,20,1.7118
248,27,ok,6,23,17,True,19336,19,50,6,1.7235
249,27,ok,10,26,16,True,19422,21,37,10,1.6146
250,27,ok,8,31,23,True,19509,21,28,8,1.6764
251,27,ok,16,43,27,True,19596,23,21,16,1.6743
252,27,ok,4,11,7,True,19682,21,120,4,1.7639
253,27,ok,26,78,52,True,19769,22,18,26,1.7879
254,27,ok,6,15,9,True,19856,17,28,6,1.7305
255,27,ok,8,25,17,True,19943,22,41,8,1.7484
256,27,ok,8,23,15,True,20030,20,51,8,1.8299
257,27,ok,18,47,29,True,20117,32,19,18,1.881
258,27,ok,4,14,10,True,20204,15,71,4,1.797
259,27,ok,20,40,20,True,20291,38,16,20,1.7703
260,27,ok,6,22,16,True,20378,34,54,6,1.9084
261,27,ok,10,35,25,True,20465,22,39,10,1.8892
262,27,ok,8,23,15,True,20552,24,33,8,1.9818
264,27,ok,4,12,8,True,20726,18,137,4,1.7818
263,27,ok,16,39,23,True,20639,30,19,16,1.9613
265,27,ok,26,75,49,True,20813,31,18,26,1.9579
266,27,ok,6,22,16,True,20900,26,31,6,2.0274
267,27,ok,8,22,14,True,20988,26,47,8,1.9752
268,27,ok,8,23,15,True,21075,21,51,8,2.0776
269,27,ok,18,54,36,True,21164,29,18,18,1.9725
270,27,ok,4,14,10,True,21250,21,68,4,2.0411
271,27,ok,20,59,39,True,21337,25,16,20,2.0883
272,27,ok,6,19,13,True,21424,19,50,6,2.1085
273,27,ok,10,25,15,True,21512,22,42,10,2.0805
274,27,ok,8,23,15,True,21599,20,29,8,2.1125
275,27,ok,16,43,27,True,21687,28,18,16,2.1731
276,27,ok,4,13,9,True,21774,16,137,4,2.1793
277,27,ok,26,89,63,True,21862,24,17,26,2.0979
278,27,ok,6,23,17,True,21949,23,31,6,2.1981
279,27,ok,8,31,23,True,22037,28,43,8,2.2245
280,27,ok,8,28,20,True,22126,20,54,8,2.1915
281,27,ok,18,48,30,True,22212,29,18,18,2.2483
282,27,ok,4,14,10,True,22300,19,65,4,2.269
283,27,ok,20,58,38,True,22388,29,22,20,2.2303
284,27,ok,6,17,11,True,22476,25,50,6,2.3001
285,27,ok,10,33,23,True,22564,23,41,10,2.2979
286,27,ok,8,29,21,True,22651,25,28,8,2.333
287,27,ok,16,42,26,True,22739,29,17,16,2.2231
288,27,ok,4,9,5,True,22827,15,122,4,2.4006
289,27,ok,26,92,66,True,22915,26,19,26,2.242
290,27,ok,6,14,8,True,23003,21,29,6,2.473
291,27,ok,8,21,13,True,23091,20,37,8,2.4444
292,27,ok,8,27,19,True,23179,21,53,8,2.428
293,27,ok,18,48,30,True,23270,25,18,18,2.5099
294,27,ok,4,11,7,True,23355,18,71,4,2.4654
295,27,ok,20,56,36,True,23443,28,18,20,2.5336
296,27,ok,6,19,13,True,23531,22,51,6,2.5542
297,27,ok,10,31,21,True,23620,21,38,10,2.6449
298,27,ok,8,25,17,True,23708,24,29,8,2.5801
299,27,ok,16,43,27,True,23796,47,19,16,2.6464
300,27,ok,4,13,9,True,23884,22,131,4,2.6415
301,27,ok,26,77,51,True,23973,28,21,26,2.6751
302,27,ok,6,24,18,True,24061,23,29,6,2.6502
303,27,ok,8,26,18,True,24149,21,42,8,2.7063
304,27,ok,8,28,20,True,24238,17,52,8,2.6662
305,27,ok,18,54,36,True,24326,40,20,18,2.623
306,27,ok,4,14,10,True,24414,18,68,4,2.6983
307,27,ok,20,57,37,True,24503,28,23,20,2.7523
308,27,ok,6,19,13,True,24591,23,50,6,2.7786
309,27,ok,10,36,26,True,24680,20,42,10,2.8249
310,27,ok,8,22,14,True,24768,37,32,8,2.8318
311,27,ok,16,51,35,True,24857,42,19,16,2.7016
312,27,ok,4,13,9,True,24946,18,129,4,2.8754
313,27,ok,26,91,65,True,25034,25,20,26,2.8272
314,27,ok,6,15,9,True,25123,19,28,6,2.9434
315,27,ok,8,21,13,True,25212,30,41,8,2.8609
316,27,ok,8,23,15,True,25300,25,56,8,2.979
317,27,ok,18,55,37,True,25389,27,17,18,2.9617
318,27,ok,4,9,5,True,25478,28,78,4,3.0109
319,27,ok,20,63,43,True,25567,35,18,20,3.0339
320,27,ok,6,19,13,True,25655,24,48,6,3.0686
321,27,ok,10,33,23,True,25744,24,45,10,3.1066
322,27,ok,8,28,20,True,25833,23,31,8,3.0794
323,27,ok,16,40,24,True,25922,33,18,16,3.1135
324,27,ok,4,12,8,True,26011,24,122,4,3.0797
325,27,ok,26,72,46,True,26100,31,19,26,3.1009
326,27,ok,6,16,10,True,26189,26,29,6,3.1402
327,27,ok,8,29,21,True,26278,21,39,8,3.2179
328,27,ok,8,24,16,True,26367,23,50,8,3.2097
329,27,ok,18,48,30,True,26456,29,19,18,3.3031
330,27,ok,4,13,9,True,26546,17,69,4,3.1785
331,27,ok,20,57,37,True,26634,33,19,20,3.1713
332,27,ok,6,18,12,True,26723,28,53,6,3.3189
333,27,ok,10,24,14,True,26812,31,46,10,3.3767
334,27,ok,8,33,25,True,26902,17,32,8,3.4073
335,27,ok,16,51,35,True,26991,29,21,16,3.4727
336,27,ok,4,9,5,True,27080,25,136,4,3.4136
337,27,ok,26,68,42,True,27169,28,22,26,3.446
338,27,ok,6,16,10,True,27259,27,31,6,3.467
339,27,ok,8,32,24,True,27348,30,42,8,3.5352
340,27,ok,8,30,22,True,27437,24,51,8,3.4058
341,27,ok,18,51,33,True,27527,30,18,18,3.5114
342,27,ok,4,11,7,True,27616,24,74,4,3.6067
343,27,ok,20,57,37,True,27706,28,20,20,3.5595
344,27,ok,6,22,16,True,27795,21,57,6,3.6276
345,27,ok,10,35,25,True,27884,27,40,10,3.5817
346,27,ok,8,25,17,True,27976,23,29,8,3.6977
347,27,ok,16,47,31,True,28063,30,19,16,3.6553
348,27,ok,4,16,12,True,28153,24,141,4,3.7818
349,27,ok,26,86,60,True,28243,31,20,26,3.6787
350,27,ok,6,20,14,True,28332,33,39,6,3.7675
351,27,ok,8,24,16,True,28422,32,39,8,3.7249
352,27,ok,8,27,19,True,28511,16,56,8,3.8644
353,27,ok,18,49,31,True,28601,31,20,18,3.955
354,27,ok,4,16,12,True,28691,31,73,4,3.7716
355,27,ok,20,62,42,True,28782,30,21,20,3.7897
356,27,ok,6,19,13,True,28870,22,49,6,3.8563
357,27,ok,10,26,16,True,28960,30,42,10,3.7683
358,27,ok,8,26,18,True,29050,28,33,8,4.012
359,27,ok,16,52,36,True,29140,27,19,16,4.0509
360,27,ok,4,11,7,True,29229,28,129,4,3.8834
361,27,ok,26,82,56,True,29319,29,17,26,4.0759
362,27,ok,6,20,14,True,29409,28,36,6,4.0892
363,27,ok,8,24,16,True,29499,26,42,8,3.9176
364,27,ok,8,25,17,True,29589,20,54,8,4.1756
365,27,ok,18,45,27,True,29679,31,20,18,4.1226
366,27,ok,4,16,12,True,29770,18,77,4,4.2283
367,27,ok,20,61,41,True,29859,28,20,20,4.181
368,27,ok,6,20,14,True,29952,30,57,6,4.2557
369,27,ok,10,27,17,True,30039,26,41,10,4.2241
370,27,ok,8,33,25,True,30129,25,35,8,4.238
371,27,ok,16,53,37,True,30219,40,21,16,4.2675
372,27,ok,4,15,11,True,30309,27,133,4,4.2739
373,27,ok,26,86,60,True,30399,22,21,26,4.1782
374,27,ok,6,21,15,True,30490,28,31,6,4.2531
375,27,ok,8,25,17,True,30580,36,46,8,4.2335
376,27,ok,8,31,23,True,30670,28,59,8,4.5027
377,27,ok,18,53,35,True,30760,37,18,18,4.2698
378,27,ok,4,12,8,True,30851,19,81,4,4.5982
379,27,ok,20,52,32,True,30941,32,18,20,4.6812
381,27,ok,10,34,24,True,31122,24,43,10,4.5409
380,27,ok,6,22,16,True,31031,26,55,6,4.5753
382,27,ok,8,22,14,True,31212,27,32,8,4.4977
383,27,ok,16,47,31,True,31302,31,20,16,4.6051
384,27,ok,4,15,11,True,31393,26,135,4,4.8222
385,27,ok,26,90,64,True,31483,26,19,26,4.6712
387,27,ok,8,29,21,True,31664,24,48,8,4.6686
386,27,ok,6,21,15,True,31573,27,34,6,4.6986
388,27,ok,8,26,18,True,31754,23,57,8,5.0136
389,27,ok,18,54,36,True,31845,34,21,18,4.8144
390,27,ok,4,13,9,True,31935,20,78,4,4.7151
391,27,ok,20,57,37,True,32026,32,20,20,4.6849
392,27,ok,6,19,13,True,32117,23,52,6,4.8008
393,27,ok,10,29,19,True,32207,20,43,10,5.0158
394,27,ok,8,32,24,True,32298,21,29,8,4.8479
395,27,ok,16,42,26,True,32388,35,19,16,4.9699
396,27,ok,4,10,6,True,32479,28,143,4,5.0189
397,27,ok,26,81,55,True,32570,28,19,26,5.023
398,27,ok,6,25,19,True,32660,23,34,6,5.2434
399,27,ok,8,26,18,True,32751,48,44,8,5.19
400,27,ok,8,27,19,True,32842,28,52,8,5.1277
401,27,ok,18,64,46,True,32933,46,18,18,5.0677
402,27,ok,4,8,4,True,33023,24,80,4,5.2658
403,27,ok,20,63,43,True,33114,40,23,20,5.1877
404,27,ok,6,20,14,True,33205,21,53,6,5.2772
405,27,ok,10,30,20,True,33296,26,43,10,5.5095
406,27,ok,8,31,23,True,33387,18,34,8,5.3737
407,27,ok,16,45,29,True,33478,29,19,16,5.3766
408,27,ok,4,10,6,True,33569,25,136,4,5.4865
409,27,ok,26,78,52,True,33660,26,20,26,5.3254
410,27,ok,6,19,13,True,33751,25,31,6,5.4991
411,27,ok,8,24,16,True,33842,27,49,8,5.5305
412,27,ok,8,31,23,True,33933,22,54,8,5.5579
413,27,ok,18,44,26,True,34024,31,21,18,5.6424
414,27,ok,4,15,11,True,34115,21,78,4,5.6821
415,27,ok,20,55,35,True,34206,37,21,20,5.6103
416,27,ok,6,23,17,True,34297,31,54,6,5.6316
417,27,ok,10,31,21,True,34388,25,51,10,5.6966
418,27,ok,8,31,23,True,34479,18,33,8,5.6001
419,27,ok,16,48,32,True,34570,29,21,16,5.6825
421,27,ok,26,78,52,True,34753,28,21,26,5.8353
420,27,ok,4,10,6,True,34661,23,136,4,5.943
422,27,ok,6,17,11,True,34844,23,34,6,5.8271
423,27,ok,8,28,20,True,34935,36,44,8,5.9097
424,27,ok,8,27,19,True,35026,23,54,8,5.9674
425,27,ok,18,60,42,True,35117,34,20,18,5.8343
427,27,ok,20,58,38,True,35300,37,21,20,5.9708
426,27,ok,4,10,6,True,35209,18,85,4,6.04
428,27,ok,6,15,9,True,35391,30,53,6,6.0008
429,27,ok,10,29,19,True,35483,20,45,10,6.0957
430,27,ok,8,29,21,True,35574,28,29,8,6.0693
431,27,ok,16,39,23,True,35666,36,19,16,6.281
432,27,ok,4,11,7,True,35757,22,141,4,6.0271
433,27,ok,26,80,54,True,35848,34,19,26,6.2164
434,27,ok,6,26,20,True,35940,28,32,6,6.3032
435,27,ok,8,20,12,True,36031,29,42,8,6.1935
436,27,ok,8,32,24,True,36123,31,59,8,6.255
437,27,ok,18,49,31,True,36218,33,20,18,6.2802
438,27,ok,4,10,6,True,36306,19,75,4,6.2953
439,27,ok,20,57,37,True,36397,32,20,20,6.5182
440,27,ok,6,15,9,True,36489,43,51,6,6.4882
441,27,ok,10,39,29,True,36582,22,45,10,6.6155
442,27,ok,8,30,22,True,36672,24,33,8,6.5413
443,27,ok,16,39,23,True,36764,48,20,16,6.4254
444,27,ok,4,13,9,True,36855,28,141,4,6.6668
445,27,ok,26,74,48,True,36947,33,20,26,6.702
446,27,ok,6,19,13,True,37039,29,31,6,6.5088
447,27,ok,8,33,25,True,37131,34,41,8,6.5818
448,27,ok,8,29,21,True,37222,24,59,8,6.8379
449,27,ok,18,57,39,True,37314,43,20,18,6.7559
450,27,ok,4,14,10,True,37406,18,77,4,6.833
451,27,ok,20,66,46,True,37498,33,21,20,6.7402
452,27,ok,6,17,11,True,37589,30,57,6,6.7905
453,27,ok,10,29,19,True,37681,23,42,10,6.9752
454,27,ok,8,30,22,True,37773,33,37,8,6.9066
455,27,ok,16,48,32,True,37865,36,22,16,7.0148
456,27,ok,4,18,14,True,37957,15,140,4,6.9288
457,27,ok,26,92,66,True,38049,32,21,26,7.0597
458,27,ok,6,20,14,True,38142,29,36,6,6.9335
459,27,ok,8,25,17,True,38233,37,44,8,7.0481
460,27,ok,8,23,15,True,38324,27,58,8,7.1125
461,27,ok,18,50,32,True,38416,40,22,18,7.1637
462,27,ok,4,18,14,True,38508,21,77,4,7.2779
463,27,ok,20,61,41,True,38600,33,20,20,7.1847
464,27,ok,6,20,14,True,38692,29,59,6,7.2898
465,27,ok,10,27,17,True,38785,31,47,10,7.1781
466,27,ok,8,30,22,True,38877,21,32,8,7.5251
467,27,ok,16,45,29,True,38969,45,20,16,7.3248
468,27,ok,4,11,7,True,39061,26,141,4,7.3734
469,27,ok,26,81,55,True,39153,28,20,26,7.4309
470,27,ok,6,23,17,True,39245,25,32,6,7.5566
471,27,ok,8,28,20,True,39338,30,43,8,7.5851
472,27,ok,8,29,21,True,39429,25,55,8,7.7363
473,27,ok,18,52,34,True,39522,63,21,18,7.6009
474,27,ok,4,13,9,True,39614,18,82,4,7.7713
475,27,ok,20,60,40,True,39706,36,18,20,7.7115
476,27,ok,6,15,9,True,39798,44,56,6,7.6172
477,27,ok,10,29,19,True,39891,34,42,10,7.7045
478,27,ok,8,27,19,True,39983,19,32,8,7.7028
479,27,ok,16,49,33,True,40075,38,19,16,7.853
480,27,ok,4,11,7,True,40167,19,166,4,7.6072
481,27,ok,26,92,66,True,40260,26,20,26,7.9243
482,27,ok,6,16,10,True,40352,27,34,6,7.8354
483,27,ok,8,26,18,True,40445,19,44,8,7.7119
484,27,ok,8,29,21,True,40537,26,58,8,8.0104
485,27,ok,18,49,31,True,40629,32,21,18,7.9122
486,27,ok,4,11,7,True,40722,17,80,4,8.0397
487,27,ok,20,56,36,True,40814,55,20,20,8.0918
488,27,ok,6,24,18,True,40907,25,55,6,8.1852
489,27,ok,10,30,20,True,41002,25,47,10,8.1675
490,27,ok,8,24,16,True,41092,22,34,8,8.3457
491,27,ok,16,40,24,True,41184,38,24,16,8.1724
492,27,ok,4,9,5,True,41277,32,155,4,8.3472
493,27,ok,26,76,50,True,41369,32,22,26,8.4442
494,27,ok,6,19,13,True,41462,25,33,6,8.5231
495,27,ok,8,23,15,True,41554,34,44,8,8.3502
1,28,ok,27,27,0,True,61,2,3,27,0.0003
2,28,ok,4,4,0,True,102,3,14,4,0.0004
3,28,ok,3,4,1,True,149,3,28,3,0.0006
4,28,ok,6,10,4,True,199,5,26,6,0.0008
5,28,ok,7,11,4,True,251,7,33,7,0.001
6,28,ok,2,6,4,True,306,3,41,2,0.0013
7,28,ok,11,19,8,True,362,6,33,11,0.0016
8,28,ok,6,8,2,True,419,6,37,6,0.002
9,28,ok,3,6,3,True,477,5,41,3,0.0023
10,28,ok,10,20,10,True,537,8,36,10,0.0028
11,28,ok,7,12,5,True,597,9,47,7,0.0032
12,28,ok,2,3,1,True,658,6,44,2,0.0036
13,28,ok,11,23,12,True,721,9,43,11,0.0043
14,28,ok,4,6,2,True,783,9,46,4,0.0048
15,28,ok,3,4,1,True,847,6,47,3,0.0055
16,28,ok,6,12,6,True,911,10,51,6,0.0061
17,28,ok,11,19,8,True,976,10,48,11,0.0068
18,28,ok,2,6,4,True,1041,5,105,2,0.0076
19,28,ok,19,34,15,True,1107,7,54,19,0.0085
20,28,ok,4,8,4,True,1173,13,50,4,0.0092
21,28,ok,3,6,3,True,1239,5,53,3,0.0101
22,28,ok,6,12,6,True,1306,11,58,6,0.0108
23,28,ok,7,12,5,True,1374,18,58,7,0.0118
24,28,ok,2,4,2,True,1442,5,67,2,0.0128
25,28,ok,11,20,9,True,1512,16,58,11,0.014
26,28,ok,6,10,4,True,1579,11,60,6,0.015
27,28,ok,3,9,6,True,1648,6,66,3,0.016
28,28,ok,10,24,14,True,1717,9,62,10,0.0172
29,28,ok,7,12,5,True,1787,22,58,7,0.0186
30,28,ok,2,5,3,True,1857,7,64,2,0.0198
31,28,ok,11,21,10,True,1927,16,60,11,0.0209
32,28,ok,4,10,6,True,1998,14,59,4,0.0225
33,28,ok,3,10,7,True,2069,9,65,3,0.0239
34,28,ok,6,9,3,True,2140,10,66,6,0.0254
35,28,ok,11,19,8,True,2212,12,66,11,0.0268
36,28,ok,2,6,4,True,2283,8,124,2,0.0284
37,28,ok,19,43,24,True,2355,8,70,19,0.0302
38,28,ok,4,9,5,True,2430,16,62,4,0.032
39,28,ok,3,7,4,True,2500,6,80,3,0.0337
40,28,ok,6,14,8,True,2573,12,67,6,0.0354
41,28,ok,7,19,12,True,2646,13,70,7,0.0371
42,28,ok,2,6,4,True,2719,8,68,2,0.0393
43,28,ok,11,22,11,True,2792,15,68,11,0.0412
44,28,ok,6,14,8,True,2866,15,73,6,0.0432
45,28,ok,3,6,3,True,2939,8,79,3,0.0448
46,28,ok,10,24,14,True,3013,8,81,10,0.0477
47,28,ok,7,17,10,True,3087,17,83,7,0.0493
48,28,ok,2,5,3,True,3162,7,78,2,0.0513
49,28,ok,11,25,14,True,3236,12,74,11,0.0532
50,28,ok,4,9,5,True,3311,14,77,4,0.0559
51,28,ok,3,9,6,True,3386,8,75,3,0.0576
52,28,ok,6,11,5,True,3461,14,71,6,0.0602
53,28,ok,11,27,16,True,3537,11,85,11,0.0625
54,28,ok,2,4,2,True,3612,9,153,2,0.0643
55,28,ok,19,42,23,True,3687,9,78,19,0.0653
56,28,ok,4,7,3,True,3763,12,77,4,0.0702
57,28,ok,3,10,7,True,3839,9,78,3,0.0717
58,28,ok,6,10,4,True,3915,15,86,6,0.0752
59,28,ok,7,14,7,True,3991,26,76,7,0.0778
60,28,ok,2,4,2,True,4068,10,93,2,0.0808
61,28,ok,11,23,12,True,4144,16,81,11,0.0832
62,28,ok,6,14,8,True,4221,15,86,6,0.0864
63,28,ok,3,7,4,True,4298,9,84,3,0.0896
64,28,ok,10,23,13,True,4375,15,81,10,0.0931
65,28,ok,7,13,6,True,4452,22,81,7,0.0958
66,28,ok,2,3,1,True,4529,10,82,2,0.0962
67,28,ok,11,29,18,True,4607,17,87,11,0.1011
68,28,ok,4,10,6,True,4684,13,88,4,0.1054
69,28,ok,3,13,10,True,4762,8,82,3,0.1097
496,27,ok,8,31,23,True,41647,19,57,8,8.521
70,28,ok,6,14,8,True,4840,12,90,6,0.1135
71,28,ok,11,19,8,True,4918,15,87,11,0.1185
72,28,ok,2,6,4,True,4996,10,168,2,0.1228
497,27,ok,18,49,31,True,41740,37,21,18,8.617
73,28,ok,19,50,31,True,5076,13,85,19,0.1275
74,28,ok,4,12,8,True,5152,25,82,4,0.1322
75,28,ok,3,7,4,True,5231,14,80,3,0.1346
76,28,ok,6,12,6,True,5309,10,93,6,0.1383
77,28,ok,7,14,7,True,5388,15,88,7,0.1425
78,28,ok,2,5,3,True,5467,15,87,2,0.1471
79,28,ok,11,27,16,True,5546,16,84,11,0.1508
80,28,ok,6,11,5,True,5625,11,99,6,0.155
81,28,ok,3,10,7,True,5704,10,91,3,0.1589
82,28,ok,10,25,15,True,5783,13,94,10,0.1626
83,28,ok,7,15,8,True,5863,11,90,7,0.1673
84,28,ok,2,6,4,True,5942,10,89,2,0.1719
85,28,ok,11,27,16,True,6022,17,90,11,0.176
86,28,ok,4,8,4,True,6102,13,91,4,0.18
87,28,ok,3,7,4,True,6181,14,86,3,0.1851
88,28,ok,6,10,4,True,6261,16,93,6,0.1898
89,28,ok,11,25,14,True,6345,13,100,11,0.1948
90,28,ok,2,5,3,True,6421,9,187,2,0.2
91,28,ok,19,50,31,True,6501,12,93,19,0.2038
92,28,ok,4,8,4,True,6581,19,87,4,0.2073
93,28,ok,3,8,5,True,6662,11,90,3,0.1742
94,28,ok,6,11,5,True,6742,17,99,6,0.2167
95,28,ok,7,13,6,True,6823,19,92,7,0.222
96,28,ok,2,6,4,True,6904,11,97,2,0.2277
97,28,ok,11,21,10,True,6984,29,101,11,0.2323
98,28,ok,6,16,10,True,7065,16,103,6,0.2284
99,28,ok,3,9,6,True,7146,8,102,3,0.216
100,28,ok,10,19,9,True,7227,10,90,10,0.2254
101,28,ok,7,14,7,True,7308,20,102,7,0.2438
102,28,ok,2,8,6,True,7390,9,102,2,0.2522
498,27,ok,4,17,13,True,41834,20,78,4,8.5887
103,28,ok,11,23,12,True,7471,21,102,11,0.2655
104,28,ok,4,9,5,True,7552,21,94,4,0.2652
105,28,ok,3,9,6,True,7634,10,99,3,0.271
106,28,ok,6,15,9,True,7715,16,99,6,0.2758
107,28,ok,11,24,13,True,7797,20,98,11,0.2886
108,28,ok,2,3,1,True,7879,10,185,2,0.2878
109,28,ok,19,47,28,True,7961,14,97,19,0.2935
110,28,ok,4,10,6,True,8046,23,103,4,0.2993
111,28,ok,3,9,6,True,8124,10,103,3,0.3129
112,28,ok,6,16,10,True,8208,23,94,6,0.3112
113,28,ok,7,14,7,True,8289,21,98,7,0.317
114,28,ok,2,5,3,True,8371,12,104,2,0.3239
499,27,ok,20,62,42,True,41925,32,19,20,8.7055
115,28,ok,11,28,17,True,8453,16,116,11,0.3366
116,28,ok,6,18,12,True,8536,18,97,6,0.3375
117,28,ok,3,7,4,True,8618,13,102,3,0.3448
118,28,ok,10,25,15,True,8701,11,104,10,0.3543
119,28,ok,7,20,13,True,8783,18,96,7,0.3581
120,28,ok,2,5,3,True,8866,11,96,2,0.3685
121,28,ok,11,28,17,True,8949,24,102,11,0.3651
122,28,ok,4,7,3,True,9031,22,106,4,0.3705
123,28,ok,3,8,5,True,9114,11,113,3,0.3721
124,28,ok,6,12,6,True,9197,22,97,6,0.3318
125,28,ok,11,24,13,True,9280,22,117,11,0.394
126,28,ok,2,7,5,True,9364,8,210,2,0.3469
127,28,ok,19,38,19,True,9450,14,108,19,0.405
128,28,ok,4,9,5,True,9530,17,100,4,0.4136
129,28,ok,3,10,7,True,9613,14,109,3,0.4154
130,28,ok,6,9,3,True,9697,14,104,6,0.4343
131,28,ok,7,12,5,True,9780,23,99,7,0.4323
132,28,ok,2,9,7,True,9864,11,108,2,0.4391
133,28,ok,11,28,17,True,9947,14,109,11,0.4494
134,28,ok,6,13,7,True,10031,15,104,6,0.4556
135,28,ok,3,10,7,True,10115,8,108,3,0.4722
136,28,ok,10,22,12,True,10199,16,102,10,0.4688
137,28,ok,7,16,9,True,10283,34,103,7,0.4791
138,28,ok,2,3,1,True,10367,10,111,2,0.4914
139,28,ok,11,26,15,True,10451,25,107,11,0.4986
140,28,ok,4,9,5,True,10535,21,105,4,0.5167
141,28,ok,3,11,8,True,10619,9,104,3,0.5136
500,27,ok,6,17,11,True,42018,31,56,6,8.7247
142,28,ok,6,13,7,True,10703,15,108,6,0.5229
143,28,ok,11,25,14,True,10787,18,118,11,0.5338
144,28,ok,2,6,4,True,10872,12,216,2,0.54
145,28,ok,19,53,34,True,10956,18,106,19,0.5593
146,28,ok,4,13,9,True,11040,25,112,4,0.5509
147,28,ok,3,9,6,True,11125,11,109,3,0.5645
148,28,ok,6,13,7,True,11209,19,110,6,0.5721
149,28,ok,7,14,7,True,11294,27,111,7,0.5852
150,28,ok,2,6,4,True,11379,13,100,2,0.5903
151,28,ok,11,27,16,True,11464,26,106,11,0.6104
152,28,ok,6,16,10,True,11548,13,111,6,0.608
153,28,ok,3,10,7,True,11633,18,119,3,0.6209
154,28,ok,10,21,11,True,11718,15,104,10,0.6289
155,28,ok,7,17,10,True,11803,29,113,7,0.6305
156,28,ok,2,7,5,True,11888,10,107,2,0.6539
157,28,ok,11,27,16,True,11973,17,102,11,0.6616
158,28,ok,4,11,7,True,12058,22,103,4,0.6794
159,28,ok,3,7,4,True,12144,12,105,3,0.6914
160,28,ok,6,12,6,True,12231,16,117,6,0.7043
161,28,ok,11,21,10,True,12314,18,108,11,0.7125
162,28,ok,2,6,4,True,12400,10,214,2,0.7122
163,28,ok,19,52,33,True,12485,12,110,19,0.7291
164,28,ok,4,11,7,True,12571,22,114,4,0.7392
165,28,ok,3,8,5,True,12656,13,115,3,0.7396
166,28,ok,6,17,11,True,12742,12,110,6,0.754
167,28,ok,7,15,8,True,12827,29,109,7,0.7404
168,28,ok,2,4,2,True,12913,15,121,2,0.7663
169,28,ok,11,24,13,True,12999,19,115,11,0.5807
170,28,ok,6,14,8,True,13085,18,107,6,0.7211
171,28,ok,3,10,7,True,13171,11,124,3,0.6906
173,28,ok,7,19,12,True,13342,29,120,7,0.6913
172,28,ok,10,26,16,True,13257,13,107,10,0.798
175,28,ok,11,24,13,True,13515,23,111,11,0.7652
174,28,ok,2,5,3,True,13429,14,115,2,0.8146
176,28,ok,4,9,5,True,13601,20,112,4,0.7865
177,28,ok,3,5,2,True,13689,14,115,3,0.7809
178,28,ok,6,11,5,True,13773,19,114,6,0.8541
179,28,ok,11,27,16,True,13859,19,130,11,0.879
180,28,ok,2,7,5,True,13946,9,224,2,0.8678
181,28,ok,19,47,28,True,14032,13,111,19,0.8784
182,28,ok,4,8,4,True,14119,23,121,4,0.8936
183,28,ok,3,13,10,True,14205,11,121,3,0.9093
184,28,ok,6,11,5,True,14292,15,115,6,0.8934
185,28,ok,7,15,8,True,14378,27,110,7,0.8813
186,28,ok,2,8,6,True,14465,12,112,2,0.9549
187,28,ok,11,27,16,True,14551,25,119,11,0.9721
188,28,ok,6,17,11,True,14638,19,119,6,0.9901
189,28,ok,3,10,7,True,14725,18,123,3,0.9919
190,28,ok,10,25,15,True,14812,16,121,10,0.9523
191,28,ok,7,16,9,True,14899,19,119,7,0.9636
192,28,ok,2,7,5,True,14986,19,120,2,1.009
193,28,ok,11,29,18,True,15072,25,124,11,1.0372
195,28,ok,3,7,4,True,15247,14,132,3,0.9759
194,28,ok,4,9,5,True,15159,16,112,4,1.0039
196,28,ok,6,17,11,True,15336,19,118,6,1.0621
197,28,ok,11,25,14,True,15421,20,122,11,1.0828
198,28,ok,2,5,3,True,15508,8,219,2,1.0865
199,28,ok,19,48,29,True,15595,18,125,19,1.1084
200,28,ok,4,7,3,True,15682,36,119,4,1.1298
201,28,ok,3,7,4,True,15770,14,116,3,1.1336
202,28,ok,6,15,9,True,15857,16,123,6,1.1408
203,28,ok,7,17,10,True,15945,22,119,7,1.1798
204,28,ok,2,7,5,True,16032,14,113,2,1.157
205,28,ok,11,29,18,True,16119,18,131,11,1.1738
206,28,ok,6,13,7,True,16207,14,122,6,1.1788
207,28,ok,3,4,1,True,16295,15,121,3,1.2009
208,28,ok,10,27,17,True,16382,16,134,10,1.2026
209,28,ok,7,19,12,True,16470,33,123,7,1.2363
210,28,ok,2,6,4,True,16558,14,126,2,1.2303
211,28,ok,11,30,19,True,16645,22,121,11,1.2537
212,28,ok,4,12,8,True,16733,27,129,4,1.2548
213,28,ok,3,5,2,True,16821,15,112,3,1.232
214,28,ok,6,11,5,True,16909,17,123,6,1.2987
215,28,ok,11,25,14,True,16997,22,124,11,1.3349
216,28,ok,2,12,10,True,17085,12,250,2,1.273
217,28,ok,19,54,35,True,17173,22,113,19,1.2214
218,28,ok,4,11,7,True,17261,21,129,4,1.3633
219,28,ok,3,8,5,True,17349,17,118,3,1.3671
220,28,ok,6,14,8,True,17437,18,122,6,1.3851
221,28,ok,7,16,9,True,17525,35,115,7,1.4102
222,28,ok,2,5,3,True,17613,16,117,2,1.3764
223,28,ok,11,29,18,True,17702,18,116,11,1.4261
225,28,ok,3,6,3,True,17878,16,139,3,1.4183
224,28,ok,6,14,8,True,17790,17,121,6,1.4536
226,28,ok,10,28,18,True,17967,15,121,10,1.4444
227,28,ok,7,17,10,True,18055,25,129,7,1.502
228,28,ok,2,5,3,True,18144,14,128,2,1.4828
229,28,ok,11,26,15,True,18232,21,122,11,1.5089
230,28,ok,4,9,5,True,18320,29,121,4,1.4986
231,28,ok,3,10,7,True,18409,14,122,3,1.5104
232,28,ok,6,19,13,True,18498,15,124,6,1.5401
233,28,ok,11,26,15,True,18586,20,116,11,1.5631
234,28,ok,2,10,8,True,18675,13,236,2,1.5866
235,28,ok,19,48,29,True,18764,18,128,19,1.6043
236,28,ok,4,11,7,True,18852,45,119,4,1.6335
237,28,ok,3,9,6,True,18941,15,126,3,1.6521
238,28,ok,6,16,10,True,19030,23,118,6,1.6007
239,28,ok,7,16,9,True,19119,26,118,7,1.6729
240,28,ok,2,7,5,True,19208,13,121,2,1.6336
241,28,ok,11,31,20,True,19297,21,124,11,1.7262
242,28,ok,6,15,9,True,19386,17,124,6,1.6931
243,28,ok,3,8,5,True,19475,13,131,3,1.7214
244,28,ok,10,28,18,True,19564,14,125,10,1.7486
245,28,ok,7,18,11,True,19656,24,132,7,1.7351
246,28,ok,2,5,3,True,19742,11,120,2,1.772
247,28,ok,11,24,13,True,19831,24,126,11,1.7871
248,28,ok,4,13,9,True,19920,37,123,4,1.7717
249,28,ok,3,8,5,True,20010,12,138,3,1.839
250,28,ok,6,19,13,True,20099,16,126,6,1.8232
251,28,ok,11,25,14,True,20188,25,116,11,1.8369
252,28,ok,2,7,5,True,20277,16,242,2,1.8625
253,28,ok,19,53,34,True,20367,15,120,19,1.8812
254,28,ok,4,7,3,True,20456,27,120,4,1.8105
255,28,ok,3,8,5,True,20547,11,133,3,1.9354
256,28,ok,6,19,13,True,20635,26,124,6,1.8123
257,28,ok,7,15,8,True,20725,70,124,7,1.9569
258,28,ok,2,7,5,True,20817,19,122,2,2.0109
259,28,ok,11,36,25,True,20904,17,137,11,2.0205
260,28,ok,6,17,11,True,20993,18,130,6,2.0131
261,28,ok,3,10,7,True,21083,17,128,3,1.9338
262,28,ok,10,28,18,True,21173,14,119,10,2.0528
263,28,ok,7,13,6,True,21262,45,123,7,1.9119
264,28,ok,2,5,3,True,21352,11,131,2,2.0666
265,28,ok,11,30,19,True,21442,16,132,11,2.0632
266,28,ok,4,15,11,True,21532,16,125,4,2.1327
267,28,ok,3,10,7,True,21622,13,129,3,2.1017
268,28,ok,6,18,12,True,21712,21,124,6,2.1733
269,28,ok,11,24,13,True,21801,21,123,11,2.1605
270,28,ok,2,5,3,True,21891,14,237,2,2.1929
271,28,ok,19,59,40,True,21981,22,138,19,2.2088
272,28,ok,4,9,5,True,22071,26,124,4,2.2586
273,28,ok,3,7,4,True,22161,18,129,3,2.2566
274,28,ok,6,15,9,True,22252,16,139,6,2.3182
275,28,ok,7,23,16,True,22342,26,124,7,2.2493
276,28,ok,2,4,2,True,22432,11,130,2,2.2281
277,28,ok,11,31,20,True,22522,22,132,11,2.1778
278,28,ok,6,14,8,True,22612,18,132,6,2.2842
279,28,ok,3,9,6,True,22702,18,133,3,2.3314
280,28,ok,10,32,22,True,22793,17,136,10,2.3012
281,28,ok,7,18,11,True,22883,37,126,7,2.3657
282,28,ok,2,5,3,True,22973,11,129,2,2.4539
283,28,ok,11,24,13,True,23064,31,138,11,2.417
284,28,ok,4,11,7,True,23154,22,118,4,2.4459
285,28,ok,3,7,4,True,23245,13,123,3,2.4516
286,28,ok,6,16,10,True,23335,28,130,6,2.4437
287,28,ok,11,24,13,True,23426,28,127,11,2.516
288,28,ok,2,5,3,True,23517,12,258,2,2.5652
289,28,ok,19,55,36,True,23607,17,140,19,2.5392
290,28,ok,4,8,4,True,23697,27,133,4,2.4628
291,28,ok,3,14,11,True,23788,11,127,3,2.4896
292,28,ok,6,16,10,True,23878,25,134,6,2.5602
293,28,ok,7,12,5,True,23969,35,141,7,2.6114
294,28,ok,2,6,4,True,24060,10,132,2,2.6998
295,28,ok,11,33,22,True,24151,20,136,11,2.5311
296,28,ok,6,13,7,True,24241,18,127,6,2.62
297,28,ok,3,8,5,True,24332,16,137,3,2.6929
298,28,ok,10,22,12,True,24423,17,132,10,2.6824
299,28,ok,7,17,10,True,24514,36,127,7,2.7699
300,28,ok,2,8,6,True,24605,10,133,2,2.8607
301,28,ok,11,30,19,True,24696,29,124,11,2.8449
302,28,ok,4,10,6,True,24787,30,137,4,2.814
303,28,ok,3,9,6,True,24878,15,137,3,2.804
304,28,ok,6,14,8,True,24969,19,142,6,2.8309
305,28,ok,11,23,12,True,25060,21,134,11,2.8931
306,28,ok,2,5,3,True,25151,17,269,2,2.866
307,28,ok,19,53,34,True,25242,18,132,19,2.8633
308,28,ok,4,10,6,True,25333,23,123,4,2.9948
309,28,ok,3,10,7,True,25424,10,133,3,3.0073
310,28,ok,6,14,8,True,25515,33,131,6,2.8432
311,28,ok,7,14,7,True,25606,37,126,7,2.9598
313,28,ok,11,33,22,True,25789,29,124,11,2.9572
312,28,ok,2,4,2,True,25698,13,147,2,3.042
314,28,ok,6,17,11,True,25880,17,136,6,3.0885
315,28,ok,3,11,8,True,25974,19,136,3,3.1163
316,28,ok,10,22,12,True,26063,16,135,10,3.1358
317,28,ok,7,12,5,True,26154,41,135,7,3.1429
318,28,ok,2,6,4,True,26246,14,130,2,3.2238
319,28,ok,11,31,20,True,26337,32,132,11,3.2163
320,28,ok,4,11,7,True,26429,32,136,4,3.2441
321,28,ok,3,7,4,True,26520,13,128,3,3.2996
322,28,ok,6,17,11,True,26612,24,129,6,3.3007
323,28,ok,11,28,17,True,26703,21,142,11,3.3598
324,28,ok,2,7,5,True,26795,14,259,2,3.1373
325,28,ok,19,53,34,True,26886,18,131,19,3.2851
326,28,ok,4,12,8,True,26978,37,126,4,3.254
327,28,ok,3,7,4,True,27070,13,137,3,3.4208
328,28,ok,6,13,7,True,27162,19,133,6,3.4314
329,28,ok,7,18,11,True,27253,32,140,7,3.5257
330,28,ok,2,6,4,True,27345,12,145,2,3.4537
331,28,ok,11,30,19,True,27437,28,133,11,3.3694
332,28,ok,6,13,7,True,27528,32,137,6,3.3669
333,28,ok,3,12,9,True,27620,16,134,3,3.5037
334,28,ok,10,24,14,True,27712,17,132,10,3.5321
335,28,ok,7,13,6,True,27804,35,127,7,3.6447
336,28,ok,2,8,6,True,27896,12,132,2,3.4956
337,28,ok,11,29,18,True,27988,27,130,11,3.5659
338,28,ok,4,13,9,True,28080,25,141,4,3.6395
339,28,ok,3,7,4,True,28172,12,142,3,3.6993
340,28,ok,6,18,12,True,28264,20,138,6,3.739
341,28,ok,11,25,14,True,28356,21,149,11,3.7097
342,28,ok,2,8,6,True,28448,10,262,2,3.7769
343,28,ok,19,55,36,True,28540,18,125,19,3.7344
344,28,ok,4,12,8,True,28632,26,131,4,3.8122
345,28,ok,3,9,6,True,28724,15,130,3,3.8808
346,28,ok,6,9,3,True,28816,29,136,6,3.8875
347,28,ok,7,18,11,True,28908,42,132,7,3.9576
348,28,ok,2,5,3,True,29001,15,142,2,3.7309
349,28,ok,11,29,18,True,29093,24,136,11,3.8769
350,28,ok,6,12,6,True,29187,21,141,6,3.9946
351,28,ok,3,9,6,True,29277,13,132,3,4.0008
352,28,ok,10,27,17,True,29370,20,130,10,3.7407
353,28,ok,7,18,11,True,29462,28,147,7,4.0589
354,28,ok,2,6,4,True,29554,12,138,2,3.9476
355,28,ok,11,27,16,True,29647,30,135,11,4.0459
356,28,ok,4,9,5,True,29739,40,144,4,4.0494
357,28,ok,3,8,5,True,29832,16,135,3,4.0593
358,28,ok,6,15,9,True,29924,27,131,6,4.191
359,28,ok,11,26,15,True,30017,25,136,11,4.1719
360,28,ok,2,6,4,True,30109,15,264,2,4.1676
361,28,ok,19,52,33,True,30202,19,147,19,4.3273
362,28,ok,4,10,6,True,30294,23,143,4,4.2526
363,28,ok,3,11,8,True,30387,14,132,3,4.3819
364,28,ok,6,12,6,True,30479,27,138,6,4.3731
365,28,ok,7,12,5,True,30572,29,145,7,4.3816
366,28,ok,2,3,1,True,30665,17,132,2,4.371
367,28,ok,11,26,15,True,30757,20,138,11,4.3618
368,28,ok,6,20,14,True,30850,25,132,6,4.4584
369,28,ok,3,8,5,True,30943,14,151,3,4.4988
370,28,ok,10,29,19,True,31036,20,142,10,4.4799
372,28,ok,2,6,4,True,31221,23,136,2,4.3679
371,28,ok,7,14,7,True,31128,36,132,7,4.5471
373,28,ok,11,33,22,True,31314,33,148,11,4.4533
374,28,ok,4,12,8,True,31407,23,130,4,4.6975
375,28,ok,3,7,4,True,31500,14,139,3,4.6982
376,28,ok,6,19,13,True,31593,18,142,6,4.796
377,28,ok,11,29,18,True,31686,24,131,11,4.7903
378,28,ok,2,8,6,True,31779,11,263,2,4.7761
379,28,ok,19,57,38,True,31871,20,139,19,4.6987
380,28,ok,4,12,8,True,31964,30,143,4,4.7198
381,28,ok,3,5,2,True,32057,15,133,3,4.6766
382,28,ok,6,11,5,True,32151,38,140,6,4.9425
383,28,ok,7,20,13,True,32244,27,151,7,4.7879
384,28,ok,2,6,4,True,32337,27,139,2,4.8574
385,28,ok,11,25,14,True,32430,25,141,11,5.0157
386,28,ok,6,18,12,True,32523,28,141,6,5.0016
387,28,ok,3,8,5,True,32616,23,144,3,5.0257
388,28,ok,10,32,22,True,32709,17,133,10,4.9481
389,28,ok,7,14,7,True,32802,29,138,7,5.0874
390,28,ok,2,4,2,True,32896,17,139,2,5.1164
391,28,ok,11,27,16,True,32989,26,140,11,5.1949
392,28,ok,4,10,6,True,33082,31,137,4,5.2656
393,28,ok,3,6,3,True,33175,20,138,3,5.0484
394,28,ok,6,16,10,True,33269,18,134,6,5.2571
395,28,ok,11,40,29,True,33362,21,135,11,5.1281
396,28,ok,2,4,2,True,33455,15,273,2,5.2671
397,28,ok,19,53,34,True,33549,20,134,19,5.3696
398,28,ok,4,9,5,True,33642,22,131,4,5.4503
399,28,ok,3,6,3,True,33736,21,140,3,5.3579
400,28,ok,6,13,7,True,33831,17,140,6,5.4553
401,28,ok,7,17,10,True,33923,25,146,7,5.2134
402,28,ok,2,6,4,True,34016,12,133,2,5.2453
403,28,ok,11,36,25,True,34110,40,142,11,5.6081
404,28,ok,6,16,10,True,34203,23,142,6,5.4193
405,28,ok,3,9,6,True,34297,17,139,3,5.6725
406,28,ok,10,30,20,True,34390,20,140,10,5.6861
407,28,ok,7,16,9,True,34484,26,141,7,5.7642
408,28,ok,2,10,8,True,34577,13,134,2,5.6225
409,28,ok,11,26,15,True,34671,28,139,11,5.7899
410,28,ok,4,10,6,True,34765,21,150,4,5.7346
411,28,ok,3,9,6,True,34858,13,144,3,5.7428
412,28,ok,6,15,9,True,34952,16,143,6,5.8374
413,28,ok,11,27,16,True,35046,24,148,11,5.7095
414,28,ok,2,8,6,True,35140,25,276,2,5.8205
415,28,ok,19,55,36,True,35235,22,130,19,5.8632
416,28,ok,4,7,3,True,35327,35,133,4,5.9209
417,28,ok,3,13,10,True,35421,14,144,3,5.7669
418,28,ok,6,14,8,True,35515,20,143,6,5.8734
419,28,ok,7,21,14,True,35609,35,141,7,5.9652
420,28,ok,2,4,2,True,35703,22,131,2,6.0338
421,28,ok,11,26,15,True,35797,36,149,11,6.1837
422,28,ok,6,15,9,True,35890,24,136,6,6.0484
423,28,ok,3,5,2,True,35984,15,143,3,6.105
424,28,ok,10,34,24,True,36078,18,148,10,6.354
425,28,ok,7,16,9,True,36172,33,151,7,6.1533
426,28,ok,2,5,3,True,36266,17,153,2,6.3573
427,28,ok,11,29,18,True,36360,26,129,11,6.3439
428,28,ok,4,12,8,True,36454,36,140,4,6.3298
429,28,ok,3,9,6,True,36548,17,151,3,6.2229
430,28,ok,6,14,8,True,36643,23,141,6,6.3693
431,28,ok,11,32,21,True,36737,20,137,11,6.4627
432,28,ok,2,6,4,True,36831,15,276,2,6.5017
433,28,ok,19,63,44,True,36925,21,134,19,6.55
434,28,ok,4,8,4,True,37019,24,146,4,6.4896
435,28,ok,3,4,1,True,37113,19,155,3,6.4268
436,28,ok,6,17,11,True,37208,19,151,6,6.6425
437,28,ok,7,18,11,True,37302,30,142,7,6.6123
438,28,ok,2,7,5,True,37396,14,141,2,6.7925
439,28,ok,11,31,20,True,37490,28,142,11,6.7861
440,28,ok,6,14,8,True,37585,29,140,6,6.6269
441,28,ok,3,10,7,True,37679,14,149,3,6.6805
442,28,ok,10,24,14,True,37773,23,151,10,6.8122
443,28,ok,7,17,10,True,37868,29,146,7,6.8398
444,28,ok,2,6,4,True,37962,12,149,2,6.9789
445,28,ok,11,29,18,True,38056,26,137,11,6.886
446,28,ok,4,7,3,True,38151,32,157,4,6.8668
447,28,ok,3,14,11,True,38245,22,140,3,7.0273
448,28,ok,6,17,11,True,38340,20,140,6,7.0148
449,28,ok,11,29,18,True,38434,27,141,11,7.1819
450,28,ok,2,5,3,True,38529,17,286,2,7.1087
451,28,ok,19,53,34,True,38623,25,148,19,7.3005
452,28,ok,4,12,8,True,38718,34,143,4,7.2326
453,28,ok,3,9,6,True,38812,15,146,3,7.3471
454,28,ok,6,17,11,True,38907,34,154,6,7.2366
455,28,ok,7,21,14,True,39001,26,144,7,7.2588
456,28,ok,2,9,7,True,39096,16,141,2,7.4331
457,28,ok,11,29,18,True,39191,34,137,11,7.2856
458,28,ok,6,16,10,True,39285,24,136,6,7.4861
459,28,ok,3,9,6,True,39380,17,165,3,7.424
460,28,ok,10,28,18,True,39475,17,149,10,7.4587
461,28,ok,7,17,10,True,39569,45,153,7,7.5102
462,28,ok,2,6,4,True,39664,19,142,2,7.5989
463,28,ok,11,28,17,True,39759,29,145,11,7.7156
464,28,ok,4,9,5,True,39854,31,157,4,7.6665
465,28,ok,3,10,7,True,39948,14,143,3,7.8018
466,28,ok,6,16,10,True,40043,28,137,6,7.7267
467,28,ok,11,28,17,True,40138,32,142,11,7.5157
468,28,ok,2,8,6,True,40233,13,278,2,7.9447
469,28,ok,19,43,24,True,40328,20,156,19,7.9994
470,28,ok,4,6,2,True,40423,32,139,4,7.6206
471,28,ok,3,10,7,True,40517,13,145,3,8.0409
472,28,ok,6,19,13,True,40612,19,144,6,7.9945
473,28,ok,7,17,10,True,40707,44,146,7,7.987
474,28,ok,2,7,5,True,40802,20,168,2,8.1107
475,28,ok,11,27,16,True,40897,34,146,11,8.2599
476,28,ok,6,15,9,True,40992,29,139,6,8.0512
477,28,ok,3,13,10,True,41087,14,166,3,8.1517
478,28,ok,10,32,22,True,41182,13,150,10,8.3381
479,28,ok,7,18,11,True,41277,33,148,7,8.1507
480,28,ok,2,4,2,True,41372,17,159,2,8.2274
481,28,ok,11,23,12,True,41467,36,155,11,8.375
482,28,ok,4,13,9,True,41563,20,149,4,8.3124
483,28,ok,3,7,4,True,41661,17,148,3,8.281
484,28,ok,6,19,13,True,41753,25,150,6,8.4922
485,28,ok,11,31,20,True,41850,26,150,11,8.2781
486,28,ok,2,7,5,True,41943,12,292,2,8.4385
487,28,ok,19,57,38,True,42039,22,151,19,8.6234
488,28,ok,4,8,4,True,42133,27,156,4,8.4942
489,28,ok,3,8,5,True,42229,22,150,3,8.7019
490,28,ok,6,14,8,True,42324,30,151,6,8.6694
491,28,ok,7,16,9,True,42419,31,170,7,8.8491
492,28,ok,2,6,4,True,42515,21,147,2,8.7601
493,28,ok,11,31,20,True,42610,33,149,11,8.6146
494,28,ok,6,15,9,True,42705,35,146,6,8.9586
495,28,ok,3,6,3,True,42800,13,148,3,9.0192
1,29,ok,28,28,0,True,63,2,3,28,0.0003
2,29,ok,6,8,2,True,106,3,13,6,0.0004
3,29,ok,9,15,6,True,154,3,18,9,0.0006
4,29,ok,8,14,6,True,206,3,16,8,0.0008
5,29,ok,15,23,8,True,260,5,10,15,0.0011
6,29,ok,4,9,5,True,316,4,45,4,0.0014
7,29,ok,21,42,21,True,373,4,11,21,0.0019
8,29,ok,6,10,4,True,432,5,20,6,0.0021
9,29,ok,9,13,4,True,492,5,37,9,0.0026
10,29,ok,8,14,6,True,554,6,20,8,0.0029
11,29,ok,15,28,13,True,616,7,15,15,0.0035
12,29,ok,4,6,2,True,679,6,70,4,0.0038
13,29,ok,21,40,19,True,743,5,15,21,0.0045
14,29,ok,6,9,3,True,808,6,28,6,0.005
15,29,ok,9,15,6,True,873,5,36,9,0.0057
16,29,ok,8,13,5,True,939,6,28,8,0.0064
17,29,ok,15,29,14,True,1006,10,19,15,0.0071
18,29,ok,4,9,5,True,1073,5,73,4,0.0079
19,29,ok,21,46,25,True,1141,7,17,21,0.009
20,29,ok,6,14,8,True,1209,8,30,6,0.0096
21,29,ok,9,14,5,True,1277,7,41,9,0.0104
22,29,ok,8,17,9,True,1347,7,34,8,0.0114
23,29,ok,15,27,12,True,1416,10,18,15,0.0124
24,29,ok,4,8,4,True,1486,5,85,4,0.0134
25,29,ok,21,44,23,True,1556,9,20,21,0.0144
26,29,ok,6,15,9,True,1627,8,31,6,0.0158
27,29,ok,9,19,10,True,1698,6,46,9,0.0167
28,29,ok,8,20,12,True,1770,8,35,8,0.0179
29,29,ok,15,33,18,True,1841,9,22,15,0.0194
30,29,ok,4,8,4,True,1914,9,93,4,0.0209
31,29,ok,21,46,25,True,1986,9,20,21,0.0222
32,29,ok,6,9,3,True,2059,9,42,6,0.0234
33,29,ok,9,16,7,True,2132,8,59,9,0.0251
34,29,ok,8,17,9,True,2205,11,36,8,0.0264
35,29,ok,15,30,15,True,2279,9,24,15,0.0286
36,29,ok,4,12,8,True,2352,6,94,4,0.0296
37,29,ok,21,37,16,True,2426,8,20,21,0.0314
38,29,ok,6,10,4,True,2501,7,39,6,0.0327
39,29,ok,9,19,10,True,2575,8,48,9,0.0348
40,29,ok,8,14,6,True,2650,9,37,8,0.0365
41,29,ok,15,31,16,True,2725,12,23,15,0.0387
42,29,ok,4,12,8,True,2801,6,104,4,0.0405
43,29,ok,21,54,33,True,2876,10,21,21,0.0428
44,29,ok,6,13,7,True,2952,9,40,6,0.0446
45,29,ok,9,22,13,True,3028,9,61,9,0.0463
46,29,ok,8,14,6,True,3104,8,40,8,0.0493
47,29,ok,15,28,13,True,3180,12,27,15,0.0513
48,29,ok,4,11,7,True,3257,9,99,4,0.0539
49,29,ok,21,48,27,True,3334,11,23,21,0.0579
50,29,ok,6,13,7,True,3411,12,39,6,0.0605
51,29,ok,9,20,11,True,3488,9,51,9,0.0634
52,29,ok,8,22,14,True,3565,9,46,8,0.0656
53,29,ok,15,34,19,True,3642,13,22,15,0.0644
54,29,ok,4,13,9,True,3720,7,112,4,0.0652
55,29,ok,21,47,26,True,3798,12,24,21,0.0679
56,29,ok,6,13,7,True,3876,9,46,6,0.0709
57,29,ok,9,23,14,True,3954,9,58,9,0.0735
58,29,ok,8,19,11,True,4032,10,47,8,0.0767
59,29,ok,15,40,25,True,4111,13,23,15,0.0798
60,29,ok,4,8,4,True,4190,10,107,4,0.0832
61,29,ok,21,41,20,True,4268,11,26,21,0.0861
62,29,ok,6,24,18,True,4347,8,42,6,0.089
496,28,ok,10,28,18,True,42896,15,144,10,8.8228
63,29,ok,9,17,8,True,4426,9,59,9,0.0927
64,29,ok,8,22,14,True,4506,8,48,8,0.0977
65,29,ok,15,34,19,True,4585,13,23,15,0.0984
66,29,ok,4,11,7,True,4665,8,109,4,0.1047
67,29,ok,21,56,35,True,4744,12,27,21,0.1049
68,29,ok,6,14,8,True,4824,12,48,6,0.1107
69,29,ok,9,21,12,True,4904,10,63,9,0.1124
70,29,ok,8,19,11,True,4984,9,46,8,0.1185
71,29,ok,15,31,16,True,5064,13,29,15,0.1194
72,29,ok,4,10,6,True,5145,13,124,4,0.1252
73,29,ok,21,42,21,True,5225,14,31,21,0.1266
74,29,ok,6,15,9,True,5306,13,47,6,0.1335
75,29,ok,9,20,11,True,5387,10,61,9,0.1306
76,29,ok,8,21,13,True,5467,14,53,8,0.1406
77,29,ok,15,39,24,True,5548,18,27,15,0.11
497,28,ok,7,17,10,True,42991,28,142,7,8.9486
78,29,ok,4,12,8,True,5630,11,121,4,0.1501
79,29,ok,21,47,26,True,5711,14,26,21,0.1499
80,29,ok,6,10,4,True,5792,10,54,6,0.1539
81,29,ok,9,22,13,True,5874,10,68,9,0.1605
82,29,ok,8,17,9,True,5955,13,51,8,0.1634
83,29,ok,15,36,21,True,6037,17,29,15,0.1671
84,29,ok,4,7,3,True,6119,9,135,4,0.1737
85,29,ok,21,38,17,True,6200,11,28,21,0.1759
86,29,ok,6,16,10,True,6282,11,50,6,0.1795
87,29,ok,9,27,18,True,6365,11,68,9,0.1831
88,29,ok,8,16,8,True,6447,12,55,8,0.1719
89,29,ok,15,32,17,True,6529,11,26,15,0.1918
90,29,ok,4,9,5,True,6612,9,130,4,0.1942
91,29,ok,21,62,41,True,6694,14,37,21,0.2033
92,29,ok,6,11,5,True,6777,12,50,6,0.2043
93,29,ok,9,23,14,True,6860,10,76,9,0.2099
94,29,ok,8,17,9,True,6944,10,51,8,0.2189
95,29,ok,15,31,16,True,7025,17,31,15,0.2188
96,29,ok,4,12,8,True,7108,13,131,4,0.2233
97,29,ok,21,50,29,True,7191,13,31,21,0.2343
98,29,ok,6,10,4,True,7275,18,56,6,0.2335
99,29,ok,9,24,15,True,7358,12,73,9,0.2405
100,29,ok,8,26,18,True,7441,10,51,8,0.2498
101,29,ok,15,30,15,True,7525,15,26,15,0.2509
498,28,ok,2,8,6,True,43087,15,147,2,8.9247
102,29,ok,4,9,5,True,7608,15,134,4,0.258
103,29,ok,21,48,27,True,7692,10,29,21,0.2705
104,29,ok,6,19,13,True,7776,11,55,6,0.2675
105,29,ok,9,26,17,True,7860,9,67,9,0.2754
106,29,ok,8,20,12,True,7944,13,56,8,0.2808
107,29,ok,15,37,22,True,8028,18,32,15,0.29
108,29,ok,4,9,5,True,8112,8,135,4,0.2919
109,29,ok,21,52,31,True,8196,15,32,21,0.3046
110,29,ok,6,10,4,True,8280,15,51,6,0.3085
111,29,ok,9,26,17,True,8365,11,70,9,0.3205
112,29,ok,8,17,9,True,8449,15,52,8,0.3191
113,29,ok,15,29,14,True,8534,12,32,15,0.328
114,29,ok,4,10,6,True,8618,12,144,4,0.3329
115,29,ok,21,50,29,True,8708,13,30,21,0.3451
116,29,ok,6,13,7,True,8788,12,51,6,0.3454
117,29,ok,9,24,15,True,8873,9,72,9,0.3556
118,29,ok,8,17,9,True,8960,18,58,8,0.36
119,29,ok,15,29,14,True,9043,18,32,15,0.3741
120,29,ok,4,16,12,True,9128,9,140,4,0.3732
121,29,ok,21,54,33,True,9213,14,32,21,0.3827
122,29,ok,6,14,8,True,9298,16,61,6,0.3876
123,29,ok,9,23,14,True,9384,14,74,9,0.4016
124,29,ok,8,26,18,True,9469,10,53,8,0.401
125,29,ok,15,36,21,True,9554,16,33,15,0.4116
126,29,ok,4,7,3,True,9640,11,148,4,0.415
499,28,ok,11,32,21,True,43182,30,156,11,9.034
127,29,ok,21,50,29,True,9726,13,32,21,0.4292
128,29,ok,6,18,12,True,9811,12,55,6,0.4292
129,29,ok,9,24,15,True,9897,14,74,9,0.4182
130,29,ok,8,19,11,True,9983,13,59,8,0.4401
131,29,ok,15,34,19,True,10069,16,30,15,0.4444
132,29,ok,4,10,6,True,10155,14,152,4,0.4383
133,29,ok,21,47,26,True,10241,13,30,21,0.4621
500,28,ok,4,10,6,True,43277,35,145,4,9.1919
134,29,ok,6,16,10,True,10327,12,58,6,0.4505
135,29,ok,9,24,15,True,10413,9,77,9,0.4799
136,29,ok,8,26,18,True,10500,12,57,8,0.4796
137,29,ok,15,31,16,True,10586,13,31,15,0.4946
138,29,ok,4,12,8,True,10672,10,147,4,0.5049
139,29,ok,21,55,34,True,10758,21,36,21,0.511
140,29,ok,6,12,6,True,10845,12,56,6,0.5213
141,29,ok,9,17,8,True,10932,14,75,9,0.5296
142,29,ok,8,21,13,True,11018,14,57,8,0.5439
143,29,ok,15,34,19,True,11105,16,32,15,0.5591
144,29,ok,4,12,8,True,11192,13,148,4,0.5549
145,29,ok,21,48,27,True,11279,14,34,21,0.5622
146,29,ok,6,17,11,True,11365,13,57,6,0.5715
147,29,ok,9,18,9,True,11452,16,76,9,0.5776
148,29,ok,8,17,9,True,11539,13,65,8,0.5896
149,29,ok,15,32,17,True,11627,19,36,15,0.604
150,29,ok,4,9,5,True,11714,10,163,4,0.6009
151,29,ok,21,57,36,True,11801,12,32,21,0.6089
152,29,ok,6,17,11,True,11888,11,57,6,0.6185
153,29,ok,9,21,12,True,11976,17,80,9,0.627
154,29,ok,8,22,14,True,12063,11,58,8,0.6322
155,29,ok,15,31,16,True,12152,18,30,15,0.6513
156,29,ok,4,10,6,True,12238,9,148,4,0.6528
157,29,ok,21,64,43,True,12325,19,31,21,0.6642
158,29,ok,6,16,10,True,12413,13,64,6,0.6743
159,29,ok,9,23,14,True,12501,12,84,9,0.6844
160,29,ok,8,19,11,True,12589,17,60,8,0.6528
161,29,ok,15,41,26,True,12676,18,36,15,0.708
162,29,ok,4,8,4,True,12764,11,168,4,0.7181
163,29,ok,21,49,28,True,12852,16,34,21,0.7293
164,29,ok,6,14,8,True,12940,18,61,6,0.6906
165,29,ok,9,20,11,True,13028,16,92,9,0.7542
166,29,ok,8,17,9,True,13116,13,61,8,0.7439
167,29,ok,15,35,20,True,13204,18,34,15,0.7842
168,29,ok,4,11,7,True,13293,9,166,4,0.7805
169,29,ok,21,55,34,True,13381,17,36,21,0.7921
170,29,ok,6,14,8,True,13469,14,60,6,0.8027
171,29,ok,9,22,13,True,13558,16,81,9,0.8239
172,29,ok,8,17,9,True,13646,13,68,8,0.8211
173,29,ok,15,30,15,True,13734,18,38,15,0.8569
174,29,ok,4,13,9,True,13823,9,170,4,0.8355
175,29,ok,21,46,25,True,13911,17,36,21,0.8114
176,29,ok,6,19,13,True,14000,10,62,6,0.842
177,29,ok,9,24,15,True,14089,12,79,9,0.9029
178,29,ok,8,24,16,True,14178,15,64,8,0.8913
179,29,ok,15,35,20,True,14266,15,34,15,0.8926
180,29,ok,4,12,8,True,14355,12,169,4,0.9085
181,29,ok,21,54,33,True,14448,19,34,21,0.8888
182,29,ok,6,11,5,True,14533,14,66,6,0.9352
183,29,ok,9,23,14,True,14622,12,87,9,0.9463
184,29,ok,8,25,17,True,14711,14,65,8,0.9205
185,29,ok,15,41,26,True,14800,23,33,15,0.9374
186,29,ok,4,16,12,True,14889,16,159,4,0.903
187,29,ok,21,55,34,True,14978,14,33,21,0.9523
188,29,ok,6,14,8,True,15068,17,67,6,0.9963
189,29,ok,9,27,18,True,15157,11,86,9,1.0057
190,29,ok,8,22,14,True,15246,14,61,8,0.9999
191,29,ok,15,36,21,True,15336,25,34,15,1.0272
192,29,ok,4,10,6,True,15428,10,164,4,1.0326
193,29,ok,21,52,31,True,15514,16,32,21,0.9991
194,29,ok,6,12,6,True,15604,13,61,6,0.9928
196,29,ok,8,22,14,True,15783,14,63,8,1.0708
195,29,ok,9,25,16,True,15694,12,88,9,1.0923
197,29,ok,15,36,21,True,15873,15,33,15,1.1117
198,29,ok,4,7,3,True,15963,13,173,4,1.1281
199,29,ok,21,54,33,True,16052,20,38,21,1.1223
200,29,ok,6,11,5,True,16142,15,62,6,1.1249
201,29,ok,9,18,9,True,16232,15,87,9,1.182
202,29,ok,8,23,15,True,16322,16,63,8,1.201
203,29,ok,15,35,20,True,16412,16,37,15,1.1868
204,29,ok,4,10,6,True,16502,11,156,4,1.1993
205,29,ok,21,54,33,True,16592,14,35,21,1.2189
206,29,ok,6,17,11,True,16682,27,63,6,1.2411
207,29,ok,9,26,17,True,16772,13,88,9,1.2162
208,29,ok,8,21,13,True,16862,17,60,8,1.292
209,29,ok,15,38,23,True,16952,18,36,15,1.2305
210,29,ok,4,12,8,True,17043,11,160,4,1.2817
211,29,ok,21,47,26,True,17133,15,34,21,1.2938
212,29,ok,6,17,11,True,17223,16,62,6,1.2201
213,29,ok,9,23,14,True,17314,17,92,9,1.301
214,29,ok,8,20,12,True,17404,13,63,8,1.3034
215,29,ok,15,28,13,True,17494,23,38,15,1.3173
216,29,ok,4,10,6,True,17585,13,169,4,1.2765
217,29,ok,21,61,40,True,17676,18,40,21,1.3655
218,29,ok,6,17,11,True,17766,16,68,6,1.3791
219,29,ok,9,22,13,True,17857,13,88,9,1.398
220,29,ok,8,16,8,True,17947,13,65,8,1.4036
222,29,ok,4,9,5,True,18129,15,166,4,1.3398
221,29,ok,15,33,18,True,18038,17,36,15,1.4188
223,29,ok,21,61,40,True,18220,13,37,21,1.2351
224,29,ok,6,15,9,True,18311,14,70,6,1.4244
225,29,ok,9,26,17,True,18401,13,89,9,1.4165
226,29,ok,8,17,9,True,18492,14,65,8,1.505
227,29,ok,15,33,18,True,18583,23,34,15,1.4808
228,29,ok,4,12,8,True,18676,15,162,4,1.5398
229,29,ok,21,49,28,True,18765,14,34,21,1.538
230,29,ok,6,14,8,True,18856,12,62,6,1.4547
231,29,ok,9,24,15,True,18948,16,99,9,1.5552
232,29,ok,8,20,12,True,19040,15,65,8,1.593
233,29,ok,15,41,26,True,19130,24,35,15,1.4624
234,29,ok,4,13,9,True,19221,10,176,4,1.5882
235,29,ok,21,52,31,True,19312,15,35,21,1.5636
236,29,ok,6,15,9,True,19404,21,68,6,1.6576
237,29,ok,9,24,15,True,19495,12,91,9,1.6424
238,29,ok,8,23,15,True,19586,16,66,8,1.6831
239,29,ok,15,34,19,True,19678,17,37,15,1.6893
240,29,ok,4,13,9,True,19769,12,174,4,1.5603
241,29,ok,21,55,34,True,19861,15,37,21,1.7462
242,29,ok,6,22,16,True,19952,18,63,6,1.6095
243,29,ok,9,18,9,True,20044,17,95,9,1.7348
244,29,ok,8,19,11,True,20136,18,70,8,1.7985
245,29,ok,15,36,21,True,20227,18,36,15,1.8082
246,29,ok,4,10,6,True,20319,15,164,4,1.7575
247,29,ok,21,58,37,True,20412,15,36,21,1.7539
248,29,ok,6,15,9,True,20502,15,72,6,1.8778
249,29,ok,9,28,19,True,20594,12,89,9,1.8307
250,29,ok,8,23,15,True,20686,19,66,8,1.8414
251,29,ok,15,38,23,True,20778,17,37,15,1.8854
252,29,ok,4,13,9,True,20870,14,186,4,1.9183
253,29,ok,21,57,36,True,20962,17,38,21,1.9144
254,29,ok,6,17,11,True,21054,29,77,6,1.8963
255,29,ok,9,26,17,True,21146,14,91,9,1.9268
256,29,ok,8,22,14,True,21238,16,68,8,2.0062
257,29,ok,15,42,27,True,21330,20,35,15,2.0036
258,29,ok,4,13,9,True,21422,9,183,4,2.0272
259,29,ok,21,59,38,True,21514,16,39,21,2.037
260,29,ok,6,14,8,True,21607,18,72,6,2.0758
261,29,ok,9,28,19,True,21699,16,98,9,2.0212
262,29,ok,8,23,15,True,21791,13,75,8,2.119
263,29,ok,15,34,19,True,21883,22,38,15,2.0741
264,29,ok,4,14,10,True,21976,11,180,4,2.1128
265,29,ok,21,59,38,True,22068,16,38,21,2.1039
266,29,ok,6,17,11,True,22161,15,66,6,2.1363
267,29,ok,9,16,7,True,22253,14,94,9,2.19
268,29,ok,8,20,12,True,22345,20,69,8,2.1777
269,29,ok,15,35,20,True,22438,22,38,15,2.1721
270,29,ok,4,14,10,True,22530,13,186,4,2.2539
271,29,ok,21,55,34,True,22624,21,36,21,2.2751
272,29,ok,6,17,11,True,22716,19,75,6,2.2607
273,29,ok,9,19,10,True,22808,17,92,9,2.1842
274,29,ok,8,17,9,True,22904,18,66,8,2.2531
275,29,ok,15,43,28,True,22994,24,39,15,2.2861
276,29,ok,4,13,9,True,23086,12,171,4,2.363
277,29,ok,21,56,35,True,23179,16,37,21,2.3001
278,29,ok,6,12,6,True,23272,22,69,6,2.3984
279,29,ok,9,27,18,True,23365,14,96,9,2.2823
280,29,ok,8,25,17,True,23458,14,73,8,2.4374
281,29,ok,15,31,16,True,23551,20,38,15,2.4892
283,29,ok,21,53,32,True,23737,19,39,21,2.1958
282,29,ok,4,9,5,True,23644,12,187,4,2.4778
284,29,ok,6,21,15,True,23830,11,71,6,2.5048
285,29,ok,9,25,16,True,23923,16,96,9,2.4293
286,29,ok,8,15,7,True,24016,19,69,8,2.5569
287,29,ok,15,38,23,True,24109,23,39,15,2.6202
288,29,ok,4,13,9,True,24202,13,179,4,2.612
289,29,ok,21,59,38,True,24295,17,41,21,2.5936
290,29,ok,6,17,11,True,24388,20,68,6,2.6357
291,29,ok,9,28,19,True,24482,15,90,9,2.5551
292,29,ok,8,16,8,True,24575,21,69,8,2.6102
293,29,ok,15,35,20,True,24668,20,37,15,2.6459
294,29,ok,4,15,11,True,24762,22,183,4,2.6645
295,29,ok,21,51,30,True,24855,19,41,21,2.6717
296,29,ok,6,21,15,True,24948,19,75,6,2.7688
297,29,ok,9,26,17,True,25042,15,107,9,2.7716
298,29,ok,8,16,8,True,25135,16,76,8,2.8086
299,29,ok,15,32,17,True,25229,24,40,15,2.6213
300,29,ok,4,12,8,True,25322,16,180,4,2.8349
301,29,ok,21,61,40,True,25416,16,36,21,2.8912
302,29,ok,6,13,7,True,25509,25,72,6,2.6632
303,29,ok,9,22,13,True,25603,16,97,9,2.9164
304,29,ok,8,25,17,True,25696,16,72,8,2.9263
305,29,ok,15,52,37,True,25790,30,38,15,2.8857
306,29,ok,4,16,12,True,25884,19,180,4,2.9386
307,29,ok,21,52,31,True,25978,16,36,21,3.0492
308,29,ok,6,19,13,True,26071,22,67,6,3.0559
309,29,ok,9,23,14,True,26165,13,109,9,3.0874
310,29,ok,8,20,12,True,26259,18,73,8,3.1065
311,29,ok,15,43,28,True,26353,22,37,15,3.0574
312,29,ok,4,9,5,True,26447,15,207,4,3.1377
313,29,ok,21,62,41,True,26540,15,41,21,3.0886
314,29,ok,6,10,4,True,26634,20,75,6,3.1622
315,29,ok,9,17,8,True,26728,14,96,9,3.2181
316,29,ok,8,17,9,True,26822,19,72,8,3.1114
317,29,ok,15,36,21,True,26916,26,42,15,3.2071
318,29,ok,4,11,7,True,27010,14,185,4,3.2251
319,29,ok,21,59,38,True,27104,18,41,21,3.3151
320,29,ok,6,17,11,True,27199,19,79,6,3.2836
321,29,ok,9,24,15,True,27293,16,101,9,3.354
322,29,ok,8,21,13,True,27387,13,69,8,3.3838
323,29,ok,15,39,24,True,27481,20,42,15,3.3872
324,29,ok,4,11,7,True,27575,18,187,4,3.4204
325,29,ok,21,51,30,True,27669,20,39,21,3.4273
326,29,ok,6,13,7,True,27764,17,71,6,3.4028
327,29,ok,9,23,14,True,27860,17,94,9,3.5175
328,29,ok,8,19,11,True,27952,15,73,8,3.5261
329,29,ok,15,36,21,True,28047,19,47,15,3.5482
330,29,ok,4,11,7,True,28141,17,194,4,3.3824
331,29,ok,21,55,34,True,28236,19,39,21,3.4965
332,29,ok,6,19,13,True,28330,14,71,6,3.6282
333,29,ok,9,22,13,True,28424,13,90,9,3.4755
334,29,ok,8,17,9,True,28519,16,70,8,3.7085
335,29,ok,15,36,21,True,28616,33,43,15,3.6789
336,29,ok,4,12,8,True,28708,19,191,4,3.6938
337,29,ok,21,58,37,True,28803,14,38,21,3.7264
338,29,ok,6,14,8,True,28897,24,72,6,3.7389
339,29,ok,9,27,18,True,28992,14,95,9,3.6812
340,29,ok,8,18,10,True,29086,19,72,8,3.6265
341,29,ok,15,39,24,True,29181,19,40,15,3.8497
342,29,ok,4,14,10,True,29276,13,187,4,3.843
343,29,ok,21,47,26,True,29371,22,43,21,3.8899
344,29,ok,6,18,12,True,29465,20,81,6,3.918
345,29,ok,9,22,13,True,29560,14,103,9,3.8592
346,29,ok,8,18,10,True,29655,19,78,8,3.8591
347,29,ok,15,41,26,True,29750,23,43,15,3.9972
348,29,ok,4,13,9,True,29848,12,191,4,3.9073
349,29,ok,21,55,34,True,29940,24,40,21,4.0807
350,29,ok,6,18,12,True,30034,20,76,6,4.094
351,29,ok,9,24,15,True,30129,16,93,9,3.9789
352,29,ok,8,25,17,True,30224,18,67,8,3.9977
353,29,ok,15,42,27,True,30319,20,45,15,4.0574
354,29,ok,4,14,10,True,30414,20,193,4,4.1724
355,29,ok,21,55,34,True,30509,23,41,21,4.2439
356,29,ok,6,17,11,True,30604,26,77,6,4.2771
357,29,ok,9,23,14,True,30700,17,101,9,4.2537
358,29,ok,8,19,11,True,30795,15,71,8,4.2211
359,29,ok,15,43,28,True,30890,22,39,15,4.3465
360,29,ok,4,19,15,True,30985,14,189,4,4.275
361,29,ok,21,49,28,True,31080,18,41,21,4.4002
362,29,ok,6,14,8,True,31175,22,74,6,4.3517
363,29,ok,9,31,22,True,31271,19,98,9,4.4839
364,29,ok,8,27,19,True,31366,21,69,8,4.495
365,29,ok,15,40,25,True,31461,22,41,15,4.3854
366,29,ok,4,11,7,True,31557,15,188,4,4.456
367,29,ok,21,49,28,True,31652,17,41,21,4.5568
368,29,ok,6,18,12,True,31747,23,72,6,4.6182
369,29,ok,9,22,13,True,31843,16,100,9,4.6163
370,29,ok,8,26,18,True,31938,27,78,8,4.6944
371,29,ok,15,41,26,True,32034,21,41,15,4.6765
372,29,ok,4,11,7,True,32129,17,184,4,4.6999
373,29,ok,21,54,33,True,32228,17,40,21,4.7531
374,29,ok,6,22,16,True,32320,17,73,6,4.6907
375,29,ok,9,29,20,True,32416,18,101,9,4.7582
376,29,ok,8,20,12,True,32511,23,71,8,4.8711
377,29,ok,15,44,29,True,32607,23,40,15,4.8161
378,29,ok,4,10,6,True,32702,12,185,4,4.9243
379,29,ok,21,52,31,True,32798,17,42,21,4.918
380,29,ok,6,16,10,True,32894,15,73,6,4.9114
381,29,ok,9,21,12,True,32989,17,106,9,4.9695
382,29,ok,8,29,21,True,33085,14,71,8,4.9357
383,29,ok,15,41,26,True,33181,18,40,15,5.1063
384,29,ok,4,12,8,True,33277,14,194,4,5.1346
385,29,ok,21,60,39,True,33376,16,41,21,5.1587
386,29,ok,6,15,9,True,33468,16,75,6,5.0025
387,29,ok,9,25,16,True,33564,16,117,9,5.258
388,29,ok,8,21,13,True,33660,21,75,8,5.1724
389,29,ok,15,39,24,True,33756,29,41,15,5.218
390,29,ok,4,13,9,True,33852,13,186,4,5.2396
391,29,ok,21,50,29,True,33948,18,44,21,5.4234
392,29,ok,6,16,10,True,34044,24,77,6,5.2618
393,29,ok,9,28,19,True,34140,16,112,9,5.4632
394,29,ok,8,21,13,True,34236,16,76,8,5.3059
395,29,ok,15,49,34,True,34332,26,39,15,5.224
396,29,ok,4,9,5,True,34428,16,190,4,5.1744
397,29,ok,21,57,36,True,34524,22,38,21,5.3912
398,29,ok,6,16,10,True,34620,22,79,6,5.5621
399,29,ok,9,29,20,True,34716,14,98,9,5.5902
400,29,ok,8,18,10,True,34812,24,72,8,5.6478
401,29,ok,15,38,23,True,34908,28,40,15,5.5823
402,29,ok,4,16,12,True,35004,13,194,4,5.5505
403,29,ok,21,52,31,True,35101,24,40,21,5.6803
404,29,ok,6,16,10,True,35197,16,76,6,5.7314
405,29,ok,9,25,16,True,35293,23,102,9,5.7305
406,29,ok,8,26,18,True,35392,14,78,8,5.7248
407,29,ok,15,37,22,True,35486,28,38,15,5.6538
408,29,ok,4,7,3,True,35582,12,203,4,5.8302
409,29,ok,21,56,35,True,35678,16,41,21,5.8941
410,29,ok,6,15,9,True,35775,22,76,6,5.8567
411,29,ok,9,25,16,True,35871,17,104,9,6.0275
412,29,ok,8,28,20,True,35967,16,77,8,6.0303
413,29,ok,15,45,30,True,36064,19,45,15,5.9377
414,29,ok,4,14,10,True,36160,11,196,4,5.9923
415,29,ok,21,58,37,True,36257,16,41,21,6.1226
416,29,ok,6,12,6,True,36353,20,75,6,6.1116
417,29,ok,9,27,18,True,36450,14,122,9,5.9761
418,29,ok,8,28,20,True,36546,18,78,8,6.2437
419,29,ok,15,35,20,True,36643,21,43,15,6.0086
420,29,ok,4,13,9,True,36739,13,199,4,6.1899
421,29,ok,21,56,35,True,36836,18,44,21,6.2468
422,29,ok,6,17,11,True,36933,16,77,6,6.3416
423,29,ok,9,26,17,True,37029,16,99,9,6.3996
424,29,ok,8,21,13,True,37128,17,85,8,6.416
425,29,ok,15,40,25,True,37223,23,41,15,6.4836
426,29,ok,4,12,8,True,37319,17,197,4,6.4153
427,29,ok,21,63,42,True,37416,20,43,21,6.4911
428,29,ok,6,16,10,True,37513,22,77,6,6.5383
429,29,ok,9,23,14,True,37610,16,108,9,6.6717
430,29,ok,8,18,10,True,37706,15,77,8,6.4878
431,29,ok,15,31,16,True,37803,21,44,15,6.6585
432,29,ok,4,10,6,True,37900,18,196,4,6.4689
433,29,ok,21,58,37,True,37997,24,45,21,6.7832
434,29,ok,6,17,11,True,38094,20,82,6,6.781
435,29,ok,9,26,17,True,38192,15,102,9,6.72
436,29,ok,8,22,14,True,38288,16,79,8,6.8046
437,29,ok,15,40,25,True,38384,21,49,15,6.8229
438,29,ok,4,10,6,True,38481,12,197,4,6.929
439,29,ok,21,61,40,True,38578,20,47,21,6.7774
440,29,ok,6,12,6,True,38675,42,80,6,7.0266
441,29,ok,9,26,17,True,38772,20,107,9,6.9971
442,29,ok,8,24,16,True,38869,19,73,8,7.0976
443,29,ok,15,40,25,True,38967,20,40,15,7.1112
444,29,ok,4,14,10,True,39064,15,194,4,7.1671
445,29,ok,21,50,29,True,39161,21,41,21,7.1615
446,29,ok,6,16,10,True,39258,20,75,6,7.2656
447,29,ok,9,29,20,True,39355,17,102,9,7.1972
448,29,ok,8,19,11,True,39452,18,78,8,7.1551
449,29,ok,15,40,25,True,39549,36,40,15,7.3475
450,29,ok,4,9,5,True,39647,14,199,4,7.4382
451,29,ok,21,51,30,True,39744,17,43,21,7.216
452,29,ok,6,18,12,True,39841,20,78,6,7.4472
453,29,ok,9,23,14,True,39938,22,101,9,7.2708
454,29,ok,8,20,12,True,40036,16,76,8,7.5128
455,29,ok,15,45,30,True,40133,30,40,15,7.617
456,29,ok,4,12,8,True,40230,20,219,4,7.6196
457,29,ok,21,52,31,True,40328,18,39,21,7.5802
458,29,ok,6,14,8,True,40425,16,77,6,7.5794
459,29,ok,9,28,19,True,40522,16,110,9,7.7146
460,29,ok,8,27,19,True,40620,14,77,8,7.5482
461,29,ok,15,38,23,True,40717,19,48,15,7.6632
462,29,ok,4,10,6,True,40815,16,196,4,7.7804
463,29,ok,21,66,45,True,40912,18,44,21,7.9257
464,29,ok,6,22,16,True,41009,22,77,6,7.8609
465,29,ok,9,31,22,True,41107,17,108,9,7.6806
466,29,ok,8,22,14,True,41205,14,79,8,7.915
467,29,ok,15,31,16,True,41302,22,41,15,7.9852
468,29,ok,4,13,9,True,41400,15,202,4,8.0243
469,29,ok,21,49,28,True,41497,20,44,21,8.0557
470,29,ok,6,16,10,True,41595,21,74,6,7.9955
471,29,ok,9,24,15,True,41692,24,106,9,8.1434
472,29,ok,8,22,14,True,41790,15,81,8,8.2603
473,29,ok,15,47,32,True,41888,22,43,15,8.2571
474,29,ok,4,13,9,True,41985,16,198,4,8.3554
475,29,ok,21,71,50,True,42084,14,50,21,8.1329
476,29,ok,6,14,8,True,42181,20,76,6,8.5657
477,29,ok,9,29,20,True,42280,18,109,9,8.1463
478,29,ok,8,23,15,True,42376,19,79,8,8.4006
479,29,ok,15,29,14,True,42476,21,43,15,8.4925
480,29,ok,4,11,7,True,42572,24,209,4,8.5738
481,29,ok,21,63,42,True,42672,20,45,21,8.5358
482,29,ok,6,12,6,True,42768,26,74,6,8.7209
483,29,ok,9,30,21,True,42868,21,115,9,8.7494
484,29,ok,8,27,19,True,42963,19,74,8,8.6997
485,29,ok,15,38,23,True,43064,20,43,15,8.8232
486,29,ok,4,16,12,True,43159,15,218,4,8.642
487,29,ok,21,65,44,True,43260,16,42,21,8.7589
488,29,ok,6,17,11,True,43355,24,76,6,8.938
489,29,ok,9,26,17,True,43456,17,104,9,8.9683
490,29,ok,8,24,16,True,43551,24,74,8,8.9163
491,29,ok,15,35,20,True,43652,25,44,15,8.8534
492,29,ok,4,12,8,True,43747,15,202,4,9.1527
493,29,ok,21,66,45,True,43848,24,41,21,9.0267
494,29,ok,6,17,11,True,43943,19,83,6,9.0736
495,29,ok,9,25,16,True,44044,19,107,9,9.0612
1,30,ok,29,29,0,True,65,2,3,29,0.0003
2,30,ok,4,4,0,True,110,3,7,4,0.0004
3,30,ok,8,10,2,True,159,5,6,8,0.0006
4,30,ok,4,6,2,True,212,5,17,4,0.0008
5,30,ok,9,12,3,True,268,7,6,9,0.0011
6,30,ok,5,10,5,True,325,7,11,5,0.0014
7,30,ok,4,8,4,True,385,4,33,4,0.0017
8,30,ok,8,10,2,True,445,5,27,8,0.0021
9,30,ok,13,20,7,True,507,8,10,13,0.0026
10,30,ok,3,5,2,True,571,9,14,3,0.003
11,30,ok,10,17,7,True,635,11,9,10,0.0035
12,30,ok,3,6,3,True,700,9,28,3,0.004
13,30,ok,17,30,13,True,765,9,11,17,0.0046
14,30,ok,2,3,1,True,832,5,77,2,0.0053
15,30,ok,22,42,20,True,899,8,10,22,0.006
16,30,ok,4,7,3,True,967,7,34,4,0.0066
17,30,ok,9,15,6,True,1036,12,9,9,0.0073
18,30,ok,4,8,4,True,1105,10,19,4,0.0081
19,30,ok,8,16,8,True,1175,10,12,8,0.0089
20,30,ok,5,7,2,True,1245,8,28,5,0.0099
21,30,ok,5,9,4,True,1315,6,56,5,0.0109
22,30,ok,8,13,5,True,1386,8,17,8,0.0117
23,30,ok,10,16,6,True,1458,13,11,10,0.0127
24,30,ok,3,7,4,True,1530,22,31,3,0.0139
25,30,ok,13,25,12,True,1602,15,11,13,0.015
26,30,ok,3,6,3,True,1675,18,21,3,0.0162
27,30,ok,16,30,14,True,1748,10,13,16,0.0172
28,30,ok,2,3,1,True,1822,6,191,2,0.0187
29,30,ok,29,64,35,True,1896,9,12,29,0.0203
30,30,ok,4,8,4,True,1972,12,24,4,0.0214
31,30,ok,8,14,6,True,2044,14,12,8,0.0219
32,30,ok,4,8,4,True,2119,8,33,4,0.0235
33,30,ok,9,17,8,True,2194,18,12,9,0.0249
34,30,ok,5,10,5,True,2270,10,22,5,0.0268
35,30,ok,4,10,6,True,2345,7,63,4,0.0283
36,30,ok,8,17,9,True,2421,8,36,8,0.03
37,30,ok,13,24,11,True,2497,19,13,13,0.0316
38,30,ok,3,7,4,True,2574,15,23,3,0.0335
39,30,ok,10,13,3,True,2651,17,15,10,0.0354
40,30,ok,3,5,2,True,2728,10,38,3,0.0373
41,30,ok,17,36,19,True,2805,16,15,17,0.0292
42,30,ok,2,6,4,True,2882,8,112,2,0.0244
43,30,ok,22,39,17,True,2960,11,14,22,0.0262
44,30,ok,4,8,4,True,3038,12,41,4,0.0442
45,30,ok,9,15,6,True,3116,18,15,9,0.0468
46,30,ok,4,8,4,True,3194,13,25,4,0.049
47,30,ok,8,14,6,True,3273,19,18,8,0.0512
48,30,ok,5,11,6,True,3352,16,46,5,0.0537
49,30,ok,5,10,5,True,3430,8,66,5,0.0562
50,30,ok,8,16,8,True,3510,13,24,8,0.0584
51,30,ok,10,17,7,True,3589,17,15,10,0.061
52,30,ok,3,7,4,True,3668,25,46,3,0.0412
53,30,ok,13,19,6,True,3748,18,14,13,0.0426
54,30,ok,3,7,4,True,3828,23,24,3,0.0431
55,30,ok,16,32,16,True,3908,11,14,16,0.0524
56,30,ok,2,3,1,True,3988,6,249,2,0.0736
57,30,ok,29,57,28,True,4069,11,16,29,0.0767
58,30,ok,4,7,3,True,4149,10,29,4,0.0795
59,30,ok,8,17,9,True,4230,22,16,8,0.0822
60,30,ok,4,7,3,True,4311,14,43,4,0.0854
61,30,ok,9,21,12,True,4392,19,16,9,0.0886
62,30,ok,5,12,7,True,4473,11,28,5,0.0918
63,30,ok,4,7,3,True,4554,9,75,4,0.0951
64,30,ok,8,13,5,True,4636,10,43,8,0.0949
65,30,ok,13,30,17,True,4718,17,17,13,0.1009
496,29,ok,8,26,18,True,44139,15,82,8,9.2555
66,30,ok,3,9,6,True,4799,22,27,3,0.1044
67,30,ok,10,20,10,True,4881,19,17,10,0.1085
68,30,ok,3,7,4,True,4963,10,48,3,0.1117
69,30,ok,17,30,13,True,5046,13,16,17,0.1157
70,30,ok,2,7,5,True,5128,9,140,2,0.1186
71,30,ok,22,45,23,True,5211,13,17,22,0.1231
72,30,ok,4,6,2,True,5293,17,44,4,0.1264
73,30,ok,9,15,6,True,5376,19,17,9,0.1303
74,30,ok,4,9,5,True,5459,17,28,4,0.1337
75,30,ok,8,15,7,True,5542,12,19,8,0.1379
76,30,ok,5,12,7,True,5625,17,45,5,0.1394
77,30,ok,5,7,2,True,5708,13,79,5,0.1449
78,30,ok,8,22,14,True,5792,11,30,8,0.1474
79,30,ok,10,27,17,True,5875,19,17,10,0.1525
497,29,ok,15,42,27,True,44240,22,44,15,9.0963
80,30,ok,3,6,3,True,5959,14,48,3,0.158
81,30,ok,13,30,17,True,6043,18,22,13,0.1588
82,30,ok,3,7,4,True,6126,16,30,3,0.1646
83,30,ok,16,29,13,True,6210,19,17,16,0.1719
84,30,ok,2,7,5,True,6295,10,290,2,0.1769
85,30,ok,29,83,54,True,6380,11,19,29,0.1802
86,30,ok,4,7,3,True,6463,20,29,4,0.1852
88,30,ok,4,9,5,True,6632,16,54,4,0.1523
87,30,ok,8,20,12,True,6547,32,19,8,0.1911
90,30,ok,5,9,4,True,6801,16,30,5,0.1422
89,30,ok,9,20,11,True,6717,28,21,9,0.2001
91,30,ok,4,8,4,True,6886,18,81,4,0.2109
92,30,ok,8,18,10,True,6971,14,49,8,0.1622
93,30,ok,13,27,14,True,7056,14,17,13,0.2166
94,30,ok,3,6,3,True,7142,27,33,3,0.2223
95,30,ok,10,27,17,True,7227,21,20,10,0.2271
96,30,ok,3,7,4,True,7312,15,46,3,0.234
97,30,ok,17,32,15,True,7398,20,17,17,0.2406
98,30,ok,2,7,5,True,7483,7,149,2,0.237
99,30,ok,22,52,30,True,7569,13,17,22,0.2494
100,30,ok,4,11,7,True,7656,12,50,4,0.2359
101,30,ok,9,20,11,True,7741,22,19,9,0.26
102,30,ok,4,10,6,True,7830,17,31,4,0.2683
498,29,ok,4,10,6,True,44335,20,205,4,9.3591
103,30,ok,8,15,7,True,7913,21,17,8,0.2582
104,30,ok,5,13,8,True,7999,13,50,5,0.2569
105,30,ok,5,10,5,True,8085,12,79,5,0.2847
106,30,ok,8,18,10,True,8171,12,31,8,0.291
107,30,ok,10,22,12,True,8258,21,21,10,0.2965
108,30,ok,3,9,6,True,8344,16,57,3,0.3022
109,30,ok,13,28,15,True,8431,19,22,13,0.3111
110,30,ok,3,9,6,True,8517,18,29,3,0.3177
111,30,ok,16,33,17,True,8604,16,21,16,0.3234
112,30,ok,2,5,3,True,8691,9,296,2,0.3291
113,30,ok,29,84,55,True,8778,14,20,29,0.3352
114,30,ok,4,7,3,True,8865,19,29,4,0.3426
115,30,ok,8,19,11,True,8952,27,22,8,0.3473
116,30,ok,4,8,4,True,9039,21,52,4,0.3529
117,30,ok,9,21,12,True,9126,17,18,9,0.3611
118,30,ok,5,8,3,True,9214,16,36,5,0.3684
119,30,ok,4,13,9,True,9301,9,95,4,0.3737
120,30,ok,8,23,15,True,9389,11,54,8,0.3811
121,30,ok,13,30,17,True,9476,22,20,13,0.3875
122,30,ok,3,8,5,True,9564,21,33,3,0.3982
499,29,ok,21,54,33,True,44436,23,45,21,9.432
123,30,ok,10,20,10,True,9652,23,19,10,0.4022
124,30,ok,3,8,5,True,9739,15,58,3,0.4097
125,30,ok,17,42,25,True,9827,15,21,17,0.416
126,30,ok,2,6,4,True,9915,10,171,2,0.44
127,30,ok,22,49,27,True,10005,13,20,22,0.4333
128,30,ok,4,10,6,True,10092,12,57,4,0.4294
129,30,ok,9,17,8,True,10180,31,21,9,0.4286
130,30,ok,4,8,4,True,10268,13,36,4,0.4603
131,30,ok,8,15,7,True,10356,23,20,8,0.4806
132,30,ok,5,11,6,True,10445,13,56,5,0.4768
133,30,ok,5,12,7,True,10533,15,94,5,0.4853
134,30,ok,8,11,3,True,10622,12,33,8,0.4909
135,30,ok,10,21,11,True,10710,18,21,10,0.5004
136,30,ok,3,6,3,True,10799,15,60,3,0.519
138,30,ok,3,4,1,True,10976,32,34,3,0.4793
137,30,ok,13,21,8,True,10888,19,19,13,0.5142
139,30,ok,16,34,18,True,11065,16,19,16,0.5247
140,30,ok,2,8,6,True,11154,14,344,2,0.4405
142,30,ok,4,11,7,True,11332,26,34,4,0.5167
141,30,ok,29,69,40,True,11243,13,22,29,0.5472
143,30,ok,8,20,12,True,11421,20,22,8,0.5495
500,29,ok,6,17,11,True,44532,17,80,6,9.3408
144,30,ok,4,14,10,True,11511,14,57,4,0.5567
145,30,ok,9,15,6,True,11600,23,20,9,0.5646
146,30,ok,5,13,8,True,11689,15,34,5,0.576
147,30,ok,4,10,6,True,11779,15,88,4,0.5993
148,30,ok,8,22,14,True,11868,13,60,8,0.5875
149,30,ok,13,25,12,True,11958,25,23,13,0.6079
150,30,ok,3,9,6,True,12047,23,31,3,0.6043
151,30,ok,10,21,11,True,12137,29,20,10,0.6188
152,30,ok,3,7,4,True,12227,14,61,3,0.6278
153,30,ok,17,33,16,True,12317,18,21,17,0.6591
154,30,ok,2,5,3,True,12406,11,175,2,0.6531
155,30,ok,22,61,39,True,12499,20,21,22,0.6716
156,30,ok,4,10,6,True,12586,13,64,4,0.6733
157,30,ok,9,18,9,True,12676,26,21,9,0.6803
158,30,ok,4,10,6,True,12766,17,33,4,0.6569
159,30,ok,8,19,11,True,12857,24,25,8,0.7019
160,30,ok,5,11,6,True,12947,16,60,5,0.7136
161,30,ok,5,13,8,True,13037,15,95,5,0.5971
162,30,ok,8,20,12,True,13127,11,34,8,0.7331
163,30,ok,10,26,16,True,13218,34,21,10,0.7504
164,30,ok,3,7,4,True,13308,20,61,3,0.742
165,30,ok,13,35,22,True,13399,24,21,13,0.7819
166,30,ok,3,8,5,True,13489,24,38,3,0.7796
167,30,ok,16,35,19,True,13580,21,22,16,0.784
168,30,ok,2,6,4,True,13671,14,342,2,0.7984
169,30,ok,29,72,43,True,13761,13,23,29,0.8154
170,30,ok,4,10,6,True,13852,15,36,4,0.8198
171,30,ok,8,14,6,True,13943,34,23,8,0.8447
172,30,ok,4,10,6,True,14034,21,62,4,0.8391
173,30,ok,9,19,10,True,14125,32,21,9,0.8495
174,30,ok,5,11,6,True,14216,21,38,5,0.8667
175,30,ok,4,10,6,True,14307,11,98,4,0.8731
176,30,ok,8,20,12,True,14398,16,62,8,0.878
177,30,ok,13,27,14,True,14489,25,22,13,0.8902
178,30,ok,3,7,4,True,14580,17,33,3,0.9008
179,30,ok,10,26,16,True,14674,26,22,10,0.9148
180,30,ok,3,5,2,True,14763,30,65,3,0.9407
181,30,ok,17,35,18,True,14854,20,20,17,0.9318
182,30,ok,2,6,4,True,14946,10,182,2,0.9503
183,30,ok,22,50,28,True,15037,30,21,22,0.9258
184,30,ok,4,9,5,True,15129,13,61,4,0.9551
185,30,ok,9,19,10,True,15220,21,20,9,0.9729
186,30,ok,4,7,3,True,15312,20,37,4,0.94
187,30,ok,8,19,11,True,15404,20,26,8,0.8975
188,30,ok,5,10,5,True,15495,15,67,5,1.005
189,30,ok,5,16,11,True,15587,11,105,5,0.9895
190,30,ok,8,25,17,True,15679,12,33,8,1.0272
191,30,ok,10,21,11,True,15771,23,22,10,1.0654
192,30,ok,3,9,6,True,15863,18,65,3,0.9307
193,30,ok,13,31,18,True,15955,31,24,13,1.0166
194,30,ok,3,9,6,True,16047,22,37,3,1.1089
195,30,ok,16,40,24,True,16139,20,22,16,1.1243
196,30,ok,2,6,4,True,16231,13,390,2,1.1491
197,30,ok,29,77,48,True,16323,15,23,29,1.1493
198,30,ok,4,11,7,True,16415,29,37,4,1.1654
199,30,ok,8,19,11,True,16508,47,21,8,1.1766
200,30,ok,4,11,7,True,16600,28,64,4,1.1897
201,30,ok,9,17,8,True,16692,21,22,9,1.2178
202,30,ok,5,15,10,True,16785,15,37,5,1.2467
203,30,ok,4,10,6,True,16878,15,100,4,1.2309
204,30,ok,8,16,8,True,16970,15,73,8,1.244
205,30,ok,13,22,9,True,17062,28,23,13,1.2614
206,30,ok,3,5,2,True,17155,27,37,3,1.2645
207,30,ok,10,20,10,True,17247,28,24,10,1.2792
208,30,ok,3,8,5,True,17342,14,61,3,1.3039
209,30,ok,17,42,25,True,17433,19,22,17,1.2879
210,30,ok,2,8,6,True,17526,12,187,2,1.3002
211,30,ok,22,58,36,True,17618,18,22,22,1.3073
212,30,ok,4,7,3,True,17711,22,61,4,1.3169
213,30,ok,9,18,9,True,17806,21,24,9,1.3269
214,30,ok,4,13,9,True,17897,18,34,4,1.3671
215,30,ok,8,18,10,True,17990,37,23,8,1.3623
216,30,ok,5,16,11,True,18083,13,72,5,1.3586
217,30,ok,5,13,8,True,18176,21,104,5,1.3967
218,30,ok,8,23,15,True,18270,14,41,8,1.3624
219,30,ok,10,25,15,True,18363,35,23,10,1.3976
220,30,ok,3,9,6,True,18456,19,72,3,1.4707
221,30,ok,13,29,16,True,18549,22,22,13,1.466
222,30,ok,3,8,5,True,18642,25,38,3,1.4871
223,30,ok,16,32,16,True,18736,22,26,16,1.5008
224,30,ok,2,5,3,True,18829,15,380,2,1.475
225,30,ok,29,74,45,True,18922,15,22,29,1.4856
226,30,ok,4,9,5,True,19016,29,38,4,1.5594
227,30,ok,8,20,12,True,19111,25,24,8,1.5567
228,30,ok,4,12,8,True,19203,17,67,4,1.523
229,30,ok,9,15,6,True,19297,44,25,9,1.5507
230,30,ok,5,12,7,True,19390,20,36,5,1.5471
231,30,ok,4,6,2,True,19484,18,104,4,1.5943
233,30,ok,13,33,20,True,19671,21,21,13,1.5175
232,30,ok,8,20,12,True,19578,16,63,8,1.6143
234,30,ok,3,10,7,True,19765,30,42,3,1.6141
235,30,ok,10,22,12,True,19859,26,23,10,1.6747
236,30,ok,3,5,2,True,19953,29,62,3,1.6867
237,30,ok,17,38,21,True,20047,16,24,17,1.7457
238,30,ok,2,7,5,True,20141,11,203,2,1.7259
239,30,ok,22,47,25,True,20235,22,23,22,1.7444
240,30,ok,4,11,7,True,20329,15,64,4,1.7552
241,30,ok,9,19,10,True,20423,29,22,9,1.7916
242,30,ok,4,11,7,True,20517,20,43,4,1.7993
243,30,ok,8,14,6,True,20611,36,25,8,1.8462
244,30,ok,5,14,9,True,20706,17,62,5,1.8171
245,30,ok,5,15,10,True,20799,13,108,5,1.8368
246,30,ok,8,29,21,True,20894,13,40,8,1.8461
247,30,ok,10,21,11,True,20988,29,25,10,1.8769
248,30,ok,3,9,6,True,21083,28,67,3,1.8459
249,30,ok,13,37,24,True,21177,27,26,13,1.9185
250,30,ok,3,9,6,True,21271,30,36,3,1.8107
251,30,ok,16,30,14,True,21366,21,25,16,1.9366
252,30,ok,2,6,4,True,21460,8,375,2,1.8764
253,30,ok,29,76,47,True,21555,14,25,29,1.9857
254,30,ok,4,8,4,True,21649,27,41,4,1.9976
255,30,ok,8,16,8,True,21744,25,23,8,2.05
256,30,ok,4,12,8,True,21838,21,67,4,2.0162
257,30,ok,9,23,14,True,21933,29,23,9,2.0451
258,30,ok,5,13,8,True,22028,18,37,5,2.0656
259,30,ok,4,11,7,True,22122,13,121,4,2.0617
260,30,ok,8,23,15,True,22217,14,64,8,2.0591
261,30,ok,13,23,10,True,22312,28,24,13,2.0916
262,30,ok,3,7,4,True,22407,33,37,3,2.1005
263,30,ok,10,23,13,True,22504,27,23,10,2.1434
264,30,ok,3,6,3,True,22597,26,64,3,2.1731
265,30,ok,17,43,26,True,22692,20,22,17,2.2104
266,30,ok,2,5,3,True,22787,13,200,2,2.1897
267,30,ok,22,51,29,True,22882,19,23,22,2.2493
268,30,ok,4,7,3,True,22977,16,78,4,2.1338
269,30,ok,9,19,10,True,23072,27,24,9,2.1705
270,30,ok,4,12,8,True,23167,19,40,4,2.3025
271,30,ok,8,15,7,True,23262,30,25,8,2.3259
272,30,ok,5,12,7,True,23357,15,66,5,2.3039
273,30,ok,5,17,12,True,23453,19,113,5,2.3114
274,30,ok,8,20,12,True,23548,17,38,8,2.3306
275,30,ok,10,24,14,True,23643,27,23,10,2.3708
276,30,ok,3,8,5,True,23738,31,68,3,2.3451
277,30,ok,13,28,15,True,23834,21,23,13,2.4639
278,30,ok,3,10,7,True,23929,16,41,3,2.4139
279,30,ok,16,40,24,True,24025,27,24,16,2.493
280,30,ok,2,4,2,True,24120,14,389,2,2.479
281,30,ok,29,86,57,True,24216,18,22,29,2.5134
282,30,ok,4,13,9,True,24311,20,45,4,2.5301
283,30,ok,8,20,12,True,24407,28,24,8,2.6256
284,30,ok,4,9,5,True,24502,23,71,4,2.5859
286,30,ok,5,16,11,True,24694,15,42,5,2.5405
285,30,ok,9,18,9,True,24598,36,24,9,2.5861
287,30,ok,4,12,8,True,24789,15,114,4,2.6662
288,30,ok,8,22,14,True,24885,18,72,8,2.5555
289,30,ok,13,34,21,True,24981,27,29,13,2.7258
290,30,ok,3,8,5,True,25077,19,38,3,2.5919
291,30,ok,10,27,17,True,25173,32,25,10,2.7115
292,30,ok,3,9,6,True,25268,39,68,3,2.7304
293,30,ok,17,42,25,True,25364,21,25,17,2.6924
294,30,ok,2,4,2,True,25460,14,220,2,2.7624
295,30,ok,22,53,31,True,25556,23,23,22,2.7736
296,30,ok,4,7,3,True,25652,29,70,4,2.7539
297,30,ok,9,22,13,True,25748,29,24,9,2.7571
298,30,ok,4,11,7,True,25844,26,40,4,2.7664
299,30,ok,8,16,8,True,25940,33,23,8,2.8953
300,30,ok,5,11,6,True,26037,18,74,5,2.9498
301,30,ok,5,12,7,True,26133,11,113,5,2.7946
302,30,ok,8,22,14,True,26229,14,39,8,2.9519
304,30,ok,3,10,7,True,26421,16,72,3,2.8827
303,30,ok,10,18,8,True,26325,37,27,10,2.9908
305,30,ok,13,28,15,True,26518,28,23,13,2.9379
306,30,ok,3,8,5,True,26614,22,44,3,3.0533
307,30,ok,16,34,18,True,26710,27,25,16,3.0502
308,30,ok,2,5,3,True,26807,14,388,2,3.0548
309,30,ok,29,74,45,True,26903,19,25,29,3.1625
310,30,ok,4,14,10,True,26999,20,42,4,3.1615
311,30,ok,8,13,5,True,27096,31,23,8,3.1808
312,30,ok,4,8,4,True,27192,36,73,4,3.1771
313,30,ok,9,19,10,True,27289,45,25,9,3.209
314,30,ok,5,14,9,True,27385,19,41,5,3.2438
315,30,ok,4,8,4,True,27482,15,120,4,3.2391
316,30,ok,8,23,15,True,27579,16,75,8,3.2323
317,30,ok,13,34,21,True,27675,19,24,13,3.2085
318,30,ok,3,9,6,True,27772,48,40,3,3.3457
319,30,ok,10,22,12,True,27869,34,25,10,3.17
320,30,ok,3,6,3,True,27965,21,72,3,3.3242
322,30,ok,2,5,3,True,28159,11,224,2,3.267
321,30,ok,17,43,26,True,28062,24,28,17,3.4081
323,30,ok,22,52,30,True,28256,23,26,22,3.4394
324,30,ok,4,6,2,True,28352,27,70,4,3.4879
325,30,ok,9,24,15,True,28449,33,25,9,3.3616
326,30,ok,4,9,5,True,28546,19,42,4,3.5073
327,30,ok,8,15,7,True,28643,32,24,8,3.318
328,30,ok,5,15,10,True,28740,20,73,5,3.5572
329,30,ok,5,18,13,True,28837,14,117,5,3.604
330,30,ok,8,22,14,True,28934,16,42,8,3.5724
331,30,ok,10,23,13,True,29031,26,24,10,3.5287
332,30,ok,3,8,5,True,29128,31,68,3,3.7573
333,30,ok,13,25,12,True,29225,24,26,13,3.6601
334,30,ok,3,6,3,True,29322,28,41,3,3.755
335,30,ok,16,39,23,True,29420,26,25,16,3.7543
336,30,ok,2,7,5,True,29517,11,409,2,3.773
337,30,ok,29,77,48,True,29614,18,23,29,3.7633
338,30,ok,4,16,12,True,29711,18,40,4,3.858
339,30,ok,8,18,10,True,29808,37,25,8,3.7975
340,30,ok,4,8,4,True,29906,23,69,4,3.9106
341,30,ok,9,23,14,True,30003,35,25,9,3.9254
342,30,ok,5,12,7,True,30102,20,42,5,3.976
343,30,ok,4,9,5,True,30198,18,117,4,3.9379
344,30,ok,8,19,11,True,30295,13,74,8,4.0333
345,30,ok,13,30,17,True,30393,32,25,13,4.0344
346,30,ok,3,6,3,True,30490,28,44,3,4.0829
347,30,ok,10,22,12,True,30588,24,26,10,4.1203
348,30,ok,3,10,7,True,30685,18,74,3,4.0959
349,30,ok,17,43,26,True,30783,28,24,17,4.0972
350,30,ok,2,5,3,True,30885,17,212,2,4.2269
351,30,ok,22,71,49,True,30978,24,28,22,4.1375
352,30,ok,4,13,9,True,31075,20,76,4,4.1949
353,30,ok,9,20,11,True,31173,32,25,9,4.1755
354,30,ok,4,9,5,True,31271,31,42,4,4.3356
355,30,ok,8,18,10,True,31368,40,28,8,4.3126
356,30,ok,5,11,6,True,31466,23,71,5,4.443
357,30,ok,5,14,9,True,31564,11,120,5,4.3473
358,30,ok,8,26,18,True,31662,21,42,8,4.4778
359,30,ok,10,20,10,True,31759,25,26,10,4.3414
360,30,ok,3,6,3,True,31857,45,74,3,4.3145
361,30,ok,13,27,14,True,31955,31,27,13,4.5463
362,30,ok,3,8,5,True,32053,26,42,3,4.5694
363,30,ok,16,42,26,True,32151,23,23,16,4.523
364,30,ok,2,5,3,True,32249,12,419,2,4.4978
365,30,ok,29,77,48,True,32347,16,28,29,4.6021
366,30,ok,4,10,6,True,32445,26,45,4,4.6364
367,30,ok,8,21,13,True,32543,33,28,8,4.7054
368,30,ok,4,14,10,True,32641,40,70,4,4.6782
369,30,ok,9,24,15,True,32741,28,25,9,4.6704
370,30,ok,5,20,15,True,32837,14,41,5,4.7871
371,30,ok,4,13,9,True,32935,22,138,4,4.7937
372,30,ok,8,22,14,True,33033,14,79,8,4.8681
373,30,ok,13,34,21,True,33131,22,24,13,4.8647
374,30,ok,3,8,5,True,33229,23,46,3,4.8627
375,30,ok,10,21,11,True,33328,27,25,10,4.9699
376,30,ok,3,8,5,True,33426,19,76,3,4.85
377,30,ok,17,38,21,True,33524,25,28,17,4.7877
378,30,ok,2,10,8,True,33622,12,234,2,4.9178
379,30,ok,22,61,39,True,33721,23,27,22,4.988
380,30,ok,4,9,5,True,33819,30,77,4,5.0308
381,30,ok,9,21,12,True,33917,26,28,9,4.9407
382,30,ok,4,11,7,True,34017,18,47,4,5.1227
383,30,ok,8,17,9,True,34114,35,27,8,5.0182
384,30,ok,5,12,7,True,34213,13,74,5,5.0243
385,30,ok,5,12,7,True,34311,14,129,5,5.2102
386,30,ok,8,14,6,True,34410,21,45,8,5.2966
387,30,ok,10,20,10,True,34508,26,25,10,5.3143
388,30,ok,3,10,7,True,34607,42,77,3,5.2095
389,30,ok,13,38,25,True,34705,38,27,13,5.4428
390,30,ok,3,6,3,True,34804,65,41,3,5.3428
391,30,ok,16,40,24,True,34902,21,24,16,5.4297
392,30,ok,2,5,3,True,35003,14,419,2,5.4321
393,30,ok,29,71,42,True,35100,21,25,29,5.4469
394,30,ok,4,12,8,True,35198,21,45,4,5.4974
395,30,ok,8,15,7,True,35297,35,27,8,5.5512
396,30,ok,4,16,12,True,35396,15,75,4,5.5728
397,30,ok,9,24,15,True,35494,31,28,9,5.5919
398,30,ok,5,8,3,True,35593,21,42,5,5.6118
399,30,ok,4,11,7,True,35692,32,121,4,5.6629
400,30,ok,8,21,13,True,35791,16,75,8,5.636
401,30,ok,13,39,26,True,35890,26,25,13,5.6032
402,30,ok,3,10,7,True,35989,24,42,3,5.6409
403,30,ok,10,23,13,True,36087,37,32,10,5.8513
404,30,ok,3,9,6,True,36186,23,79,3,5.8219
405,30,ok,17,48,31,True,36285,22,28,17,5.9263
406,30,ok,2,6,4,True,36384,11,219,2,5.9638
407,30,ok,22,66,44,True,36483,25,27,22,6.0808
408,30,ok,4,10,6,True,36582,15,77,4,5.9816
409,30,ok,9,26,17,True,36681,49,27,9,6.0454
410,30,ok,4,12,8,True,36780,17,43,4,6.055
411,30,ok,8,20,12,True,36879,38,26,8,5.9843
412,30,ok,5,12,7,True,36978,17,73,5,6.0586
413,30,ok,5,12,7,True,37077,22,121,5,6.0445
414,30,ok,8,19,11,True,37178,20,42,8,6.2868
415,30,ok,10,21,11,True,37276,28,26,10,6.1464
416,30,ok,3,9,6,True,37375,17,76,3,6.2934
417,30,ok,13,31,18,True,37474,33,28,13,6.1664
418,30,ok,3,11,8,True,37573,29,43,3,6.1706
419,30,ok,16,38,22,True,37672,27,26,16,6.3686
420,30,ok,2,7,5,True,37772,12,441,2,6.2623
421,30,ok,29,79,50,True,37871,19,27,29,6.5165
422,30,ok,4,6,2,True,37970,25,41,4,6.375
423,30,ok,8,20,12,True,38070,31,26,8,6.4509
424,30,ok,4,12,8,True,38169,17,80,4,6.401
425,30,ok,9,24,15,True,38268,45,27,9,6.4849
426,30,ok,5,11,6,True,38368,21,42,5,6.4935
427,30,ok,4,14,10,True,38467,18,113,4,6.5448
428,30,ok,8,23,15,True,38567,17,80,8,6.5352
429,30,ok,13,32,19,True,38666,33,27,13,6.7568
430,30,ok,3,6,3,True,38766,22,46,3,6.849
431,30,ok,10,27,17,True,38865,34,25,10,6.7304
432,30,ok,3,8,5,True,38965,19,74,3,6.7857
433,30,ok,17,44,27,True,39064,22,27,17,6.7727
434,30,ok,2,4,2,True,39164,18,228,2,6.6843
435,30,ok,22,52,30,True,39263,22,27,22,6.9722
436,30,ok,4,14,10,True,39363,23,75,4,6.8142
437,30,ok,9,22,13,True,39463,29,29,9,6.9713
438,30,ok,4,10,6,True,39562,18,50,4,7.1052
439,30,ok,8,15,7,True,39662,37,26,8,7.1255
440,30,ok,5,13,8,True,39762,17,75,5,7.2201
441,30,ok,5,16,11,True,39861,18,125,5,7.1241
442,30,ok,8,24,16,True,39962,16,45,8,6.8215
443,30,ok,10,27,17,True,40061,33,30,10,7.167
444,30,ok,3,7,4,True,40161,24,77,3,7.2233
445,30,ok,13,33,20,True,40260,35,25,13,7.2156
446,30,ok,3,7,4,True,40360,25,48,3,7.2171
447,30,ok,16,34,18,True,40460,24,26,16,7.3455
448,30,ok,2,6,4,True,40560,18,436,2,7.3592
449,30,ok,29,82,53,True,40660,24,27,29,7.1893
450,30,ok,4,12,8,True,40760,17,43,4,7.457
451,30,ok,8,23,15,True,40861,33,26,8,7.5911
452,30,ok,4,12,8,True,40960,22,80,4,7.6661
453,30,ok,9,20,11,True,41060,45,27,9,7.7946
454,30,ok,5,9,4,True,41160,18,45,5,7.705
455,30,ok,4,10,6,True,41260,20,135,4,7.7315
456,30,ok,8,20,12,True,41360,18,74,8,7.4627
457,30,ok,13,34,21,True,41460,47,33,13,7.6531
458,30,ok,3,9,6,True,41560,19,43,3,7.7998
459,30,ok,10,24,14,True,41660,41,26,10,7.8887
460,30,ok,3,11,8,True,41760,49,75,3,7.6866
461,30,ok,17,48,31,True,41860,22,26,17,7.9845
462,30,ok,2,5,3,True,41960,13,250,2,7.8508
463,30,ok,22,56,34,True,42060,27,25,22,7.9193
464,30,ok,4,9,5,True,42161,23,75,4,8.1092
465,30,ok,9,20,11,True,42261,34,30,9,7.9153
466,30,ok,4,8,4,True,42361,29,48,4,8.0833
467,30,ok,8,19,11,True,42461,33,29,8,8.1261
468,30,ok,5,11,6,True,42562,25,82,5,8.2475
469,30,ok,5,16,11,True,42662,15,129,5,8.3109
470,30,ok,8,29,21,True,42762,16,44,8,8.3176
471,30,ok,10,26,16,True,42862,49,27,10,8.2048
472,30,ok,3,10,7,True,42963,25,78,3,8.4433
473,30,ok,13,29,16,True,43065,33,27,13,8.5831
474,30,ok,3,11,8,True,43164,19,46,3,8.4651
475,30,ok,16,35,19,True,43264,25,30,16,8.5599
476,30,ok,2,9,7,True,43364,13,470,2,8.408
477,30,ok,29,71,42,True,43465,19,31,29,8.4547
478,30,ok,4,9,5,True,43565,25,43,4,8.5879
479,30,ok,8,14,6,True,43666,55,26,8,8.5253
480,30,ok,4,10,6,True,43766,30,82,4,8.7218
481,30,ok,9,22,13,True,43867,34,27,9,8.3802
482,30,ok,5,12,7,True,43967,15,43,5,8.9053
483,30,ok,4,12,8,True,44068,21,126,4,8.9259
484,30,ok,8,25,17,True,44169,23,82,8,8.8285
485,30,ok,13,33,20,True,44269,37,27,13,8.8254
486,30,ok,3,7,4,True,44370,28,46,3,9.15
487,30,ok,10,21,11,True,44470,30,26,10,8.9375
488,30,ok,3,7,4,True,44573,20,83,3,9.0631
489,30,ok,17,46,29,True,44672,30,27,17,9.1796
490,30,ok,2,8,6,True,44772,12,247,2,9.1336
491,30,ok,22,62,40,True,44873,22,29,22,9.1434
492,30,ok,4,14,10,True,44974,34,82,4,9.2859
493,30,ok,9,25,16,True,45075,40,27,9,9.2979
494,30,ok,4,8,4,True,45175,21,49,4,9.4774
495,30,ok,8,19,11,True,45276,36,28,8,9.5318
1,31,ok,30,30,0,True,67,2,3,30,0.0003
2,31,ok,8,11,3,True,113,3,13,8,0.0004
3,31,ok,24,40,16,True,164,4,6,24,0.0007
4,31,ok,8,11,3,True,219,4,30,8,0.0008
5,31,ok,30,55,25,True,276,3,7,30,0.0012
6,31,ok,8,17,9,True,335,4,18,8,0.0014
7,31,ok,24,39,15,True,396,6,7,24,0.0018
8,31,ok,8,13,5,True,459,5,37,8,0.0022
9,31,ok,30,54,24,True,523,6,10,30,0.0026
10,31,ok,8,15,7,True,587,6,21,8,0.003
11,31,ok,24,38,14,True,653,6,9,24,0.0035
12,31,ok,8,15,7,True,720,6,45,8,0.004
13,31,ok,30,56,26,True,788,6,11,30,0.0047
14,31,ok,8,14,6,True,856,6,31,8,0.0053
15,31,ok,24,43,19,True,925,9,11,24,0.0059
16,31,ok,8,15,7,True,995,7,44,8,0.0066
17,31,ok,30,55,25,True,1066,6,11,30,0.0075
18,31,ok,8,14,6,True,1137,7,33,8,0.0082
19,31,ok,24,49,25,True,1208,9,11,24,0.009
20,31,ok,8,18,10,True,1281,8,50,8,0.0099
21,31,ok,30,53,23,True,1353,8,11,30,0.0108
22,31,ok,8,15,7,True,1426,7,32,8,0.0069
23,31,ok,24,45,21,True,1500,7,11,24,0.0092
24,31,ok,8,16,8,True,1574,7,57,8,0.0108
25,31,ok,30,58,28,True,1650,8,13,30,0.0095
26,31,ok,8,20,12,True,1723,8,31,8,0.0106
27,31,ok,24,43,19,True,1798,9,12,24,0.0098
28,31,ok,8,13,5,True,1874,9,53,8,0.0105
29,31,ok,30,68,38,True,1950,8,12,30,0.0117
30,31,ok,8,14,6,True,2026,7,34,8,0.0128
31,31,ok,24,40,16,True,2102,8,15,24,0.0226
32,31,ok,8,17,9,True,2179,8,60,8,0.024
33,31,ok,30,63,33,True,2257,8,15,30,0.0258
34,31,ok,8,19,11,True,2334,8,36,8,0.0272
35,31,ok,24,48,24,True,2412,9,11,24,0.0289
36,31,ok,8,21,13,True,2490,6,72,8,0.0306
37,31,ok,30,70,40,True,2568,10,15,30,0.0324
38,31,ok,8,15,7,True,2647,9,37,8,0.0341
39,31,ok,24,53,29,True,2730,10,16,24,0.036
40,31,ok,8,18,10,True,2805,7,69,8,0.0379
41,31,ok,30,72,42,True,2884,9,16,30,0.0396
496,30,ok,5,13,8,True,45377,19,83,5,9.4193
42,31,ok,8,15,7,True,2964,8,36,8,0.0417
43,31,ok,24,52,28,True,3043,12,14,24,0.0449
44,31,ok,8,13,5,True,3124,11,76,8,0.0461
45,31,ok,30,72,42,True,3204,10,15,30,0.0489
46,31,ok,8,17,9,True,3284,8,42,8,0.0504
47,31,ok,24,54,30,True,3365,11,15,24,0.0538
48,31,ok,8,15,7,True,3450,9,72,8,0.055
49,31,ok,30,62,32,True,3527,11,14,30,0.0589
50,31,ok,8,15,7,True,3608,9,41,8,0.0599
51,31,ok,24,52,28,True,3690,11,14,24,0.0632
52,31,ok,8,20,12,True,3772,8,75,8,0.0652
53,31,ok,30,66,36,True,3853,11,16,30,0.069
54,31,ok,8,15,7,True,3936,10,40,8,0.0707
55,31,ok,24,48,24,True,4020,14,17,24,0.0671
56,31,ok,8,18,10,True,4100,9,73,8,0.076
57,31,ok,30,57,27,True,4183,10,18,30,0.07
58,31,ok,8,19,11,True,4266,9,40,8,0.0822
59,31,ok,24,51,27,True,4350,13,14,24,0.0856
60,31,ok,8,17,9,True,4432,11,82,8,0.0882
61,31,ok,30,60,30,True,4515,11,17,30,0.0922
62,31,ok,8,18,10,True,4598,10,41,8,0.0944
63,31,ok,24,51,27,True,4682,12,16,24,0.0984
64,31,ok,8,20,12,True,4766,9,78,8,0.1008
65,31,ok,30,72,42,True,4850,12,17,30,0.1052
66,31,ok,8,16,8,True,4934,8,44,8,0.1077
67,31,ok,24,57,33,True,5018,11,20,24,0.1123
68,31,ok,8,18,10,True,5102,8,79,8,0.1153
69,31,ok,30,76,46,True,5187,12,17,30,0.1204
70,31,ok,8,26,18,True,5271,8,46,8,0.1245
71,31,ok,24,55,31,True,5356,11,17,24,0.1298
72,31,ok,8,20,12,True,5441,10,79,8,0.1319
73,31,ok,30,72,42,True,5526,10,15,30,0.1373
74,31,ok,8,24,16,True,5611,9,49,8,0.1403
75,31,ok,24,52,28,True,5696,11,18,24,0.1441
76,31,ok,8,16,8,True,5782,10,88,8,0.133
77,31,ok,30,67,37,True,5867,11,18,30,0.1474
78,31,ok,8,18,10,True,5953,9,54,8,0.1579
79,31,ok,24,41,17,True,6039,13,18,24,0.162
80,31,ok,8,21,13,True,6125,12,83,8,0.1676
497,30,ok,5,12,7,True,45478,21,122,5,9.5208
81,31,ok,30,63,33,True,6211,13,19,30,0.1735
82,31,ok,8,21,13,True,6297,10,49,8,0.1753
83,31,ok,24,55,31,True,6383,13,20,24,0.1794
84,31,ok,8,24,16,True,6470,9,98,8,0.1827
85,31,ok,30,71,41,True,6556,14,20,30,0.1826
86,31,ok,8,21,13,True,6643,10,51,8,0.1825
87,31,ok,24,50,26,True,6730,14,18,24,0.176
88,31,ok,8,19,11,True,6817,11,94,8,0.2006
89,31,ok,30,60,30,True,6904,11,19,30,0.2083
90,31,ok,8,23,15,True,6991,10,49,8,0.2106
91,31,ok,24,51,27,True,7078,14,18,24,0.2118
92,31,ok,8,22,14,True,7165,14,92,8,0.2207
93,31,ok,30,83,53,True,7253,13,18,30,0.2214
94,31,ok,8,20,12,True,7340,14,51,8,0.1983
95,31,ok,24,57,33,True,7428,11,19,24,0.2313
96,31,ok,8,25,17,True,7515,11,92,8,0.2316
97,31,ok,30,76,46,True,7603,14,17,30,0.2379
99,31,ok,24,53,29,True,7779,13,16,24,0.226
98,31,ok,8,17,9,True,7691,9,57,8,0.2493
100,31,ok,8,18,10,True,7867,11,92,8,0.2468
498,30,ok,8,18,10,True,45579,24,45,8,9.1878
101,31,ok,30,73,43,True,7955,11,19,30,0.2588
102,31,ok,8,23,15,True,8044,11,51,8,0.271
103,31,ok,24,57,33,True,8132,17,18,24,0.2757
104,31,ok,8,17,9,True,8221,13,94,8,0.2813
105,31,ok,30,71,41,True,8310,13,21,30,0.2977
106,31,ok,8,19,11,True,8398,9,49,8,0.2929
107,31,ok,24,49,25,True,8487,18,19,24,0.3019
108,31,ok,8,26,18,True,8580,12,88,8,0.3197
109,31,ok,30,71,41,True,8664,11,20,30,0.3116
110,31,ok,8,21,13,True,8753,11,59,8,0.3182
111,31,ok,24,53,29,True,8843,12,22,24,0.3274
112,31,ok,8,20,12,True,8932,10,97,8,0.3434
113,31,ok,30,71,41,True,9021,14,20,30,0.3408
114,31,ok,8,16,8,True,9110,10,55,8,0.3473
115,31,ok,24,51,27,True,9200,15,20,24,0.3586
116,31,ok,8,28,20,True,9290,12,101,8,0.377
117,31,ok,30,84,54,True,9379,12,18,30,0.3716
118,31,ok,8,24,16,True,9469,13,58,8,0.3773
119,31,ok,24,55,31,True,9559,14,18,24,0.3854
120,31,ok,8,20,12,True,9649,10,93,8,0.3961
121,31,ok,30,78,48,True,9739,12,17,30,0.3949
122,31,ok,8,20,12,True,9829,11,54,8,0.4027
123,31,ok,24,55,31,True,9919,18,21,24,0.4106
499,30,ok,10,21,11,True,45680,37,28,10,9.5945
124,31,ok,8,17,9,True,10009,12,99,8,0.424
125,31,ok,30,73,43,True,10099,12,20,30,0.4244
126,31,ok,8,21,13,True,10189,12,62,8,0.4301
127,31,ok,24,61,37,True,10280,14,21,24,0.441
128,31,ok,8,19,11,True,10370,13,103,8,0.4507
129,31,ok,30,65,35,True,10461,13,19,30,0.4756
130,31,ok,8,19,11,True,10552,13,55,8,0.4703
131,31,ok,24,58,34,True,10642,17,20,24,0.4706
132,31,ok,8,17,9,True,10733,11,99,8,0.4765
133,31,ok,30,73,43,True,10824,14,23,30,0.4852
134,31,ok,8,23,15,True,10915,14,54,8,0.5006
135,31,ok,24,56,32,True,11006,23,28,24,0.5019
136,31,ok,8,17,9,True,11097,12,100,8,0.5048
137,31,ok,30,62,32,True,11190,15,20,30,0.5176
138,31,ok,8,22,14,True,11280,10,59,8,0.529
139,31,ok,24,49,25,True,11371,16,21,24,0.5495
140,31,ok,8,17,9,True,11462,15,100,8,0.5513
141,31,ok,30,79,49,True,11554,13,21,30,0.5536
142,31,ok,8,20,12,True,11645,11,61,8,0.5645
143,31,ok,24,53,29,True,11737,14,19,24,0.571
144,31,ok,8,16,8,True,11828,14,95,8,0.5976
145,31,ok,30,78,48,True,11920,16,19,30,0.5916
146,31,ok,8,19,11,True,12012,9,57,8,0.5522
500,30,ok,3,8,5,True,45781,30,74,3,9.5855
147,31,ok,24,68,44,True,12104,15,23,24,0.6258
148,31,ok,8,18,10,True,12196,12,102,8,0.6133
149,31,ok,30,68,38,True,12288,16,20,30,0.6261
150,31,ok,8,23,15,True,12380,13,60,8,0.6338
151,31,ok,24,64,40,True,12472,17,19,24,0.6361
152,31,ok,8,25,17,True,12564,13,103,8,0.6439
153,31,ok,30,72,42,True,12660,14,21,30,0.6675
154,31,ok,8,16,8,True,12750,17,59,8,0.6683
155,31,ok,24,55,31,True,12841,17,22,24,0.6804
156,31,ok,8,19,11,True,12933,12,105,8,0.6892
157,31,ok,30,81,51,True,13026,13,21,30,0.6885
158,31,ok,8,16,8,True,13118,18,59,8,0.6577
159,31,ok,24,57,33,True,13211,15,21,24,0.7376
160,31,ok,8,18,10,True,13304,12,100,8,0.7356
161,31,ok,30,71,41,True,13396,18,21,30,0.7477
163,31,ok,24,54,30,True,13582,17,21,24,0.6878
162,31,ok,8,17,9,True,13489,12,61,8,0.7543
164,31,ok,8,24,16,True,13675,14,111,8,0.7438
165,31,ok,30,77,47,True,13768,13,21,30,0.804
166,31,ok,8,26,18,True,13861,18,60,8,0.7542
167,31,ok,24,58,34,True,13954,19,20,24,0.7818
168,31,ok,8,25,17,True,14047,13,108,8,0.7811
169,31,ok,30,72,42,True,14140,14,23,30,0.8182
170,31,ok,8,21,13,True,14234,11,60,8,0.8133
171,31,ok,24,58,34,True,14327,21,22,24,0.8291
172,31,ok,8,23,15,True,14420,13,104,8,0.8649
173,31,ok,30,69,39,True,14514,16,21,30,0.8695
174,31,ok,8,18,10,True,14610,11,57,8,0.8548
175,31,ok,24,59,35,True,14701,20,21,24,0.8845
176,31,ok,8,22,14,True,14794,11,120,8,0.8754
177,31,ok,30,76,46,True,14888,15,23,30,0.9305
178,31,ok,8,24,16,True,14982,12,58,8,0.928
179,31,ok,24,68,44,True,15075,16,21,24,0.9405
180,31,ok,8,22,14,True,15169,12,106,8,0.9562
181,31,ok,30,74,44,True,15263,16,22,30,0.9567
182,31,ok,8,17,9,True,15360,17,57,8,0.969
183,31,ok,24,70,46,True,15451,17,22,24,1.0048
184,31,ok,8,23,15,True,15545,18,113,8,0.9984
186,31,ok,8,19,11,True,15733,13,70,8,0.9504
185,31,ok,30,74,44,True,15639,15,23,30,1.009
187,31,ok,24,63,39,True,15827,19,24,24,1.0259
188,31,ok,8,20,12,True,15921,13,111,8,0.9592
189,31,ok,30,74,44,True,16016,20,21,30,1.0568
190,31,ok,8,21,13,True,16110,12,61,8,1.0574
191,31,ok,24,54,30,True,16204,16,26,24,1.0577
192,31,ok,8,25,17,True,16299,11,120,8,1.0881
193,31,ok,30,69,39,True,16393,15,23,30,1.0289
194,31,ok,8,18,10,True,16488,16,62,8,1.0632
195,31,ok,24,58,34,True,16582,20,22,24,1.1342
196,31,ok,8,19,11,True,16680,14,115,8,1.1288
197,31,ok,30,74,44,True,16772,17,22,30,1.1434
198,31,ok,8,17,9,True,16866,19,61,8,1.1706
199,31,ok,24,59,35,True,16961,19,24,24,1.1827
200,31,ok,8,20,12,True,17056,14,110,8,1.1896
201,31,ok,30,80,50,True,17151,14,22,30,1.1943
202,31,ok,8,26,18,True,17246,12,65,8,1.2037
203,31,ok,24,50,26,True,17341,19,23,24,1.2365
204,31,ok,8,21,13,True,17436,14,120,8,1.2105
205,31,ok,30,76,46,True,17531,14,22,30,1.2663
206,31,ok,8,23,15,True,17626,16,59,8,1.2453
207,31,ok,24,56,32,True,17721,22,23,24,1.2483
208,31,ok,8,20,12,True,17820,12,114,8,1.3126
209,31,ok,30,80,50,True,17912,19,24,30,1.3078
210,31,ok,8,19,11,True,18007,14,60,8,1.3384
211,31,ok,24,72,48,True,18102,17,21,24,1.4094
212,31,ok,8,19,11,True,18198,22,117,8,1.3711
213,31,ok,30,78,48,True,18293,16,24,30,1.3673
214,31,ok,8,23,15,True,18390,13,76,8,1.3937
215,31,ok,24,58,34,True,18484,18,24,24,1.4106
216,31,ok,8,17,9,True,18579,15,114,8,1.4202
217,31,ok,30,62,32,True,18675,17,24,30,1.4763
218,31,ok,8,17,9,True,18771,15,65,8,1.4356
219,31,ok,24,57,33,True,18866,19,24,24,1.4674
220,31,ok,8,25,17,True,18962,13,122,8,1.4136
221,31,ok,30,78,48,True,19058,18,22,30,1.4522
222,31,ok,8,21,13,True,19154,14,66,8,1.5043
223,31,ok,24,57,33,True,19250,20,26,24,1.4913
224,31,ok,8,28,20,True,19346,12,120,8,1.5566
225,31,ok,30,71,41,True,19442,16,23,30,1.414
226,31,ok,8,21,13,True,19538,16,68,8,1.6342
227,31,ok,24,58,34,True,19634,19,26,24,1.4207
228,31,ok,8,23,15,True,19730,15,117,8,1.6128
229,31,ok,30,71,41,True,19826,17,23,30,1.6007
230,31,ok,8,22,14,True,19922,15,64,8,1.6282
231,31,ok,24,54,30,True,20018,22,22,24,1.6473
232,31,ok,8,25,17,True,20114,14,110,8,1.6594
233,31,ok,30,76,46,True,20211,16,22,30,1.6835
234,31,ok,8,23,15,True,20307,15,65,8,1.7308
235,31,ok,24,60,36,True,20403,19,23,24,1.678
236,31,ok,8,26,18,True,20500,14,121,8,1.737
237,31,ok,30,75,45,True,20596,19,24,30,1.6949
238,31,ok,8,22,14,True,20693,13,64,8,1.7385
239,31,ok,24,51,27,True,20790,15,27,24,1.7194
240,31,ok,8,18,10,True,20886,16,119,8,1.7592
241,31,ok,30,72,42,True,20982,15,26,30,1.8075
242,31,ok,8,26,18,True,21079,17,62,8,1.8838
243,31,ok,24,64,40,True,21176,19,28,24,1.8432
244,31,ok,8,20,12,True,21273,12,126,8,1.8825
245,31,ok,30,65,35,True,21369,19,24,30,1.8967
246,31,ok,8,23,15,True,21466,12,67,8,1.9105
247,31,ok,24,62,38,True,21563,21,24,24,1.9441
248,31,ok,8,19,11,True,21660,16,110,8,1.8446
249,31,ok,30,78,48,True,21757,14,24,30,1.7208
250,31,ok,8,19,11,True,21854,18,64,8,1.9802
251,31,ok,24,56,32,True,21951,16,25,24,1.9931
252,31,ok,8,25,17,True,22048,15,115,8,1.9904
253,31,ok,30,78,48,True,22145,19,23,30,1.8812
254,31,ok,8,16,8,True,22242,14,72,8,2.0889
255,31,ok,24,62,38,True,22339,22,23,24,2.0365
256,31,ok,8,22,14,True,22440,14,118,8,2.0962
257,31,ok,30,78,48,True,22534,18,21,30,2.0809
258,31,ok,8,25,17,True,22631,15,67,8,2.1107
259,31,ok,24,68,44,True,22728,22,22,24,2.1394
260,31,ok,8,19,11,True,22826,16,123,8,2.1649
261,31,ok,30,80,50,True,22923,15,24,30,2.2071
262,31,ok,8,15,7,True,23020,14,69,8,2.1303
263,31,ok,24,51,27,True,23118,20,23,24,2.257
264,31,ok,8,24,16,True,23215,14,118,8,2.2286
265,31,ok,30,89,59,True,23313,14,23,30,2.2091
266,31,ok,8,21,13,True,23410,15,63,8,2.2424
267,31,ok,24,54,30,True,23508,20,24,24,2.3175
268,31,ok,8,19,11,True,23610,20,113,8,2.3308
269,31,ok,30,79,49,True,23703,19,25,30,2.3239
270,31,ok,8,23,15,True,23801,16,70,8,2.3517
271,31,ok,24,65,41,True,23899,19,25,24,2.3307
272,31,ok,8,18,10,True,23996,14,119,8,2.3784
273,31,ok,30,64,34,True,24094,18,27,30,2.3879
274,31,ok,8,23,15,True,24192,13,70,8,2.4749
275,31,ok,24,67,43,True,24290,17,24,24,2.3932
276,31,ok,8,18,10,True,24390,17,119,8,2.4209
277,31,ok,30,83,53,True,24486,20,23,30,2.5046
278,31,ok,8,18,10,True,24584,15,63,8,2.5653
279,31,ok,24,55,31,True,24682,27,25,24,2.4907
280,31,ok,8,17,9,True,24780,14,120,8,2.4587
281,31,ok,30,80,50,True,24878,15,22,30,2.5736
282,31,ok,8,31,23,True,24976,15,65,8,2.5521
283,31,ok,24,66,42,True,25074,15,23,24,2.5839
284,31,ok,8,22,14,True,25173,13,118,8,2.7045
285,31,ok,30,72,42,True,25271,16,24,30,2.6307
286,31,ok,8,24,16,True,25369,13,65,8,2.654
287,31,ok,24,63,39,True,25467,16,28,24,2.7065
288,31,ok,8,17,9,True,25566,13,119,8,2.7375
289,31,ok,30,73,43,True,25664,20,27,30,2.785
290,31,ok,8,15,7,True,25762,19,64,8,2.8211
291,31,ok,24,67,43,True,25861,23,27,24,2.8042
292,31,ok,8,17,9,True,25959,18,126,8,2.7656
293,31,ok,30,87,57,True,26058,16,25,30,2.8601
294,31,ok,8,22,14,True,26156,20,73,8,2.8573
295,31,ok,24,62,38,True,26255,21,23,24,2.8693
296,31,ok,8,23,15,True,26353,14,118,8,2.8269
297,31,ok,30,78,48,True,26452,18,24,30,2.9765
298,31,ok,8,25,17,True,26551,24,65,8,2.9183
299,31,ok,24,54,30,True,26649,19,23,24,2.9517
300,31,ok,8,24,16,True,26748,13,121,8,2.9878
301,31,ok,30,86,56,True,26847,17,24,30,2.9867
302,31,ok,8,21,13,True,26946,17,66,8,2.9101
303,31,ok,24,55,31,True,27044,25,25,24,3.0987
304,31,ok,8,27,19,True,27143,19,138,8,2.9597
305,31,ok,30,87,57,True,27242,15,25,30,3.0929
306,31,ok,8,26,18,True,27341,13,68,8,3.176
307,31,ok,24,51,27,True,27440,25,26,24,3.2
308,31,ok,8,24,16,True,27540,15,134,8,3.1731
309,31,ok,30,88,58,True,27638,18,24,30,3.1488
310,31,ok,8,18,10,True,27737,18,72,8,3.2445
311,31,ok,24,62,38,True,27836,17,25,24,3.2332
312,31,ok,8,19,11,True,27935,17,127,8,3.2858
313,31,ok,30,78,48,True,28034,23,24,30,3.2974
314,31,ok,8,20,12,True,28133,16,72,8,3.2084
315,31,ok,24,51,27,True,28233,26,25,24,3.3876
316,31,ok,8,22,14,True,28332,14,132,8,3.3097
317,31,ok,30,80,50,True,28431,20,24,30,3.4441
318,31,ok,8,24,16,True,28530,15,67,8,3.4482
319,31,ok,24,62,38,True,28630,20,25,24,3.3425
320,31,ok,8,22,14,True,28729,16,125,8,3.4832
321,31,ok,30,73,43,True,28828,15,25,30,3.4962
322,31,ok,8,22,14,True,28928,14,73,8,3.5072
323,31,ok,24,56,32,True,29027,22,25,24,3.5397
324,31,ok,8,22,14,True,29127,14,129,8,3.4647
325,31,ok,30,85,55,True,29226,18,23,30,3.567
326,31,ok,8,18,10,True,29326,19,67,8,3.672
327,31,ok,24,70,46,True,29425,16,26,24,3.6605
328,31,ok,8,31,23,True,29525,11,131,8,3.6341
329,31,ok,30,80,50,True,29624,18,26,30,3.7324
330,31,ok,8,30,22,True,29724,11,73,8,3.7016
331,31,ok,24,66,42,True,29824,18,24,24,3.7644
332,31,ok,8,23,15,True,29923,18,126,8,3.8723
333,31,ok,30,75,45,True,30023,21,25,30,3.7844
334,31,ok,8,22,14,True,30123,15,68,8,3.8842
335,31,ok,24,60,36,True,30223,19,24,24,3.8901
336,31,ok,8,18,10,True,30322,14,134,8,3.9272
337,31,ok,30,84,54,True,30422,18,28,30,3.9942
338,31,ok,8,18,10,True,30522,21,72,8,3.9587
339,31,ok,24,68,44,True,30622,21,28,24,4.0251
340,31,ok,8,17,9,True,30722,19,124,8,3.9985
341,31,ok,30,75,45,True,30822,15,25,30,4.0582
342,31,ok,8,23,15,True,30922,17,74,8,4.0098
343,31,ok,24,57,33,True,31022,21,24,24,4.0959
344,31,ok,8,23,15,True,31122,18,134,8,4.123
345,31,ok,30,78,48,True,31222,21,28,30,4.1116
346,31,ok,8,19,11,True,31322,21,73,8,4.2226
347,31,ok,24,62,38,True,31422,22,24,24,4.1986
348,31,ok,8,25,17,True,31522,16,129,8,4.2708
349,31,ok,30,91,61,True,31622,18,26,30,4.2549
350,31,ok,8,21,13,True,31723,17,71,8,4.2625
351,31,ok,24,58,34,True,31823,21,28,24,4.3277
352,31,ok,8,25,17,True,31923,17,128,8,4.3836
353,31,ok,30,86,56,True,32023,22,25,30,4.3225
354,31,ok,8,21,13,True,32124,20,71,8,4.3603
355,31,ok,24,65,41,True,32224,18,27,24,4.4322
356,31,ok,8,24,16,True,32324,15,131,8,4.4208
357,31,ok,30,75,45,True,32425,19,26,30,4.452
358,31,ok,8,22,14,True,32525,17,77,8,4.4492
359,31,ok,24,65,41,True,32626,17,26,24,4.4797
360,31,ok,8,26,18,True,32726,16,138,8,4.5305
361,31,ok,30,67,37,True,32826,16,25,30,4.494
362,31,ok,8,30,22,True,32927,19,77,8,4.6785
363,31,ok,24,65,41,True,33030,20,27,24,4.5676
364,31,ok,8,27,19,True,33128,22,128,8,4.6325
365,31,ok,30,87,57,True,33229,23,26,30,4.6966
366,31,ok,8,19,11,True,33329,18,72,8,4.8473
367,31,ok,24,67,43,True,33430,26,26,24,4.5928
368,31,ok,8,19,11,True,33531,21,132,8,4.7845
369,31,ok,30,75,45,True,33631,17,26,30,4.7108
370,31,ok,8,19,11,True,33732,18,73,8,4.9054
371,31,ok,24,68,44,True,33833,25,26,24,4.8348
372,31,ok,8,21,13,True,33934,15,132,8,4.9176
373,31,ok,30,81,51,True,34034,19,26,30,4.9726
374,31,ok,8,19,11,True,34140,17,74,8,4.9545
375,31,ok,24,63,39,True,34236,20,27,24,4.9182
376,31,ok,8,17,9,True,34337,21,132,8,5.0468
377,31,ok,30,82,52,True,34440,19,26,30,5.0778
378,31,ok,8,20,12,True,34539,14,78,8,5.0631
379,31,ok,24,67,43,True,34640,20,28,24,5.1452
380,31,ok,8,20,12,True,34741,20,130,8,5.1912
381,31,ok,30,83,53,True,34842,23,27,30,5.1598
382,31,ok,8,16,8,True,34943,17,81,8,5.2494
383,31,ok,24,64,40,True,35044,25,25,24,5.2515
384,31,ok,8,19,11,True,35145,18,136,8,5.3052
385,31,ok,30,92,62,True,35246,20,25,30,5.2825
386,31,ok,8,21,13,True,35347,18,73,8,5.2829
387,31,ok,24,55,31,True,35448,23,26,24,5.3868
388,31,ok,8,28,20,True,35550,14,132,8,5.3641
389,31,ok,30,91,61,True,35651,23,25,30,5.4563
390,31,ok,8,21,13,True,35752,18,72,8,5.4728
391,31,ok,24,57,33,True,35853,26,28,24,5.5711
393,31,ok,30,81,51,True,36060,19,26,30,4.7892
392,31,ok,8,22,14,True,35954,12,135,8,5.4743
394,31,ok,8,20,12,True,36157,16,71,8,5.649
395,31,ok,24,66,42,True,36258,27,26,24,4.9099
396,31,ok,8,18,10,True,36360,18,134,8,5.7083
397,31,ok,30,86,56,True,36461,18,27,30,5.8373
398,31,ok,8,23,15,True,36563,23,74,8,5.7108
399,31,ok,24,72,48,True,36664,19,28,24,5.7232
400,31,ok,8,23,15,True,36766,20,130,8,5.8739
401,31,ok,30,78,48,True,36870,23,31,30,5.805
402,31,ok,8,23,15,True,36969,22,71,8,5.8198
403,31,ok,24,59,35,True,37070,30,29,24,5.8788
404,31,ok,8,21,13,True,37172,13,130,8,5.8557
405,31,ok,30,82,52,True,37273,19,25,30,5.9773
406,31,ok,8,21,13,True,37380,15,74,8,6.0438
407,31,ok,24,56,32,True,37476,25,25,24,6.0306
408,31,ok,8,26,18,True,37578,18,136,8,6.1138
409,31,ok,30,86,56,True,37680,17,26,30,6.1804
410,31,ok,8,16,8,True,37782,19,72,8,6.2141
411,31,ok,24,67,43,True,37883,24,27,24,6.2303
412,31,ok,8,18,10,True,37985,19,134,8,6.2947
413,31,ok,30,79,49,True,38087,17,26,30,6.2987
414,31,ok,8,25,17,True,38190,13,73,8,6.2628
415,31,ok,24,72,48,True,38290,27,25,24,6.4032
416,31,ok,8,20,12,True,38392,19,137,8,6.3111
417,31,ok,30,81,51,True,38494,20,27,30,6.3413
418,31,ok,8,26,18,True,38596,16,78,8,6.3799
419,31,ok,24,61,37,True,38700,21,28,24,6.4458
420,31,ok,8,20,12,True,38800,19,133,8,6.5278
421,31,ok,30,84,54,True,38902,20,26,30,6.5477
422,31,ok,8,24,16,True,39004,12,73,8,6.4606
423,31,ok,24,68,44,True,39106,20,27,24,6.6056
424,31,ok,8,17,9,True,39208,19,135,8,6.6269
425,31,ok,30,87,57,True,39310,24,28,30,6.6618
426,31,ok,8,21,13,True,39412,18,83,8,6.7122
427,31,ok,24,59,35,True,39514,24,26,24,6.7563
428,31,ok,8,23,15,True,39616,15,141,8,6.6414
429,31,ok,30,86,56,True,39720,21,28,30,6.8274
430,31,ok,8,26,18,True,39821,12,82,8,6.7686
431,31,ok,24,58,34,True,39923,21,30,24,6.9282
432,31,ok,8,25,17,True,40025,14,147,8,6.9012
433,31,ok,30,71,41,True,40127,17,27,30,6.847
434,31,ok,8,29,21,True,40230,17,74,8,7.0506
435,31,ok,24,64,40,True,40332,23,26,24,7.0057
436,31,ok,8,24,16,True,40434,20,145,8,7.0786
437,31,ok,30,75,45,True,40536,23,27,30,7.1662
438,31,ok,8,23,15,True,40639,18,77,8,7.1658
439,31,ok,24,60,36,True,40741,25,27,24,7.1845
440,31,ok,8,19,11,True,40843,17,148,8,7.276
441,31,ok,30,82,52,True,40946,19,26,30,7.3359
442,31,ok,8,22,14,True,41048,16,79,8,7.3671
443,31,ok,24,68,44,True,41151,26,28,24,7.3815
444,31,ok,8,27,19,True,41253,16,135,8,7.4593
445,31,ok,30,81,51,True,41356,27,29,30,7.4834
446,31,ok,8,22,14,True,41460,21,76,8,7.4696
447,31,ok,24,52,28,True,41561,21,26,24,7.6527
448,31,ok,8,22,14,True,41663,20,141,8,7.5905
449,31,ok,30,91,61,True,41766,19,27,30,7.514
450,31,ok,8,20,12,True,41868,17,72,8,7.5289
451,31,ok,24,65,41,True,41971,29,28,24,7.7243
452,31,ok,8,26,18,True,42074,23,132,8,7.7164
453,31,ok,30,88,58,True,42176,17,26,30,7.7533
454,31,ok,8,25,17,True,42279,19,75,8,7.8044
455,31,ok,24,66,42,True,42382,23,26,24,7.7778
456,31,ok,8,18,10,True,42484,17,143,8,7.8284
457,31,ok,30,87,57,True,42587,18,27,30,7.8293
458,31,ok,8,21,13,True,42690,16,80,8,7.862
459,31,ok,24,68,44,True,42793,24,27,24,7.9069
460,31,ok,8,17,9,True,42895,17,147,8,8.0179
461,31,ok,30,76,46,True,42998,19,35,30,8.0204
462,31,ok,8,22,14,True,43101,18,77,8,8.0864
463,31,ok,24,62,38,True,43204,30,28,24,8.0037
464,31,ok,8,21,13,True,43307,15,143,8,8.0493
465,31,ok,30,94,64,True,43410,19,26,30,8.2814
466,31,ok,8,30,22,True,43513,14,79,8,8.2664
467,31,ok,24,59,35,True,43616,21,30,24,8.325
468,31,ok,8,22,14,True,43719,19,137,8,8.2736
469,31,ok,30,79,49,True,43822,19,28,30,8.3256
470,31,ok,8,22,14,True,43925,22,77,8,8.3993
471,31,ok,24,71,47,True,44028,21,27,24,8.5172
472,31,ok,8,26,18,True,44131,18,133,8,8.5191
473,31,ok,30,87,57,True,44234,20,27,30,8.5389
474,31,ok,8,25,17,True,44337,16,70,8,8.6109
475,31,ok,24,55,31,True,44440,28,29,24,8.6087
476,31,ok,8,23,15,True,44543,15,147,8,8.761
477,31,ok,30,100,70,True,44646,21,26,30,8.7186
478,31,ok,8,22,14,True,44750,19,77,8,8.7508
479,31,ok,24,59,35,True,44853,21,28,24,8.7786
480,31,ok,8,21,13,True,44956,20,147,8,8.9095
481,31,ok,30,71,41,True,45060,20,28,30,8.9239
482,31,ok,8,21,13,True,45162,15,77,8,8.6998
483,31,ok,24,57,33,True,45270,27,29,24,8.9963
484,31,ok,8,29,21,True,45369,24,142,8,9.1723
485,31,ok,30,75,45,True,45472,20,27,30,9.1405
486,31,ok,8,23,15,True,45576,16,75,8,9.3682
487,31,ok,24,63,39,True,45679,21,27,24,9.31
488,31,ok,8,25,17,True,45782,16,140,8,9.3507
489,31,ok,30,73,43,True,45886,22,29,30,9.3844
490,31,ok,8,22,14,True,45990,14,78,8,9.3239
491,31,ok,24,67,43,True,46093,27,27,24,9.3386
492,31,ok,8,22,14,True,46196,13,135,8,9.246
493,31,ok,30,80,50,True,46299,17,28,30,9.3544
494,31,ok,8,19,11,True,46403,22,85,8,9.4995
495,31,ok,24,66,42,True,46506,27,28,24,9.43
1,32,ok,31,31,0,True,69,2,3,31,0.0003
2,32,ok,6,6,0,True,117,4,8,6,0.0004
3,32,ok,5,6,1,True,169,6,12,5,0.0006
4,32,ok,10,16,6,True,225,5,8,10,0.0009
5,32,ok,5,7,2,True,284,6,19,5,0.0012
6,32,ok,6,12,6,True,345,4,23,6,0.0015
7,32,ok,13,18,5,True,408,11,7,13,0.0018
8,32,ok,6,9,3,True,472,9,11,6,0.0022
9,32,ok,7,16,9,True,538,5,16,7,0.0026
10,32,ok,4,9,5,True,604,5,46,4,0.0031
11,32,ok,21,38,17,True,672,9,8,21,0.0036
12,32,ok,3,5,2,True,741,10,35,3,0.0041
13,32,ok,13,21,8,True,810,14,8,13,0.0047
14,32,ok,9,19,10,True,881,12,15,9,0.0054
15,32,ok,3,8,5,True,952,7,84,3,0.006
16,32,ok,16,38,22,True,1023,8,14,16,0.0067
17,32,ok,11,22,11,True,1096,13,13,11,0.0074
18,32,ok,3,9,6,True,1169,8,35,3,0.0083
19,32,ok,19,33,14,True,1242,13,10,19,0.0093
20,32,ok,3,6,3,True,1316,6,70,3,0.0082
21,32,ok,11,34,23,True,1391,7,22,11,0.0108
22,32,ok,7,15,8,True,1466,15,16,7,0.0096
23,32,ok,11,17,6,True,1542,20,11,11,0.0112
24,32,ok,4,8,4,True,1618,9,40,4,0.0131
25,32,ok,7,17,10,True,1694,8,48,7,0.0153
26,32,ok,11,26,15,True,1771,10,20,11,0.0163
27,32,ok,5,13,8,True,1848,15,23,5,0.0175
28,32,ok,7,18,11,True,1926,18,17,7,0.0187
29,32,ok,17,42,25,True,2004,16,13,17,0.0201
30,32,ok,2,6,4,True,2082,10,179,2,0.0212
31,32,ok,31,73,42,True,2160,12,10,31,0.0229
32,32,ok,6,14,8,True,2239,22,16,6,0.0241
33,32,ok,5,16,11,True,2319,11,21,5,0.0257
34,32,ok,10,28,18,True,2398,14,21,10,0.0271
35,32,ok,5,10,5,True,2478,15,39,5,0.0289
36,32,ok,6,18,12,True,2558,11,41,6,0.0306
37,32,ok,13,25,12,True,2639,19,13,13,0.0318
38,32,ok,6,12,6,True,2719,20,18,6,0.0338
39,32,ok,7,16,9,True,2800,12,23,7,0.0358
40,32,ok,4,8,4,True,2882,7,61,4,0.0376
41,32,ok,21,49,28,True,2963,16,10,21,0.0398
42,32,ok,3,7,4,True,3045,15,40,3,0.0418
43,32,ok,13,26,13,True,3127,23,12,13,0.0432
44,32,ok,9,20,11,True,3209,21,18,9,0.0454
45,32,ok,3,9,6,True,3291,7,113,3,0.0482
46,32,ok,16,42,26,True,3374,12,19,16,0.0503
47,32,ok,11,26,15,True,3457,19,11,11,0.0527
48,32,ok,3,8,5,True,3540,14,51,3,0.0552
49,32,ok,19,43,24,True,3623,18,11,19,0.0575
50,32,ok,3,9,6,True,3707,13,82,3,0.0599
51,32,ok,11,32,21,True,3790,13,29,11,0.0621
52,32,ok,7,17,10,True,3874,26,21,7,0.0645
53,32,ok,11,22,11,True,3958,24,11,11,0.0689
54,32,ok,4,11,7,True,4043,13,51,4,0.0702
55,32,ok,7,16,9,True,4127,12,50,7,0.0728
56,32,ok,11,27,16,True,4212,11,18,11,0.0752
57,32,ok,5,10,5,True,4297,27,27,5,0.0778
58,32,ok,7,18,11,True,4382,17,20,7,0.0802
59,32,ok,17,36,19,True,4467,16,12,17,0.0842
60,32,ok,2,7,5,True,4552,11,189,2,0.0855
61,32,ok,31,87,56,True,4638,16,13,31,0.0893
62,32,ok,6,13,7,True,4723,23,21,6,0.0896
63,32,ok,5,10,5,True,4809,19,32,5,0.0937
64,32,ok,10,29,19,True,4895,19,18,10,0.0966
65,32,ok,5,12,7,True,4981,20,48,5,0.1007
66,32,ok,6,19,13,True,5067,10,51,6,0.1047
67,32,ok,13,29,16,True,5154,29,13,13,0.1042
68,32,ok,6,12,6,True,5241,20,21,6,0.1112
69,32,ok,7,20,13,True,5327,13,28,7,0.1133
496,31,ok,8,25,17,True,46610,17,137,8,9.6373
70,32,ok,4,12,8,True,5414,12,83,4,0.102
71,32,ok,21,53,32,True,5501,23,14,21,0.1209
72,32,ok,3,11,8,True,5588,13,47,3,0.1133
73,32,ok,13,40,27,True,5676,25,14,13,0.128
74,32,ok,9,26,17,True,5763,18,25,9,0.1301
75,32,ok,3,6,3,True,5851,14,124,3,0.136
76,32,ok,16,43,27,True,5938,15,20,16,0.1378
77,32,ok,11,24,13,True,6026,33,19,11,0.1441
78,32,ok,3,9,6,True,6114,36,50,3,0.1469
497,31,ok,30,76,46,True,46714,21,26,30,9.7115
79,32,ok,19,47,28,True,6202,19,14,19,0.1527
80,32,ok,3,6,3,True,6290,13,78,3,0.1547
81,32,ok,11,29,18,True,6379,13,28,11,0.1638
82,32,ok,7,21,14,True,6467,24,22,7,0.167
83,32,ok,11,27,16,True,6556,24,15,11,0.1694
84,32,ok,4,12,8,True,6645,15,53,4,0.1689
85,32,ok,7,15,8,True,6733,15,47,7,0.181
86,32,ok,11,28,17,True,6822,21,21,11,0.1833
87,32,ok,5,15,10,True,6911,24,29,5,0.1869
88,32,ok,7,17,10,True,7001,24,21,7,0.2004
89,32,ok,17,40,23,True,7090,25,15,17,0.2022
90,32,ok,2,4,2,True,7179,12,237,2,0.2072
91,32,ok,31,101,70,True,7269,14,14,31,0.2116
92,32,ok,6,19,13,True,7358,32,26,6,0.2098
93,32,ok,5,12,7,True,7448,18,31,5,0.2188
94,32,ok,10,22,12,True,7538,21,23,10,0.2245
95,32,ok,5,14,9,True,7628,21,51,5,0.2345
96,32,ok,6,18,12,True,7718,18,49,6,0.2282
98,32,ok,6,14,8,True,7898,24,23,6,0.1933
97,32,ok,13,32,19,True,7808,44,15,13,0.2405
100,32,ok,4,12,8,True,8079,19,82,4,0.1433
99,32,ok,7,21,14,True,7989,16,30,7,0.2476
101,32,ok,21,47,26,True,8170,21,13,21,0.261
102,32,ok,3,10,7,True,8260,14,52,3,0.1542
103,32,ok,13,30,17,True,8351,54,15,13,0.2697
105,32,ok,3,11,8,True,8533,13,129,3,0.1645
104,32,ok,9,25,16,True,8442,26,23,9,0.2831
107,32,ok,11,20,9,True,8715,37,15,11,0.1831
106,32,ok,16,51,35,True,8624,17,21,16,0.2965
498,31,ok,8,14,6,True,46817,19,82,8,9.2226
108,32,ok,3,8,5,True,8806,19,58,3,0.3103
109,32,ok,19,44,25,True,8897,23,16,19,0.3044
111,32,ok,11,33,22,True,9080,15,31,11,0.3005
110,32,ok,3,4,1,True,8989,19,90,3,0.3056
112,32,ok,7,17,10,True,9172,25,24,7,0.3079
113,32,ok,11,29,18,True,9263,33,14,11,0.3263
114,32,ok,4,11,7,True,9355,22,54,4,0.3145
115,32,ok,7,20,13,True,9447,19,48,7,0.3503
116,32,ok,11,30,19,True,9539,17,23,11,0.3521
117,32,ok,5,15,10,True,9631,25,31,5,0.3485
118,32,ok,7,17,10,True,9723,32,25,7,0.3781
119,32,ok,17,55,38,True,9815,22,16,17,0.3792
120,32,ok,2,6,4,True,9908,19,221,2,0.38
121,32,ok,31,89,58,True,10000,25,15,31,0.3664
122,32,ok,6,15,9,True,10092,27,22,6,0.3984
123,32,ok,5,14,9,True,10185,31,30,5,0.3993
124,32,ok,10,35,25,True,10277,15,23,10,0.403
125,32,ok,5,12,7,True,10370,15,46,5,0.409
499,31,ok,24,64,40,True,46921,24,25,24,9.756
126,32,ok,6,20,14,True,10463,15,55,6,0.4169
127,32,ok,13,37,24,True,10556,55,16,13,0.4305
128,32,ok,6,18,12,True,10649,36,26,6,0.4357
129,32,ok,7,30,23,True,10741,24,32,7,0.4367
130,32,ok,4,10,6,True,10835,15,96,4,0.4437
131,32,ok,21,56,35,True,10928,31,14,21,0.4517
132,32,ok,3,13,10,True,11021,28,56,3,0.4603
133,32,ok,13,37,24,True,11114,33,14,13,0.4665
134,32,ok,9,26,17,True,11208,22,24,9,0.476
135,32,ok,3,8,5,True,11301,14,130,3,0.4806
136,32,ok,16,51,35,True,11394,17,24,16,0.4901
137,32,ok,11,29,18,True,11488,28,14,11,0.5015
500,31,ok,8,28,20,True,47024,16,135,8,9.7682
138,32,ok,3,12,9,True,11582,17,65,3,0.5163
139,32,ok,19,55,36,True,11675,30,14,19,0.5195
140,32,ok,3,9,6,True,11769,12,98,3,0.5057
141,32,ok,11,32,21,True,11863,15,31,11,0.5291
142,32,ok,7,21,14,True,11957,37,24,7,0.5436
143,32,ok,11,19,8,True,12051,50,16,11,0.5512
144,32,ok,4,13,9,True,12145,25,55,4,0.5681
145,32,ok,7,23,16,True,12239,16,52,7,0.5576
146,32,ok,11,35,24,True,12333,25,24,11,0.5533
147,32,ok,5,15,10,True,12428,50,30,5,0.5477
148,32,ok,7,15,8,True,12522,31,24,7,0.5939
149,32,ok,17,55,38,True,12616,27,15,17,0.6015
150,32,ok,2,5,3,True,12711,18,240,2,0.5984
151,32,ok,31,87,56,True,12805,20,15,31,0.6209
152,32,ok,6,17,11,True,12900,25,24,6,0.6144
153,32,ok,5,16,11,True,12995,33,36,5,0.6275
154,32,ok,10,31,21,True,13089,26,27,10,0.6489
155,32,ok,5,12,7,True,13184,33,50,5,0.6637
156,32,ok,6,27,21,True,13279,18,57,6,0.6798
157,32,ok,13,37,24,True,13374,38,15,13,0.6829
158,32,ok,6,14,8,True,13469,39,27,6,0.685
159,32,ok,7,22,15,True,13564,25,35,7,0.6999
160,32,ok,4,13,9,True,13659,19,101,4,0.7159
161,32,ok,21,64,43,True,13754,28,17,21,0.7271
162,32,ok,3,13,10,True,13850,32,57,3,0.7365
163,32,ok,13,37,24,True,13945,43,17,13,0.7476
164,32,ok,9,26,17,True,14040,26,23,9,0.7496
165,32,ok,3,11,8,True,14136,19,131,3,0.764
166,32,ok,16,54,38,True,14231,17,25,16,0.7844
167,32,ok,11,29,18,True,14327,33,15,11,0.787
168,32,ok,3,12,9,True,14422,39,57,3,0.7961
169,32,ok,19,57,38,True,14518,31,14,19,0.8278
170,32,ok,3,9,6,True,14614,12,91,3,0.8321
171,32,ok,11,30,19,True,14709,20,31,11,0.8306
172,32,ok,7,20,13,True,14805,33,28,7,0.8576
173,32,ok,11,23,12,True,14901,33,16,11,0.8474
174,32,ok,4,18,14,True,14997,25,57,4,0.8761
175,32,ok,7,20,13,True,15093,32,59,7,0.8979
176,32,ok,11,41,30,True,15189,23,24,11,0.8995
177,32,ok,5,18,13,True,15285,53,38,5,0.9088
178,32,ok,7,22,15,True,15381,25,25,7,0.9038
179,32,ok,17,51,34,True,15478,35,15,17,0.9195
180,32,ok,2,5,3,True,15574,15,227,2,0.8956
181,32,ok,31,111,80,True,15670,20,17,31,0.9257
182,32,ok,6,20,14,True,15767,42,24,6,0.9349
183,32,ok,5,17,12,True,15863,26,35,5,0.9567
184,32,ok,10,25,15,True,15959,29,28,10,0.9391
185,32,ok,5,19,14,True,16056,21,51,5,0.9735
186,32,ok,6,23,17,True,16153,19,57,6,0.9286
187,32,ok,13,36,23,True,16249,46,17,13,0.9845
188,32,ok,6,17,11,True,16346,36,26,6,0.9816
189,32,ok,7,22,15,True,16443,28,37,7,1.025
190,32,ok,4,10,6,True,16540,19,97,4,1.0184
191,32,ok,21,62,41,True,16636,32,16,21,1.0436
192,32,ok,3,10,7,True,16733,30,67,3,1.0409
193,32,ok,13,34,21,True,16830,44,17,13,1.061
194,32,ok,9,27,18,True,16927,34,27,9,1.055
195,32,ok,3,9,6,True,17024,15,133,3,1.0883
196,32,ok,16,57,41,True,17121,24,25,16,1.0596
197,32,ok,11,34,23,True,17219,28,18,11,1.1206
198,32,ok,3,13,10,True,17316,26,54,3,1.1253
199,32,ok,19,59,40,True,17413,34,18,19,1.152
200,32,ok,3,10,7,True,17510,27,92,3,1.1223
201,32,ok,11,32,21,True,17608,24,35,11,1.1643
202,32,ok,7,23,16,True,17705,36,24,7,1.159
203,32,ok,11,22,11,True,17803,62,15,11,1.1975
204,32,ok,4,12,8,True,17900,35,59,4,1.2074
205,32,ok,7,18,11,True,17998,18,60,7,1.229
206,32,ok,11,35,24,True,18095,36,26,11,1.2345
207,32,ok,5,15,10,True,18193,27,35,5,1.2421
208,32,ok,7,25,18,True,18291,44,23,7,1.2774
209,32,ok,17,58,41,True,18388,30,15,17,1.2352
210,32,ok,2,4,2,True,18486,22,245,2,1.2556
211,32,ok,31,106,75,True,18584,31,15,31,1.2902
212,32,ok,6,16,10,True,18682,47,26,6,1.2858
213,32,ok,5,19,14,True,18780,29,37,5,1.3167
214,32,ok,10,36,26,True,18878,19,24,10,1.351
215,32,ok,5,15,10,True,18976,37,57,5,1.3584
216,32,ok,6,18,12,True,19074,19,59,6,1.3522
217,32,ok,13,44,31,True,19172,50,15,13,1.3668
218,32,ok,6,19,13,True,19270,28,28,6,1.4143
219,32,ok,7,21,14,True,19368,39,35,7,1.3869
220,32,ok,4,15,11,True,19467,18,99,4,1.4194
221,32,ok,21,59,38,True,19565,28,16,21,1.4441
222,32,ok,3,9,6,True,19663,30,63,3,1.4345
223,32,ok,13,38,25,True,19762,59,18,13,1.464
224,32,ok,9,26,17,True,19860,24,27,9,1.4963
225,32,ok,3,7,4,True,19959,18,133,3,1.4629
226,32,ok,16,43,27,True,20057,27,26,16,1.4631
227,32,ok,11,29,18,True,20156,41,17,11,1.5464
228,32,ok,3,9,6,True,20254,43,56,3,1.5484
229,32,ok,19,57,38,True,20353,35,16,19,1.5667
230,32,ok,3,10,7,True,20452,16,104,3,1.5721
231,32,ok,11,35,24,True,20550,24,39,11,1.5874
232,32,ok,7,19,12,True,20649,41,27,7,1.6033
233,32,ok,11,26,15,True,20748,47,18,11,1.6169
234,32,ok,4,17,13,True,20847,29,61,4,1.6684
235,32,ok,7,19,12,True,20946,24,57,7,1.6334
236,32,ok,11,30,19,True,21045,36,26,11,1.6012
237,32,ok,5,15,10,True,21144,42,34,5,1.6436
238,32,ok,7,13,6,True,21243,34,29,7,1.6854
239,32,ok,17,60,43,True,21342,27,16,17,1.7238
240,32,ok,2,5,3,True,21441,14,255,2,1.7483
241,32,ok,31,95,64,True,21540,25,16,31,1.71
242,32,ok,6,15,9,True,21639,48,25,6,1.7393
243,32,ok,5,15,10,True,21738,49,36,5,1.7709
244,32,ok,10,32,22,True,21838,26,27,10,1.7847
245,32,ok,5,12,7,True,21937,32,60,5,1.8346
246,32,ok,6,28,22,True,22036,30,62,6,1.8731
247,32,ok,13,38,25,True,22136,43,16,13,1.8491
248,32,ok,6,18,12,True,22235,35,25,6,1.8527
249,32,ok,7,20,13,True,22335,27,38,7,1.8965
250,32,ok,4,21,17,True,22434,18,103,4,1.8242
251,32,ok,21,72,51,True,22534,35,17,21,1.8849
252,32,ok,3,9,6,True,22633,44,68,3,1.9512
253,32,ok,13,36,23,True,22733,58,17,13,1.9316
254,32,ok,9,24,15,True,22833,45,27,9,1.9608
255,32,ok,3,12,9,True,22932,19,130,3,1.9209
256,32,ok,16,48,32,True,23032,25,26,16,1.986
257,32,ok,11,34,23,True,23132,28,19,11,2.0008
258,32,ok,3,10,7,True,23232,25,72,3,2.0377
259,32,ok,19,47,28,True,23332,24,16,19,2.0832
260,32,ok,3,10,7,True,23432,24,107,3,2.0727
261,32,ok,11,44,33,True,23531,23,36,11,2.08
262,32,ok,7,22,15,True,23631,38,28,7,2.114
263,32,ok,11,28,17,True,23731,44,16,11,2.1338
264,32,ok,4,13,9,True,23831,31,61,4,2.1579
265,32,ok,7,19,12,True,23932,23,60,7,2.1169
266,32,ok,11,31,20,True,24032,27,26,11,2.1919
267,32,ok,5,14,9,True,24132,45,37,5,2.1971
268,32,ok,7,24,17,True,24232,35,28,7,2.2138
269,32,ok,17,43,26,True,24332,32,16,17,2.2295
270,32,ok,2,7,5,True,24433,11,268,2,2.2326
271,32,ok,31,110,79,True,24533,30,17,31,2.2302
272,32,ok,6,16,10,True,24633,46,27,6,2.3071
273,32,ok,5,19,14,True,24734,29,40,5,2.3244
274,32,ok,10,33,23,True,24834,26,24,10,2.3576
275,32,ok,5,11,6,True,24934,42,57,5,2.3451
276,32,ok,6,26,20,True,25035,27,62,6,2.4156
277,32,ok,13,30,17,True,25135,47,17,13,2.4184
278,32,ok,6,15,9,True,25236,47,26,6,2.3979
279,32,ok,7,32,25,True,25337,28,38,7,2.4442
280,32,ok,4,15,11,True,25437,14,110,4,2.405
281,32,ok,21,66,45,True,25538,31,18,21,2.4873
282,32,ok,3,10,7,True,25639,51,59,3,2.5305
283,32,ok,13,36,23,True,25739,44,17,13,2.4979
284,32,ok,9,24,15,True,25840,47,25,9,2.4964
285,32,ok,3,7,4,True,25941,19,157,3,2.5532
286,32,ok,16,55,39,True,26042,25,28,16,2.5682
287,32,ok,11,30,19,True,26143,54,17,11,2.6179
288,32,ok,3,12,9,True,26243,33,61,3,2.6121
289,32,ok,19,57,38,True,26344,34,16,19,2.6457
290,32,ok,3,7,4,True,26445,34,110,3,2.6769
291,32,ok,11,45,34,True,26546,21,35,11,2.6812
292,32,ok,7,22,15,True,26647,43,27,7,2.6898
293,32,ok,11,28,17,True,26748,43,17,11,2.7278
294,32,ok,4,12,8,True,26850,36,61,4,2.7772
295,32,ok,7,22,15,True,26951,21,67,7,2.8237
296,32,ok,11,39,28,True,27052,34,26,11,2.7902
297,32,ok,5,21,16,True,27153,37,38,5,2.8332
298,32,ok,7,22,15,True,27254,47,26,7,2.8676
299,32,ok,17,48,31,True,27356,38,17,17,2.8861
300,32,ok,2,7,5,True,27457,17,263,2,2.8575
301,32,ok,31,92,61,True,27558,32,15,31,2.9347
302,32,ok,6,13,7,True,27660,48,29,6,2.8898
303,32,ok,5,12,7,True,27761,45,37,5,2.9365
304,32,ok,10,31,21,True,27862,37,29,10,2.9551
305,32,ok,5,20,15,True,27964,30,61,5,3.0149
306,32,ok,6,26,20,True,28065,25,63,6,3.0204
307,32,ok,13,38,25,True,28167,40,18,13,3.0352
308,32,ok,6,20,14,True,28269,31,29,6,3.1167
309,32,ok,7,22,15,True,28370,26,36,7,3.1231
310,32,ok,4,15,11,True,28472,25,100,4,3.1509
311,32,ok,21,77,56,True,28573,41,18,21,3.178
312,32,ok,3,13,10,True,28675,28,65,3,3.2218
313,32,ok,13,36,23,True,28777,46,18,13,3.2161
314,32,ok,9,23,14,True,28879,44,27,9,3.2932
315,32,ok,3,11,8,True,28980,24,145,3,3.2414
316,32,ok,16,59,43,True,29082,22,29,16,3.2291
317,32,ok,11,27,16,True,29184,72,17,11,3.2873
318,32,ok,3,12,9,True,29286,27,62,3,3.3162
319,32,ok,19,65,46,True,29388,33,17,19,3.3735
320,32,ok,3,7,4,True,29490,18,104,3,3.3613
321,32,ok,11,43,32,True,29592,25,41,11,3.4304
322,32,ok,7,21,14,True,29694,36,29,7,3.4088
323,32,ok,11,35,24,True,29796,42,19,11,3.4345
324,32,ok,4,15,11,True,29898,28,64,4,3.4792
325,32,ok,7,29,22,True,30000,35,58,7,3.4948
326,32,ok,11,42,31,True,30102,26,28,11,3.5395
327,32,ok,5,17,12,True,30204,41,40,5,3.5595
328,32,ok,7,19,12,True,30306,36,30,7,3.572
329,32,ok,17,48,31,True,30409,39,19,17,3.6274
330,32,ok,2,8,6,True,30511,22,267,2,3.6568
331,32,ok,31,111,80,True,30613,28,18,31,3.5799
332,32,ok,6,27,21,True,30715,38,28,6,3.6586
333,32,ok,5,16,11,True,30818,68,35,5,3.6778
334,32,ok,10,36,26,True,30920,30,28,10,3.6978
335,32,ok,5,14,9,True,31022,28,63,5,3.7089
336,32,ok,6,23,17,True,31125,25,66,6,3.8091
337,32,ok,13,43,30,True,31227,42,18,13,3.7921
338,32,ok,6,17,11,True,31330,46,27,6,3.8103
339,32,ok,7,24,17,True,31432,41,37,7,3.8627
340,32,ok,4,15,11,True,31535,30,113,4,3.8322
341,32,ok,21,61,40,True,31637,45,19,21,3.911
342,32,ok,3,10,7,True,31740,39,61,3,3.8764
343,32,ok,13,35,22,True,31843,59,18,13,3.9532
344,32,ok,9,31,22,True,31945,36,28,9,3.9068
345,32,ok,3,14,11,True,32048,17,148,3,3.9981
346,32,ok,16,51,35,True,32151,32,28,16,3.9648
347,32,ok,11,30,19,True,32253,39,18,11,4.0482
348,32,ok,3,12,9,True,32356,36,66,3,4.1579
349,32,ok,19,63,44,True,32459,36,19,19,4.0865
350,32,ok,3,7,4,True,32562,28,103,3,4.1393
351,32,ok,11,45,34,True,32665,24,36,11,4.292
352,32,ok,7,20,13,True,32767,52,27,7,4.2266
353,32,ok,11,32,21,True,32870,82,17,11,4.2731
354,32,ok,4,12,8,True,32973,33,62,4,4.2744
355,32,ok,7,25,18,True,33076,24,72,7,4.291
356,32,ok,11,32,21,True,33179,32,28,11,4.3589
357,32,ok,5,15,10,True,33282,36,36,5,4.4536
358,32,ok,7,22,15,True,33385,66,29,7,4.4215
359,32,ok,17,56,39,True,33488,38,17,17,4.4509
360,32,ok,2,7,5,True,33591,21,283,2,4.4669
361,32,ok,31,113,82,True,33694,30,20,31,4.4736
362,32,ok,6,17,11,True,33798,51,27,6,4.4813
363,32,ok,5,11,6,True,33901,48,42,5,4.4837
364,32,ok,10,27,17,True,34004,28,29,10,4.6131
365,32,ok,5,9,4,True,34107,39,59,5,4.6248
366,32,ok,6,20,14,True,34210,28,68,6,4.6666
367,32,ok,13,43,30,True,34314,56,20,13,4.6983
368,32,ok,6,21,15,True,34417,47,30,6,4.7094
369,32,ok,7,22,15,True,34520,50,40,7,4.7519
370,32,ok,4,19,15,True,34624,22,114,4,4.7409
371,32,ok,21,59,38,True,34727,40,20,21,4.7767
372,32,ok,3,8,5,True,34831,42,62,3,4.8203
373,32,ok,13,41,28,True,34934,55,18,13,4.8092
374,32,ok,9,32,23,True,35037,36,26,9,4.8038
375,32,ok,3,7,4,True,35141,28,144,3,4.8166
376,32,ok,16,61,45,True,35244,25,26,16,4.9383
377,32,ok,11,24,13,True,35348,45,18,11,5.0353
378,32,ok,3,10,7,True,35452,33,68,3,4.9917
379,32,ok,19,58,39,True,35555,43,18,19,4.9871
380,32,ok,3,14,11,True,35659,41,109,3,4.9805
381,32,ok,11,38,27,True,35762,32,38,11,5.1084
382,32,ok,7,25,18,True,35866,46,29,7,5.113
383,32,ok,11,31,20,True,35970,57,17,11,5.1533
384,32,ok,4,14,10,True,36074,51,68,4,5.1802
385,32,ok,7,22,15,True,36177,33,71,7,5.2083
386,32,ok,11,36,25,True,36281,41,29,11,5.2187
387,32,ok,5,19,14,True,36385,23,37,5,5.2866
388,32,ok,7,27,20,True,36489,37,29,7,5.2755
389,32,ok,17,63,46,True,36593,41,20,17,5.2682
390,32,ok,2,10,8,True,36696,22,258,2,5.3962
391,32,ok,31,102,71,True,36800,32,19,31,5.4556
392,32,ok,6,19,13,True,36904,43,28,6,5.4344
393,32,ok,5,16,11,True,37008,38,42,5,5.5076
394,32,ok,10,38,28,True,37112,44,29,10,5.5223
395,32,ok,5,17,12,True,37216,30,71,5,5.5096
396,32,ok,6,19,13,True,37320,19,69,6,5.5335
397,32,ok,13,38,25,True,37424,47,19,13,5.5594
398,32,ok,6,19,13,True,37528,55,27,6,5.5343
399,32,ok,7,25,18,True,37632,37,38,7,5.6117
400,32,ok,4,18,14,True,37737,31,109,4,5.6855
401,32,ok,21,60,39,True,37841,36,17,21,5.5701
402,32,ok,3,11,8,True,37945,54,67,3,5.7717
403,32,ok,13,42,29,True,38049,59,17,13,5.7213
404,32,ok,9,26,17,True,38153,38,29,9,5.7794
405,32,ok,3,9,6,True,38258,22,147,3,5.8485
406,32,ok,16,57,41,True,38362,29,29,16,5.7897
407,32,ok,11,38,27,True,38466,43,20,11,5.7966
408,32,ok,3,8,5,True,38570,40,64,3,5.9243
409,32,ok,19,51,32,True,38675,33,17,19,5.8959
410,32,ok,3,9,6,True,38779,30,111,3,5.9589
411,32,ok,11,43,32,True,38884,26,37,11,5.9745
412,32,ok,7,24,17,True,38988,30,31,7,6.0315
413,32,ok,11,27,16,True,39092,62,18,11,6.0951
414,32,ok,4,19,15,True,39197,23,70,4,6.0963
415,32,ok,7,25,18,True,39301,26,66,7,6.1317
416,32,ok,11,36,25,True,39406,40,27,11,6.1127
417,32,ok,5,16,11,True,39510,61,44,5,6.23
418,32,ok,7,21,14,True,39615,38,31,7,6.207
419,32,ok,17,52,35,True,39719,34,18,17,6.256
420,32,ok,2,10,8,True,39824,14,284,2,6.3134
421,32,ok,31,92,61,True,39929,30,19,31,6.2733
422,32,ok,6,17,11,True,40033,40,32,6,6.3835
423,32,ok,5,16,11,True,40138,40,38,5,6.3841
424,32,ok,10,33,23,True,40243,33,30,10,6.4644
425,32,ok,5,12,7,True,40347,26,69,5,6.4802
426,32,ok,6,25,19,True,40452,28,69,6,6.5343
427,32,ok,13,32,19,True,40557,47,18,13,6.5223
428,32,ok,6,15,9,True,40662,41,29,6,6.5596
429,32,ok,7,25,18,True,40767,30,39,7,6.6154
430,32,ok,4,12,8,True,40871,20,110,4,6.6727
431,32,ok,21,54,33,True,40976,33,20,21,6.6809
432,32,ok,3,9,6,True,41081,35,64,3,6.789
433,32,ok,13,42,29,True,41186,41,17,13,6.7219
434,32,ok,9,30,21,True,41291,33,30,9,6.8631
435,32,ok,3,11,8,True,41396,21,146,3,6.8635
436,32,ok,16,50,34,True,41501,31,32,16,7.019
437,32,ok,11,29,18,True,41606,57,18,11,6.9539
438,32,ok,3,8,5,True,41711,45,72,3,6.9974
439,32,ok,19,54,35,True,41816,46,18,19,6.959
440,32,ok,3,10,7,True,41921,33,102,3,7.0123
441,32,ok,11,40,29,True,42026,31,39,11,7.0979
442,32,ok,7,19,12,True,42131,45,31,7,7.1198
443,32,ok,11,31,20,True,42236,52,19,11,7.2202
444,32,ok,4,19,15,True,42341,25,77,4,7.2023
445,32,ok,7,20,13,True,42447,35,64,7,7.2683
446,32,ok,11,42,31,True,42552,35,30,11,7.2216
447,32,ok,5,16,11,True,42657,33,40,5,7.3451
448,32,ok,7,24,17,True,42762,57,27,7,7.355
449,32,ok,17,58,41,True,42867,50,20,17,7.425
450,32,ok,2,5,3,True,42973,17,295,2,7.3428
451,32,ok,31,129,98,True,43078,36,18,31,7.639
452,32,ok,6,19,13,True,43183,48,34,6,7.4461
453,32,ok,5,16,11,True,43289,56,38,5,7.5565
454,32,ok,10,34,24,True,43394,35,31,10,7.6912
455,32,ok,5,15,10,True,43499,34,67,5,7.5335
456,32,ok,6,27,21,True,43605,30,63,6,7.6629
457,32,ok,13,38,25,True,43710,55,18,13,7.754
458,32,ok,6,19,13,True,43816,40,30,6,7.7011
459,32,ok,7,20,13,True,43921,44,41,7,7.7318
460,32,ok,4,12,8,True,44027,24,115,4,7.7982
461,32,ok,21,66,45,True,44132,33,19,21,7.8534
462,32,ok,3,13,10,True,44238,33,69,3,7.9085
463,32,ok,13,42,29,True,44343,56,19,13,7.8623
464,32,ok,9,25,16,True,44449,41,32,9,7.8024
465,32,ok,3,9,6,True,44554,25,157,3,8.0606
466,32,ok,16,56,40,True,44660,36,27,16,8.0126
467,32,ok,11,32,21,True,44766,48,21,11,8.1389
468,32,ok,3,11,8,True,44871,45,65,3,8.176
469,32,ok,19,53,34,True,44977,55,18,19,8.2188
470,32,ok,3,10,7,True,45083,34,129,3,8.1377
471,32,ok,11,44,33,True,45188,27,44,11,8.4109
472,32,ok,7,25,18,True,45294,65,30,7,8.2803
473,32,ok,11,35,24,True,45400,57,18,11,8.2747
474,32,ok,4,21,17,True,45506,35,67,4,8.5262
475,32,ok,7,22,15,True,45612,24,72,7,8.4434
476,32,ok,11,42,31,True,45717,36,33,11,8.5924
477,32,ok,5,14,9,True,45823,54,41,5,8.5463
478,32,ok,7,17,10,True,45929,52,32,7,8.4017
479,32,ok,17,55,38,True,46035,43,20,17,8.5811
480,32,ok,2,7,5,True,46141,32,289,2,8.6701
481,32,ok,31,99,68,True,46247,35,18,31,8.346
482,32,ok,6,19,13,True,46353,64,28,6,8.4644
483,32,ok,5,19,14,True,46459,46,40,5,8.8258
484,32,ok,10,29,19,True,46565,48,29,10,8.911
485,32,ok,5,16,11,True,46671,29,69,5,8.9556
486,32,ok,6,19,13,True,46777,25,69,6,8.8994
487,32,ok,13,37,24,True,46883,59,19,13,8.8492
488,32,ok,6,17,11,True,46989,63,31,6,9.1063
489,32,ok,7,23,16,True,47095,48,40,7,9.2012
490,32,ok,4,14,10,True,47201,29,123,4,8.9451
491,32,ok,21,59,38,True,47307,44,19,21,9.1271
492,32,ok,3,12,9,True,47413,41,67,3,8.9541
493,32,ok,13,33,20,True,47520,63,19,13,9.4636
494,32,ok,9,29,20,True,47626,50,31,9,9.25
495,32,ok,3,11,8,True,47732,32,155,3,9.3645
1,33,ok,32,32,0,True,72,2,3,32,0.0004
2,33,ok,2,2,0,True,120,4,23,2,0.0004
3,33,ok,11,15,4,True,174,4,23,11,0.0007
4,33,ok,2,3,1,True,232,4,28,2,0.0009
5,33,ok,13,20,7,True,292,5,53,13,0.0012
6,33,ok,2,4,2,True,355,6,53,2,0.0015
7,33,ok,11,19,8,True,419,4,67,11,0.0019
8,33,ok,2,3,1,True,485,4,71,2,0.0023
9,33,ok,17,33,16,True,553,5,64,17,0.0028
10,33,ok,2,6,4,True,621,4,73,2,0.0032
11,33,ok,11,20,9,True,691,7,84,11,0.0037
12,33,ok,2,4,2,True,761,6,79,2,0.0042
13,33,ok,13,27,14,True,832,8,102,13,0.0049
14,33,ok,2,4,2,True,905,5,79,2,0.0055
15,33,ok,11,17,6,True,978,11,91,11,0.0062
16,33,ok,2,3,1,True,1051,7,85,2,0.0069
17,33,ok,17,38,21,True,1126,7,88,17,0.0078
18,33,ok,2,3,1,True,1200,6,104,2,0.0086
19,33,ok,11,15,4,True,1280,7,95,11,0.0095
20,33,ok,2,4,2,True,1352,5,94,2,0.0104
21,33,ok,13,24,11,True,1429,8,98,13,0.0115
22,33,ok,2,3,1,True,1506,5,100,2,0.0126
23,33,ok,11,22,11,True,1583,10,96,11,0.0135
24,33,ok,2,3,1,True,1661,7,118,2,0.0145
25,33,ok,17,35,18,True,1740,6,107,17,0.0157
26,33,ok,2,5,3,True,1818,6,108,2,0.0169
27,33,ok,11,24,13,True,1898,8,111,11,0.0184
28,33,ok,2,6,4,True,1977,6,116,2,0.0196
29,33,ok,13,25,12,True,2057,12,121,13,0.021
30,33,ok,2,4,2,True,2138,8,119,2,0.0225
31,33,ok,11,19,8,True,2218,11,107,11,0.0239
32,33,ok,2,2,0,True,2299,10,127,2,0.0255
33,33,ok,17,29,12,True,2381,8,128,17,0.0271
34,33,ok,2,3,1,True,2464,8,110,2,0.0286
35,33,ok,11,22,11,True,2544,10,117,11,0.0305
36,33,ok,2,6,4,True,2627,6,116,2,0.0323
37,33,ok,13,31,18,True,2709,9,114,13,0.0338
496,32,ok,16,59,43,True,47838,28,31,16,9.1925
38,33,ok,2,6,4,True,2792,6,126,2,0.036
39,33,ok,11,18,7,True,2880,9,131,11,0.0376
40,33,ok,2,4,2,True,2958,7,134,2,0.0397
41,33,ok,17,38,21,True,3042,8,129,17,0.0413
42,33,ok,2,4,2,True,3126,9,132,2,0.0442
43,33,ok,11,19,8,True,3210,8,128,11,0.0459
44,33,ok,2,5,3,True,3296,6,131,2,0.0484
45,33,ok,13,25,12,True,3379,12,129,13,0.0502
46,33,ok,2,5,3,True,3464,7,132,2,0.0529
47,33,ok,11,22,11,True,3552,14,149,11,0.0548
48,33,ok,2,4,2,True,3634,9,136,2,0.0578
49,33,ok,17,32,15,True,3719,9,128,17,0.0599
50,33,ok,2,4,2,True,3805,8,134,2,0.0629
51,33,ok,11,20,9,True,3891,11,140,11,0.065
52,33,ok,2,3,1,True,3977,8,128,2,0.0683
53,33,ok,13,26,13,True,4064,12,156,13,0.0706
54,33,ok,2,7,5,True,4150,5,148,2,0.0744
55,33,ok,11,22,11,True,4236,15,136,11,0.0764
56,33,ok,2,4,2,True,4323,7,157,2,0.0801
57,33,ok,17,39,22,True,4410,12,151,17,0.0827
58,33,ok,2,5,3,True,4497,8,153,2,0.0858
59,33,ok,11,17,6,True,4585,12,164,11,0.0883
60,33,ok,2,6,4,True,4672,10,146,2,0.092
61,33,ok,13,33,20,True,4760,10,153,13,0.0949
62,33,ok,2,5,3,True,4848,9,154,2,0.0979
63,33,ok,11,20,9,True,4936,11,156,11,0.1
64,33,ok,2,4,2,True,5024,9,153,2,0.1033
65,33,ok,17,34,17,True,5112,11,153,17,0.1065
66,33,ok,2,5,3,True,5201,7,150,2,0.1104
67,33,ok,11,23,12,True,5290,13,146,11,0.1138
68,33,ok,2,5,3,True,5378,10,160,2,0.1179
69,33,ok,13,26,13,True,5467,15,159,13,0.1209
70,33,ok,2,6,4,True,5556,6,165,2,0.1257
71,33,ok,11,23,12,True,5646,12,147,11,0.1291
72,33,ok,2,4,2,True,5735,7,170,2,0.1345
73,33,ok,17,31,14,True,5825,12,149,17,0.1357
74,33,ok,2,8,6,True,5914,7,164,2,0.1415
75,33,ok,11,21,10,True,6004,12,162,11,0.1433
76,33,ok,2,6,4,True,6094,8,161,2,0.1499
77,33,ok,13,27,14,True,6184,12,157,13,0.1522
78,33,ok,2,7,5,True,6275,10,165,2,0.1581
79,33,ok,11,23,12,True,6368,20,166,11,0.1604
80,33,ok,2,6,4,True,6455,7,167,2,0.1665
81,33,ok,17,42,25,True,6546,9,158,17,0.1693
497,32,ok,11,27,16,True,47944,75,19,11,9.437
82,33,ok,2,4,2,True,6637,9,165,2,0.176
83,33,ok,11,28,17,True,6728,12,171,11,0.179
84,33,ok,2,6,4,True,6819,8,168,2,0.1906
85,33,ok,13,29,16,True,6912,13,173,13,0.1925
86,33,ok,2,5,3,True,7001,8,162,2,0.1953
87,33,ok,11,28,17,True,7092,15,171,11,0.205
88,33,ok,2,6,4,True,7184,9,168,2,0.2078
89,33,ok,17,38,21,True,7275,12,162,17,0.2102
90,33,ok,2,4,2,True,7367,9,159,2,0.2211
91,33,ok,11,18,7,True,7459,19,168,11,0.2237
92,33,ok,2,6,4,True,7552,9,169,2,0.227
93,33,ok,13,28,15,True,7643,14,164,13,0.2374
94,33,ok,2,4,2,True,7735,13,169,2,0.2409
95,33,ok,11,23,12,True,7827,15,167,11,0.2424
96,33,ok,2,7,5,True,7920,9,174,2,0.252
97,33,ok,17,33,16,True,8012,12,165,17,0.2564
98,33,ok,2,6,4,True,8105,10,177,2,0.2599
99,33,ok,11,28,17,True,8197,11,176,11,0.2689
100,33,ok,2,7,5,True,8290,8,162,2,0.2752
101,33,ok,13,31,18,True,8384,16,174,13,0.278
102,33,ok,2,4,2,True,8480,10,177,2,0.2897
103,33,ok,11,29,18,True,8569,18,173,11,0.2919
104,33,ok,2,5,3,True,8662,11,173,2,0.2948
498,32,ok,3,10,7,True,48051,36,68,3,9.4928
105,33,ok,17,51,34,True,8755,11,183,17,0.3077
106,33,ok,2,6,4,True,8849,11,178,2,0.3126
107,33,ok,11,28,17,True,8942,12,173,11,0.3143
108,33,ok,2,8,6,True,9036,6,182,2,0.319
110,33,ok,2,5,3,True,9223,9,169,2,0.2926
109,33,ok,13,38,25,True,9130,16,176,13,0.3347
111,33,ok,11,22,11,True,9317,14,170,11,0.3311
112,33,ok,2,5,3,True,9411,10,183,2,0.341
113,33,ok,17,39,22,True,9505,12,178,17,0.3344
114,33,ok,2,9,7,True,9600,11,188,2,0.3631
115,33,ok,11,28,17,True,9693,16,185,11,0.3729
117,33,ok,13,28,15,True,9882,14,184,13,0.2802
116,33,ok,2,6,4,True,9788,10,174,2,0.3819
118,33,ok,2,7,5,True,9976,10,175,2,0.3879
499,32,ok,19,54,35,True,48157,50,19,19,9.7303
119,33,ok,11,19,8,True,10071,13,179,11,0.3826
120,33,ok,2,5,3,True,10166,11,190,2,0.4022
121,33,ok,17,46,29,True,10260,13,192,17,0.416
123,33,ok,11,27,16,True,10450,13,190,11,0.3919
122,33,ok,2,5,3,True,10355,11,179,2,0.4179
124,33,ok,2,8,6,True,10545,8,180,2,0.4311
500,32,ok,3,11,8,True,48263,31,116,3,9.3652
125,33,ok,13,32,19,True,10640,15,175,13,0.4358
126,33,ok,2,5,3,True,10735,8,183,2,0.4513
127,33,ok,11,21,10,True,10830,15,183,11,0.4562
128,33,ok,2,4,2,True,10926,8,187,2,0.4619
129,33,ok,17,36,19,True,11021,13,176,17,0.4463
130,33,ok,2,3,1,True,11116,12,181,2,0.4583
131,33,ok,11,25,14,True,11212,18,190,11,0.4405
132,33,ok,2,3,1,True,11308,17,189,2,0.5034
133,33,ok,13,32,19,True,11403,21,190,13,0.5004
134,33,ok,2,8,6,True,11499,8,185,2,0.5148
135,33,ok,11,31,20,True,11595,19,194,11,0.5146
136,33,ok,2,5,3,True,11691,9,205,2,0.519
137,33,ok,17,40,23,True,11787,13,198,17,0.5275
138,33,ok,2,6,4,True,11883,9,188,2,0.5514
139,33,ok,11,25,14,True,11979,13,187,11,0.5499
140,33,ok,2,4,2,True,12075,9,202,2,0.5646
141,33,ok,13,32,19,True,12171,13,187,13,0.5771
142,33,ok,2,7,5,True,12268,10,192,2,0.5792
143,33,ok,11,26,15,True,12364,16,181,11,0.5937
144,33,ok,2,6,4,True,12461,12,187,2,0.6125
145,33,ok,17,35,18,True,12557,12,185,17,0.6313
146,33,ok,2,5,3,True,12654,13,192,2,0.6364
147,33,ok,11,20,9,True,12750,14,191,11,0.6504
148,33,ok,2,6,4,True,12847,10,194,2,0.6538
149,33,ok,13,28,15,True,12944,18,199,13,0.6629
150,33,ok,2,4,2,True,13041,13,192,2,0.6279
152,33,ok,2,5,3,True,13235,13,191,2,0.5762
151,33,ok,11,23,12,True,13138,13,194,11,0.6853
153,33,ok,17,42,25,True,13332,14,192,17,0.7011
154,33,ok,2,8,6,True,13429,10,202,2,0.7036
155,33,ok,11,29,18,True,13526,12,199,11,0.7099
156,33,ok,2,6,4,True,13624,10,208,2,0.62
157,33,ok,13,27,14,True,13721,22,189,13,0.6972
158,33,ok,2,7,5,True,13818,12,201,2,0.7494
159,33,ok,11,20,9,True,13916,16,205,11,0.766
160,33,ok,2,6,4,True,14013,9,200,2,0.7751
161,33,ok,17,39,22,True,14112,15,207,17,0.778
162,33,ok,2,5,3,True,14209,8,200,2,0.7786
163,33,ok,11,26,15,True,14306,17,194,11,0.8019
164,33,ok,2,6,4,True,14404,13,232,2,0.795
165,33,ok,13,32,19,True,14502,24,203,13,0.7471
166,33,ok,2,6,4,True,14600,14,205,2,0.8414
167,33,ok,11,23,12,True,14698,17,191,11,0.8373
168,33,ok,2,4,2,True,14796,16,197,2,0.8527
170,33,ok,2,7,5,True,14992,10,200,2,0.6448
169,33,ok,17,44,27,True,14894,16,215,17,0.8568
171,33,ok,11,27,16,True,15091,23,202,11,0.7047
172,33,ok,2,6,4,True,15189,17,201,2,0.9049
173,33,ok,13,32,19,True,15287,12,206,13,0.8945
174,33,ok,2,7,5,True,15386,18,205,2,0.8951
175,33,ok,11,24,13,True,15484,19,214,11,0.8503
176,33,ok,2,4,2,True,15584,13,228,2,0.9273
177,33,ok,17,41,24,True,15681,14,219,17,0.9628
178,33,ok,2,4,2,True,15780,10,212,2,0.8258
179,33,ok,11,21,10,True,15878,17,194,11,0.9585
180,33,ok,2,7,5,True,15977,11,206,2,0.9912
181,33,ok,13,38,25,True,16076,14,219,13,0.9478
182,33,ok,2,7,5,True,16175,11,212,2,0.9991
183,33,ok,11,29,18,True,16274,20,220,11,1.0379
184,33,ok,2,9,7,True,16373,11,203,2,1.0473
185,33,ok,17,37,20,True,16472,13,204,17,1.0599
186,33,ok,2,9,7,True,16576,8,225,2,1.0761
187,33,ok,11,27,16,True,16670,19,218,11,1.1003
188,33,ok,2,3,1,True,16769,9,198,2,1.1082
189,33,ok,13,27,14,True,16868,22,202,13,1.0543
190,33,ok,2,7,5,True,16967,9,200,2,1.1375
193,33,ok,17,47,30,True,17266,13,210,17,0.9573
191,33,ok,11,32,21,True,17067,22,204,11,1.1394
192,33,ok,2,6,4,True,17166,11,215,2,1.1588
195,33,ok,11,29,18,True,17465,15,207,11,1.0021
194,33,ok,2,6,4,True,17365,9,216,2,1.1789
196,33,ok,2,4,2,True,17564,13,204,2,1.1704
197,33,ok,13,31,18,True,17664,15,220,13,1.2152
198,33,ok,2,6,4,True,17764,10,200,2,1.2021
199,33,ok,11,32,21,True,17863,18,213,11,1.237
200,33,ok,2,6,4,True,17963,13,213,2,1.2298
201,33,ok,17,36,19,True,18063,14,219,17,1.2474
202,33,ok,2,7,5,True,18163,14,207,2,1.2435
204,33,ok,2,6,4,True,18363,11,232,2,1.164
203,33,ok,11,24,13,True,18263,20,207,11,1.2873
205,33,ok,13,34,21,True,18464,13,203,13,1.3109
206,33,ok,2,7,5,True,18563,11,234,2,1.1726
207,33,ok,11,25,14,True,18663,23,211,11,1.2814
208,33,ok,2,7,5,True,18763,8,217,2,1.3847
209,33,ok,17,43,26,True,18864,14,213,17,1.3599
210,33,ok,2,7,5,True,18964,11,222,2,1.3396
211,33,ok,11,21,10,True,19064,19,209,11,1.4142
212,33,ok,2,7,5,True,19165,12,201,2,1.3969
213,33,ok,13,36,23,True,19265,18,226,13,1.4468
214,33,ok,2,4,2,True,19366,15,204,2,1.4448
215,33,ok,11,26,15,True,19466,23,213,11,1.481
216,33,ok,2,5,3,True,19567,15,223,2,1.4774
217,33,ok,17,49,32,True,19667,15,218,17,1.4685
218,33,ok,2,6,4,True,19768,12,212,2,1.4796
219,33,ok,11,26,15,True,19869,16,223,11,1.5171
220,33,ok,2,7,5,True,19969,12,214,2,1.5142
221,33,ok,13,29,16,True,20070,17,233,13,1.4893
222,33,ok,2,7,5,True,20171,10,214,2,1.5658
223,33,ok,11,25,14,True,20272,13,217,11,1.5606
224,33,ok,2,7,5,True,20373,11,231,2,1.5943
225,33,ok,17,41,24,True,20474,20,219,17,1.6043
226,33,ok,2,7,5,True,20576,11,212,2,1.6183
227,33,ok,11,32,21,True,20676,15,217,11,1.6285
228,33,ok,2,7,5,True,20777,10,216,2,1.6309
229,33,ok,13,35,22,True,20878,13,218,13,1.7258
230,33,ok,2,4,2,True,20980,10,229,2,1.6853
231,33,ok,11,20,9,True,21081,15,203,11,1.7132
232,33,ok,2,7,5,True,21182,10,229,2,1.5771
233,33,ok,17,54,37,True,21283,13,212,17,1.7575
234,33,ok,2,5,3,True,21385,12,238,2,1.6376
235,33,ok,11,33,22,True,21486,23,217,11,1.7815
236,33,ok,2,8,6,True,21588,14,219,2,1.8222
237,33,ok,13,33,20,True,21689,18,225,13,1.8166
238,33,ok,2,5,3,True,21791,11,236,2,1.8385
239,33,ok,11,35,24,True,21892,15,233,11,1.8483
240,33,ok,2,8,6,True,21994,11,235,2,1.864
241,33,ok,17,43,26,True,22096,16,213,17,1.845
242,33,ok,2,6,4,True,22197,11,240,2,1.9147
243,33,ok,11,21,10,True,22304,20,217,11,1.8841
244,33,ok,2,7,5,True,22401,15,226,2,1.9193
245,33,ok,13,33,20,True,22503,17,231,13,1.9514
246,33,ok,2,9,7,True,22605,9,218,2,1.9558
247,33,ok,11,27,16,True,22707,15,232,11,1.9937
248,33,ok,2,6,4,True,22809,13,220,2,2.0471
249,33,ok,17,46,29,True,22912,13,223,17,2.0319
250,33,ok,2,5,3,True,23013,12,223,2,2.0601
251,33,ok,11,22,11,True,23115,16,221,11,2.0783
252,33,ok,2,5,3,True,23217,13,219,2,2.0909
253,33,ok,13,38,25,True,23319,19,211,13,2.1009
254,33,ok,2,4,2,True,23421,15,227,2,2.1554
255,33,ok,11,26,15,True,23523,19,249,11,2.1431
256,33,ok,2,5,3,True,23626,13,230,2,2.1389
257,33,ok,17,41,24,True,23728,14,219,17,2.1565
258,33,ok,2,4,2,True,23830,13,225,2,2.1872
259,33,ok,11,24,13,True,23933,26,226,11,2.1953
260,33,ok,2,7,5,True,24035,9,222,2,2.2633
261,33,ok,13,31,18,True,24138,16,246,13,2.2629
262,33,ok,2,7,5,True,24240,15,212,2,2.1969
263,33,ok,11,29,18,True,24343,20,239,11,2.2489
264,33,ok,2,7,5,True,24448,16,231,2,2.312
265,33,ok,17,47,30,True,24548,19,220,17,2.3153
266,33,ok,2,7,5,True,24651,11,239,2,2.3997
267,33,ok,11,24,13,True,24753,22,226,11,2.2818
268,33,ok,2,5,3,True,24856,15,236,2,2.3015
269,33,ok,13,35,22,True,24960,16,227,13,2.2113
270,33,ok,2,5,3,True,25062,15,234,2,2.2129
271,33,ok,11,23,12,True,25165,19,243,11,2.464
272,33,ok,2,5,3,True,25268,15,252,2,2.4937
273,33,ok,17,46,29,True,25371,18,243,17,2.5037
274,33,ok,2,9,7,True,25473,11,228,2,2.5476
275,33,ok,11,29,18,True,25577,21,229,11,2.4125
276,33,ok,2,5,3,True,25680,10,236,2,2.4653
277,33,ok,13,25,12,True,25783,18,224,13,2.5898
278,33,ok,2,4,2,True,25888,18,227,2,2.6043
279,33,ok,11,28,17,True,25989,25,241,11,2.6356
280,33,ok,2,4,2,True,26092,13,251,2,2.6748
281,33,ok,17,42,25,True,26195,21,239,17,2.6582
282,33,ok,2,5,3,True,26299,13,222,2,2.6662
283,33,ok,11,23,12,True,26402,17,234,11,2.5473
285,33,ok,13,38,25,True,26609,22,217,13,2.5279
284,33,ok,2,6,4,True,26505,9,217,2,2.7371
286,33,ok,2,3,1,True,26712,13,230,2,2.7771
288,33,ok,2,5,3,True,26919,16,237,2,2.5471
287,33,ok,11,21,10,True,26815,22,224,11,2.8001
289,33,ok,17,50,33,True,27022,17,231,17,2.8232
290,33,ok,2,7,5,True,27126,11,240,2,2.8583
291,33,ok,11,24,13,True,27232,18,239,11,2.9821
292,33,ok,2,5,3,True,27333,15,232,2,2.9576
293,33,ok,13,33,20,True,27437,16,230,13,2.952
294,33,ok,2,8,6,True,27540,13,253,2,2.9882
295,33,ok,11,29,18,True,27644,23,231,11,3.0013
296,33,ok,2,6,4,True,27748,12,238,2,2.9974
297,33,ok,17,44,27,True,27852,16,238,17,3.0901
298,33,ok,2,6,4,True,27955,13,230,2,3.084
299,33,ok,11,30,19,True,28064,25,232,11,3.0775
300,33,ok,2,3,1,True,28163,13,251,2,3.1079
301,33,ok,13,30,17,True,28267,16,230,13,3.0912
302,33,ok,2,6,4,True,28371,9,228,2,3.1305
303,33,ok,11,26,15,True,28475,16,237,11,3.2205
304,33,ok,2,7,5,True,28579,15,244,2,3.147
305,33,ok,17,47,30,True,28683,14,232,17,3.0822
306,33,ok,2,7,5,True,28787,11,233,2,3.2442
307,33,ok,11,31,20,True,28891,30,247,11,2.9887
308,33,ok,2,6,4,True,28995,12,232,2,3.3074
309,33,ok,13,37,24,True,29100,21,235,13,3.403
310,33,ok,2,5,3,True,29204,16,236,2,3.2436
311,33,ok,11,24,13,True,29308,24,238,11,3.3985
312,33,ok,2,6,4,True,29412,12,237,2,3.3603
313,33,ok,17,48,31,True,29517,18,246,17,3.426
314,33,ok,2,4,2,True,29621,20,230,2,3.4377
315,33,ok,11,26,15,True,29725,16,234,11,3.5086
316,33,ok,2,5,3,True,29830,11,247,2,3.5153
317,33,ok,13,30,17,True,29934,20,242,13,3.5181
318,33,ok,2,9,7,True,30039,12,266,2,3.5142
319,33,ok,11,25,14,True,30144,23,234,11,3.5919
320,33,ok,2,6,4,True,30248,18,239,2,3.6039
321,33,ok,17,44,27,True,30352,17,232,17,3.4747
322,33,ok,2,6,4,True,30457,18,248,2,3.588
323,33,ok,11,24,13,True,30561,20,241,11,3.6904
324,33,ok,2,7,5,True,30666,11,236,2,3.6881
325,33,ok,13,50,37,True,30771,21,236,13,3.8016
326,33,ok,2,6,4,True,30880,20,233,2,3.7832
327,33,ok,11,26,15,True,30980,19,258,11,3.6056
328,33,ok,2,6,4,True,31085,10,246,2,3.6265
329,33,ok,17,43,26,True,31190,17,254,17,3.8761
330,33,ok,2,5,3,True,31296,13,236,2,3.9559
331,33,ok,11,25,14,True,31400,34,244,11,3.9392
332,33,ok,2,6,4,True,31504,13,249,2,3.9581
333,33,ok,13,40,27,True,31609,21,238,13,3.8845
334,33,ok,2,7,5,True,31714,16,233,2,3.9041
335,33,ok,11,25,14,True,31819,37,254,11,3.9581
336,33,ok,2,6,4,True,31924,12,248,2,4.0639
337,33,ok,17,45,28,True,32029,20,238,17,3.8897
338,33,ok,2,9,7,True,32134,14,252,2,4.128
339,33,ok,11,26,15,True,32240,21,262,11,4.1012
340,33,ok,2,7,5,True,32345,15,256,2,4.0454
341,33,ok,13,37,24,True,32450,17,241,13,4.1834
342,33,ok,2,5,3,True,32555,20,229,2,4.1914
343,33,ok,11,22,11,True,32660,26,241,11,4.1221
344,33,ok,2,8,6,True,32766,13,246,2,4.3375
345,33,ok,17,46,29,True,32871,18,264,17,4.2925
346,33,ok,2,7,5,True,32976,11,233,2,4.192
347,33,ok,11,32,21,True,33082,21,241,11,4.3257
348,33,ok,2,7,5,True,33187,12,249,2,4.3806
349,33,ok,13,30,17,True,33292,19,237,13,4.1949
350,33,ok,2,8,6,True,33398,11,252,2,4.5059
351,33,ok,11,31,20,True,33504,21,268,11,4.4348
352,33,ok,2,7,5,True,33609,16,252,2,4.2741
353,33,ok,17,39,22,True,33714,18,239,17,4.4942
354,33,ok,2,7,5,True,33824,9,232,2,4.5779
355,33,ok,11,28,17,True,33925,22,246,11,4.5191
356,33,ok,2,5,3,True,34031,10,258,2,4.4629
357,33,ok,13,41,28,True,34137,26,257,13,4.6621
358,33,ok,2,6,4,True,34242,13,246,2,4.7358
359,33,ok,11,30,19,True,34348,24,237,11,4.7425
360,33,ok,2,5,3,True,34454,16,255,2,4.7657
361,33,ok,17,53,36,True,34560,20,257,17,4.5949
362,33,ok,2,7,5,True,34665,10,255,2,4.8238
363,33,ok,11,32,21,True,34771,21,240,11,4.7664
364,33,ok,2,4,2,True,34877,12,253,2,4.9386
365,33,ok,13,36,23,True,34983,19,264,13,4.9204
366,33,ok,2,6,4,True,35088,19,249,2,4.8705
367,33,ok,11,24,13,True,35194,19,250,11,4.9916
368,33,ok,2,7,5,True,35300,14,258,2,5.0387
369,33,ok,17,48,31,True,35406,18,247,17,4.9246
370,33,ok,2,6,4,True,35512,15,250,2,5.1333
371,33,ok,11,28,17,True,35618,17,249,11,5.1047
372,33,ok,2,6,4,True,35724,17,242,2,5.0916
373,33,ok,13,37,24,True,35830,22,247,13,5.0647
375,33,ok,11,20,9,True,36043,22,239,11,5.1064
374,33,ok,2,7,5,True,35936,12,263,2,5.1672
376,33,ok,2,6,4,True,36149,15,251,2,5.3235
377,33,ok,17,43,26,True,36256,14,254,17,5.2733
378,33,ok,2,5,3,True,36361,13,241,2,5.2947
379,33,ok,11,26,15,True,36467,16,247,11,5.3332
381,33,ok,13,29,16,True,36680,18,242,13,5.3756
380,33,ok,2,9,7,True,36576,11,265,2,5.4145
382,33,ok,2,9,7,True,36786,11,250,2,5.4823
383,33,ok,11,26,15,True,36892,19,251,11,5.3933
384,33,ok,2,6,4,True,36999,9,267,2,5.4576
385,33,ok,17,48,31,True,37105,22,254,17,5.598
386,33,ok,2,9,7,True,37212,21,246,2,5.4566
387,33,ok,11,35,24,True,37318,20,251,11,5.6254
388,33,ok,2,7,5,True,37424,11,272,2,5.7472
389,33,ok,13,32,19,True,37531,26,267,13,5.5472
390,33,ok,2,6,4,True,37637,12,251,2,5.7635
391,33,ok,11,26,15,True,37744,21,244,11,5.7748
392,33,ok,2,4,2,True,37851,13,266,2,5.2807
393,33,ok,17,42,25,True,37957,18,236,17,5.8712
394,33,ok,2,5,3,True,38064,19,252,2,5.1751
395,33,ok,11,32,21,True,38170,19,264,11,5.6649
396,33,ok,2,4,2,True,38277,16,263,2,5.2953
397,33,ok,13,41,28,True,38384,21,250,13,5.9831
398,33,ok,2,7,5,True,38490,14,240,2,5.5787
399,33,ok,11,30,19,True,38597,27,247,11,6.0098
400,33,ok,2,7,5,True,38704,15,265,2,6.074
401,33,ok,17,43,26,True,38811,18,244,17,6.1441
402,33,ok,2,7,5,True,38918,23,243,2,6.1271
403,33,ok,11,26,15,True,39024,28,251,11,6.1338
404,33,ok,2,6,4,True,39131,14,242,2,6.2138
405,33,ok,13,37,24,True,39238,20,267,13,6.2144
406,33,ok,2,10,8,True,39345,11,259,2,6.2756
407,33,ok,11,34,23,True,39452,23,267,11,6.2448
408,33,ok,2,5,3,True,39559,18,268,2,6.3976
409,33,ok,17,46,29,True,39666,22,259,17,6.3886
410,33,ok,2,9,7,True,39773,18,259,2,6.5341
411,33,ok,11,28,17,True,39880,27,264,11,6.4872
412,33,ok,2,5,3,True,39987,17,254,2,6.4596
413,33,ok,13,37,24,True,40096,25,246,13,6.5872
414,33,ok,2,7,5,True,40201,9,262,2,6.5006
415,33,ok,11,35,24,True,40308,21,243,11,6.6079
416,33,ok,2,7,5,True,40416,14,257,2,6.65
417,33,ok,17,46,29,True,40523,26,270,17,6.2685
418,33,ok,2,4,2,True,40630,21,274,2,6.8035
419,33,ok,11,33,22,True,40737,21,266,11,6.8526
420,33,ok,2,6,4,True,40844,16,258,2,6.7388
421,33,ok,13,42,29,True,40952,20,257,13,6.2855
422,33,ok,2,8,6,True,41059,15,244,2,6.8907
423,33,ok,11,24,13,True,41166,17,263,11,6.9484
424,33,ok,2,8,6,True,41274,11,267,2,7.1219
425,33,ok,17,51,34,True,41381,18,252,17,6.8155
426,33,ok,2,4,2,True,41489,13,251,2,7.0352
427,33,ok,11,28,17,True,41596,19,248,11,7.14
428,33,ok,2,4,2,True,41703,17,257,2,6.8301
429,33,ok,13,32,19,True,41811,26,254,13,6.976
430,33,ok,2,7,5,True,41918,19,273,2,7.2155
431,33,ok,11,27,16,True,42026,21,248,11,7.3706
432,33,ok,2,7,5,True,42133,15,266,2,7.293
433,33,ok,17,49,32,True,42241,19,257,17,7.4286
434,33,ok,2,6,4,True,42349,13,251,2,7.4433
435,33,ok,11,24,13,True,42456,25,254,11,7.3286
436,33,ok,2,5,3,True,42564,17,273,2,7.3168
437,33,ok,13,32,19,True,42671,25,249,13,7.5426
438,33,ok,2,7,5,True,42779,12,259,2,7.4179
439,33,ok,11,31,20,True,42887,23,253,11,7.6357
440,33,ok,2,7,5,True,42994,13,261,2,7.4934
441,33,ok,17,46,29,True,43104,20,251,17,7.5746
442,33,ok,2,7,5,True,43210,16,262,2,7.6232
443,33,ok,11,34,23,True,43318,18,258,11,7.6962
444,33,ok,2,6,4,True,43426,18,261,2,7.6436
445,33,ok,13,26,13,True,43533,22,250,13,7.7779
446,33,ok,2,9,7,True,43641,12,249,2,7.7563
447,33,ok,11,32,21,True,43749,19,263,11,7.8117
448,33,ok,2,10,8,True,43857,10,260,2,7.8273
449,33,ok,17,51,34,True,43968,19,251,17,7.945
450,33,ok,2,7,5,True,44073,11,265,2,7.984
451,33,ok,11,28,17,True,44181,21,253,11,8.1254
452,33,ok,2,6,4,True,44289,9,259,2,8.0295
453,33,ok,13,34,21,True,44397,24,279,13,8.0584
454,33,ok,2,7,5,True,44505,11,247,2,8.0212
455,33,ok,11,35,24,True,44613,22,259,11,8.1772
456,33,ok,2,7,5,True,44721,12,256,2,8.2069
457,33,ok,17,42,25,True,44829,25,258,17,8.216
458,33,ok,2,6,4,True,44937,18,266,2,8.2697
459,33,ok,11,30,19,True,45045,25,276,11,8.3615
460,33,ok,2,6,4,True,45154,18,264,2,8.377
461,33,ok,13,32,19,True,45262,27,256,13,8.3662
462,33,ok,2,6,4,True,45370,15,269,2,8.521
463,33,ok,11,37,26,True,45478,19,265,11,8.4523
464,33,ok,2,10,8,True,45586,11,255,2,8.6281
465,33,ok,17,41,24,True,45696,19,274,17,8.5229
466,33,ok,2,6,4,True,45803,13,256,2,8.5712
467,33,ok,11,28,17,True,45911,24,265,11,8.773
468,33,ok,2,7,5,True,46020,11,253,2,8.7143
469,33,ok,13,36,23,True,46128,21,260,13,8.7596
470,33,ok,2,7,5,True,46236,14,252,2,8.758
471,33,ok,11,26,15,True,46345,24,266,11,8.8277
472,33,ok,2,10,8,True,46453,11,270,2,8.8184
473,33,ok,17,47,30,True,46562,16,262,17,9.144
474,33,ok,2,10,8,True,46670,16,256,2,9.06
475,33,ok,11,22,11,True,46779,24,281,11,9.1409
476,33,ok,2,4,2,True,46887,13,254,2,9.0411
477,33,ok,13,31,18,True,46996,34,252,13,9.1019
478,33,ok,2,7,5,True,47104,12,266,2,9.2643
479,33,ok,11,29,18,True,47213,23,273,11,9.1876
480,33,ok,2,4,2,True,47321,19,279,2,9.363
481,33,ok,17,45,28,True,47430,20,254,17,9.3009
482,33,ok,2,7,5,True,47539,17,260,2,9.3658
483,33,ok,11,25,14,True,47647,26,260,11,9.3175
484,33,ok,2,3,1,True,47756,16,250,2,9.5583
485,33,ok,13,34,21,True,47865,21,288,13,9.6006
486,33,ok,2,5,3,True,47973,15,260,2,9.5037
487,33,ok,11,33,22,True,48082,29,265,11,9.6488
488,33,ok,2,7,5,True,48192,15,267,2,9.6389
489,33,ok,17,47,30,True,48300,16,266,17,9.6367
490,33,ok,2,6,4,True,48408,17,279,2,9.7179
491,33,ok,11,29,18,True,48517,22,277,11,9.9769
492,33,ok,2,7,5,True,48626,16,275,2,9.8504
493,33,ok,13,41,28,True,48736,20,252,13,9.8803
494,33,ok,2,7,5,True,48844,20,273,2,9.9142
495,33,ok,11,32,21,True,48953,24,259,11,9.9447
1,34,ok,33,33,0,True,74,2,3,33,0.0004
2,34,ok,6,8,2,True,124,4,13,6,0.0005
3,34,ok,15,21,6,True,179,4,6,15,0.0007
4,34,ok,8,10,2,True,238,4,14,8,0.0009
5,34,ok,9,14,5,True,300,4,21,9,0.0012
6,34,ok,12,17,5,True,365,4,18,12,0.0015
7,34,ok,15,19,4,True,431,9,7,15,0.0019
8,34,ok,6,11,5,True,498,7,22,6,0.0023
9,34,ok,21,33,12,True,568,7,10,21,0.0028
10,34,ok,4,7,3,True,638,5,87,4,0.0032
11,34,ok,33,55,22,True,709,5,10,33,0.0039
12,34,ok,6,12,6,True,781,9,24,6,0.0043
13,34,ok,15,24,9,True,855,8,10,15,0.0049
14,34,ok,8,12,4,True,929,7,23,8,0.0056
15,34,ok,9,23,14,True,1004,7,34,9,0.0063
16,34,ok,12,20,8,True,1079,6,31,12,0.0071
17,34,ok,15,24,9,True,1155,11,13,15,0.0078
18,34,ok,6,11,5,True,1232,18,29,6,0.0087
19,34,ok,21,33,12,True,1310,9,13,21,0.0096
20,34,ok,4,11,7,True,1388,5,111,4,0.0107
21,34,ok,33,63,30,True,1466,7,12,33,0.0116
22,34,ok,6,16,10,True,1545,11,36,6,0.0127
23,34,ok,15,24,9,True,1625,15,11,15,0.0137
24,34,ok,8,11,3,True,1705,8,28,8,0.0148
25,34,ok,9,20,11,True,1785,6,44,9,0.0159
26,34,ok,12,27,15,True,1866,7,39,12,0.0172
27,34,ok,15,27,12,True,1947,14,13,15,0.0185
28,34,ok,6,12,6,True,2029,11,35,6,0.0199
29,34,ok,21,43,22,True,2112,9,12,21,0.0213
30,34,ok,4,10,6,True,2193,7,153,4,0.0229
31,34,ok,33,63,30,True,2277,8,15,33,0.0243
32,34,ok,6,10,4,True,2359,14,38,6,0.0257
33,34,ok,15,33,18,True,2442,14,15,15,0.0273
34,34,ok,8,16,8,True,2526,11,37,8,0.0292
35,34,ok,9,16,7,True,2610,6,55,9,0.0311
36,34,ok,12,20,8,True,2695,8,44,12,0.0326
37,34,ok,15,36,21,True,2779,14,15,15,0.0342
38,34,ok,6,12,6,True,2864,9,41,6,0.0364
39,34,ok,21,35,14,True,2949,12,15,21,0.0385
40,34,ok,4,9,5,True,3036,7,151,4,0.0403
41,34,ok,33,70,37,True,3120,10,15,33,0.0423
42,34,ok,6,10,4,True,3206,14,34,6,0.0445
43,34,ok,15,31,16,True,3293,12,17,15,0.0467
44,34,ok,8,13,5,True,3379,11,43,8,0.0487
45,34,ok,9,25,16,True,3466,8,47,9,0.0511
46,34,ok,12,28,16,True,3553,8,39,12,0.0533
47,34,ok,15,27,12,True,3640,19,15,15,0.0557
48,34,ok,6,13,7,True,3729,15,39,6,0.0583
49,34,ok,21,44,23,True,3815,12,14,21,0.0611
50,34,ok,4,9,5,True,3903,6,164,4,0.064
51,34,ok,33,74,41,True,3993,9,16,33,0.0665
52,34,ok,6,15,9,True,4079,16,39,6,0.0693
53,34,ok,15,34,19,True,4167,15,17,15,0.0718
54,34,ok,8,17,9,True,4256,12,48,8,0.075
55,34,ok,9,19,10,True,4345,9,49,9,0.0784
56,34,ok,12,30,18,True,4434,10,40,12,0.0818
57,34,ok,15,27,12,True,4523,16,16,15,0.0828
58,34,ok,6,13,7,True,4613,15,48,6,0.0819
59,34,ok,21,45,24,True,4702,12,15,21,0.0905
60,34,ok,4,7,3,True,4792,9,178,4,0.0952
61,34,ok,33,70,37,True,4884,11,16,33,0.0968
496,33,ok,2,6,4,True,49062,16,265,2,9.8934
62,34,ok,6,15,9,True,4972,19,46,6,0.0989
63,34,ok,15,34,19,True,5062,19,15,15,0.1055
64,34,ok,8,17,9,True,5153,14,49,8,0.1065
65,34,ok,9,18,9,True,5247,8,57,9,0.111
66,34,ok,12,24,12,True,5334,10,46,12,0.114
67,34,ok,15,32,17,True,5425,16,21,15,0.1205
68,34,ok,6,12,6,True,5516,17,45,6,0.122
69,34,ok,21,38,17,True,5610,15,19,21,0.1282
70,34,ok,4,11,7,True,5698,9,177,4,0.1303
71,34,ok,33,73,40,True,5790,11,19,33,0.1382
72,34,ok,6,14,8,True,5882,11,47,6,0.1395
73,34,ok,15,37,22,True,5973,20,18,15,0.1463
74,34,ok,8,18,10,True,6065,11,51,8,0.1334
75,34,ok,9,20,11,True,6157,14,60,9,0.1519
76,34,ok,12,29,17,True,6250,11,54,12,0.1559
77,34,ok,15,33,18,True,6342,27,18,15,0.1597
78,34,ok,6,13,7,True,6435,12,48,6,0.1715
79,34,ok,21,48,27,True,6527,19,17,21,0.1684
80,34,ok,4,10,6,True,6620,8,199,4,0.1815
81,34,ok,33,81,48,True,6713,10,17,33,0.1779
82,34,ok,6,16,10,True,6806,18,51,6,0.1912
83,34,ok,15,31,16,True,6899,15,18,15,0.1884
84,34,ok,8,20,12,True,6992,9,51,8,0.2017
85,34,ok,9,18,9,True,7086,12,57,9,0.1978
86,34,ok,12,32,20,True,7179,13,53,12,0.2071
87,34,ok,15,27,12,True,7273,16,17,15,0.2079
88,34,ok,6,12,6,True,7367,16,47,6,0.212
89,34,ok,21,48,27,True,7460,18,17,21,0.2187
90,34,ok,4,9,5,True,7557,9,213,4,0.2202
91,34,ok,33,72,39,True,7649,12,18,33,0.2279
92,34,ok,6,16,10,True,7743,15,50,6,0.2251
93,34,ok,15,31,16,True,7837,22,19,15,0.2416
94,34,ok,8,15,7,True,7932,12,51,8,0.2443
95,34,ok,9,21,12,True,8026,13,60,9,0.2256
497,33,ok,17,44,27,True,49171,20,262,17,10.0685
96,34,ok,12,28,16,True,8121,12,50,12,0.215
97,34,ok,15,37,22,True,8217,21,18,15,0.2559
98,34,ok,6,14,8,True,8316,15,53,6,0.2712
498,33,ok,2,5,3,True,49280,18,288,2,10.0769
99,34,ok,21,49,28,True,8405,18,19,21,0.2651
100,34,ok,4,11,7,True,8501,7,206,4,0.2844
101,34,ok,33,76,43,True,8596,13,21,33,0.2939
102,34,ok,6,11,5,True,8691,20,52,6,0.298
103,34,ok,15,31,16,True,8786,22,18,15,0.2926
104,34,ok,8,14,6,True,8882,19,57,8,0.3086
105,34,ok,9,18,9,True,8978,12,64,9,0.3171
106,34,ok,12,27,15,True,9075,13,50,12,0.3188
107,34,ok,15,32,17,True,9169,20,19,15,0.3148
108,34,ok,6,16,10,True,9265,16,58,6,0.3431
109,34,ok,21,40,19,True,9361,14,20,21,0.3307
110,34,ok,4,8,4,True,9457,10,219,4,0.3407
111,34,ok,33,75,42,True,9553,16,21,33,0.3523
112,34,ok,6,16,10,True,9649,16,55,6,0.3688
113,34,ok,15,29,14,True,9746,22,19,15,0.3418
114,34,ok,8,21,13,True,9842,15,55,8,0.3349
115,34,ok,9,18,9,True,9939,12,73,9,0.3734
116,34,ok,12,33,21,True,10035,14,57,12,0.3926
117,34,ok,15,35,20,True,10132,21,19,15,0.3918
118,34,ok,6,12,6,True,10229,14,54,6,0.379
119,34,ok,21,49,28,True,10326,14,20,21,0.4068
120,34,ok,4,11,7,True,10423,15,236,4,0.4173
121,34,ok,33,81,48,True,10520,13,21,33,0.4131
122,34,ok,6,15,9,True,10617,17,58,6,0.426
123,34,ok,15,30,15,True,10714,20,21,15,0.428
499,33,ok,11,30,19,True,49388,25,256,11,10.3345
124,34,ok,8,20,12,True,10812,17,57,8,0.451
125,34,ok,9,18,9,True,10909,14,63,9,0.4572
126,34,ok,12,32,20,True,11007,13,62,12,0.4536
127,34,ok,15,31,16,True,11104,24,20,15,0.4729
128,34,ok,6,13,7,True,11202,14,63,6,0.4733
129,34,ok,21,43,22,True,11300,17,26,21,0.4893
130,34,ok,4,8,4,True,11397,11,230,4,0.495
131,34,ok,33,71,38,True,11495,14,24,33,0.5002
132,34,ok,6,15,9,True,11593,22,54,6,0.5129
133,34,ok,15,33,18,True,11691,20,21,15,0.5029
134,34,ok,8,16,8,True,11790,16,54,8,0.528
135,34,ok,9,24,15,True,11888,10,69,9,0.5384
136,34,ok,12,30,18,True,11986,14,56,12,0.5286
137,34,ok,15,42,27,True,12084,20,22,15,0.5531
138,34,ok,6,15,9,True,12183,16,59,6,0.568
500,33,ok,2,3,1,True,49497,21,267,2,10.2822
139,34,ok,21,50,29,True,12281,17,23,21,0.5704
140,34,ok,4,7,3,True,12380,12,223,4,0.5804
141,34,ok,33,75,42,True,12479,13,19,33,0.5856
142,34,ok,6,10,4,True,12577,22,60,6,0.598
143,34,ok,15,32,17,True,12676,20,23,15,0.614
144,34,ok,8,17,9,True,12775,13,55,8,0.6002
145,34,ok,9,26,17,True,12874,10,69,9,0.61
146,34,ok,12,38,26,True,12973,12,59,12,0.6218
147,34,ok,15,33,18,True,13072,22,24,15,0.5741
148,34,ok,6,13,7,True,13171,16,59,6,0.6537
149,34,ok,21,48,27,True,13270,18,24,21,0.6596
150,34,ok,4,11,7,True,13370,16,238,4,0.6748
151,34,ok,33,85,52,True,13469,13,22,33,0.6812
152,34,ok,6,14,8,True,13569,19,58,6,0.7078
153,34,ok,15,41,26,True,13668,28,21,15,0.7065
154,34,ok,8,16,8,True,13768,14,56,8,0.7268
155,34,ok,9,20,11,True,13867,14,74,9,0.708
156,34,ok,12,35,23,True,13967,14,60,12,0.7337
157,34,ok,15,33,18,True,14067,19,21,15,0.7543
158,34,ok,6,13,7,True,14167,23,63,6,0.7588
159,34,ok,21,43,22,True,14267,18,24,21,0.7645
160,34,ok,4,10,6,True,14367,13,266,4,0.7767
161,34,ok,33,71,38,True,14467,13,21,33,0.7675
162,34,ok,6,14,8,True,14567,24,63,6,0.7999
163,34,ok,15,27,12,True,14667,26,21,15,0.8299
164,34,ok,8,17,9,True,14767,14,65,8,0.8291
165,34,ok,9,21,12,True,14867,12,70,9,0.8297
166,34,ok,12,28,16,True,14968,17,61,12,0.8494
167,34,ok,15,30,15,True,15068,20,23,15,0.8567
168,34,ok,6,14,8,True,15169,23,61,6,0.8476
169,34,ok,21,51,30,True,15269,20,21,21,0.9023
170,34,ok,4,8,4,True,15370,12,254,4,0.9054
171,34,ok,33,79,46,True,15470,17,23,33,0.8959
172,34,ok,6,14,8,True,15571,15,61,6,0.8859
173,34,ok,15,38,23,True,15672,16,22,15,0.8974
174,34,ok,8,20,12,True,15774,14,62,8,0.9329
175,34,ok,9,24,15,True,15874,16,74,9,0.9728
176,34,ok,12,26,14,True,15975,16,63,12,0.9698
177,34,ok,15,35,20,True,16076,23,21,15,0.968
178,34,ok,6,15,9,True,16177,18,60,6,0.9733
179,34,ok,21,43,22,True,16278,21,23,21,0.9888
180,34,ok,4,10,6,True,16379,12,281,4,1.0037
181,34,ok,33,75,42,True,16480,17,22,33,1.0311
182,34,ok,6,15,9,True,16582,15,63,6,0.9968
183,34,ok,15,35,20,True,16683,22,22,15,1.0381
184,34,ok,8,18,10,True,16784,13,63,8,1.05
185,34,ok,9,21,12,True,16886,12,76,9,1.0764
186,34,ok,12,24,12,True,16987,16,63,12,1.0809
187,34,ok,15,28,13,True,17089,21,21,15,1.0917
188,34,ok,6,12,6,True,17193,29,65,6,1.1242
189,34,ok,21,46,25,True,17292,21,24,21,1.122
190,34,ok,4,12,8,True,17394,11,266,4,1.1015
191,34,ok,33,84,51,True,17496,12,22,33,1.1527
192,34,ok,6,13,7,True,17598,17,70,6,1.164
193,34,ok,15,45,30,True,17700,29,23,15,1.1529
194,34,ok,8,16,8,True,17802,26,65,8,1.2121
195,34,ok,9,26,17,True,17904,15,82,9,1.2026
196,34,ok,12,38,26,True,18006,13,61,12,1.2224
197,34,ok,15,37,22,True,18108,33,24,15,1.2467
198,34,ok,6,19,13,True,18210,20,69,6,1.2093
199,34,ok,21,45,24,True,18312,16,23,21,1.2511
200,34,ok,4,12,8,True,18414,15,272,4,1.2818
201,34,ok,33,82,49,True,18517,15,21,33,1.3037
202,34,ok,6,11,5,True,18619,19,63,6,1.2735
203,34,ok,15,32,17,True,18722,22,20,15,1.3431
204,34,ok,8,19,11,True,18824,16,64,8,1.3373
205,34,ok,9,21,12,True,18927,12,78,9,1.3196
206,34,ok,12,33,21,True,19029,16,66,12,1.3687
207,34,ok,15,25,10,True,19132,26,21,15,1.3818
208,34,ok,6,15,9,True,19239,20,64,6,1.3804
209,34,ok,21,52,31,True,19337,18,22,21,1.4324
210,34,ok,4,8,4,True,19440,14,257,4,1.3977
211,34,ok,33,81,48,True,19543,15,24,33,1.4422
212,34,ok,6,16,10,True,19646,12,60,6,1.4881
213,34,ok,15,38,23,True,19749,38,23,15,1.4616
214,34,ok,8,17,9,True,19852,20,65,8,1.505
215,34,ok,9,21,12,True,19955,13,76,9,1.4867
216,34,ok,12,27,15,True,20058,15,63,12,1.5339
217,34,ok,15,39,24,True,20161,22,22,15,1.5414
218,34,ok,6,16,10,True,20264,16,68,6,1.5421
219,34,ok,21,51,30,True,20367,20,26,21,1.5894
220,34,ok,4,12,8,True,20470,10,270,4,1.573
221,34,ok,33,83,50,True,20574,18,25,33,1.5685
222,34,ok,6,14,8,True,20677,23,69,6,1.634
223,34,ok,15,38,23,True,20780,30,25,15,1.6232
224,34,ok,8,19,11,True,20884,19,64,8,1.6522
225,34,ok,9,20,11,True,20988,19,78,9,1.6313
226,34,ok,12,28,16,True,21091,17,70,12,1.6332
227,34,ok,15,38,23,True,21195,26,22,15,1.6445
228,34,ok,6,14,8,True,21298,24,61,6,1.702
229,34,ok,21,47,26,True,21402,25,23,21,1.7135
230,34,ok,4,13,9,True,21506,20,267,4,1.7369
231,34,ok,33,87,54,True,21609,16,23,33,1.7323
232,34,ok,6,17,11,True,21714,17,63,6,1.79
233,34,ok,15,36,21,True,21817,19,24,15,1.7924
234,34,ok,8,16,8,True,21921,18,68,8,1.8059
235,34,ok,9,22,13,True,22025,15,80,9,1.8033
236,34,ok,12,31,19,True,22129,13,62,12,1.8337
237,34,ok,15,37,22,True,22233,25,22,15,1.8476
238,34,ok,6,13,7,True,22337,24,63,6,1.8604
239,34,ok,21,43,22,True,22441,27,22,21,1.9173
240,34,ok,4,10,6,True,22545,12,266,4,1.9065
241,34,ok,33,78,45,True,22649,15,24,33,1.9238
242,34,ok,6,19,13,True,22754,20,63,6,1.9319
243,34,ok,15,32,17,True,22858,29,22,15,1.9686
244,34,ok,8,18,10,True,22962,17,65,8,1.9867
245,34,ok,9,26,17,True,23067,11,85,9,1.9881
246,34,ok,12,32,20,True,23171,13,64,12,2.0189
247,34,ok,15,30,15,True,23275,30,24,15,2.045
248,34,ok,6,14,8,True,23380,21,66,6,2.0563
249,34,ok,21,51,30,True,23484,20,25,21,2.1132
250,34,ok,4,9,5,True,23589,11,293,4,2.1004
251,34,ok,33,85,52,True,23694,17,25,33,2.0826
252,34,ok,6,14,8,True,23798,20,69,6,2.1503
253,34,ok,15,33,18,True,23903,28,23,15,2.1613
254,34,ok,8,20,12,True,24008,23,68,8,2.1383
255,34,ok,9,24,15,True,24113,15,89,9,2.194
256,34,ok,12,36,24,True,24217,15,68,12,2.2031
257,34,ok,15,33,18,True,24322,26,23,15,2.2209
258,34,ok,6,17,11,True,24427,22,72,6,2.2045
259,34,ok,21,53,32,True,24532,20,27,21,2.2591
260,34,ok,4,14,10,True,24637,15,295,4,2.2658
261,34,ok,33,79,46,True,24742,16,26,33,2.255
262,34,ok,6,15,9,True,24849,16,70,6,2.3364
263,34,ok,15,40,25,True,24952,21,23,15,2.3586
264,34,ok,8,20,12,True,25057,18,70,8,2.3235
265,34,ok,9,23,14,True,25162,13,91,9,2.3611
266,34,ok,12,28,16,True,25268,14,67,12,2.3473
267,34,ok,15,36,21,True,25373,29,26,15,2.4394
268,34,ok,6,16,10,True,25478,25,72,6,2.4551
269,34,ok,21,43,22,True,25584,23,25,21,2.475
270,34,ok,4,13,9,True,25689,10,279,4,2.4848
271,34,ok,33,92,59,True,25794,18,26,33,2.4861
272,34,ok,6,19,13,True,25900,24,74,6,2.4498
273,34,ok,15,38,23,True,26005,24,24,15,2.5689
274,34,ok,8,22,14,True,26111,18,72,8,2.543
275,34,ok,9,23,14,True,26216,17,84,9,2.5773
276,34,ok,12,34,22,True,26322,14,67,12,2.606
277,34,ok,15,35,20,True,26433,24,26,15,2.6586
278,34,ok,6,15,9,True,26533,28,71,6,2.6822
279,34,ok,21,44,23,True,26639,18,23,21,2.7267
280,34,ok,4,6,2,True,26745,17,290,4,2.6993
281,34,ok,33,79,46,True,26850,18,27,33,2.7433
282,34,ok,6,16,10,True,26956,19,72,6,2.7617
283,34,ok,15,34,19,True,27062,32,26,15,2.7402
284,34,ok,8,27,19,True,27168,18,73,8,2.8193
285,34,ok,9,26,17,True,27274,15,91,9,2.8033
286,34,ok,12,34,22,True,27380,14,67,12,2.8336
287,34,ok,15,32,17,True,27489,32,25,15,2.8442
288,34,ok,6,17,11,True,27592,20,67,6,2.8963
289,34,ok,21,54,33,True,27698,24,29,21,2.8941
290,34,ok,4,15,11,True,27804,10,283,4,2.9561
291,34,ok,33,89,56,True,27910,18,24,33,2.9656
292,34,ok,6,16,10,True,28016,22,72,6,2.9803
293,34,ok,15,34,19,True,28123,22,23,15,3.0355
294,34,ok,8,29,21,True,28229,24,69,8,3.0051
295,34,ok,9,23,14,True,28335,16,83,9,3.0858
296,34,ok,12,37,25,True,28441,15,72,12,3.0922
297,34,ok,15,33,18,True,28548,30,26,15,3.1272
298,34,ok,6,16,10,True,28654,20,72,6,3.1747
299,34,ok,21,53,32,True,28761,29,24,21,3.1656
300,34,ok,4,11,7,True,28867,10,292,4,3.1665
301,34,ok,33,89,56,True,28974,16,24,33,3.1952
302,34,ok,6,18,12,True,29080,16,74,6,3.1973
303,34,ok,15,30,15,True,29187,33,25,15,3.2312
304,34,ok,8,22,14,True,29293,14,70,8,3.2704
305,34,ok,9,25,16,True,29403,16,84,9,3.3145
306,34,ok,12,26,14,True,29506,17,71,12,3.342
307,34,ok,15,33,18,True,29613,31,24,15,3.3517
308,34,ok,6,11,5,True,29720,29,71,6,3.407
309,34,ok,21,58,37,True,29832,22,26,21,3.3803
310,34,ok,4,9,5,True,29933,13,294,4,3.4826
311,34,ok,33,89,56,True,30040,20,28,33,3.5416
312,34,ok,6,15,9,True,30147,28,87,6,3.4328
313,34,ok,15,44,29,True,30254,28,24,15,3.4999
314,34,ok,8,18,10,True,30361,18,76,8,3.5668
315,34,ok,9,23,14,True,30468,13,88,9,3.531
316,34,ok,12,29,17,True,30575,14,65,12,3.5625
317,34,ok,15,27,12,True,30682,37,25,15,3.6141
318,34,ok,6,13,7,True,30789,23,75,6,3.7026
319,34,ok,21,57,36,True,30896,26,27,21,3.6095
320,34,ok,4,11,7,True,31003,14,297,4,3.6939
321,34,ok,33,81,48,True,31110,19,26,33,3.6997
322,34,ok,6,14,8,True,31218,22,72,6,3.7048
323,34,ok,15,33,18,True,31325,28,27,15,3.702
324,34,ok,8,24,16,True,31432,14,72,8,3.8191
325,34,ok,9,24,15,True,31539,16,87,9,3.7801
326,34,ok,12,32,20,True,31647,18,73,12,3.8638
327,34,ok,15,31,16,True,31754,33,24,15,3.9067
328,34,ok,6,17,11,True,31861,29,71,6,3.9405
329,34,ok,21,56,35,True,31968,23,27,21,3.962
330,34,ok,4,14,10,True,32076,17,286,4,3.9521
331,34,ok,33,86,53,True,32183,16,27,33,4.0281
332,34,ok,6,13,7,True,32291,24,74,6,4.0647
333,34,ok,15,31,16,True,32398,26,24,15,4.0589
334,34,ok,8,15,7,True,32506,18,85,8,4.0728
335,34,ok,9,22,13,True,32613,20,86,9,4.1306
336,34,ok,12,28,16,True,32721,16,71,12,4.1323
337,34,ok,15,40,25,True,32829,31,29,15,4.2167
338,34,ok,6,14,8,True,32936,24,69,6,4.222
339,34,ok,21,54,33,True,33044,21,26,21,4.2175
340,34,ok,4,12,8,True,33152,11,289,4,4.2312
341,34,ok,33,80,47,True,33260,16,30,33,4.3268
342,34,ok,6,13,7,True,33367,18,75,6,4.2955
343,34,ok,15,32,17,True,33475,26,30,15,4.3936
344,34,ok,8,32,24,True,33583,19,73,8,4.4077
345,34,ok,9,23,14,True,33691,16,87,9,4.3954
346,34,ok,12,27,15,True,33799,17,75,12,4.3785
347,34,ok,15,33,18,True,33907,27,27,15,4.4258
348,34,ok,6,15,9,True,34015,42,72,6,4.5269
349,34,ok,21,58,37,True,34123,22,29,21,4.4884
350,34,ok,4,17,13,True,34231,11,292,4,4.57
351,34,ok,33,81,48,True,34339,21,25,33,4.54
352,34,ok,6,12,6,True,34447,41,77,6,4.6047
353,34,ok,15,37,22,True,34555,24,25,15,4.5957
354,34,ok,8,20,12,True,34663,19,70,8,4.672
355,34,ok,9,24,15,True,34771,14,89,9,4.6697
356,34,ok,12,38,26,True,34881,18,84,12,4.7725
357,34,ok,15,34,19,True,34988,30,26,15,4.7709
358,34,ok,6,15,9,True,35096,20,74,6,4.8232
359,34,ok,21,49,28,True,35204,25,26,21,4.8494
360,34,ok,4,16,12,True,35313,13,304,4,4.8751
361,34,ok,33,90,57,True,35421,18,28,33,4.8846
362,34,ok,6,14,8,True,35529,20,71,6,4.8546
363,34,ok,15,44,29,True,35638,25,24,15,4.9337
364,34,ok,8,29,21,True,35746,17,70,8,5.0214
365,34,ok,9,33,24,True,35855,19,85,9,4.9768
366,34,ok,12,26,14,True,35963,16,73,12,5.0529
367,34,ok,15,39,24,True,36072,31,26,15,5.0892
368,34,ok,6,12,6,True,36180,23,77,6,5.1573
369,34,ok,21,55,34,True,36289,21,27,21,5.1933
370,34,ok,4,13,9,True,36399,11,326,4,5.2072
371,34,ok,33,88,55,True,36506,19,26,33,5.2107
372,34,ok,6,10,4,True,36615,20,74,6,5.3031
373,34,ok,15,40,25,True,36723,28,26,15,5.2589
374,34,ok,8,15,7,True,36832,20,73,8,5.2121
375,34,ok,9,30,21,True,36941,16,87,9,5.321
376,34,ok,12,37,25,True,37050,15,69,12,5.3869
377,34,ok,15,35,20,True,37158,37,28,15,5.3995
378,34,ok,6,16,10,True,37267,25,75,6,5.4902
379,34,ok,21,51,30,True,37376,24,25,21,5.4685
380,34,ok,4,17,13,True,37485,13,328,4,5.5081
381,34,ok,33,85,52,True,37594,16,25,33,5.5832
382,34,ok,6,17,11,True,37703,21,76,6,5.6023
383,34,ok,15,38,23,True,37812,36,26,15,5.6408
384,34,ok,8,23,15,True,37921,20,74,8,5.6486
385,34,ok,9,23,14,True,38030,16,89,9,5.6994
386,34,ok,12,33,21,True,38139,16,71,12,5.8106
387,34,ok,15,32,17,True,38248,32,28,15,5.7579
388,34,ok,6,13,7,True,38357,20,75,6,5.8294
389,34,ok,21,50,29,True,38466,27,31,21,5.869
390,34,ok,4,10,6,True,38575,15,310,4,5.9124
391,34,ok,33,82,49,True,38684,19,27,33,5.9136
392,34,ok,6,15,9,True,38793,28,70,6,5.9665
393,34,ok,15,38,23,True,38903,30,26,15,5.9692
394,34,ok,8,18,10,True,39012,16,76,8,5.996
395,34,ok,9,24,15,True,39121,21,91,9,6.0589
396,34,ok,12,31,19,True,39231,13,78,12,6.1081
397,34,ok,15,40,25,True,39340,32,26,15,6.1157
398,34,ok,6,19,13,True,39449,22,69,6,6.1975
399,34,ok,21,59,38,True,39559,21,28,21,6.1304
400,34,ok,4,10,6,True,39668,13,310,4,6.1888
401,34,ok,33,97,64,True,39777,18,28,33,6.2117
402,34,ok,6,10,4,True,39887,21,71,6,6.3326
403,34,ok,15,35,20,True,39996,27,26,15,6.1715
404,34,ok,8,20,12,True,40106,23,74,8,6.3122
405,34,ok,9,23,14,True,40215,14,90,9,6.5079
406,34,ok,12,29,17,True,40326,17,74,12,6.5012
407,34,ok,15,41,26,True,40434,29,27,15,6.5284
408,34,ok,6,17,11,True,40544,23,79,6,6.5839
409,34,ok,21,42,21,True,40656,22,29,21,6.5609
410,34,ok,4,10,6,True,40763,16,329,4,6.5971
411,34,ok,33,84,51,True,40873,23,26,33,6.5344
412,34,ok,6,19,13,True,40983,35,74,6,6.6518
413,34,ok,15,39,24,True,41092,38,29,15,6.7146
414,34,ok,8,22,14,True,41202,21,78,8,6.7477
415,34,ok,9,30,21,True,41312,16,91,9,6.7868
416,34,ok,12,38,26,True,41422,17,72,12,6.8467
417,34,ok,15,37,22,True,41532,30,29,15,6.8225
418,34,ok,6,19,13,True,41641,21,78,6,6.8945
419,34,ok,21,59,38,True,41751,27,26,21,7.0905
420,34,ok,4,12,8,True,41861,19,322,4,7.0658
421,34,ok,33,93,60,True,41971,22,28,33,6.9703
422,34,ok,6,15,9,True,42081,22,78,6,7.0343
423,34,ok,15,31,16,True,42191,34,26,15,7.0292
424,34,ok,8,20,12,True,42301,21,77,8,7.1007
425,34,ok,9,28,19,True,42411,19,95,9,7.2572
426,34,ok,12,28,16,True,42521,19,77,12,7.2422
427,34,ok,15,37,22,True,42636,40,30,15,7.2505
428,34,ok,6,21,15,True,42741,24,73,6,7.2749
429,34,ok,21,58,37,True,42851,38,29,21,7.29
430,34,ok,4,9,5,True,42966,19,325,4,7.4265
431,34,ok,33,85,52,True,43072,20,26,33,7.3823
432,34,ok,6,21,15,True,43182,26,80,6,7.457
433,34,ok,15,41,26,True,43292,34,26,15,7.4884
434,34,ok,8,22,14,True,43402,20,81,8,7.5234
435,34,ok,9,26,17,True,43513,19,91,9,7.5746
436,34,ok,12,36,24,True,43623,19,75,12,7.6163
437,34,ok,15,41,26,True,43733,39,28,15,7.7606
438,34,ok,6,15,9,True,43843,21,73,6,7.7142
439,34,ok,21,51,30,True,43956,32,29,21,7.6905
440,34,ok,4,13,9,True,44064,14,320,4,7.8851
441,34,ok,33,86,53,True,44175,20,27,33,7.8407
442,34,ok,6,21,15,True,44286,37,73,6,7.843
443,34,ok,15,36,21,True,44395,25,26,15,7.8769
444,34,ok,8,23,15,True,44506,19,76,8,7.9242
445,34,ok,9,24,15,True,44616,16,94,9,8.0166
446,34,ok,12,43,31,True,44727,15,82,12,8.1078
447,34,ok,15,33,18,True,44837,27,27,15,8.0636
448,34,ok,6,12,6,True,44948,40,76,6,8.0903
449,34,ok,21,48,27,True,45059,26,26,21,8.184
450,34,ok,4,7,3,True,45169,15,323,4,8.165
451,34,ok,33,103,70,True,45280,19,26,33,8.1526
452,34,ok,6,14,8,True,45390,23,72,6,8.3335
453,34,ok,15,45,30,True,45501,30,31,15,8.332
454,34,ok,8,18,10,True,45612,19,72,8,8.3485
455,34,ok,9,28,19,True,45723,16,95,9,8.5509
456,34,ok,12,36,24,True,45833,17,76,12,8.5397
457,34,ok,15,39,24,True,45944,30,28,15,8.3821
458,34,ok,6,13,7,True,46055,25,76,6,8.6591
459,34,ok,21,54,33,True,46166,26,27,21,8.6443
460,34,ok,4,9,5,True,46276,21,328,4,8.6842
461,34,ok,33,81,48,True,46387,19,25,33,8.7528
462,34,ok,6,15,9,True,46498,19,75,6,8.7974
463,34,ok,15,37,22,True,46609,40,29,15,8.7548
464,34,ok,8,18,10,True,46720,22,75,8,8.9383
465,34,ok,9,22,13,True,46831,15,102,9,8.9408
466,34,ok,12,32,20,True,46942,18,75,12,8.9665
467,34,ok,15,39,24,True,47053,28,27,15,8.9227
468,34,ok,6,12,6,True,47164,24,78,6,8.9793
469,34,ok,21,57,36,True,47275,27,29,21,9.1014
470,34,ok,4,11,7,True,47388,17,317,4,9.0442
471,34,ok,33,98,65,True,47497,20,27,33,9.1484
472,34,ok,6,16,10,True,47608,23,78,6,9.1475
473,34,ok,15,39,24,True,47719,33,28,15,9.4527
474,34,ok,8,21,13,True,47830,25,81,8,9.1884
475,34,ok,9,28,19,True,47941,22,107,9,9.1943
476,34,ok,12,31,19,True,48053,17,79,12,9.4798
477,34,ok,15,42,27,True,48164,30,29,15,9.3215
478,34,ok,6,15,9,True,48279,27,82,6,9.3996
479,34,ok,21,53,32,True,48386,24,27,21,9.4398
480,34,ok,4,15,11,True,48498,15,316,4,9.413
481,34,ok,33,84,51,True,48609,24,27,33,9.6657
482,34,ok,6,11,5,True,48720,28,80,6,9.6557
483,34,ok,15,39,24,True,48832,38,28,15,9.6266
484,34,ok,8,23,15,True,48943,29,79,8,9.6772
485,34,ok,9,25,16,True,49054,20,92,9,9.7409
486,34,ok,12,35,23,True,49166,19,79,12,9.8378
487,34,ok,15,38,23,True,49277,37,30,15,10.0149
488,34,ok,6,18,12,True,49388,27,79,6,9.9304
489,34,ok,21,51,30,True,49500,29,28,21,9.9929
490,34,ok,4,10,6,True,49611,23,349,4,9.9971
491,34,ok,33,94,61,True,49723,20,29,33,10.2435
492,34,ok,6,14,8,True,49834,37,81,6,10.1393
493,34,ok,15,33,18,True,49946,34,33,15,10.0908
494,34,ok,8,25,17,True,50057,23,76,8,10.2232
495,34,ok,9,31,22,True,50169,18,94,9,10.2448
1,35,ok,34,34,0,True,76,2,3,34,0.0004
2,35,ok,4,4,0,True,127,5,7,4,0.0005
3,35,ok,16,19,3,True,184,6,5,16,0.0007
4,35,ok,4,5,1,True,245,4,18,4,0.0009
5,35,ok,18,25,7,True,308,7,8,18,0.0013
6,35,ok,4,9,5,True,374,5,12,4,0.0015
7,35,ok,20,32,12,True,442,7,7,20,0.002
8,35,ok,4,6,2,True,512,4,41,4,0.0024
9,35,ok,26,41,15,True,582,8,8,26,0.0029
10,35,ok,4,6,2,True,654,5,15,4,0.0033
11,35,ok,16,22,6,True,728,8,8,16,0.0039
12,35,ok,4,7,3,True,802,5,24,4,0.0044
13,35,ok,18,26,8,True,877,11,10,18,0.0051
14,35,ok,4,8,4,True,953,6,16,4,0.0058
15,35,ok,20,30,10,True,1029,9,10,20,0.0065
16,35,ok,4,10,6,True,1107,6,87,4,0.0073
17,35,ok,34,72,38,True,1185,6,12,34,0.0081
18,35,ok,4,10,6,True,1264,8,18,4,0.0089
19,35,ok,16,25,9,True,1343,11,11,16,0.0099
20,35,ok,4,8,4,True,1423,5,35,4,0.0109
21,35,ok,18,32,14,True,1504,7,11,18,0.0118
22,35,ok,4,8,4,True,1585,6,18,4,0.0129
23,35,ok,20,39,19,True,1666,9,12,20,0.014
24,35,ok,4,9,5,True,1748,7,58,4,0.0152
25,35,ok,26,55,29,True,1830,8,13,26,0.0165
26,35,ok,4,7,3,True,1913,7,21,4,0.0176
27,35,ok,16,27,11,True,1997,14,14,16,0.0192
28,35,ok,4,10,6,True,2080,6,34,4,0.0206
29,35,ok,18,30,12,True,2164,13,11,18,0.0219
30,35,ok,4,8,4,True,2249,7,20,4,0.0235
31,35,ok,20,40,20,True,2333,14,12,20,0.0251
32,35,ok,4,9,5,True,2419,7,123,4,0.0268
33,35,ok,34,60,26,True,2504,9,14,34,0.0282
34,35,ok,4,9,5,True,2590,10,22,4,0.0299
35,35,ok,16,24,8,True,2676,13,13,16,0.0316
36,35,ok,4,9,5,True,2762,7,37,4,0.0336
37,35,ok,18,34,16,True,2849,16,16,18,0.0353
38,35,ok,4,7,3,True,2936,9,21,4,0.0377
39,35,ok,20,33,13,True,3023,11,15,20,0.0394
40,35,ok,4,8,4,True,3111,6,70,4,0.0416
41,35,ok,26,59,33,True,3199,11,17,26,0.0414
42,35,ok,4,10,6,True,3287,12,21,4,0.0408
43,35,ok,16,29,13,True,3375,15,16,16,0.0484
44,35,ok,4,8,4,True,3464,7,43,4,0.0509
45,35,ok,18,43,25,True,3553,14,15,18,0.0534
46,35,ok,4,10,6,True,3642,8,26,4,0.0556
47,35,ok,20,44,24,True,3731,12,14,20,0.0581
48,35,ok,4,10,6,True,3821,8,139,4,0.061
49,35,ok,34,75,41,True,3910,12,14,34,0.0636
50,35,ok,4,7,3,True,4000,10,25,4,0.0662
51,35,ok,16,35,19,True,4090,15,16,16,0.0683
52,35,ok,4,8,4,True,4182,10,47,4,0.0721
53,35,ok,18,31,13,True,4271,16,17,18,0.0765
54,35,ok,4,10,6,True,4362,9,28,4,0.0767
55,35,ok,20,39,19,True,4454,15,14,20,0.0818
56,35,ok,4,10,6,True,4545,6,94,4,0.0784
57,35,ok,26,60,34,True,4636,12,16,26,0.0861
58,35,ok,4,9,5,True,4727,14,24,4,0.0895
59,35,ok,16,31,15,True,4819,16,15,16,0.0931
60,35,ok,4,7,3,True,4911,12,47,4,0.097
496,34,ok,12,29,17,True,50281,22,78,12,10.3398
61,35,ok,18,36,18,True,5003,22,18,18,0.1
62,35,ok,4,9,5,True,5096,9,25,4,0.1038
63,35,ok,20,40,20,True,5188,15,18,20,0.107
64,35,ok,4,12,8,True,5281,7,154,4,0.0982
65,35,ok,34,74,40,True,5373,12,17,34,0.1145
66,35,ok,4,10,6,True,5466,9,27,4,0.1181
67,35,ok,16,33,17,True,5560,17,18,16,0.1221
68,35,ok,4,14,10,True,5653,8,46,4,0.1259
69,35,ok,18,39,21,True,5746,16,18,18,0.1284
70,35,ok,4,7,3,True,5840,13,26,4,0.1346
71,35,ok,20,38,18,True,5934,16,17,20,0.1275
72,35,ok,4,9,5,True,6028,8,93,4,0.1401
73,35,ok,26,53,27,True,6122,12,17,26,0.1429
74,35,ok,4,8,4,True,6216,11,29,4,0.1478
75,35,ok,16,35,19,True,6310,13,19,16,0.1509
76,35,ok,4,9,5,True,6405,12,54,4,0.155
77,35,ok,18,45,27,True,6499,27,18,18,0.1594
78,35,ok,4,11,7,True,6596,10,28,4,0.1648
79,35,ok,20,41,21,True,6689,15,17,20,0.1686
80,35,ok,4,13,9,True,6784,10,170,4,0.175
81,35,ok,34,77,43,True,6879,14,19,34,0.1789
82,35,ok,4,13,9,True,6974,12,30,4,0.1857
83,35,ok,16,32,16,True,7072,19,22,16,0.1857
84,35,ok,4,8,4,True,7165,10,51,4,0.2002
85,35,ok,18,38,20,True,7261,21,18,18,0.2065
86,35,ok,4,11,7,True,7357,10,32,4,0.1954
87,35,ok,20,42,22,True,7453,16,18,20,0.2211
88,35,ok,4,9,5,True,7549,10,91,4,0.2253
89,35,ok,26,57,31,True,7650,14,19,26,0.2242
90,35,ok,4,10,6,True,7741,9,33,4,0.2306
91,35,ok,16,30,14,True,7838,19,19,16,0.2114
92,35,ok,4,12,8,True,7934,8,56,4,0.2341
497,34,ok,15,34,19,True,50392,24,25,15,10.4431
93,35,ok,18,39,21,True,8031,21,19,18,0.2471
94,35,ok,4,10,6,True,8127,8,30,4,0.2468
95,35,ok,20,43,23,True,8224,18,20,20,0.2623
96,35,ok,4,10,6,True,8321,8,176,4,0.2689
97,35,ok,34,85,51,True,8418,11,20,34,0.2596
98,35,ok,4,19,15,True,8516,15,32,4,0.2794
99,35,ok,16,33,17,True,8613,15,20,16,0.285
100,35,ok,4,15,11,True,8710,7,52,4,0.2848
101,35,ok,18,41,23,True,8808,21,19,18,0.2904
102,35,ok,4,10,6,True,8908,11,30,4,0.3002
103,35,ok,20,37,17,True,9003,18,21,20,0.3018
498,34,ok,6,19,13,True,50504,26,77,6,10.4375
104,35,ok,4,8,4,True,9101,9,100,4,0.3097
105,35,ok,26,62,36,True,9199,18,20,26,0.3206
106,35,ok,4,12,8,True,9297,10,32,4,0.3222
107,35,ok,16,37,21,True,9395,20,21,16,0.3286
108,35,ok,4,9,5,True,9493,10,56,4,0.3435
109,35,ok,18,48,30,True,9592,18,20,18,0.342
110,35,ok,4,12,8,True,9690,9,31,4,0.3402
111,35,ok,20,49,29,True,9789,14,22,20,0.3603
112,35,ok,4,11,7,True,9887,9,180,4,0.3671
113,35,ok,34,86,52,True,9986,13,19,34,0.3757
114,35,ok,4,13,9,True,10085,11,32,4,0.3644
115,35,ok,16,36,20,True,10184,21,20,16,0.3865
116,35,ok,4,10,6,True,10283,10,58,4,0.3687
499,34,ok,21,53,32,True,50616,26,31,21,10.5899
117,35,ok,18,38,20,True,10382,15,20,18,0.4018
118,35,ok,4,15,11,True,10481,12,32,4,0.4139
119,35,ok,20,36,16,True,10580,27,19,20,0.4164
120,35,ok,4,11,7,True,10679,12,110,4,0.4261
121,35,ok,26,57,31,True,10779,14,20,26,0.4324
122,35,ok,4,8,4,True,10878,12,35,4,0.4366
123,35,ok,16,32,16,True,10978,18,19,16,0.4531
124,35,ok,4,10,6,True,11078,12,59,4,0.4346
125,35,ok,18,43,25,True,11177,21,22,18,0.4454
126,35,ok,4,13,9,True,11277,11,31,4,0.463
127,35,ok,20,47,27,True,11377,18,19,20,0.4711
128,35,ok,4,9,5,True,11477,12,186,4,0.4917
129,35,ok,34,76,42,True,11577,14,20,34,0.4878
130,35,ok,4,10,6,True,11678,12,32,4,0.4945
131,35,ok,16,32,16,True,11778,21,22,16,0.4985
132,35,ok,4,9,5,True,11878,11,61,4,0.5067
133,35,ok,18,39,21,True,11979,21,21,18,0.5375
134,35,ok,4,10,6,True,12079,10,34,4,0.5306
135,35,ok,20,36,16,True,12180,21,21,20,0.5501
136,35,ok,4,9,5,True,12280,13,103,4,0.5558
137,35,ok,26,66,40,True,12381,21,20,26,0.5613
138,35,ok,4,12,8,True,12482,9,32,4,0.5881
139,35,ok,16,35,19,True,12583,20,21,16,0.5802
140,35,ok,4,11,7,True,12684,11,61,4,0.5902
141,35,ok,18,42,24,True,12785,23,21,18,0.5978
142,35,ok,4,10,6,True,12886,11,30,4,0.6062
143,35,ok,20,46,26,True,12988,16,19,20,0.6278
144,35,ok,4,9,5,True,13090,11,196,4,0.6107
500,34,ok,4,15,11,True,50727,24,325,4,10.6446
145,35,ok,34,79,45,True,13190,15,20,34,0.6211
146,35,ok,4,10,6,True,13291,12,35,4,0.6441
147,35,ok,16,31,15,True,13396,23,20,16,0.6574
148,35,ok,4,13,9,True,13494,14,60,4,0.6859
149,35,ok,18,40,22,True,13596,16,22,18,0.676
150,35,ok,4,10,6,True,13702,12,35,4,0.696
151,35,ok,20,47,27,True,13799,18,22,20,0.7073
152,35,ok,4,11,7,True,13901,10,112,4,0.7111
153,35,ok,26,52,26,True,14003,18,22,26,0.7179
154,35,ok,4,8,4,True,14105,11,33,4,0.7414
155,35,ok,16,32,16,True,14212,22,22,16,0.7301
156,35,ok,4,11,7,True,14309,11,62,4,0.7399
157,35,ok,18,37,19,True,14412,17,20,18,0.7594
158,35,ok,4,12,8,True,14514,13,36,4,0.7693
159,35,ok,20,44,24,True,14616,18,20,20,0.783
160,35,ok,4,11,7,True,14722,8,216,4,0.7918
161,35,ok,34,78,44,True,14821,14,21,34,0.8036
162,35,ok,4,12,8,True,14926,11,33,4,0.8211
163,35,ok,16,40,24,True,15026,20,23,16,0.6912
164,35,ok,4,10,6,True,15130,13,61,4,0.8263
165,35,ok,18,38,20,True,15232,32,21,18,0.8022
166,35,ok,4,12,8,True,15334,11,34,4,0.8493
167,35,ok,20,38,18,True,15437,20,21,20,0.8448
168,35,ok,4,10,6,True,15540,12,111,4,0.8832
169,35,ok,26,52,26,True,15643,22,23,26,0.8821
170,35,ok,4,8,4,True,15746,17,37,4,0.8923
171,35,ok,16,40,24,True,15849,16,24,16,0.8161
172,35,ok,4,9,5,True,15952,15,65,4,0.8804
173,35,ok,18,39,21,True,16055,16,19,18,0.9231
174,35,ok,4,13,9,True,16159,12,39,4,0.9329
175,35,ok,20,49,29,True,16262,18,22,20,0.9763
176,35,ok,4,13,9,True,16365,13,217,4,0.9804
177,35,ok,34,89,55,True,16469,18,23,34,0.9876
178,35,ok,4,7,3,True,16572,13,35,4,0.9954
179,35,ok,16,35,19,True,16676,26,22,16,1.0122
180,35,ok,4,8,4,True,16780,14,71,4,1.0301
181,35,ok,18,47,29,True,16883,21,24,18,1.0605
182,35,ok,4,12,8,True,16987,13,38,4,1.0444
183,35,ok,20,45,25,True,17091,18,22,20,1.0536
184,35,ok,4,15,11,True,17195,11,113,4,1.0731
185,35,ok,26,57,31,True,17299,17,21,26,1.0996
186,35,ok,4,9,5,True,17403,12,37,4,1.1068
187,35,ok,16,35,19,True,17507,23,22,16,1.1183
188,35,ok,4,7,3,True,17612,15,63,4,1.1254
189,35,ok,18,40,22,True,17715,21,23,18,1.1261
190,35,ok,4,7,3,True,17819,13,38,4,1.1619
191,35,ok,20,47,27,True,17923,16,23,20,1.1547
192,35,ok,4,11,7,True,18028,11,212,4,1.1947
193,35,ok,34,83,49,True,18132,16,23,34,1.2156
194,35,ok,4,8,4,True,18236,14,37,4,1.1982
195,35,ok,16,30,14,True,18341,23,22,16,1.2088
196,35,ok,4,12,8,True,18445,14,66,4,1.2375
197,35,ok,18,38,20,True,18550,36,23,18,1.2162
198,35,ok,4,9,5,True,18655,17,40,4,1.2668
199,35,ok,20,54,34,True,18759,24,21,20,1.2937
200,35,ok,4,12,8,True,18864,13,117,4,1.2726
201,35,ok,26,56,30,True,18969,19,24,26,1.316
202,35,ok,4,9,5,True,19074,14,36,4,1.3325
203,35,ok,16,30,14,True,19179,26,23,16,1.3413
204,35,ok,4,7,3,True,19284,10,66,4,1.321
205,35,ok,18,39,21,True,19389,41,22,18,1.4222
206,35,ok,4,15,11,True,19494,11,38,4,1.3872
207,35,ok,20,39,19,True,19599,22,23,20,1.4144
208,35,ok,4,13,9,True,19704,11,214,4,1.4266
209,35,ok,34,95,61,True,19809,13,22,34,1.4482
210,35,ok,4,12,8,True,19914,11,37,4,1.4585
211,35,ok,16,38,22,True,20020,25,23,16,1.4796
212,35,ok,4,11,7,True,20125,15,65,4,1.4845
213,35,ok,18,41,23,True,20231,16,22,18,1.4965
214,35,ok,4,12,8,True,20336,12,38,4,1.517
215,35,ok,20,45,25,True,20441,18,22,20,1.5448
216,35,ok,4,11,7,True,20547,11,115,4,1.5296
217,35,ok,26,61,35,True,20653,15,24,26,1.5473
218,35,ok,4,8,4,True,20758,20,39,4,1.5703
219,35,ok,16,37,21,True,20864,25,25,16,1.5167
220,35,ok,4,10,6,True,20970,12,67,4,1.5606
221,35,ok,18,46,28,True,21076,23,24,18,1.6393
222,35,ok,4,13,9,True,21182,11,41,4,1.617
223,35,ok,20,48,28,True,21287,22,22,20,1.6717
224,35,ok,4,10,6,True,21393,14,218,4,1.6874
225,35,ok,34,78,44,True,21499,16,24,34,1.6647
226,35,ok,4,15,11,True,21605,11,41,4,1.6747
227,35,ok,16,34,18,True,21711,23,25,16,1.7088
228,35,ok,4,9,5,True,21817,11,69,4,1.7555
229,35,ok,18,39,21,True,21924,22,24,18,1.7603
230,35,ok,4,13,9,True,22032,12,41,4,1.7658
231,35,ok,20,44,24,True,22136,23,21,20,1.7569
232,35,ok,4,8,4,True,22242,13,118,4,1.7845
233,35,ok,26,69,43,True,22349,15,25,26,1.7959
234,35,ok,4,8,4,True,22455,16,36,4,1.8437
235,35,ok,16,34,18,True,22562,29,28,16,1.8495
236,35,ok,4,11,7,True,22668,11,76,4,1.8687
237,35,ok,18,37,19,True,22775,26,24,18,1.8319
238,35,ok,4,18,14,True,22882,10,38,4,1.8883
239,35,ok,20,42,22,True,22988,20,22,20,1.9375
240,35,ok,4,12,8,True,23094,17,219,4,1.945
241,35,ok,34,95,61,True,23201,16,23,34,1.9531
243,35,ok,16,34,18,True,23415,22,24,16,1.9516
242,35,ok,4,9,5,True,23308,13,39,4,1.9873
244,35,ok,4,13,9,True,23522,16,67,4,2.0094
245,35,ok,18,40,22,True,23630,28,24,18,2.0469
246,35,ok,4,11,7,True,23735,13,42,4,2.0686
247,35,ok,20,47,27,True,23842,20,23,20,1.965
249,35,ok,26,48,22,True,24056,23,22,26,2.0625
248,35,ok,4,12,8,True,23949,10,126,4,2.0795
250,35,ok,4,10,6,True,24163,11,38,4,2.0834
251,35,ok,16,34,18,True,24271,26,23,16,2.1419
252,35,ok,4,13,9,True,24378,11,66,4,2.1661
253,35,ok,18,39,21,True,24485,18,23,18,2.1331
255,35,ok,20,51,31,True,24700,23,23,20,2.2101
254,35,ok,4,7,3,True,24592,15,40,4,2.2274
256,35,ok,4,11,7,True,24807,13,232,4,2.2182
257,35,ok,34,89,55,True,24914,15,25,34,2.2658
258,35,ok,4,9,5,True,25022,10,43,4,2.2713
259,35,ok,16,38,22,True,25129,28,23,16,2.3446
261,35,ok,18,54,36,True,25344,29,24,18,2.338
260,35,ok,4,7,3,True,25237,11,70,4,2.3616
262,35,ok,4,10,6,True,25452,13,36,4,2.3644
263,35,ok,20,47,27,True,25559,22,25,20,2.3895
264,35,ok,4,12,8,True,25667,10,128,4,2.4213
265,35,ok,26,67,41,True,25775,20,24,26,2.4001
266,35,ok,4,11,7,True,25883,14,41,4,2.414
267,35,ok,16,42,26,True,25990,25,25,16,2.5019
268,35,ok,4,11,7,True,26098,10,72,4,2.5051
269,35,ok,18,48,30,True,26206,23,25,18,2.5286
270,35,ok,4,8,4,True,26316,17,41,4,2.561
271,35,ok,20,45,25,True,26422,21,26,20,2.5464
272,35,ok,4,15,11,True,26530,13,255,4,2.5733
273,35,ok,34,78,44,True,26638,16,24,34,2.6665
274,35,ok,4,11,7,True,26746,14,42,4,2.6245
275,35,ok,16,42,26,True,26854,24,24,16,2.6348
276,35,ok,4,10,6,True,26962,18,66,4,2.6613
277,35,ok,18,36,18,True,27070,26,25,18,2.7212
278,35,ok,4,15,11,True,27179,19,37,4,2.7269
279,35,ok,20,47,27,True,27287,19,22,20,2.7006
280,35,ok,4,7,3,True,27395,18,124,4,2.7039
281,35,ok,26,73,47,True,27503,18,27,26,2.7242
282,35,ok,4,8,4,True,27612,16,42,4,2.8105
283,35,ok,16,36,20,True,27720,24,24,16,2.7838
284,35,ok,4,11,7,True,27829,15,72,4,2.8743
285,35,ok,18,40,22,True,27937,23,23,18,2.8565
286,35,ok,4,10,6,True,28046,13,46,4,2.8549
287,35,ok,20,51,31,True,28154,29,25,20,2.8987
288,35,ok,4,14,10,True,28263,14,237,4,2.9416
289,35,ok,34,87,53,True,28371,17,24,34,2.9357
290,35,ok,4,14,10,True,28480,13,38,4,2.9526
291,35,ok,16,39,23,True,28589,25,23,16,2.9879
292,35,ok,4,10,6,True,28697,15,68,4,3.0439
293,35,ok,18,45,27,True,28806,34,25,18,3.0562
294,35,ok,4,17,13,True,28915,15,43,4,3.0914
295,35,ok,20,53,33,True,29024,32,23,20,3.193
296,35,ok,4,11,7,True,29133,16,127,4,3.1496
297,35,ok,26,64,38,True,29241,20,24,26,3.1444
298,35,ok,4,10,6,True,29350,11,43,4,3.1901
299,35,ok,16,38,22,True,29459,23,24,16,3.168
300,35,ok,4,9,5,True,29568,14,69,4,3.2603
301,35,ok,18,43,25,True,29677,27,24,18,3.2726
302,35,ok,4,13,9,True,29787,12,40,4,3.2442
303,35,ok,20,36,16,True,29896,27,25,20,3.3047
304,35,ok,4,15,11,True,30005,11,237,4,3.2419
305,35,ok,34,93,59,True,30114,20,23,34,3.3858
306,35,ok,4,10,6,True,30226,13,43,4,3.374
307,35,ok,16,32,16,True,30332,30,24,16,3.3727
308,35,ok,4,9,5,True,30442,13,70,4,3.399
309,35,ok,18,35,17,True,30551,19,26,18,3.3917
310,35,ok,4,13,9,True,30660,11,42,4,3.4416
311,35,ok,20,53,33,True,30770,25,25,20,3.5709
312,35,ok,4,9,5,True,30879,12,134,4,3.5618
313,35,ok,26,63,37,True,30989,20,24,26,3.6567
314,35,ok,4,13,9,True,31098,14,41,4,3.5701
315,35,ok,16,46,30,True,31208,22,25,16,3.5647
316,35,ok,4,20,16,True,31317,11,71,4,3.6981
317,35,ok,18,46,28,True,31427,33,26,18,3.6909
318,35,ok,4,11,7,True,31536,16,45,4,3.7387
319,35,ok,20,50,30,True,31646,21,26,20,3.7364
320,35,ok,4,10,6,True,31756,16,264,4,3.7399
321,35,ok,34,89,55,True,31865,16,26,34,3.8275
322,35,ok,4,11,7,True,31975,16,42,4,3.7892
323,35,ok,16,40,24,True,32085,28,26,16,3.8188
324,35,ok,4,8,4,True,32195,12,70,4,3.9114
325,35,ok,18,45,27,True,32305,37,26,18,3.8927
326,35,ok,4,14,10,True,32415,14,42,4,3.7771
327,35,ok,20,57,37,True,32524,19,27,20,3.9009
328,35,ok,4,11,7,True,32640,12,134,4,3.9409
329,35,ok,26,62,36,True,32744,20,25,26,3.9799
330,35,ok,4,14,10,True,32854,12,43,4,4.0261
331,35,ok,16,36,20,True,32964,23,27,16,4.1129
332,35,ok,4,11,7,True,33074,12,83,4,4.107
333,35,ok,18,38,20,True,33185,25,27,18,4.0693
334,35,ok,4,15,11,True,33295,13,40,4,4.0764
335,35,ok,20,50,30,True,33405,25,26,20,4.1335
336,35,ok,4,12,8,True,33515,11,242,4,4.255
337,35,ok,34,88,54,True,33626,18,26,34,4.2323
338,35,ok,4,11,7,True,33736,18,44,4,4.2228
339,35,ok,16,35,19,True,33846,37,28,16,4.193
340,35,ok,4,7,3,True,33956,20,71,4,4.3551
341,35,ok,18,45,27,True,34068,20,23,18,4.3454
342,35,ok,4,12,8,True,34177,18,46,4,4.4457
343,35,ok,20,53,33,True,34287,21,24,20,4.4897
344,35,ok,4,8,4,True,34398,17,131,4,4.4269
345,35,ok,26,72,46,True,34508,27,28,26,4.5036
346,35,ok,4,12,8,True,34619,13,40,4,4.4765
347,35,ok,16,45,29,True,34729,26,28,16,4.57
348,35,ok,4,19,15,True,34840,16,72,4,4.5647
349,35,ok,18,39,21,True,34952,25,26,18,4.6791
350,35,ok,4,9,5,True,35061,14,42,4,4.6503
351,35,ok,20,43,23,True,35172,23,26,20,4.6238
352,35,ok,4,10,6,True,35282,17,255,4,4.6259
353,35,ok,34,93,59,True,35394,18,24,34,4.6808
354,35,ok,4,12,8,True,35504,17,43,4,4.7091
355,35,ok,16,45,29,True,35615,22,28,16,4.771
356,35,ok,4,11,7,True,35725,15,73,4,4.7785
357,35,ok,18,41,23,True,35836,32,26,18,4.7659
358,35,ok,4,9,5,True,35947,12,42,4,4.8534
359,35,ok,20,56,36,True,36058,19,33,20,4.8716
360,35,ok,4,16,12,True,36169,18,141,4,4.8654
361,35,ok,26,72,46,True,36280,24,25,26,4.9563
362,35,ok,4,9,5,True,36391,13,43,4,4.9508
363,35,ok,16,44,28,True,36502,26,28,16,5.0242
364,35,ok,4,12,8,True,36613,15,76,4,5.0063
365,35,ok,18,38,20,True,36724,22,25,18,5.134
366,35,ok,4,14,10,True,36835,18,43,4,5.1489
367,35,ok,20,48,28,True,36946,23,28,20,5.2895
368,35,ok,4,14,10,True,37060,15,255,4,5.2035
369,35,ok,34,95,61,True,37168,21,25,34,5.2175
370,35,ok,4,12,8,True,37280,20,44,4,5.28
371,35,ok,16,39,23,True,37391,21,31,16,5.1765
372,35,ok,4,9,5,True,37502,16,73,4,5.2914
373,35,ok,18,53,35,True,37613,36,26,18,5.3363
374,35,ok,4,8,4,True,37725,18,46,4,5.3641
375,35,ok,20,43,23,True,37836,26,26,20,5.3516
376,35,ok,4,11,7,True,37947,16,149,4,5.4713
377,35,ok,26,72,46,True,38059,23,28,26,5.4303
378,35,ok,4,13,9,True,38170,16,46,4,5.5067
379,35,ok,16,35,19,True,38284,26,26,16,5.5634
380,35,ok,4,15,11,True,38393,14,72,4,5.5019
381,35,ok,18,49,31,True,38505,24,24,18,5.5588
382,35,ok,4,13,9,True,38616,14,41,4,5.6256
383,35,ok,20,56,36,True,38728,24,26,20,5.6829
384,35,ok,4,9,5,True,38839,13,244,4,5.6968
385,35,ok,34,83,49,True,38951,19,24,34,5.9426
386,35,ok,4,12,8,True,39063,14,45,4,5.8225
387,35,ok,16,28,12,True,39174,29,26,16,5.8238
388,35,ok,4,13,9,True,39286,16,71,4,5.9176
389,35,ok,18,46,28,True,39398,27,29,18,5.9249
390,35,ok,4,11,7,True,39510,19,44,4,5.9543
391,35,ok,20,53,33,True,39621,26,27,20,5.9708
392,35,ok,4,13,9,True,39733,14,148,4,6.0169
393,35,ok,26,69,43,True,39845,23,25,26,6.0488
394,35,ok,4,14,10,True,39957,15,44,4,6.0375
395,35,ok,16,38,22,True,40069,25,26,16,6.1537
396,35,ok,4,13,9,True,40181,13,73,4,6.1904
397,35,ok,18,43,25,True,40293,26,29,18,6.1656
398,35,ok,4,15,11,True,40405,17,44,4,6.1924
399,35,ok,20,46,26,True,40517,21,30,20,6.2516
400,35,ok,4,13,9,True,40630,19,257,4,6.2059
401,35,ok,34,98,64,True,40741,16,26,34,6.4912
402,35,ok,4,11,7,True,40853,17,43,4,6.3183
403,35,ok,16,37,21,True,40965,31,29,16,6.4243
404,35,ok,4,12,8,True,41077,15,73,4,6.4356
405,35,ok,18,43,25,True,41189,31,25,18,6.4833
406,35,ok,4,12,8,True,41301,18,42,4,6.5324
407,35,ok,20,49,29,True,41413,33,30,20,6.6091
408,35,ok,4,8,4,True,41526,14,136,4,6.6715
409,35,ok,26,61,35,True,41638,20,29,26,6.6811
410,35,ok,4,14,10,True,41752,15,47,4,6.6279
411,35,ok,16,38,22,True,41863,36,28,16,6.7098
412,35,ok,4,12,8,True,41975,17,77,4,6.735
413,35,ok,18,56,38,True,42092,21,26,18,6.79
414,35,ok,4,11,7,True,42200,14,47,4,6.8773
415,35,ok,20,50,30,True,42312,31,27,20,6.9181
416,35,ok,4,12,8,True,42424,17,268,4,6.8589
417,35,ok,34,88,54,True,42537,18,27,34,6.9139
418,35,ok,4,12,8,True,42649,14,44,4,7.0204
419,35,ok,16,35,19,True,42762,29,26,16,7.0252
420,35,ok,4,7,3,True,42874,20,76,4,7.0095
421,35,ok,18,36,18,True,42987,25,27,18,6.99
422,35,ok,4,13,9,True,43100,17,47,4,7.3159
423,35,ok,20,56,36,True,43212,25,27,20,7.2294
424,35,ok,4,17,13,True,43325,12,144,4,7.0966
425,35,ok,26,64,38,True,43437,20,28,26,7.24
426,35,ok,4,11,7,True,43550,15,45,4,7.3487
427,35,ok,16,40,24,True,43663,30,26,16,7.5562
428,35,ok,4,9,5,True,43776,21,72,4,7.5197
429,35,ok,18,43,25,True,43888,27,28,18,7.4202
430,35,ok,4,12,8,True,44001,13,44,4,7.4312
431,35,ok,20,46,26,True,44114,25,26,20,7.5306
432,35,ok,4,11,7,True,44227,15,256,4,7.573
433,35,ok,34,91,57,True,44340,19,28,34,7.565
434,35,ok,4,14,10,True,44452,12,42,4,7.6751
435,35,ok,16,35,19,True,44565,37,27,16,7.6244
436,35,ok,4,11,7,True,44678,19,75,4,7.6376
437,35,ok,18,42,24,True,44791,41,26,18,7.7028
438,35,ok,4,13,9,True,44904,13,41,4,7.7374
439,35,ok,20,52,32,True,45017,29,27,20,7.8117
440,35,ok,4,14,10,True,45130,11,144,4,7.8869
441,35,ok,26,66,40,True,45243,26,30,26,7.9655
442,35,ok,4,12,8,True,45356,14,42,4,7.9479
443,35,ok,16,35,19,True,45469,29,26,16,8.1606
444,35,ok,4,14,10,True,45582,16,77,4,8.0809
445,35,ok,18,35,17,True,45696,42,30,18,8.1211
446,35,ok,4,10,6,True,45809,17,43,4,8.1421
447,35,ok,20,49,29,True,45922,22,25,20,8.1866
448,35,ok,4,13,9,True,46036,13,272,4,8.2173
449,35,ok,34,95,61,True,46148,20,27,34,8.4259
450,35,ok,4,9,5,True,46262,20,47,4,8.3125
451,35,ok,16,40,24,True,46375,24,28,16,8.5687
452,35,ok,4,13,9,True,46488,17,78,4,8.4247
453,35,ok,18,48,30,True,46602,24,30,18,8.4211
454,35,ok,4,12,8,True,46716,20,45,4,8.4357
455,35,ok,20,48,28,True,46828,25,27,20,8.5631
456,35,ok,4,13,9,True,46942,14,147,4,8.4729
457,35,ok,26,70,44,True,47056,27,28,26,8.6335
458,35,ok,4,11,7,True,47168,16,45,4,8.7362
459,35,ok,16,38,22,True,47282,24,28,16,8.7674
460,35,ok,4,14,10,True,47395,22,80,4,8.7653
461,35,ok,18,44,26,True,47509,43,26,18,8.8498
462,35,ok,4,10,6,True,47622,13,41,4,8.8993
463,35,ok,20,51,31,True,47736,30,27,20,8.8508
464,35,ok,4,8,4,True,47850,24,277,4,8.8149
465,35,ok,34,100,66,True,47963,18,26,34,8.9684
466,35,ok,4,11,7,True,48077,16,46,4,8.9479
467,35,ok,16,39,23,True,48190,32,32,16,9.0803
468,35,ok,4,9,5,True,48304,20,78,4,9.1967
469,35,ok,18,42,24,True,48418,34,27,18,9.1843
470,35,ok,4,10,6,True,48531,20,46,4,9.1245
471,35,ok,20,47,27,True,48645,25,27,20,9.2408
472,35,ok,4,16,12,True,48759,14,151,4,9.2737
473,35,ok,26,70,44,True,48873,28,28,26,9.3214
474,35,ok,4,13,9,True,48986,17,45,4,9.3609
475,35,ok,16,34,18,True,49100,41,26,16,9.5922
476,35,ok,4,11,7,True,49214,18,83,4,9.5929
477,35,ok,18,46,28,True,49328,37,27,18,9.4909
478,35,ok,4,10,6,True,49442,22,48,4,9.517
479,35,ok,20,46,26,True,49556,24,28,20,9.6363
480,35,ok,4,8,4,True,49674,15,263,4,9.7512
481,35,ok,34,92,58,True,49784,18,29,34,9.7362
482,35,ok,4,10,6,True,49898,14,51,4,9.7344
483,35,ok,16,38,22,True,50012,40,26,16,9.7892
484,35,ok,4,11,7,True,50126,14,76,4,9.8788
485,35,ok,18,44,26,True,50240,32,31,18,9.8435
486,35,ok,4,10,6,True,50354,16,46,4,10.013
487,35,ok,20,45,25,True,50468,35,29,20,9.9322
488,35,ok,4,15,11,True,50582,18,140,4,10.0935
489,35,ok,26,72,46,True,50696,21,28,26,10.1129
490,35,ok,4,18,14,True,50810,13,49,4,10.1191
491,35,ok,16,34,18,True,50924,42,29,16,10.1438
492,35,ok,4,14,10,True,51038,18,77,4,10.1872
493,35,ok,18,38,20,True,51153,30,26,18,10.4378
494,35,ok,4,12,8,True,51267,15,47,4,10.4281
495,35,ok,20,45,25,True,51381,30,28,20,10.3721
1,36,ok,35,35,0,True,78,2,3,35,0.0004
2,36,ok,6,7,1,True,131,4,12,6,0.0005
3,36,ok,12,20,8,True,189,3,11,12,0.0009
4,36,ok,8,15,7,True,251,3,24,8,0.001
5,36,ok,25,38,13,True,317,5,6,25,0.0013
6,36,ok,4,8,4,True,385,4,46,4,0.0016
7,36,ok,28,44,16,True,454,7,7,28,0.0022
8,36,ok,6,12,6,True,525,5,32,6,0.0024
9,36,ok,15,29,14,True,597,6,18,15,0.0031
10,36,ok,8,13,5,True,671,6,24,8,0.0033
11,36,ok,22,42,20,True,746,9,8,22,0.0036
12,36,ok,4,11,7,True,822,7,103,4,0.0027
13,36,ok,35,69,34,True,899,7,8,35,0.0055
14,36,ok,6,10,4,True,980,9,23,6,0.0036
15,36,ok,12,22,10,True,1055,7,19,12,0.0053
16,36,ok,8,15,7,True,1135,7,48,8,0.008
17,36,ok,25,46,21,True,1215,13,10,25,0.0087
18,36,ok,4,9,5,True,1295,6,64,4,0.0093
19,36,ok,28,58,30,True,1377,10,11,28,0.0104
20,36,ok,6,12,6,True,1459,5,43,6,0.0113
21,36,ok,15,34,19,True,1541,6,22,15,0.012
22,36,ok,8,19,11,True,1624,9,30,8,0.0129
23,36,ok,22,43,21,True,1707,15,10,22,0.014
24,36,ok,4,10,6,True,1791,7,135,4,0.0153
25,36,ok,35,67,32,True,1876,9,10,35,0.0165
26,36,ok,6,13,7,True,1961,11,31,6,0.0178
27,36,ok,12,24,12,True,2046,9,29,12,0.0193
28,36,ok,8,19,11,True,2132,10,52,8,0.0206
29,36,ok,25,51,26,True,2218,13,14,25,0.022
30,36,ok,4,7,3,True,2304,6,97,4,0.0235
31,36,ok,28,53,25,True,2391,15,12,28,0.0253
32,36,ok,6,12,6,True,2478,8,52,6,0.0174
33,36,ok,15,30,15,True,2566,9,25,15,0.0234
34,36,ok,8,19,11,True,2653,10,32,8,0.0298
35,36,ok,22,49,27,True,2742,12,13,22,0.0312
36,36,ok,4,11,7,True,2830,10,160,4,0.0337
37,36,ok,35,71,36,True,2919,9,14,35,0.0354
38,36,ok,6,16,10,True,3010,10,34,6,0.0374
39,36,ok,12,29,17,True,3097,10,28,12,0.0394
40,36,ok,8,25,17,True,3187,8,52,8,0.0417
41,36,ok,25,49,24,True,3277,11,15,25,0.0438
42,36,ok,4,12,8,True,3367,11,96,4,0.0462
43,36,ok,28,55,27,True,3458,12,15,28,0.0484
44,36,ok,6,11,5,True,3548,17,60,6,0.0502
45,36,ok,15,41,26,True,3640,12,28,15,0.0524
46,36,ok,8,24,16,True,3730,11,34,8,0.0547
47,36,ok,22,44,22,True,3822,13,13,22,0.0575
48,36,ok,4,11,7,True,3914,8,180,4,0.0602
49,36,ok,35,83,48,True,4005,12,14,35,0.0588
50,36,ok,6,14,8,True,4098,9,37,6,0.0602
51,36,ok,12,25,13,True,4190,11,30,12,0.0571
52,36,ok,8,15,7,True,4282,10,73,8,0.0712
53,36,ok,25,55,30,True,4375,16,13,25,0.0752
54,36,ok,4,9,5,True,4468,9,96,4,0.0781
55,36,ok,28,68,40,True,4561,13,16,28,0.0811
56,36,ok,6,15,9,True,4655,11,66,6,0.0803
57,36,ok,15,40,25,True,4748,12,33,15,0.0851
496,35,ok,4,9,5,True,51495,13,289,4,10.4121
58,36,ok,8,17,9,True,4842,12,42,8,0.0882
59,36,ok,22,55,33,True,4936,15,13,22,0.0779
60,36,ok,4,8,4,True,5030,11,190,4,0.095
61,36,ok,35,84,49,True,5124,11,14,35,0.0837
62,36,ok,6,12,6,True,5219,15,40,6,0.1025
63,36,ok,12,24,12,True,5314,11,31,12,0.1061
64,36,ok,8,16,8,True,5408,10,68,8,0.1092
65,36,ok,25,57,32,True,5504,22,15,25,0.1102
66,36,ok,4,8,4,True,5599,15,109,4,0.1114
67,36,ok,28,62,34,True,5694,12,17,28,0.1196
68,36,ok,6,18,12,True,5790,13,70,6,0.124
69,36,ok,15,33,18,True,5885,12,33,15,0.1277
70,36,ok,8,19,11,True,5985,9,42,8,0.1311
71,36,ok,22,50,28,True,6077,18,15,22,0.1355
72,36,ok,4,11,7,True,6173,8,200,4,0.1392
73,36,ok,35,82,47,True,6269,16,15,35,0.1436
74,36,ok,6,15,9,True,6370,18,39,6,0.1477
75,36,ok,12,35,23,True,6462,16,37,12,0.1518
76,36,ok,8,17,9,True,6559,11,78,8,0.1553
77,36,ok,25,61,36,True,6656,17,14,25,0.1587
78,36,ok,4,10,6,True,6755,12,105,4,0.1552
79,36,ok,28,65,37,True,6850,15,16,28,0.1627
80,36,ok,6,15,9,True,6947,16,75,6,0.169
81,36,ok,15,38,23,True,7045,15,32,15,0.1654
82,36,ok,8,21,13,True,7142,16,46,8,0.1619
83,36,ok,22,55,33,True,7240,18,17,22,0.1905
84,36,ok,4,10,6,True,7338,11,226,4,0.1952
85,36,ok,35,89,54,True,7436,15,17,35,0.2009
86,36,ok,6,16,10,True,7534,18,39,6,0.2008
87,36,ok,12,30,18,True,7632,17,34,12,0.2172
88,36,ok,8,16,8,True,7730,12,76,8,0.2139
89,36,ok,25,60,35,True,7829,19,19,25,0.2162
90,36,ok,4,10,6,True,7927,14,113,4,0.2257
91,36,ok,28,71,43,True,8026,15,16,28,0.2347
92,36,ok,6,12,6,True,8125,15,77,6,0.2368
93,36,ok,15,34,19,True,8225,15,36,15,0.2473
497,35,ok,34,99,65,True,51610,19,26,34,10.4113
94,36,ok,8,17,9,True,8323,15,46,8,0.249
95,36,ok,22,50,28,True,8422,18,19,22,0.2599
96,36,ok,4,9,5,True,8521,15,213,4,0.2619
97,36,ok,35,83,48,True,8621,14,17,35,0.2675
98,36,ok,6,15,9,True,8720,15,46,6,0.2784
99,36,ok,12,34,22,True,8820,20,38,12,0.2798
100,36,ok,8,20,12,True,8919,13,83,8,0.2862
101,36,ok,25,60,35,True,9019,17,20,25,0.2805
102,36,ok,4,9,5,True,9119,17,129,4,0.2993
103,36,ok,28,66,38,True,9219,14,19,28,0.3037
104,36,ok,6,16,10,True,9319,15,78,6,0.3164
105,36,ok,15,40,25,True,9420,20,36,15,0.3197
106,36,ok,8,23,15,True,9520,17,46,8,0.325
107,36,ok,22,43,21,True,9620,18,18,22,0.3374
108,36,ok,4,10,6,True,9721,10,220,4,0.3403
109,36,ok,35,94,59,True,9822,17,16,35,0.3446
110,36,ok,6,17,11,True,9922,21,57,6,0.3432
111,36,ok,12,31,19,True,10023,20,39,12,0.3603
112,36,ok,8,18,10,True,10124,16,81,8,0.3427
498,35,ok,4,10,6,True,51724,21,47,4,10.7248
113,36,ok,25,67,42,True,10225,24,18,25,0.3715
114,36,ok,4,8,4,True,10326,14,122,4,0.3815
115,36,ok,28,63,35,True,10430,21,22,28,0.381
116,36,ok,6,12,6,True,10535,22,89,6,0.3923
117,36,ok,15,41,26,True,10630,13,39,15,0.4052
118,36,ok,8,23,15,True,10732,15,54,8,0.4071
119,36,ok,22,45,23,True,10833,23,17,22,0.4052
120,36,ok,4,8,4,True,10935,12,230,4,0.4221
121,36,ok,35,93,58,True,11037,13,20,35,0.4342
122,36,ok,6,18,12,True,11139,14,46,6,0.4399
123,36,ok,12,27,15,True,11241,18,43,12,0.4414
124,36,ok,8,22,14,True,11343,16,89,8,0.455
125,36,ok,25,61,36,True,11445,19,17,25,0.4718
126,36,ok,4,10,6,True,11550,13,122,4,0.4721
127,36,ok,28,64,36,True,11649,24,17,28,0.4747
128,36,ok,6,11,5,True,11752,21,87,6,0.4883
129,36,ok,15,32,17,True,11854,15,46,15,0.5055
130,36,ok,8,22,14,True,11957,12,54,8,0.5069
131,36,ok,22,51,29,True,12059,18,19,22,0.5111
132,36,ok,4,9,5,True,12162,19,230,4,0.5144
133,36,ok,35,84,49,True,12265,15,21,35,0.5012
499,35,ok,16,42,26,True,51838,30,30,16,10.6591
134,36,ok,6,14,8,True,12368,10,51,6,0.528
135,36,ok,12,33,21,True,12471,18,41,12,0.5381
136,36,ok,8,16,8,True,12574,16,83,8,0.5458
137,36,ok,25,60,35,True,12677,20,18,25,0.5699
500,35,ok,4,9,5,True,51953,17,79,4,10.5628
138,36,ok,4,8,4,True,12780,13,133,4,0.582
139,36,ok,28,75,47,True,12883,22,18,28,0.5815
140,36,ok,6,16,10,True,12987,15,87,6,0.5904
141,36,ok,15,39,24,True,13090,20,40,15,0.6054
142,36,ok,8,28,20,True,13195,14,57,8,0.6114
143,36,ok,22,52,30,True,13297,25,18,22,0.6173
144,36,ok,4,15,11,True,13405,10,239,4,0.6511
145,36,ok,35,97,62,True,13505,15,18,35,0.6388
146,36,ok,6,18,12,True,13608,14,52,6,0.6438
147,36,ok,12,34,22,True,13712,20,44,12,0.6647
148,36,ok,8,21,13,True,13816,12,96,8,0.6691
149,36,ok,25,68,43,True,13920,27,19,25,0.6788
150,36,ok,4,9,5,True,14024,18,123,4,0.7047
151,36,ok,28,70,42,True,14129,21,20,28,0.6857
152,36,ok,6,14,8,True,14233,21,97,6,0.7009
153,36,ok,15,35,20,True,14337,14,43,15,0.7146
154,36,ok,8,22,14,True,14442,14,50,8,0.7233
155,36,ok,22,51,29,True,14546,23,20,22,0.7491
156,36,ok,4,12,8,True,14651,18,257,4,0.7221
157,36,ok,35,95,60,True,14755,18,21,35,0.7543
158,36,ok,6,14,8,True,14860,15,53,6,0.7591
159,36,ok,12,38,26,True,14965,19,46,12,0.7912
160,36,ok,8,22,14,True,15069,15,93,8,0.79
161,36,ok,25,73,48,True,15174,18,20,25,0.8213
162,36,ok,4,12,8,True,15279,12,133,4,0.7993
163,36,ok,28,70,42,True,15384,20,21,28,0.8199
164,36,ok,6,21,15,True,15489,19,94,6,0.8071
165,36,ok,15,45,30,True,15594,14,44,15,0.8516
166,36,ok,8,26,18,True,15700,13,52,8,0.8428
167,36,ok,22,56,34,True,15805,21,19,22,0.8839
168,36,ok,4,11,7,True,15910,16,269,4,0.8747
169,36,ok,35,91,56,True,16016,24,22,35,0.8996
170,36,ok,6,16,10,True,16121,18,56,6,0.884
171,36,ok,12,30,18,True,16227,25,45,12,0.9319
172,36,ok,8,21,13,True,16332,16,93,8,0.9238
173,36,ok,25,58,33,True,16438,20,22,25,0.9415
174,36,ok,4,10,6,True,16543,11,140,4,0.946
175,36,ok,28,66,38,True,16649,22,23,28,0.9965
176,36,ok,6,13,7,True,16755,33,100,6,0.9783
177,36,ok,15,37,22,True,16861,14,41,15,1.0087
178,36,ok,8,22,14,True,16967,17,54,8,0.9893
179,36,ok,22,60,38,True,17073,19,20,22,1.0192
180,36,ok,4,14,10,True,17179,13,270,4,1.0286
181,36,ok,35,91,56,True,17285,17,19,35,1.0439
182,36,ok,6,14,8,True,17391,23,56,6,1.0458
183,36,ok,12,33,21,True,17500,15,44,12,1.0876
184,36,ok,8,18,10,True,17605,15,106,8,1.0688
185,36,ok,25,57,32,True,17710,27,19,25,1.1164
186,36,ok,4,8,4,True,17817,17,135,4,1.11
187,36,ok,28,77,49,True,17923,25,21,28,1.1217
188,36,ok,6,20,14,True,18030,13,100,6,1.1357
189,36,ok,15,43,28,True,18136,17,48,15,1.1615
190,36,ok,8,21,13,True,18243,14,57,8,1.1635
191,36,ok,22,53,31,True,18350,25,21,22,1.1656
192,36,ok,4,12,8,True,18456,14,259,4,1.1688
193,36,ok,35,92,57,True,18563,21,22,35,1.189
194,36,ok,6,15,9,True,18670,30,57,6,1.1819
195,36,ok,12,36,24,True,18777,23,49,12,1.2279
196,36,ok,8,28,20,True,18884,20,102,8,1.2402
197,36,ok,25,66,41,True,18991,24,20,25,1.2665
198,36,ok,4,10,6,True,19098,12,144,4,1.2663
199,36,ok,28,74,46,True,19205,26,21,28,1.2859
200,36,ok,6,17,11,True,19312,17,98,6,1.2901
201,36,ok,15,43,28,True,19420,23,45,15,1.2807
202,36,ok,8,18,10,True,19530,14,54,8,1.306
203,36,ok,22,57,35,True,19634,27,21,22,1.2976
204,36,ok,4,12,8,True,19742,13,266,4,1.3656
205,36,ok,35,97,62,True,19849,18,21,35,1.359
206,36,ok,6,17,11,True,19957,19,55,6,1.3649
207,36,ok,12,25,13,True,20064,34,42,12,1.4227
208,36,ok,8,26,18,True,20172,12,102,8,1.4231
209,36,ok,25,57,32,True,20280,24,23,25,1.4314
210,36,ok,4,12,8,True,20387,14,150,4,1.4431
211,36,ok,28,78,50,True,20495,26,21,28,1.4417
212,36,ok,6,12,6,True,20603,21,103,6,1.4884
213,36,ok,15,43,28,True,20711,16,46,15,1.4682
214,36,ok,8,25,17,True,20819,18,59,8,1.5113
215,36,ok,22,56,34,True,20927,27,23,22,1.486
216,36,ok,4,13,9,True,21035,18,283,4,1.5848
217,36,ok,35,87,52,True,21143,21,21,35,1.5273
218,36,ok,6,16,10,True,21251,19,58,6,1.5836
219,36,ok,12,27,15,True,21359,17,46,12,1.5834
220,36,ok,8,27,19,True,21467,19,110,8,1.6023
221,36,ok,25,73,48,True,21576,28,22,25,1.642
222,36,ok,4,9,5,True,21684,16,152,4,1.6907
223,36,ok,28,68,40,True,21792,22,24,28,1.6392
224,36,ok,6,16,10,True,21901,19,108,6,1.6551
225,36,ok,15,35,20,True,22009,19,50,15,1.7315
226,36,ok,8,26,18,True,22118,23,54,8,1.7296
227,36,ok,22,57,35,True,22226,29,20,22,1.7701
228,36,ok,4,11,7,True,22335,12,286,4,1.7072
229,36,ok,35,97,62,True,22444,18,22,35,1.7553
230,36,ok,6,14,8,True,22552,17,57,6,1.8375
231,36,ok,12,32,20,True,22661,17,46,12,1.8126
232,36,ok,8,20,12,True,22770,21,104,8,1.817
233,36,ok,25,69,44,True,22879,22,19,25,1.8247
234,36,ok,4,12,8,True,22988,14,154,4,1.8694
235,36,ok,28,69,41,True,23100,27,20,28,1.8422
236,36,ok,6,21,15,True,23206,14,115,6,1.846
237,36,ok,15,48,33,True,23315,19,47,15,1.9011
238,36,ok,8,20,12,True,23424,18,58,8,1.8779
239,36,ok,22,64,42,True,23533,25,27,22,1.9588
240,36,ok,4,16,12,True,23642,14,271,4,1.9699
241,36,ok,35,95,60,True,23751,19,21,35,1.9434
242,36,ok,6,22,16,True,23860,20,58,6,2.0108
243,36,ok,12,40,28,True,23970,20,46,12,2.0108
244,36,ok,8,25,17,True,24080,13,108,8,1.9982
245,36,ok,25,67,42,True,24188,27,21,25,2.014
246,36,ok,4,13,9,True,24298,18,152,4,2.0642
247,36,ok,28,69,41,True,24407,21,23,28,2.0389
248,36,ok,6,10,4,True,24517,18,106,6,2.1
249,36,ok,15,42,27,True,24626,16,47,15,2.1592
250,36,ok,8,24,16,True,24736,18,56,8,2.2259
251,36,ok,22,67,45,True,24846,25,25,22,2.1432
252,36,ok,4,12,8,True,24955,15,278,4,2.2188
253,36,ok,35,104,69,True,25065,21,20,35,2.1979
254,36,ok,6,16,10,True,25175,19,58,6,2.242
255,36,ok,12,32,20,True,25285,19,47,12,2.2608
256,36,ok,8,26,18,True,25395,16,103,8,2.3203
257,36,ok,25,72,47,True,25504,22,24,25,2.3123
258,36,ok,4,10,6,True,25614,19,156,4,2.3153
259,36,ok,28,65,37,True,25725,22,23,28,2.3311
260,36,ok,6,19,13,True,25834,16,109,6,2.3447
261,36,ok,15,50,35,True,25944,17,50,15,2.3812
262,36,ok,8,20,12,True,26055,17,56,8,2.4015
263,36,ok,22,56,34,True,26165,25,21,22,2.4047
264,36,ok,4,8,4,True,26275,13,292,4,2.3894
265,36,ok,35,103,68,True,26390,18,20,35,2.4451
266,36,ok,6,18,12,True,26495,21,59,6,2.4967
267,36,ok,12,29,17,True,26606,22,51,12,2.4766
268,36,ok,8,27,19,True,26716,16,109,8,2.476
269,36,ok,25,85,60,True,26826,18,22,25,2.6051
270,36,ok,4,11,7,True,26937,19,144,4,2.5956
271,36,ok,28,54,26,True,27047,27,24,28,2.552
272,36,ok,6,20,14,True,27160,24,106,6,2.6046
273,36,ok,15,49,34,True,27268,18,45,15,2.6299
274,36,ok,8,24,16,True,27379,14,59,8,2.6219
275,36,ok,22,54,32,True,27490,27,22,22,2.6387
276,36,ok,4,16,12,True,27600,13,308,4,2.6948
277,36,ok,35,87,52,True,27711,21,22,35,2.6941
278,36,ok,6,16,10,True,27825,19,62,6,2.7222
279,36,ok,12,32,20,True,27933,18,47,12,2.7817
280,36,ok,8,19,11,True,28043,17,117,8,2.7609
281,36,ok,25,67,42,True,28154,20,23,25,2.7992
282,36,ok,4,12,8,True,28265,15,159,4,2.7861
283,36,ok,28,79,51,True,28376,26,23,28,2.8768
284,36,ok,6,19,13,True,28487,20,114,6,2.8348
285,36,ok,15,52,37,True,28598,22,47,15,2.9423
286,36,ok,8,35,27,True,28709,16,57,8,2.9015
287,36,ok,22,57,35,True,28820,25,27,22,2.9351
288,36,ok,4,14,10,True,28931,15,286,4,2.997
289,36,ok,35,91,56,True,29042,19,23,35,2.971
290,36,ok,6,16,10,True,29155,18,70,6,3.055
291,36,ok,12,28,16,True,29265,25,47,12,3.0116
292,36,ok,8,25,17,True,29376,15,108,8,3.027
293,36,ok,25,64,39,True,29487,29,25,25,3.0529
294,36,ok,4,14,10,True,29599,17,162,4,3.0919
295,36,ok,28,70,42,True,29710,24,26,28,3.1135
296,36,ok,6,20,14,True,29822,20,114,6,3.1753
297,36,ok,15,48,33,True,29933,18,52,15,3.1708
298,36,ok,8,20,12,True,30044,17,59,8,3.1313
299,36,ok,22,56,34,True,30156,24,21,22,3.1981
300,36,ok,4,14,10,True,30268,12,306,4,3.256
301,36,ok,35,89,54,True,30380,24,26,35,3.3028
302,36,ok,6,22,16,True,30491,22,60,6,3.3493
303,36,ok,12,35,23,True,30602,31,48,12,3.2952
304,36,ok,8,17,9,True,30714,17,108,8,3.4076
305,36,ok,25,62,37,True,30826,28,24,25,3.3786
306,36,ok,4,11,7,True,30938,15,156,4,3.3897
307,36,ok,28,73,45,True,31049,21,21,28,3.4071
308,36,ok,6,14,8,True,31161,23,114,6,3.4612
309,36,ok,15,40,25,True,31273,18,53,15,3.4723
310,36,ok,8,20,12,True,31385,14,74,8,3.4447
311,36,ok,22,59,37,True,31500,26,23,22,3.6141
312,36,ok,4,9,5,True,31609,16,292,4,3.5928
313,36,ok,35,118,83,True,31721,22,23,35,3.4454
314,36,ok,6,17,11,True,31833,19,62,6,3.6355
315,36,ok,12,29,17,True,31945,29,49,12,3.6431
316,36,ok,8,24,16,True,32057,15,113,8,3.579
317,36,ok,25,75,50,True,32169,33,24,25,3.7514
318,36,ok,4,9,5,True,32282,16,171,4,3.7584
319,36,ok,28,72,44,True,32394,26,25,28,3.7439
320,36,ok,6,19,13,True,32506,26,118,6,3.8356
321,36,ok,15,45,30,True,32618,18,49,15,3.8102
322,36,ok,8,24,16,True,32731,16,62,8,3.8259
323,36,ok,22,59,37,True,32843,27,22,22,3.9038
325,36,ok,35,100,65,True,33068,20,26,35,3.8811
324,36,ok,4,11,7,True,32955,17,301,4,3.9782
326,36,ok,6,21,15,True,33180,17,65,6,4.0168
327,36,ok,12,41,29,True,33293,20,52,12,3.9367
328,36,ok,8,20,12,True,33405,17,112,8,3.9596
329,36,ok,25,63,38,True,33518,21,26,25,4.053
330,36,ok,4,6,2,True,33630,21,169,4,4.0244
331,36,ok,28,90,62,True,33743,28,25,28,4.0417
332,36,ok,6,19,13,True,33856,20,118,6,4.1591
333,36,ok,15,50,35,True,33968,19,52,15,4.1612
334,36,ok,8,23,15,True,34081,14,61,8,4.22
335,36,ok,22,56,34,True,34195,29,23,22,4.2349
336,36,ok,4,10,6,True,34306,15,305,4,4.2835
337,36,ok,35,99,64,True,34419,18,22,35,4.2792
338,36,ok,6,18,12,True,34532,22,64,6,4.2863
339,36,ok,12,32,20,True,34645,23,52,12,4.3248
340,36,ok,8,27,19,True,34758,21,111,8,4.4235
341,36,ok,25,71,46,True,34871,27,22,25,4.3802
342,36,ok,4,14,10,True,34984,22,154,4,4.4255
343,36,ok,28,81,53,True,35097,32,21,28,4.5266
344,36,ok,6,13,7,True,35210,33,113,6,4.4871
345,36,ok,15,41,26,True,35323,20,49,15,4.5036
346,36,ok,8,20,12,True,35436,24,66,8,4.5533
347,36,ok,22,51,29,True,35549,35,25,22,4.5794
348,36,ok,4,12,8,True,35665,21,310,4,4.6209
349,36,ok,35,102,67,True,35775,20,25,35,4.5738
350,36,ok,6,20,14,True,35889,20,65,6,4.676
351,36,ok,12,34,22,True,36002,30,47,12,4.7389
352,36,ok,8,28,20,True,36115,21,109,8,4.7506
353,36,ok,25,78,53,True,36228,38,22,25,4.698
354,36,ok,4,20,16,True,36342,17,165,4,4.8265
355,36,ok,28,75,47,True,36455,26,23,28,4.804
356,36,ok,6,15,9,True,36568,17,113,6,4.854
357,36,ok,15,44,29,True,36682,22,52,15,4.9074
358,36,ok,8,28,20,True,36795,21,64,8,4.9079
359,36,ok,22,61,39,True,36909,24,24,22,5.0141
360,36,ok,4,11,7,True,37022,16,318,4,4.9613
361,36,ok,35,96,61,True,37136,21,24,35,4.8975
362,36,ok,6,15,9,True,37249,19,63,6,4.9592
363,36,ok,12,35,23,True,37363,29,53,12,5.1108
364,36,ok,8,27,19,True,37477,21,114,8,5.1666
365,36,ok,25,73,48,True,37590,36,24,25,5.1911
366,36,ok,4,9,5,True,37704,21,165,4,5.1084
367,36,ok,28,82,54,True,37818,30,28,28,5.3023
368,36,ok,6,15,9,True,37931,37,121,6,5.2573
369,36,ok,15,43,28,True,38045,20,53,15,5.2562
370,36,ok,8,26,18,True,38159,17,65,8,5.25
371,36,ok,22,64,42,True,38273,22,23,22,5.277
372,36,ok,4,16,12,True,38387,17,313,4,5.3523
373,36,ok,35,98,63,True,38501,32,24,35,5.4055
374,36,ok,6,16,10,True,38614,25,61,6,5.4415
375,36,ok,12,29,17,True,38728,26,53,12,5.5055
376,36,ok,8,27,19,True,38842,28,121,8,5.4879
377,36,ok,25,66,41,True,38956,30,23,25,5.5274
378,36,ok,4,14,10,True,39070,19,167,4,5.524
379,36,ok,28,72,44,True,39184,35,28,28,5.6017
380,36,ok,6,20,14,True,39299,26,123,6,5.6693
381,36,ok,15,38,23,True,39413,24,56,15,5.733
382,36,ok,8,23,15,True,39527,23,67,8,5.7272
383,36,ok,22,61,39,True,39641,27,23,22,5.7912
384,36,ok,4,8,4,True,39760,19,316,4,5.781
385,36,ok,35,98,63,True,39869,23,23,35,5.8685
386,36,ok,6,13,7,True,39984,29,74,6,5.8252
387,36,ok,12,25,13,True,40098,19,58,12,5.9642
388,36,ok,8,25,17,True,40212,19,118,8,5.9291
389,36,ok,25,69,44,True,40327,31,23,25,5.9227
390,36,ok,4,13,9,True,40441,17,178,4,5.956
391,36,ok,28,77,49,True,40555,27,24,28,6.025
392,36,ok,6,18,12,True,40670,19,114,6,6.1586
393,36,ok,15,46,31,True,40784,19,55,15,6.1975
394,36,ok,8,21,13,True,40899,19,65,8,6.1819
395,36,ok,22,53,31,True,41013,31,25,22,6.1095
396,36,ok,4,15,11,True,41128,31,317,4,6.2283
397,36,ok,35,91,56,True,41242,22,25,35,6.2212
398,36,ok,6,13,7,True,41357,27,71,6,6.3036
399,36,ok,12,35,23,True,41471,32,53,12,6.361
400,36,ok,8,22,14,True,41586,27,133,8,6.2647
401,36,ok,25,75,50,True,41701,30,26,25,6.3874
402,36,ok,4,11,7,True,41815,17,174,4,6.4311
403,36,ok,28,80,52,True,41930,27,25,28,6.6497
404,36,ok,6,17,11,True,42045,24,114,6,6.5668
405,36,ok,15,43,28,True,42160,20,53,15,6.6272
406,36,ok,8,23,15,True,42274,17,63,8,6.5565
407,36,ok,22,50,28,True,42389,30,24,22,6.5749
408,36,ok,4,12,8,True,42504,18,328,4,6.6539
409,36,ok,35,101,66,True,42619,27,23,35,6.7503
410,36,ok,6,17,11,True,42735,23,69,6,6.7931
411,36,ok,12,35,23,True,42849,20,52,12,6.9209
412,36,ok,8,15,7,True,42964,25,119,8,6.7836
413,36,ok,25,67,42,True,43079,25,25,25,6.8592
414,36,ok,4,15,11,True,43194,14,169,4,6.8433
415,36,ok,28,60,32,True,43309,27,23,28,6.979
416,36,ok,6,15,9,True,43424,26,119,6,6.9392
417,36,ok,15,44,29,True,43539,17,54,15,7.1569
418,36,ok,8,15,7,True,43654,21,68,8,7.0595
419,36,ok,22,70,48,True,43769,30,22,22,7.0981
420,36,ok,4,14,10,True,43884,15,360,4,7.1471
421,36,ok,35,107,72,True,43999,21,25,35,7.2802
422,36,ok,6,16,10,True,44115,29,65,6,7.1509
423,36,ok,12,36,24,True,44230,26,53,12,7.2654
424,36,ok,8,15,7,True,44345,19,119,8,7.2454
425,36,ok,25,56,31,True,44460,27,22,25,7.3131
426,36,ok,4,18,14,True,44576,20,173,4,7.346
427,36,ok,28,89,61,True,44695,30,23,28,7.4788
428,36,ok,6,16,10,True,44806,21,124,6,7.5151
429,36,ok,15,41,26,True,44922,18,54,15,7.4317
430,36,ok,8,25,17,True,45037,24,70,8,7.4873
431,36,ok,22,60,38,True,45153,31,24,22,7.6935
432,36,ok,4,13,9,True,45268,22,334,4,7.6384
433,36,ok,35,109,74,True,45384,27,28,35,7.609
434,36,ok,6,19,13,True,45500,25,78,6,7.6144
435,36,ok,12,32,20,True,45615,26,52,12,7.8008
436,36,ok,8,23,15,True,45730,18,127,8,7.8138
437,36,ok,25,69,44,True,45846,28,25,25,7.9006
438,36,ok,4,9,5,True,45961,19,171,4,7.7912
439,36,ok,28,82,54,True,46077,30,24,28,8.0766
440,36,ok,6,23,17,True,46193,30,131,6,7.936
441,36,ok,15,48,33,True,46308,21,54,15,7.9679
442,36,ok,8,27,19,True,46424,17,71,8,8.0596
443,36,ok,22,67,45,True,46540,25,24,22,8.2345
444,36,ok,4,11,7,True,46655,15,321,4,8.1552
445,36,ok,35,104,69,True,46771,26,23,35,8.1521
446,36,ok,6,15,9,True,46887,17,64,6,8.1635
447,36,ok,12,39,27,True,47003,29,49,12,8.3188
448,36,ok,8,22,14,True,47119,17,124,8,8.2311
449,36,ok,25,82,57,True,47234,38,26,25,8.3998
450,36,ok,4,16,12,True,47350,18,165,4,8.3829
451,36,ok,28,80,52,True,47466,29,27,28,8.4559
452,36,ok,6,14,8,True,47582,17,125,6,8.4451
453,36,ok,15,49,34,True,47698,28,51,15,8.5967
454,36,ok,8,32,24,True,47814,23,66,8,8.52
455,36,ok,22,55,33,True,47930,28,26,22,8.5923
456,36,ok,4,12,8,True,48046,19,332,4,8.6893
457,36,ok,35,97,62,True,48162,30,23,35,8.7807
458,36,ok,6,19,13,True,48278,21,68,6,8.6612
460,36,ok,8,22,14,True,48511,19,120,8,8.8384
459,36,ok,12,31,19,True,48394,19,52,12,8.9175
461,36,ok,25,78,53,True,48627,44,25,25,9.0029
462,36,ok,4,14,10,True,48743,15,184,4,9.0094
463,36,ok,28,80,52,True,48859,33,25,28,9.0964
464,36,ok,6,17,11,True,48975,22,120,6,9.0384
465,36,ok,15,53,38,True,49092,23,58,15,9.113
466,36,ok,8,28,20,True,49210,19,73,8,9.2341
467,36,ok,22,54,32,True,49324,33,24,22,9.1467
468,36,ok,4,14,10,True,49440,21,337,4,9.3395
469,36,ok,35,101,66,True,49557,25,23,35,9.2802
470,36,ok,6,12,6,True,49673,31,66,6,9.3261
471,36,ok,12,30,18,True,49789,18,53,12,9.3633
472,36,ok,8,19,11,True,49906,27,128,8,9.4149
473,36,ok,25,73,48,True,50022,37,24,25,9.4264
474,36,ok,4,17,13,True,50139,22,177,4,9.5573
475,36,ok,28,80,52,True,50260,27,26,28,9.5638
476,36,ok,6,17,11,True,50372,29,128,6,9.559
477,36,ok,15,47,32,True,50488,31,57,15,9.5659
478,36,ok,8,23,15,True,50605,23,69,8,9.8347
479,36,ok,22,62,40,True,50721,30,26,22,9.721
480,36,ok,4,17,13,True,50838,16,348,4,9.7438
481,36,ok,35,96,61,True,50954,31,25,35,9.9969
482,36,ok,6,16,10,True,51071,15,71,6,9.8653
483,36,ok,12,31,19,True,51188,28,55,12,9.8186
484,36,ok,8,29,21,True,51310,20,124,8,9.9855
485,36,ok,25,62,37,True,51421,29,26,25,10.1648
486,36,ok,4,8,4,True,51538,19,194,4,10.14
487,36,ok,28,77,49,True,51655,29,29,28,10.1156
488,36,ok,6,17,11,True,51771,27,120,6,10.1465
489,36,ok,15,55,40,True,51888,21,60,15,10.1375
490,36,ok,8,25,17,True,52005,18,66,8,10.3028
491,36,ok,22,50,28,True,52122,33,23,22,10.2216
492,36,ok,4,8,4,True,52239,24,338,4,10.2394
493,36,ok,35,121,86,True,52355,24,27,35,10.3582
494,36,ok,6,19,13,True,52472,24,68,6,10.4771
495,36,ok,12,29,17,True,52589,34,54,12,10.4429
1,37,ok,36,36,0,True,80,2,3,36,0.0004
2,37,ok,6,8,2,True,134,3,20,6,0.0005
3,37,ok,9,16,7,True,194,3,22,9,0.0007
4,37,ok,8,11,3,True,258,3,25,8,0.001
5,37,ok,15,21,6,True,325,6,25,15,0.0013
6,37,ok,4,8,4,True,394,3,49,4,0.0016
7,37,ok,21,36,15,True,468,5,24,21,0.0021
8,37,ok,6,12,6,True,540,6,28,6,0.0025
9,37,ok,9,16,7,True,612,5,27,9,0.003
10,37,ok,8,13,5,True,688,4,25,8,0.0035
11,37,ok,15,23,8,True,765,8,30,15,0.004
12,37,ok,4,8,4,True,842,4,66,4,0.0046
13,37,ok,21,39,18,True,921,7,31,21,0.0054
14,37,ok,6,11,5,True,1001,8,39,6,0.006
15,37,ok,9,16,7,True,1081,7,38,9,0.0068
16,37,ok,8,18,10,True,1162,6,37,8,0.0076
17,37,ok,15,29,14,True,1244,8,38,15,0.0085
18,37,ok,4,7,3,True,1327,7,66,4,0.0095
19,37,ok,21,41,20,True,1410,7,40,21,0.0104
20,37,ok,6,12,6,True,1494,8,41,6,0.0114
21,37,ok,9,21,12,True,1578,6,48,9,0.0123
22,37,ok,8,18,10,True,1663,6,40,8,0.0135
23,37,ok,15,27,12,True,1749,8,38,15,0.0146
24,37,ok,4,11,7,True,1836,7,84,4,0.0159
25,37,ok,21,45,24,True,1921,8,44,21,0.0171
26,37,ok,6,14,8,True,2008,12,45,6,0.0184
27,37,ok,9,18,9,True,2095,7,49,9,0.0204
28,37,ok,8,21,13,True,2183,5,47,8,0.0171
29,37,ok,15,30,15,True,2271,10,47,15,0.0226
30,37,ok,4,8,4,True,2359,8,89,4,0.0244
31,37,ok,21,47,26,True,2448,7,56,21,0.0259
32,37,ok,6,10,4,True,2537,12,47,6,0.0275
33,37,ok,9,21,12,True,2627,9,53,9,0.0294
34,37,ok,8,16,8,True,2717,6,47,8,0.0315
35,37,ok,15,29,14,True,2807,13,51,15,0.0332
36,37,ok,4,9,5,True,2898,8,91,4,0.0352
37,37,ok,21,45,24,True,2988,9,46,21,0.0369
38,37,ok,6,11,5,True,3080,10,53,6,0.039
39,37,ok,9,18,9,True,3171,9,49,9,0.0411
40,37,ok,8,18,10,True,3263,8,57,8,0.0436
41,37,ok,15,28,13,True,3355,13,51,15,0.0457
42,37,ok,4,7,3,True,3447,7,100,4,0.0479
43,37,ok,21,41,20,True,3540,8,56,21,0.0499
44,37,ok,6,11,5,True,3636,10,57,6,0.0525
45,37,ok,9,21,12,True,3726,9,60,9,0.055
46,37,ok,8,13,5,True,3819,10,57,8,0.0577
47,37,ok,15,28,13,True,3912,12,65,15,0.0603
48,37,ok,4,10,6,True,4006,9,110,4,0.063
49,37,ok,21,39,18,True,4104,13,61,21,0.067
496,36,ok,8,27,19,True,52710,20,138,8,10.7216
50,37,ok,6,18,12,True,4195,13,55,6,0.0679
51,37,ok,9,18,9,True,4289,11,58,9,0.0711
52,37,ok,8,16,8,True,4384,10,61,8,0.0739
53,37,ok,15,34,19,True,4479,11,57,15,0.0768
54,37,ok,4,12,8,True,4574,7,124,4,0.0801
55,37,ok,21,40,19,True,4669,9,56,21,0.0824
56,37,ok,6,11,5,True,4765,10,64,6,0.0718
57,37,ok,9,21,12,True,4860,9,66,9,0.0878
58,37,ok,8,20,12,True,4956,8,56,8,0.0923
59,37,ok,15,32,17,True,5053,15,55,15,0.0956
60,37,ok,4,12,8,True,5149,12,125,4,0.099
61,37,ok,21,49,28,True,5245,10,60,21,0.1027
62,37,ok,6,18,12,True,5342,9,59,6,0.1059
63,37,ok,9,23,14,True,5439,11,70,9,0.1097
64,37,ok,8,21,13,True,5536,10,62,8,0.1135
65,37,ok,15,33,18,True,5633,12,54,15,0.1137
66,37,ok,4,6,2,True,5731,10,121,4,0.116
67,37,ok,21,53,32,True,5832,11,62,21,0.1169
68,37,ok,6,11,5,True,5926,10,66,6,0.1288
69,37,ok,9,26,17,True,6024,10,67,9,0.1334
70,37,ok,8,13,5,True,6122,12,61,8,0.1362
71,37,ok,15,26,11,True,6220,15,59,15,0.1409
72,37,ok,4,10,6,True,6318,11,124,4,0.1445
73,37,ok,21,42,21,True,6417,12,73,21,0.1505
74,37,ok,6,15,9,True,6516,15,58,6,0.1539
75,37,ok,9,22,13,True,6614,9,67,9,0.1598
76,37,ok,8,16,8,True,6713,11,69,8,0.1641
77,37,ok,15,33,18,True,6812,12,65,15,0.169
78,37,ok,4,12,8,True,6912,7,136,4,0.1722
79,37,ok,21,48,27,True,7011,12,63,21,0.1794
80,37,ok,6,14,8,True,7110,11,64,6,0.1825
81,37,ok,9,23,14,True,7210,10,78,9,0.19
82,37,ok,8,24,16,True,7310,11,64,8,0.1946
497,36,ok,25,70,45,True,52823,34,24,25,10.5388
83,37,ok,15,31,16,True,7410,18,67,15,0.199
84,37,ok,4,10,6,True,7510,10,128,4,0.2046
85,37,ok,21,48,27,True,7610,14,67,21,0.21
86,37,ok,6,13,7,True,7710,12,69,6,0.2168
87,37,ok,9,27,18,True,7812,9,67,9,0.2204
88,37,ok,8,20,12,True,7912,12,84,8,0.2246
89,37,ok,15,38,23,True,8012,11,72,15,0.221
90,37,ok,4,9,5,True,8113,8,126,4,0.2369
91,37,ok,21,46,25,True,8214,11,61,21,0.2436
92,37,ok,6,15,9,True,8315,16,65,6,0.2427
93,37,ok,9,27,18,True,8416,11,66,9,0.255
94,37,ok,8,16,8,True,8518,10,69,8,0.2621
95,37,ok,15,38,23,True,8619,12,69,15,0.2663
96,37,ok,4,10,6,True,8721,15,127,4,0.2729
97,37,ok,21,53,32,True,8822,10,69,21,0.2792
98,37,ok,6,14,8,True,8928,11,79,6,0.2842
498,36,ok,4,15,11,True,52940,27,176,4,10.6345
99,37,ok,9,22,13,True,9026,11,72,9,0.29
100,37,ok,8,24,16,True,9128,11,69,8,0.2975
101,37,ok,15,36,21,True,9230,16,61,15,0.3023
102,37,ok,4,12,8,True,9332,9,142,4,0.3185
103,37,ok,21,53,32,True,9435,10,68,21,0.3193
104,37,ok,6,9,3,True,9537,10,71,6,0.3276
105,37,ok,9,27,18,True,9640,12,78,9,0.3334
106,37,ok,8,19,11,True,9742,11,86,8,0.3388
107,37,ok,15,33,18,True,9845,14,72,15,0.3451
108,37,ok,4,8,4,True,9948,11,144,4,0.3514
109,37,ok,21,45,24,True,10051,13,76,21,0.3611
110,37,ok,6,14,8,True,10154,9,83,6,0.3728
111,37,ok,9,21,12,True,10257,11,72,9,0.3693
112,37,ok,8,21,13,True,10360,14,71,8,0.3764
113,37,ok,15,36,21,True,10464,14,82,15,0.3866
114,37,ok,4,12,8,True,10567,9,134,4,0.3982
115,37,ok,21,45,24,True,10671,15,74,21,0.3987
116,37,ok,6,11,5,True,10774,14,75,6,0.408
117,37,ok,9,21,12,True,10878,11,70,9,0.418
118,37,ok,8,19,11,True,10982,13,74,8,0.4321
119,37,ok,15,27,12,True,11086,19,73,15,0.4274
120,37,ok,4,9,5,True,11190,12,137,4,0.4368
121,37,ok,21,49,28,True,11294,16,74,21,0.4502
499,36,ok,28,76,48,True,53057,30,24,28,10.7474
122,37,ok,6,18,12,True,11398,13,79,6,0.458
123,37,ok,9,22,13,True,11503,11,76,9,0.4602
124,37,ok,8,14,6,True,11607,11,71,8,0.4699
125,37,ok,15,34,19,True,11711,14,76,15,0.4767
126,37,ok,4,7,3,True,11816,16,147,4,0.4961
127,37,ok,21,51,30,True,11921,13,76,21,0.509
128,37,ok,6,17,11,True,12025,16,80,6,0.5029
129,37,ok,9,18,9,True,12132,12,73,9,0.5164
130,37,ok,8,22,14,True,12235,12,75,8,0.5284
131,37,ok,15,37,22,True,12340,15,76,15,0.5369
132,37,ok,4,9,5,True,12445,12,146,4,0.5544
133,37,ok,21,54,33,True,12550,13,78,21,0.5501
500,36,ok,6,15,9,True,53174,23,121,6,10.7298
134,37,ok,6,13,7,True,12656,9,77,6,0.5606
135,37,ok,9,22,13,True,12761,12,76,9,0.5741
136,37,ok,8,17,9,True,12866,11,75,8,0.5833
137,37,ok,15,28,13,True,12972,20,72,15,0.6032
138,37,ok,4,13,9,True,13077,10,149,4,0.5995
139,37,ok,21,55,34,True,13183,12,83,21,0.5961
140,37,ok,6,14,8,True,13289,16,75,6,0.6199
141,37,ok,9,25,16,True,13395,11,83,9,0.6269
142,37,ok,8,21,13,True,13500,10,73,8,0.6525
144,37,ok,4,11,7,True,13716,11,146,4,0.6575
143,37,ok,15,33,18,True,13608,15,77,15,0.6675
145,37,ok,21,51,30,True,13819,13,74,21,0.6656
146,37,ok,6,15,9,True,13925,11,79,6,0.6819
147,37,ok,9,22,13,True,14031,10,80,9,0.6879
148,37,ok,8,21,13,True,14137,10,77,8,0.6846
149,37,ok,15,35,20,True,14244,15,82,15,0.7079
150,37,ok,4,8,4,True,14350,14,164,4,0.7269
151,37,ok,21,54,33,True,14457,14,75,21,0.7291
152,37,ok,6,12,6,True,14564,14,83,6,0.742
153,37,ok,9,23,14,True,14670,13,81,9,0.7532
154,37,ok,8,19,11,True,14777,9,85,8,0.7656
155,37,ok,15,33,18,True,14884,15,71,15,0.7704
156,37,ok,4,6,2,True,14991,13,154,4,0.8004
157,37,ok,21,48,27,True,15098,11,80,21,0.797
158,37,ok,6,15,9,True,15205,12,96,6,0.8075
159,37,ok,9,18,9,True,15312,11,84,9,0.7723
160,37,ok,8,19,11,True,15419,16,88,8,0.8378
161,37,ok,15,39,24,True,15526,19,77,15,0.8184
163,37,ok,21,63,42,True,15741,14,85,21,0.8452
162,37,ok,4,14,10,True,15634,16,150,4,0.8496
164,37,ok,6,16,10,True,15849,21,83,6,0.8747
165,37,ok,9,26,17,True,15956,14,87,9,0.8354
166,37,ok,8,30,22,True,16064,14,80,8,0.8857
167,37,ok,15,31,16,True,16171,16,77,15,0.8896
168,37,ok,4,12,8,True,16279,13,168,4,0.8981
169,37,ok,21,51,30,True,16387,18,76,21,0.9349
170,37,ok,6,13,7,True,16495,18,81,6,0.9568
171,37,ok,9,23,14,True,16603,12,84,9,0.9352
172,37,ok,8,16,8,True,16711,15,83,8,0.9138
173,37,ok,15,36,21,True,16819,16,78,15,0.9329
174,37,ok,4,9,5,True,16927,11,159,4,0.9892
175,37,ok,21,50,29,True,17035,12,85,21,1.012
176,37,ok,6,12,6,True,17143,11,83,6,1.0358
177,37,ok,9,15,6,True,17252,11,90,9,1.035
178,37,ok,8,18,10,True,17360,12,89,8,1.0645
179,37,ok,15,34,19,True,17469,18,82,15,1.0471
180,37,ok,4,14,10,True,17577,10,158,4,1.0814
181,37,ok,21,61,40,True,17686,15,80,21,1.0528
182,37,ok,6,18,12,True,17794,19,84,6,1.0982
183,37,ok,9,20,11,True,17903,11,87,9,1.1195
184,37,ok,8,19,11,True,18012,14,86,8,1.1074
185,37,ok,15,36,21,True,18120,15,78,15,1.0955
186,37,ok,4,10,6,True,18229,12,164,4,1.167
187,37,ok,21,49,28,True,18338,18,80,21,1.17
188,37,ok,6,13,7,True,18447,16,90,6,1.1847
189,37,ok,9,17,8,True,18556,14,94,9,1.1995
190,37,ok,8,23,15,True,18665,14,81,8,1.1816
191,37,ok,15,33,18,True,18775,17,84,15,1.2077
192,37,ok,4,13,9,True,18884,10,178,4,1.235
193,37,ok,21,60,39,True,18993,14,91,21,1.2375
194,37,ok,6,17,11,True,19102,13,82,6,1.2846
195,37,ok,9,22,13,True,19212,11,90,9,1.2752
196,37,ok,8,14,6,True,19321,13,97,8,1.3198
197,37,ok,15,39,24,True,19431,19,83,15,1.301
198,37,ok,4,9,5,True,19540,12,160,4,1.3275
199,37,ok,21,55,34,True,19650,14,92,21,1.2999
200,37,ok,6,13,7,True,19764,14,88,6,1.3925
201,37,ok,9,22,13,True,19869,14,98,9,1.3105
202,37,ok,8,19,11,True,19979,13,87,8,1.3955
203,37,ok,15,35,20,True,20089,16,86,15,1.3542
204,37,ok,4,9,5,True,20199,11,162,4,1.3957
205,37,ok,21,46,25,True,20308,20,91,21,1.4167
206,37,ok,6,14,8,True,20418,17,81,6,1.4456
207,37,ok,9,28,19,True,20529,14,84,9,1.4636
208,37,ok,8,25,17,True,20639,11,88,8,1.4801
209,37,ok,15,41,26,True,20749,23,91,15,1.499
210,37,ok,4,17,13,True,20859,10,161,4,1.5313
211,37,ok,21,61,40,True,20969,15,85,21,1.5324
212,37,ok,6,14,8,True,21079,18,89,6,1.5345
213,37,ok,9,22,13,True,21190,13,95,9,1.5426
214,37,ok,8,19,11,True,21300,11,94,8,1.5824
215,37,ok,15,30,15,True,21411,17,79,15,1.5872
216,37,ok,4,13,9,True,21521,14,178,4,1.6326
217,37,ok,21,62,41,True,21632,15,86,21,1.6323
219,37,ok,9,25,16,True,21853,14,94,9,1.5738
218,37,ok,6,17,11,True,21742,12,86,6,1.6468
220,37,ok,8,25,17,True,21964,15,94,8,1.6282
221,37,ok,15,32,17,True,22074,18,92,15,1.6897
222,37,ok,4,9,5,True,22185,9,180,4,1.7332
223,37,ok,21,57,36,True,22296,15,88,21,1.736
224,37,ok,6,16,10,True,22407,17,92,6,1.7349
225,37,ok,9,20,11,True,22518,12,95,9,1.7598
226,37,ok,8,27,19,True,22629,14,91,8,1.7682
227,37,ok,15,34,19,True,22740,22,93,15,1.7793
228,37,ok,4,10,6,True,22851,10,203,4,1.8352
229,37,ok,21,54,33,True,22962,14,94,21,1.8178
230,37,ok,6,14,8,True,23073,17,92,6,1.8464
231,37,ok,9,20,11,True,23185,12,91,9,1.8711
232,37,ok,8,23,15,True,23296,13,92,8,1.9066
233,37,ok,15,41,26,True,23407,18,90,15,1.8742
235,37,ok,21,49,28,True,23630,19,93,21,1.9044
234,37,ok,4,8,4,True,23519,10,172,4,1.9388
236,37,ok,6,21,15,True,23742,15,87,6,1.9795
237,37,ok,9,27,18,True,23853,15,95,9,1.9155
238,37,ok,8,16,8,True,23965,14,95,8,2.0025
239,37,ok,15,37,22,True,24076,27,101,15,1.958
240,37,ok,4,14,10,True,24188,12,171,4,2.0267
241,37,ok,21,45,24,True,24300,16,95,21,2.0175
242,37,ok,6,21,15,True,24411,14,88,6,2.0384
243,37,ok,9,20,11,True,24523,12,90,9,2.0515
244,37,ok,8,26,18,True,24635,10,91,8,2.1149
245,37,ok,15,38,23,True,24747,25,91,15,2.1313
246,37,ok,4,13,9,True,24859,15,180,4,2.1154
247,37,ok,21,52,31,True,24971,17,87,21,2.1335
248,37,ok,6,19,13,True,25083,13,92,6,2.169
249,37,ok,9,20,11,True,25195,15,92,9,2.1696
250,37,ok,8,20,12,True,25307,13,93,8,2.2951
251,37,ok,15,33,18,True,25419,21,88,15,2.2386
252,37,ok,4,9,5,True,25531,13,181,4,2.3114
253,37,ok,21,61,40,True,25643,15,90,21,2.2931
254,37,ok,6,12,6,True,25756,13,87,6,2.3265
255,37,ok,9,31,22,True,25868,18,90,9,2.3254
256,37,ok,8,24,16,True,25980,16,90,8,2.4046
257,37,ok,15,38,23,True,26093,16,91,15,2.2715
258,37,ok,4,15,11,True,26205,16,175,4,2.3411
259,37,ok,21,53,32,True,26318,17,83,21,2.4263
260,37,ok,6,15,9,True,26430,15,89,6,2.4415
261,37,ok,9,28,19,True,26543,17,99,9,2.4834
262,37,ok,8,18,10,True,26655,17,99,8,2.5322
263,37,ok,15,39,24,True,26768,18,100,15,2.4875
264,37,ok,4,9,5,True,26881,15,188,4,2.5265
265,37,ok,21,51,30,True,26994,18,92,21,2.5793
266,37,ok,6,14,8,True,27108,14,94,6,2.5916
267,37,ok,9,29,20,True,27219,13,97,9,2.5966
269,37,ok,15,42,27,True,27445,20,84,15,2.6309
268,37,ok,8,23,15,True,27332,15,99,8,2.6822
270,37,ok,4,16,12,True,27558,13,178,4,2.6372
271,37,ok,21,55,34,True,27671,20,99,21,2.6897
272,37,ok,6,15,9,True,27784,15,94,6,2.7036
273,37,ok,9,20,11,True,27897,17,97,9,2.7022
274,37,ok,8,22,14,True,28010,14,94,8,2.7365
275,37,ok,15,42,27,True,28123,20,101,15,2.7673
276,37,ok,4,11,7,True,28236,13,180,4,2.7799
277,37,ok,21,48,27,True,28350,18,100,21,2.8218
278,37,ok,6,15,9,True,28463,16,94,6,2.8325
279,37,ok,9,28,19,True,28576,15,94,9,2.8906
280,37,ok,8,16,8,True,28692,16,92,8,2.8614
281,37,ok,15,36,21,True,28803,20,97,15,2.8789
282,37,ok,4,10,6,True,28916,14,200,4,2.9358
283,37,ok,21,55,34,True,29030,15,86,21,2.9085
284,37,ok,6,15,9,True,29143,27,99,6,2.9471
285,37,ok,9,27,18,True,29257,13,104,9,2.9767
286,37,ok,8,22,14,True,29370,15,92,8,2.9926
287,37,ok,15,33,18,True,29484,21,92,15,3.142
288,37,ok,4,16,12,True,29598,11,177,4,3.0936
289,37,ok,21,47,26,True,29711,16,81,21,3.0845
290,37,ok,6,14,8,True,29825,14,98,6,3.0965
291,37,ok,9,19,10,True,29939,17,106,9,3.1005
292,37,ok,8,18,10,True,30053,16,98,8,3.1475
293,37,ok,15,32,17,True,30168,26,93,15,3.1786
294,37,ok,4,15,11,True,30280,12,189,4,3.15
295,37,ok,21,59,38,True,30394,17,94,21,3.2598
296,37,ok,6,15,9,True,30508,11,96,6,3.2784
297,37,ok,9,20,11,True,30622,17,96,9,3.263
298,37,ok,8,20,12,True,30736,14,105,8,3.319
299,37,ok,15,41,26,True,30850,17,90,15,3.3277
300,37,ok,4,10,6,True,30964,16,194,4,3.3744
301,37,ok,21,50,29,True,31079,16,95,21,3.3908
302,37,ok,6,12,6,True,31193,15,94,6,3.3765
303,37,ok,9,18,9,True,31307,25,105,9,3.3927
304,37,ok,8,22,14,True,31421,19,101,8,3.4678
305,37,ok,15,38,23,True,31536,27,94,15,3.5591
306,37,ok,4,17,13,True,31650,19,191,4,3.5972
307,37,ok,21,44,23,True,31764,17,102,21,3.5925
308,37,ok,6,18,12,True,31879,19,98,6,3.6057
309,37,ok,9,28,19,True,31993,18,99,9,3.5916
310,37,ok,8,17,9,True,32107,14,104,8,3.6471
311,37,ok,15,40,25,True,32222,18,103,15,3.6066
312,37,ok,4,10,6,True,32336,20,187,4,3.74
313,37,ok,21,54,33,True,32451,17,106,21,3.7342
314,37,ok,6,13,7,True,32566,18,103,6,3.6891
315,37,ok,9,23,14,True,32680,14,98,9,3.7747
316,37,ok,8,22,14,True,32796,11,95,8,3.7418
317,37,ok,15,43,28,True,32910,23,96,15,3.8375
318,37,ok,4,10,6,True,33024,16,185,4,3.9104
319,37,ok,21,59,38,True,33139,16,94,21,3.9221
320,37,ok,6,19,13,True,33254,18,95,6,3.9343
321,37,ok,9,29,20,True,33372,17,99,9,3.9844
322,37,ok,8,24,16,True,33484,16,102,8,4.0183
323,37,ok,15,38,23,True,33598,23,97,15,4.1346
324,37,ok,4,10,6,True,33713,15,188,4,4.1101
325,37,ok,21,61,40,True,33828,21,96,21,4.0405
326,37,ok,6,17,11,True,33943,21,107,6,4.159
327,37,ok,9,26,17,True,34058,17,103,9,4.1412
328,37,ok,8,22,14,True,34174,20,113,8,4.1117
329,37,ok,15,35,20,True,34289,23,96,15,4.2211
330,37,ok,4,11,7,True,34404,19,197,4,4.1723
331,37,ok,21,59,38,True,34519,17,93,21,4.2334
332,37,ok,6,15,9,True,34634,15,110,6,4.3169
333,37,ok,9,23,14,True,34749,13,101,9,4.2065
334,37,ok,8,20,12,True,34865,18,114,8,4.2942
335,37,ok,15,48,33,True,34980,25,94,15,4.3553
336,37,ok,4,10,6,True,35095,18,190,4,4.4272
337,37,ok,21,53,32,True,35211,18,100,21,4.3047
338,37,ok,6,21,15,True,35326,17,102,6,4.4924
339,37,ok,9,19,10,True,35441,18,101,9,4.4513
340,37,ok,8,23,15,True,35557,14,105,8,4.4433
341,37,ok,15,37,22,True,35672,19,90,15,4.5461
342,37,ok,4,10,6,True,35788,19,201,4,4.5935
343,37,ok,21,49,28,True,35904,18,88,21,4.5334
344,37,ok,6,18,12,True,36019,17,102,6,4.6751
345,37,ok,9,25,16,True,36135,19,102,9,4.6894
346,37,ok,8,20,12,True,36252,15,99,8,4.6884
347,37,ok,15,39,24,True,36366,24,93,15,4.8265
348,37,ok,4,13,9,True,36482,13,195,4,4.8112
349,37,ok,21,52,31,True,36598,21,106,21,4.7925
350,37,ok,6,16,10,True,36713,17,105,6,4.7194
351,37,ok,9,25,16,True,36829,14,109,9,4.8246
352,37,ok,8,19,11,True,36945,18,101,8,4.8716
353,37,ok,15,30,15,True,37061,18,97,15,5.0421
354,37,ok,4,14,10,True,37177,15,198,4,4.9901
355,37,ok,21,49,28,True,37296,16,96,21,4.9791
356,37,ok,6,16,10,True,37409,21,110,6,5.0696
357,37,ok,9,19,10,True,37525,12,103,9,5.0535
358,37,ok,8,20,12,True,37641,23,115,8,5.0886
359,37,ok,15,39,24,True,37757,19,94,15,5.2128
360,37,ok,4,9,5,True,37873,15,194,4,5.2083
361,37,ok,21,53,32,True,37989,17,100,21,5.1076
362,37,ok,6,13,7,True,38105,17,107,6,5.3461
363,37,ok,9,21,12,True,38221,20,102,9,5.1716
364,37,ok,8,20,12,True,38340,15,112,8,5.2854
365,37,ok,15,32,17,True,38454,40,98,15,5.3424
366,37,ok,4,10,6,True,38570,11,185,4,5.3552
367,37,ok,21,57,36,True,38686,19,100,21,5.4379
369,37,ok,9,27,18,True,38919,16,104,9,5.3794
368,37,ok,6,14,8,True,38803,16,109,6,5.524
370,37,ok,8,20,12,True,39035,20,115,8,5.4987
371,37,ok,15,46,31,True,39152,17,96,15,5.4945
373,37,ok,21,55,34,True,39385,17,104,21,5.5117
372,37,ok,4,11,7,True,39268,13,198,4,5.6364
374,37,ok,6,21,15,True,39501,11,107,6,5.6154
375,37,ok,9,28,19,True,39618,15,110,9,5.6795
376,37,ok,8,23,15,True,39734,19,106,8,5.6969
377,37,ok,15,36,21,True,39852,21,96,15,5.8282
378,37,ok,4,11,7,True,39968,22,191,4,5.8047
379,37,ok,21,59,38,True,40084,18,103,21,5.8859
380,37,ok,6,14,8,True,40201,23,107,6,5.972
381,37,ok,9,22,13,True,40318,20,106,9,5.9463
382,37,ok,8,28,20,True,40434,26,98,8,5.9574
383,37,ok,15,37,22,True,40551,22,103,15,5.9671
384,37,ok,4,7,3,True,40668,14,195,4,5.9499
385,37,ok,21,62,41,True,40785,21,104,21,6.0914
386,37,ok,6,11,5,True,40902,25,112,6,6.0075
387,37,ok,9,22,13,True,41018,15,104,9,6.1759
388,37,ok,8,21,13,True,41135,16,116,8,6.1794
389,37,ok,15,39,24,True,41256,21,105,15,6.1689
390,37,ok,4,11,7,True,41369,18,189,4,6.2449
391,37,ok,21,53,32,True,41486,18,99,21,6.2521
392,37,ok,6,18,12,True,41603,16,103,6,6.2829
393,37,ok,9,22,13,True,41720,14,104,9,6.2628
394,37,ok,8,21,13,True,41837,17,105,8,6.3336
395,37,ok,15,39,24,True,41954,20,95,15,6.5805
396,37,ok,4,12,8,True,42072,14,213,4,6.3758
397,37,ok,21,61,40,True,42189,21,103,21,6.5194
398,37,ok,6,14,8,True,42306,27,97,6,6.5295
399,37,ok,9,30,21,True,42423,14,114,9,6.635
400,37,ok,8,22,14,True,42540,16,117,8,6.5488
401,37,ok,15,38,23,True,42660,20,97,15,6.7237
402,37,ok,4,15,11,True,42775,18,200,4,6.6583
403,37,ok,21,54,33,True,42892,16,109,21,6.7515
404,37,ok,6,16,10,True,43010,20,114,6,6.7223
405,37,ok,9,24,15,True,43128,16,115,9,6.8705
406,37,ok,8,14,6,True,43244,18,102,8,6.9138
407,37,ok,15,51,36,True,43362,21,103,15,6.9059
408,37,ok,4,12,8,True,43479,17,195,4,6.951
409,37,ok,21,54,33,True,43597,25,103,21,6.9742
410,37,ok,6,14,8,True,43714,20,104,6,6.9681
411,37,ok,9,30,21,True,43832,17,113,9,7.0797
412,37,ok,8,22,14,True,43949,17,104,8,7.203
413,37,ok,15,35,20,True,44067,28,101,15,7.218
414,37,ok,4,16,12,True,44185,11,204,4,7.1126
415,37,ok,21,59,38,True,44302,18,103,21,7.1689
416,37,ok,6,15,9,True,44420,20,107,6,7.3196
417,37,ok,9,28,19,True,44538,15,104,9,7.3129
418,37,ok,8,21,13,True,44655,19,105,8,7.3898
419,37,ok,15,37,22,True,44773,20,99,15,7.4412
420,37,ok,4,6,2,True,44892,14,205,4,7.2923
421,37,ok,21,60,39,True,45009,19,111,21,7.5435
422,37,ok,6,16,10,True,45126,18,112,6,7.4687
423,37,ok,9,29,20,True,45244,16,116,9,7.644
424,37,ok,8,23,15,True,45362,17,109,8,7.6203
425,37,ok,15,34,19,True,45480,21,107,15,7.607
426,37,ok,4,7,3,True,45598,17,198,4,7.5983
427,37,ok,21,54,33,True,45720,16,100,21,7.7653
428,37,ok,6,16,10,True,45834,27,99,6,7.7387
429,37,ok,9,24,15,True,45952,14,105,9,7.8031
430,37,ok,8,19,11,True,46070,19,102,8,7.7602
431,37,ok,15,44,29,True,46188,24,98,15,8.1741
432,37,ok,4,11,7,True,46306,11,212,4,7.9518
433,37,ok,21,56,35,True,46424,21,98,21,7.9876
434,37,ok,6,19,13,True,46542,14,104,6,8.0136
435,37,ok,9,31,22,True,46660,14,107,9,8.1578
436,37,ok,8,25,17,True,46779,14,111,8,8.0958
437,37,ok,15,45,30,True,46897,23,114,15,8.1326
438,37,ok,4,16,12,True,47016,13,200,4,8.1943
439,37,ok,21,62,41,True,47133,14,104,21,8.1297
440,37,ok,6,15,9,True,47252,16,112,6,8.2425
441,37,ok,9,21,12,True,47370,17,105,9,8.2922
442,37,ok,8,22,14,True,47488,18,107,8,8.3529
443,37,ok,15,40,25,True,47606,21,103,15,8.438
444,37,ok,4,15,11,True,47725,16,201,4,8.3622
445,37,ok,21,56,35,True,47843,21,107,21,8.4909
446,37,ok,6,13,7,True,47962,16,113,6,8.711
447,37,ok,9,24,15,True,48080,17,114,9,8.5239
448,37,ok,8,24,16,True,48199,14,109,8,8.5766
449,37,ok,15,45,30,True,48317,19,116,15,8.7109
450,37,ok,4,8,4,True,48436,26,195,4,8.7921
451,37,ok,21,57,36,True,48554,21,108,21,8.8047
452,37,ok,6,16,10,True,48673,19,102,6,8.9102
453,37,ok,9,30,21,True,48791,18,104,9,8.9258
454,37,ok,8,22,14,True,48910,14,115,8,8.9491
455,37,ok,15,38,23,True,49029,21,108,15,8.8219
456,37,ok,4,11,7,True,49147,13,208,4,8.9256
457,37,ok,21,59,38,True,49266,16,102,21,9.1062
458,37,ok,6,15,9,True,49385,22,99,6,9.1067
459,37,ok,9,27,18,True,49503,19,115,9,9.1937
460,37,ok,8,22,14,True,49622,13,108,8,9.2397
461,37,ok,15,36,21,True,49741,22,115,15,9.2208
462,37,ok,4,9,5,True,49860,14,206,4,9.234
463,37,ok,21,61,40,True,49979,20,114,21,9.3021
464,37,ok,6,14,8,True,50097,22,115,6,9.2512
465,37,ok,9,27,18,True,50220,21,104,9,9.4613
466,37,ok,8,19,11,True,50335,16,105,8,9.4406
467,37,ok,15,45,30,True,50454,21,107,15,9.675
468,37,ok,4,11,7,True,50573,17,209,4,9.5992
469,37,ok,21,67,46,True,50692,19,102,21,9.5968
470,37,ok,6,15,9,True,50811,19,106,6,9.5743
471,37,ok,9,27,18,True,50930,20,119,9,9.7351
472,37,ok,8,22,14,True,51049,20,106,8,9.7118
473,37,ok,15,32,17,True,51168,27,104,15,9.7351
474,37,ok,4,14,10,True,51287,12,205,4,9.9515
475,37,ok,21,61,40,True,51408,23,108,21,9.8674
476,37,ok,6,11,5,True,51526,18,116,6,9.9493
477,37,ok,9,22,13,True,51645,18,108,9,9.9512
478,37,ok,8,19,11,True,51768,18,111,8,10.0401
479,37,ok,15,34,19,True,51883,24,106,15,10.1651
480,37,ok,4,8,4,True,52002,15,223,4,10.0337
481,37,ok,21,67,46,True,52122,19,106,21,10.1109
482,37,ok,6,16,10,True,52241,19,118,6,10.201
483,37,ok,9,22,13,True,52360,19,110,9,10.297
484,37,ok,8,22,14,True,52479,18,112,8,10.3076
485,37,ok,15,39,24,True,52599,29,105,15,10.49
486,37,ok,4,11,7,True,52718,15,201,4,10.42
487,37,ok,21,50,29,True,52837,20,113,21,10.6441
488,37,ok,6,18,12,True,52957,30,110,6,10.5578
489,37,ok,9,27,18,True,53076,15,108,9,10.6903
490,37,ok,8,22,14,True,53196,18,111,8,10.6855
491,37,ok,15,45,30,True,53316,16,100,15,10.798
492,37,ok,4,12,8,True,53435,17,207,4,10.791
493,37,ok,21,60,39,True,53554,20,103,21,10.8249
494,37,ok,6,19,13,True,53674,20,116,6,10.98
495,37,ok,9,26,17,True,53793,19,116,9,10.9921
1,38,ok,37,37,0,True,82,2,3,37,0.0003
2,38,ok,4,4,0,True,138,5,7,4,0.0004
3,38,ok,4,6,2,True,199,4,12,4,0.0008
4,38,ok,6,11,5,True,264,6,15,6,0.0011
5,38,ok,13,20,7,True,333,5,7,13,0.0015
6,38,ok,2,3,1,True,404,5,29,2,0.0013
7,38,ok,16,23,7,True,481,8,9,16,0.0023
8,38,ok,6,11,5,True,551,6,22,6,0.0016
9,38,ok,5,12,7,True,629,3,41,5,0.0019
10,38,ok,10,20,10,True,704,5,13,10,0.0021
11,38,ok,12,17,5,True,783,15,9,12,0.0044
12,38,ok,2,5,3,True,863,4,63,2,0.0047
13,38,ok,21,38,17,True,943,9,10,21,0.0054
14,38,ok,4,7,3,True,1025,11,17,4,0.0062
15,38,ok,4,8,4,True,1107,6,24,4,0.007
16,38,ok,6,15,9,True,1190,6,26,6,0.008
17,38,ok,21,33,12,True,1274,8,11,21,0.0086
18,38,ok,2,3,1,True,1358,5,104,2,0.0096
19,38,ok,28,54,26,True,1443,7,11,28,0.0105
20,38,ok,4,10,6,True,1529,8,31,4,0.0116
21,38,ok,5,12,7,True,1615,6,27,5,0.0127
22,38,ok,6,12,6,True,1702,8,26,6,0.0138
23,38,ok,12,19,7,True,1790,10,11,12,0.015
24,38,ok,2,5,3,True,1878,6,86,2,0.0163
25,38,ok,21,41,20,True,1966,13,12,21,0.0175
26,38,ok,6,14,8,True,2055,8,21,6,0.0189
27,38,ok,4,7,3,True,2144,7,74,4,0.0204
28,38,ok,10,19,9,True,2234,7,37,10,0.0219
29,38,ok,13,30,17,True,2324,16,12,13,0.0235
30,38,ok,2,3,1,True,2414,7,51,2,0.0251
31,38,ok,16,33,17,True,2505,17,12,16,0.0266
32,38,ok,4,6,2,True,2596,9,37,4,0.0285
33,38,ok,5,11,6,True,2688,9,33,5,0.0304
34,38,ok,6,9,3,True,2780,12,24,6,0.0321
35,38,ok,20,35,15,True,2872,12,15,20,0.034
36,38,ok,2,4,2,True,2965,8,268,2,0.0358
37,38,ok,37,81,44,True,3058,9,16,37,0.0378
38,38,ok,4,5,1,True,3151,12,21,4,0.0398
39,38,ok,4,7,3,True,3245,11,30,4,0.0418
40,38,ok,6,10,4,True,3338,12,45,6,0.044
41,38,ok,13,25,12,True,3433,17,14,13,0.0465
42,38,ok,2,5,3,True,3527,8,58,2,0.049
43,38,ok,16,28,12,True,3622,16,14,16,0.0513
44,38,ok,6,12,6,True,3717,9,39,6,0.0536
45,38,ok,5,14,9,True,3812,11,78,5,0.0564
46,38,ok,10,32,22,True,3907,8,22,10,0.0589
47,38,ok,12,17,5,True,4003,22,15,12,0.0615
48,38,ok,2,5,3,True,4099,8,108,2,0.0643
49,38,ok,21,39,18,True,4195,18,16,21,0.0669
50,38,ok,4,10,6,True,4292,17,31,4,0.0699
51,38,ok,4,6,2,True,4388,7,34,4,0.0733
52,38,ok,6,9,3,True,4485,12,45,6,0.0759
53,38,ok,21,36,15,True,4582,13,15,21,0.0793
54,38,ok,2,5,3,True,4679,9,164,2,0.0826
55,38,ok,28,60,32,True,4777,11,16,28,0.0851
56,38,ok,4,7,3,True,4874,17,42,4,0.089
496,37,ok,8,20,12,True,53913,18,111,8,10.9801
57,38,ok,5,14,9,True,4972,9,37,5,0.0925
58,38,ok,6,14,8,True,5070,12,28,6,0.0963
59,38,ok,12,22,10,True,5169,18,18,12,0.0986
60,38,ok,2,6,4,True,5267,7,126,2,0.1032
61,38,ok,21,47,26,True,5366,16,16,21,0.1061
62,38,ok,6,12,6,True,5465,10,27,6,0.1097
63,38,ok,4,9,5,True,5564,10,98,4,0.1127
64,38,ok,10,20,10,True,5663,8,48,10,0.1165
65,38,ok,13,24,11,True,5762,18,17,13,0.1195
66,38,ok,2,4,2,True,5862,9,61,2,0.1249
67,38,ok,16,31,15,True,5962,16,18,16,0.1287
68,38,ok,4,9,5,True,6062,13,49,4,0.1324
69,38,ok,5,10,5,True,6162,12,38,5,0.1366
70,38,ok,6,13,7,True,6262,13,28,6,0.1414
71,38,ok,20,40,20,True,6364,16,18,20,0.1386
72,38,ok,2,4,2,True,6463,10,376,2,0.1511
73,38,ok,37,82,45,True,6564,10,17,37,0.1522
74,38,ok,4,11,7,True,6665,17,29,4,0.1597
75,38,ok,4,9,5,True,6766,11,40,4,0.1615
76,38,ok,6,13,7,True,6867,14,51,6,0.1686
77,38,ok,13,23,10,True,6968,27,19,13,0.1699
78,38,ok,2,6,4,True,7070,7,72,2,0.1781
79,38,ok,16,35,19,True,7171,20,16,16,0.181
80,38,ok,6,13,7,True,7273,12,52,6,0.1882
81,38,ok,5,12,7,True,7375,7,97,5,0.1602
82,38,ok,10,21,11,True,7477,10,30,10,0.2001
83,38,ok,12,20,8,True,7579,30,18,12,0.2006
84,38,ok,2,6,4,True,7682,9,142,2,0.21
85,38,ok,21,39,18,True,7784,22,18,21,0.2118
86,38,ok,4,7,3,True,7887,19,29,4,0.2209
87,38,ok,4,9,5,True,7989,12,41,4,0.2227
88,38,ok,6,11,5,True,8092,11,51,6,0.233
89,38,ok,21,42,21,True,8195,22,18,21,0.2341
90,38,ok,2,6,4,True,8298,8,186,2,0.2448
91,38,ok,28,60,32,True,8401,16,21,28,0.247
92,38,ok,4,8,4,True,8505,21,59,4,0.2544
93,38,ok,5,15,10,True,8608,10,40,5,0.246
94,38,ok,6,12,6,True,8712,13,39,6,0.2688
95,38,ok,12,29,17,True,8816,16,19,12,0.2711
497,37,ok,15,43,28,True,54032,22,96,15,11.2414
97,38,ok,21,48,27,True,9023,21,21,21,0.2628
96,38,ok,2,6,4,True,8919,9,136,2,0.2747
98,38,ok,6,14,8,True,9127,9,32,6,0.2897
498,37,ok,4,16,12,True,54152,18,210,4,11.0741
99,38,ok,4,13,9,True,9232,11,109,4,0.2964
100,38,ok,10,20,10,True,9336,12,49,10,0.3018
101,38,ok,13,28,15,True,9440,17,21,13,0.3094
102,38,ok,2,8,6,True,9546,8,76,2,0.3191
103,38,ok,16,31,15,True,9649,20,21,16,0.3217
104,38,ok,4,10,6,True,9754,14,61,4,0.3299
105,38,ok,5,12,7,True,9859,11,46,5,0.3386
106,38,ok,6,12,6,True,9964,11,30,6,0.3467
107,38,ok,20,37,17,True,10069,18,20,20,0.339
108,38,ok,2,8,6,True,10175,9,384,2,0.3575
109,38,ok,37,75,38,True,10280,12,19,37,0.3707
110,38,ok,4,9,5,True,10385,28,35,4,0.3694
111,38,ok,4,11,7,True,10490,12,50,4,0.3768
112,38,ok,6,16,10,True,10596,18,60,6,0.3845
113,38,ok,13,26,13,True,10702,25,20,13,0.3867
114,38,ok,2,7,5,True,10807,10,77,2,0.4033
115,38,ok,16,26,10,True,10915,37,20,16,0.4092
116,38,ok,6,14,8,True,11019,10,60,6,0.4154
117,38,ok,5,9,4,True,11125,14,108,5,0.4232
499,37,ok,21,68,47,True,54272,19,111,21,11.2104
118,38,ok,10,23,13,True,11232,11,31,10,0.4338
119,38,ok,12,26,14,True,11338,30,19,12,0.4245
120,38,ok,2,3,1,True,11444,10,147,2,0.4465
121,38,ok,21,39,18,True,11551,26,21,21,0.4619
122,38,ok,4,11,7,True,11657,20,34,4,0.4745
123,38,ok,4,9,5,True,11766,16,43,4,0.4719
124,38,ok,6,14,8,True,11871,12,60,6,0.4777
125,38,ok,21,47,26,True,11977,18,21,21,0.4881
126,38,ok,2,7,5,True,12084,7,237,2,0.4977
127,38,ok,28,59,31,True,12191,20,19,28,0.5016
128,38,ok,4,8,4,True,12298,15,59,4,0.5047
129,38,ok,5,12,7,True,12405,14,46,5,0.5216
130,38,ok,6,14,8,True,12513,16,33,6,0.5263
131,38,ok,12,21,9,True,12620,39,19,12,0.5343
132,38,ok,2,5,3,True,12728,12,157,2,0.5227
133,38,ok,21,38,17,True,12839,23,23,21,0.5611
134,38,ok,6,14,8,True,12943,12,37,6,0.5795
135,38,ok,4,10,6,True,13050,12,113,4,0.5752
136,38,ok,10,17,7,True,13158,13,63,10,0.5978
137,38,ok,13,29,16,True,13266,40,21,13,0.5986
500,37,ok,6,21,15,True,54391,21,110,6,11.0512
138,38,ok,2,7,5,True,13374,10,80,2,0.6162
139,38,ok,16,33,17,True,13482,22,25,16,0.6346
140,38,ok,4,10,6,True,13590,18,58,4,0.6296
141,38,ok,5,11,6,True,13698,11,45,5,0.6458
142,38,ok,6,15,9,True,13806,15,36,6,0.6493
143,38,ok,20,39,19,True,13915,23,20,20,0.663
144,38,ok,2,5,3,True,14023,8,440,2,0.6833
145,38,ok,37,94,57,True,14134,15,20,37,0.697
146,38,ok,4,9,5,True,14240,33,34,4,0.6892
147,38,ok,4,8,4,True,14349,12,56,4,0.6998
148,38,ok,6,15,9,True,14458,16,60,6,0.7028
149,38,ok,13,25,12,True,14566,30,21,13,0.7179
150,38,ok,2,6,4,True,14675,13,92,2,0.7373
151,38,ok,16,37,21,True,14784,36,19,16,0.7572
152,38,ok,6,16,10,True,14893,17,61,6,0.7571
153,38,ok,5,14,9,True,15002,13,126,5,0.7384
154,38,ok,10,26,16,True,15111,12,34,10,0.7731
155,38,ok,12,28,16,True,15221,24,20,12,0.7834
156,38,ok,2,5,3,True,15330,16,175,2,0.7944
157,38,ok,21,51,30,True,15439,22,21,21,0.8022
158,38,ok,4,9,5,True,15549,28,34,4,0.8092
159,38,ok,4,12,8,True,15658,13,48,4,0.833
160,38,ok,6,11,5,True,15768,21,64,6,0.8392
161,38,ok,21,39,18,True,15878,20,25,21,0.8448
162,38,ok,2,4,2,True,15987,10,235,2,0.8643
163,38,ok,28,68,40,True,16097,15,20,28,0.8688
164,38,ok,4,8,4,True,16207,22,59,4,0.8838
165,38,ok,5,8,3,True,16317,12,48,5,0.9153
166,38,ok,6,15,9,True,16428,28,37,6,0.9012
167,38,ok,12,28,16,True,16539,26,23,12,0.9094
168,38,ok,2,6,4,True,16647,10,161,2,0.8999
169,38,ok,21,50,29,True,16757,26,25,21,0.9398
170,38,ok,6,14,8,True,16872,13,34,6,0.9546
171,38,ok,4,9,5,True,16978,15,124,4,0.9874
172,38,ok,10,28,18,True,17088,15,62,10,1.0114
173,38,ok,13,31,18,True,17199,20,22,13,0.9559
174,38,ok,2,8,6,True,17309,8,93,2,1.0003
175,38,ok,16,36,20,True,17420,28,20,16,1.0125
176,38,ok,4,10,6,True,17531,24,60,4,1.0479
177,38,ok,5,8,3,True,17641,14,49,5,1.0583
178,38,ok,6,14,8,True,17752,21,35,6,1.0774
179,38,ok,20,46,26,True,17863,22,22,20,1.0656
180,38,ok,2,7,5,True,17974,11,455,2,1.0995
181,38,ok,37,97,60,True,18085,13,24,37,1.1059
182,38,ok,4,9,5,True,18196,22,36,4,1.127
183,38,ok,4,9,5,True,18307,13,51,4,1.1367
184,38,ok,6,17,11,True,18418,18,66,6,1.1591
185,38,ok,13,23,10,True,18530,36,21,13,1.1613
186,38,ok,2,7,5,True,18641,11,91,2,1.1753
187,38,ok,16,37,21,True,18752,22,22,16,1.1959
188,38,ok,6,15,9,True,18864,16,64,6,1.1939
189,38,ok,5,11,6,True,18981,15,147,5,1.2319
191,38,ok,12,28,16,True,19198,28,21,12,1.2114
190,38,ok,10,28,18,True,19087,13,38,10,1.2354
192,38,ok,2,5,3,True,19310,12,168,2,1.2428
193,38,ok,21,41,20,True,19425,28,21,21,1.2735
194,38,ok,4,8,4,True,19536,20,39,4,1.2806
195,38,ok,4,9,5,True,19647,10,53,4,1.2998
196,38,ok,6,16,10,True,19757,23,62,6,1.3099
197,38,ok,21,46,25,True,19869,20,23,21,1.322
198,38,ok,2,6,4,True,19981,9,243,2,1.3396
199,38,ok,28,69,41,True,20093,17,23,28,1.3364
200,38,ok,4,11,7,True,20205,21,61,4,1.3809
201,38,ok,5,14,9,True,20317,11,62,5,1.3786
202,38,ok,6,16,10,True,20429,22,41,6,1.4146
203,38,ok,12,30,18,True,20542,33,24,12,1.413
204,38,ok,2,5,3,True,20654,9,162,2,1.4555
205,38,ok,21,55,34,True,20766,20,25,21,1.4677
206,38,ok,6,14,8,True,20879,15,42,6,1.4863
207,38,ok,4,17,13,True,20991,16,132,4,1.5172
208,38,ok,10,35,25,True,21104,12,66,10,1.5087
209,38,ok,13,23,10,True,21216,27,23,13,1.5213
210,38,ok,2,7,5,True,21329,15,93,2,1.5155
211,38,ok,16,30,14,True,21442,35,26,16,1.5202
212,38,ok,4,9,5,True,21554,19,66,4,1.5689
213,38,ok,5,12,7,True,21667,14,53,5,1.5775
214,38,ok,6,14,8,True,21780,14,41,6,1.5697
215,38,ok,20,44,24,True,21893,19,22,20,1.5987
216,38,ok,2,8,6,True,22006,12,471,2,1.6064
217,38,ok,37,98,61,True,22119,14,23,37,1.6568
218,38,ok,4,8,4,True,22232,20,42,4,1.6636
219,38,ok,4,12,8,True,22348,11,55,4,1.694
220,38,ok,6,15,9,True,22459,14,66,6,1.6906
221,38,ok,13,37,24,True,22572,25,22,13,1.7305
222,38,ok,2,6,4,True,22685,11,95,2,1.7311
223,38,ok,16,39,23,True,22798,31,25,16,1.7738
224,38,ok,6,12,6,True,22912,24,68,6,1.7646
225,38,ok,5,18,13,True,23025,12,136,5,1.7821
226,38,ok,10,28,18,True,23138,16,47,10,1.7859
227,38,ok,12,23,11,True,23252,35,24,12,1.8085
228,38,ok,2,5,3,True,23366,13,170,2,1.8168
229,38,ok,21,51,30,True,23479,26,24,21,1.8499
230,38,ok,4,11,7,True,23593,28,39,4,1.8395
231,38,ok,4,12,8,True,23707,17,60,4,1.8896
232,38,ok,6,17,11,True,23820,15,67,6,1.94
233,38,ok,21,45,24,True,23934,24,23,21,1.9325
234,38,ok,2,6,4,True,24050,12,251,2,1.9386
235,38,ok,28,67,39,True,24162,17,25,28,1.986
236,38,ok,4,9,5,True,24276,35,66,4,1.9913
237,38,ok,5,14,9,True,24390,10,53,5,2.0338
238,38,ok,6,13,7,True,24504,22,39,6,2.0391
239,38,ok,12,28,16,True,24618,45,24,12,2.0635
240,38,ok,2,5,3,True,24732,12,175,2,2.0777
241,38,ok,21,47,26,True,24846,26,24,21,2.0989
242,38,ok,6,17,11,True,24960,15,39,6,2.1411
243,38,ok,4,15,11,True,25075,15,138,4,2.1425
244,38,ok,10,30,20,True,25189,13,72,10,2.1325
245,38,ok,13,34,21,True,25303,28,22,13,2.1602
246,38,ok,2,5,3,True,25418,13,103,2,2.1635
247,38,ok,16,38,22,True,25532,24,24,16,2.1715
248,38,ok,4,11,7,True,25647,29,68,4,2.2161
249,38,ok,5,15,10,True,25761,14,56,5,2.2451
250,38,ok,6,14,8,True,25876,21,40,6,2.2506
251,38,ok,20,43,23,True,25991,26,26,20,2.3002
252,38,ok,2,5,3,True,26105,13,481,2,2.3002
253,38,ok,37,100,63,True,26220,23,24,37,2.3429
254,38,ok,4,8,4,True,26335,34,39,4,2.3577
255,38,ok,4,10,6,True,26450,11,52,4,2.3561
256,38,ok,6,17,11,True,26566,16,67,6,2.3877
257,38,ok,13,29,16,True,26679,31,23,13,2.4286
258,38,ok,2,5,3,True,26794,11,100,2,2.4722
259,38,ok,16,41,25,True,26909,38,26,16,2.4515
260,38,ok,6,17,11,True,27024,17,70,6,2.4906
261,38,ok,5,17,12,True,27139,16,136,5,2.5345
262,38,ok,10,22,12,True,27255,16,38,10,2.5152
263,38,ok,12,25,13,True,27370,20,23,12,2.5818
264,38,ok,2,7,5,True,27491,13,186,2,2.568
265,38,ok,21,62,41,True,27602,28,25,21,2.5954
266,38,ok,4,9,5,True,27715,24,40,4,2.5993
267,38,ok,4,12,8,True,27831,19,59,4,2.6512
268,38,ok,6,12,6,True,27946,24,67,6,2.6082
269,38,ok,21,41,20,True,28062,22,23,21,2.7267
270,38,ok,2,6,4,True,28177,14,269,2,2.7039
271,38,ok,28,68,40,True,28293,21,24,28,2.7231
272,38,ok,4,8,4,True,28408,32,70,4,2.6733
273,38,ok,5,13,8,True,28527,17,57,5,2.7622
274,38,ok,6,11,5,True,28639,18,44,6,2.7498
275,38,ok,12,25,13,True,28755,26,27,12,2.8495
276,38,ok,2,5,3,True,28871,17,180,2,2.8584
277,38,ok,21,52,31,True,28986,26,24,21,2.8426
278,38,ok,6,18,12,True,29102,14,38,6,2.9081
279,38,ok,4,9,5,True,29218,17,139,4,2.9471
280,38,ok,10,25,15,True,29334,13,75,10,2.9491
281,38,ok,13,27,14,True,29450,43,24,13,2.9831
282,38,ok,2,8,6,True,29566,13,106,2,2.9651
283,38,ok,16,32,16,True,29682,28,24,16,3.0129
284,38,ok,4,13,9,True,29798,28,71,4,3.0402
285,38,ok,5,19,14,True,29914,16,58,5,3.05
286,38,ok,6,13,7,True,30030,23,41,6,3.0913
287,38,ok,20,51,31,True,30146,29,23,20,3.0643
288,38,ok,2,10,8,True,30262,10,497,2,3.109
289,38,ok,37,91,54,True,30378,17,26,37,3.1571
290,38,ok,4,7,3,True,30495,25,46,4,3.2487
291,38,ok,4,15,11,True,30611,11,52,4,3.1918
292,38,ok,6,12,6,True,30727,30,74,6,3.2011
293,38,ok,13,24,11,True,30844,29,23,13,3.258
294,38,ok,2,6,4,True,30960,9,97,2,3.2924
295,38,ok,16,37,21,True,31076,23,24,16,3.3342
296,38,ok,6,14,8,True,31193,13,83,6,3.2977
297,38,ok,5,14,9,True,31309,10,144,5,3.3434
298,38,ok,10,26,16,True,31426,19,42,10,3.365
299,38,ok,12,25,13,True,31543,33,26,12,3.415
300,38,ok,2,6,4,True,31659,8,183,2,3.4143
301,38,ok,21,45,24,True,31776,25,24,21,3.4805
302,38,ok,4,10,6,True,31894,18,44,4,3.4775
303,38,ok,4,16,12,True,32009,15,56,4,3.602
304,38,ok,6,18,12,True,32126,19,72,6,3.5546
305,38,ok,21,55,34,True,32243,22,28,21,3.584
306,38,ok,2,6,4,True,32360,15,283,2,3.6191
307,38,ok,28,65,37,True,32477,25,28,28,3.5948
308,38,ok,4,11,7,True,32594,29,73,4,3.6461
309,38,ok,5,15,10,True,32711,14,58,5,3.6867
310,38,ok,6,20,14,True,32828,16,40,6,3.6918
311,38,ok,12,32,20,True,32945,35,27,12,3.7351
312,38,ok,2,6,4,True,33062,11,184,2,3.7335
313,38,ok,21,47,26,True,33179,25,24,21,3.861
314,38,ok,6,18,12,True,33300,18,42,6,3.7919
315,38,ok,4,11,7,True,33413,16,142,4,3.8801
316,38,ok,10,30,20,True,33530,20,70,10,3.7737
317,38,ok,13,32,19,True,33648,29,25,13,3.9353
318,38,ok,2,6,4,True,33765,11,103,2,3.93
319,38,ok,16,38,22,True,33882,31,25,16,3.9622
320,38,ok,4,7,3,True,34003,27,71,4,3.9844
321,38,ok,5,17,12,True,34117,14,65,5,4.0005
322,38,ok,6,12,6,True,34234,20,47,6,4.1178
323,38,ok,20,45,25,True,34352,26,27,20,4.0618
324,38,ok,2,6,4,True,34469,10,523,2,4.1006
325,38,ok,37,95,58,True,34587,19,27,37,4.1123
326,38,ok,4,8,4,True,34704,17,42,4,4.1967
327,38,ok,4,8,4,True,34822,14,63,4,4.1817
328,38,ok,6,16,10,True,34940,14,69,6,4.2932
329,38,ok,13,25,12,True,35057,27,26,13,4.2293
330,38,ok,2,5,3,True,35175,17,106,2,4.2489
331,38,ok,16,31,15,True,35293,33,26,16,4.3442
332,38,ok,6,19,13,True,35410,15,71,6,4.3705
333,38,ok,5,14,9,True,35528,12,146,5,4.4517
334,38,ok,10,23,13,True,35646,18,42,10,4.4525
335,38,ok,12,32,20,True,35764,33,25,12,4.4194
336,38,ok,2,6,4,True,35882,14,188,2,4.4409
337,38,ok,21,54,33,True,36001,25,25,21,4.5298
338,38,ok,4,6,2,True,36118,17,44,4,4.5481
339,38,ok,4,9,5,True,36236,18,55,4,4.562
340,38,ok,6,19,13,True,36354,30,73,6,4.6662
341,38,ok,21,41,20,True,36472,25,26,21,4.5823
342,38,ok,2,4,2,True,36593,15,284,2,4.7125
343,38,ok,28,82,54,True,36708,19,26,28,4.6059
344,38,ok,4,12,8,True,36826,29,82,4,4.7207
345,38,ok,5,14,9,True,36944,14,59,5,4.7493
346,38,ok,6,16,10,True,37062,22,45,6,4.8543
347,38,ok,12,26,14,True,37185,27,26,12,4.8144
348,38,ok,2,7,5,True,37299,16,190,2,4.8619
349,38,ok,21,42,21,True,37417,25,27,21,4.8966
350,38,ok,6,16,10,True,37536,32,46,6,4.9584
351,38,ok,4,11,7,True,37654,14,152,4,5.0464
352,38,ok,10,23,13,True,37777,20,79,10,4.9563
353,38,ok,13,32,19,True,37891,27,26,13,5.0743
354,38,ok,2,4,2,True,38009,16,105,2,5.0782
355,38,ok,16,36,20,True,38128,24,31,16,5.0182
356,38,ok,4,10,6,True,38246,21,80,4,5.218
357,38,ok,5,12,7,True,38369,18,60,5,5.162
358,38,ok,6,19,13,True,38484,28,42,6,5.273
359,38,ok,20,48,28,True,38602,26,24,20,5.1927
360,38,ok,2,7,5,True,38721,17,559,2,5.2463
361,38,ok,37,104,67,True,38840,20,26,37,5.2996
362,38,ok,4,10,6,True,38961,20,40,4,5.3512
363,38,ok,4,11,7,True,39077,27,57,4,5.3902
364,38,ok,6,22,16,True,39196,20,80,6,5.3895
365,38,ok,13,31,18,True,39315,41,24,13,5.333
366,38,ok,2,5,3,True,39433,14,103,2,5.4501
367,38,ok,16,38,22,True,39553,23,27,16,5.5342
368,38,ok,6,16,10,True,39671,20,76,6,5.5058
369,38,ok,5,12,7,True,39790,13,146,5,5.7026
370,38,ok,10,26,16,True,39909,16,44,10,5.628
371,38,ok,12,27,15,True,40028,36,24,12,5.6229
372,38,ok,2,6,4,True,40147,16,192,2,5.7099
373,38,ok,21,46,25,True,40266,33,27,21,5.7608
374,38,ok,4,10,6,True,40385,38,43,4,5.7444
375,38,ok,4,11,7,True,40504,14,58,4,5.7971
376,38,ok,6,12,6,True,40626,36,78,6,5.8066
377,38,ok,21,49,28,True,40743,25,28,21,5.8511
378,38,ok,2,5,3,True,40862,10,291,2,5.8912
379,38,ok,28,78,50,True,40981,23,27,28,5.9695
380,38,ok,4,7,3,True,41100,33,76,4,5.9609
381,38,ok,5,15,10,True,41220,12,65,5,6.0001
382,38,ok,6,18,12,True,41339,21,43,6,6.0136
383,38,ok,12,26,14,True,41458,32,28,12,6.1846
384,38,ok,2,10,8,True,41578,18,194,2,6.1389
385,38,ok,21,50,29,True,41697,31,28,21,6.141
386,38,ok,6,18,12,True,41817,19,46,6,6.0871
387,38,ok,4,12,8,True,41936,20,154,4,6.2891
388,38,ok,10,28,18,True,42056,16,80,10,6.2052
389,38,ok,13,28,15,True,42175,28,28,13,6.2028
390,38,ok,2,4,2,True,42295,14,110,2,6.3219
391,38,ok,16,50,34,True,42414,31,27,16,6.457
392,38,ok,4,12,8,True,42534,30,78,4,6.4307
393,38,ok,5,13,8,True,42654,12,66,5,6.4443
394,38,ok,6,14,8,True,42773,20,45,6,6.4895
395,38,ok,20,45,25,True,42893,29,27,20,6.5381
396,38,ok,2,6,4,True,43013,13,542,2,6.5566
397,38,ok,37,98,61,True,43132,19,28,37,6.5796
398,38,ok,4,8,4,True,43253,26,45,4,6.629
399,38,ok,4,11,7,True,43372,17,59,4,6.772
400,38,ok,6,16,10,True,43492,24,80,6,6.7231
401,38,ok,13,27,14,True,43612,42,24,13,6.7742
402,38,ok,2,5,3,True,43734,13,116,2,6.8352
403,38,ok,16,40,24,True,43851,30,26,16,6.9838
404,38,ok,6,13,7,True,43971,19,74,6,6.9379
405,38,ok,5,16,11,True,44091,9,160,5,6.9795
406,38,ok,10,33,23,True,44211,14,43,10,6.9639
407,38,ok,12,29,17,True,44331,60,26,12,6.9153
408,38,ok,2,10,8,True,44451,15,212,2,7.0274
409,38,ok,21,52,31,True,44572,32,26,21,7.1781
410,38,ok,4,15,11,True,44692,20,43,4,7.2099
411,38,ok,4,8,4,True,44812,15,55,4,7.1686
412,38,ok,6,14,8,True,44932,19,72,6,7.2737
413,38,ok,21,41,20,True,45052,22,27,21,7.2627
414,38,ok,2,6,4,True,45172,13,305,2,7.3341
415,38,ok,28,82,54,True,45293,19,27,28,7.3376
416,38,ok,4,8,4,True,45413,31,84,4,7.3408
417,38,ok,5,11,6,True,45533,14,66,5,7.4541
418,38,ok,6,19,13,True,45653,20,44,6,7.439
419,38,ok,12,24,12,True,45774,48,27,12,7.4941
420,38,ok,2,7,5,True,45894,16,201,2,7.5327
421,38,ok,21,48,27,True,46015,26,26,21,7.6265
422,38,ok,6,13,7,True,46139,26,49,6,7.6037
423,38,ok,4,11,7,True,46255,19,157,4,7.7733
424,38,ok,10,27,17,True,46376,18,77,10,7.67
425,38,ok,13,31,18,True,46496,45,27,13,7.8527
426,38,ok,2,4,2,True,46617,19,110,2,7.8736
427,38,ok,16,44,28,True,46738,21,26,16,7.9274
428,38,ok,4,13,9,True,46858,36,80,4,7.7659
429,38,ok,5,12,7,True,46979,11,63,5,7.922
430,38,ok,6,17,11,True,47101,21,46,6,7.9398
431,38,ok,20,44,24,True,47220,31,32,20,8.1225
432,38,ok,2,9,7,True,47341,11,582,2,8.0937
433,38,ok,37,101,64,True,47461,20,27,37,8.1607
434,38,ok,4,13,9,True,47582,19,44,4,8.1281
435,38,ok,4,10,6,True,47703,20,63,4,8.1835
436,38,ok,6,18,12,True,47824,23,77,6,8.275
437,38,ok,13,30,17,True,47945,31,28,13,8.3066
438,38,ok,2,5,3,True,48065,19,112,2,8.3082
439,38,ok,16,38,22,True,48186,37,27,16,8.41
440,38,ok,6,15,9,True,48307,24,74,6,8.473
441,38,ok,5,13,8,True,48428,18,160,5,8.7324
442,38,ok,10,29,19,True,48549,16,45,10,8.494
443,38,ok,12,33,21,True,48670,40,26,12,8.7416
444,38,ok,2,4,2,True,48791,19,204,2,8.682
445,38,ok,21,48,27,True,48914,25,30,21,8.6812
446,38,ok,4,7,3,True,49033,20,49,4,8.7306
447,38,ok,4,11,7,True,49154,17,61,4,8.775
448,38,ok,6,17,11,True,49275,47,78,6,8.9751
449,38,ok,21,45,24,True,49396,21,27,21,8.7718
450,38,ok,2,8,6,True,49517,16,308,2,8.919
451,38,ok,28,81,53,True,49639,21,28,28,8.9437
452,38,ok,4,9,5,True,49760,39,81,4,8.9338
453,38,ok,5,15,10,True,49881,17,64,5,9.0325
454,38,ok,6,15,9,True,50002,20,49,6,9.0437
455,38,ok,12,25,13,True,50124,48,28,12,9.105
456,38,ok,2,7,5,True,50246,14,196,2,9.2466
457,38,ok,21,55,34,True,50366,33,26,21,9.1874
458,38,ok,6,23,17,True,50487,19,52,6,9.1791
459,38,ok,4,14,10,True,50609,12,158,4,9.5
460,38,ok,10,30,20,True,50730,18,81,10,9.2118
461,38,ok,13,31,18,True,50852,40,29,13,9.4102
462,38,ok,2,8,6,True,50973,14,114,2,9.42
463,38,ok,16,40,24,True,51095,35,27,16,9.5721
464,38,ok,4,10,6,True,51216,17,85,4,9.4365
465,38,ok,5,17,12,True,51338,12,70,5,9.4934
466,38,ok,6,17,11,True,51459,38,44,6,9.7127
467,38,ok,20,52,32,True,51581,22,29,20,9.6894
468,38,ok,2,9,7,True,51702,12,588,2,9.7665
469,38,ok,37,94,57,True,51824,16,29,37,9.9008
470,38,ok,4,12,8,True,51948,26,47,4,9.948
471,38,ok,4,9,5,True,52067,20,62,4,9.8974
472,38,ok,6,14,8,True,52189,27,77,6,9.9217
473,38,ok,13,29,16,True,52310,43,30,13,10.0917
474,38,ok,2,7,5,True,52432,13,114,2,10.1084
475,38,ok,16,38,22,True,52554,32,29,16,10.1614
476,38,ok,6,17,11,True,52676,17,84,6,10.0827
477,38,ok,5,13,8,True,52799,22,169,5,10.375
478,38,ok,10,24,14,True,52919,16,46,10,10.1418
479,38,ok,12,30,18,True,53041,28,30,12,10.3239
480,38,ok,2,8,6,True,53163,14,211,2,10.3104
481,38,ok,21,54,33,True,53285,27,29,21,10.3981
482,38,ok,4,13,9,True,53407,28,45,4,10.2904
483,38,ok,4,11,7,True,53529,19,62,4,10.5155
484,38,ok,6,15,9,True,53651,19,76,6,10.5388
485,38,ok,21,51,30,True,53773,24,28,21,10.627
486,38,ok,2,5,3,True,53895,15,316,2,10.5878
487,38,ok,28,83,55,True,54020,32,27,28,10.7112
488,38,ok,4,11,7,True,54139,36,80,4,10.7165
489,38,ok,5,12,7,True,54261,20,59,5,10.7708
490,38,ok,6,22,16,True,54383,16,45,6,10.8595
491,38,ok,12,22,10,True,54505,25,28,12,10.9856
492,38,ok,2,8,6,True,54627,12,203,2,11.0331
493,38,ok,21,58,37,True,54749,36,29,21,11.0758
494,38,ok,6,9,3,True,54871,19,46,6,11.1541
495,38,ok,4,10,6,True,54994,14,161,4,11.2972
1,39,ok,38,38,0,True,84,2,3,38,0.0004
2,39,ok,8,9,1,True,141,4,7,8,0.0005
3,39,ok,6,11,5,True,204,3,12,6,0.0008
4,39,ok,12,19,7,True,271,6,10,12,0.001
5,39,ok,14,22,8,True,342,9,7,14,0.0013
6,39,ok,4,7,3,True,418,3,27,4,0.0017
7,39,ok,22,37,15,True,488,9,8,22,0.0022
8,39,ok,12,18,6,True,570,6,15,12,0.0027
9,39,ok,6,10,4,True,642,6,47,6,0.0031
10,39,ok,20,38,18,True,721,7,14,20,0.0037
11,39,ok,14,24,10,True,801,10,10,14,0.0042
12,39,ok,4,8,4,True,883,4,37,4,0.0049
13,39,ok,22,39,17,True,965,9,12,22,0.0056
14,39,ok,8,13,5,True,1048,16,15,8,0.0064
15,39,ok,6,15,9,True,1133,5,20,6,0.0072
16,39,ok,12,21,9,True,1217,9,15,12,0.0079
17,39,ok,22,34,12,True,1303,10,10,22,0.0088
18,39,ok,4,8,4,True,1390,7,98,4,0.01
496,38,ok,10,27,17,True,55116,18,84,10,11.0379
19,39,ok,38,77,39,True,1482,7,12,38,0.011
20,39,ok,8,11,3,True,1564,9,18,8,0.012
21,39,ok,6,12,6,True,1652,7,25,6,0.0129
23,39,ok,14,27,13,True,1831,11,16,14,0.0111
22,39,ok,12,20,8,True,1741,9,21,12,0.0143
24,39,ok,4,8,4,True,1920,7,44,4,0.01
25,39,ok,22,40,18,True,2014,11,14,22,0.0181
26,39,ok,12,19,7,True,2102,11,20,12,0.0133
27,39,ok,6,14,8,True,2193,7,65,6,0.0211
28,39,ok,20,43,23,True,2285,8,20,20,0.0217
29,39,ok,14,23,9,True,2377,17,14,14,0.0241
30,39,ok,4,7,3,True,2470,6,55,4,0.0252
31,39,ok,22,43,21,True,2562,10,11,22,0.0274
32,39,ok,8,19,11,True,2655,11,23,8,0.0288
33,39,ok,6,11,5,True,2749,7,32,6,0.0315
34,39,ok,12,25,13,True,2843,13,23,12,0.0328
35,39,ok,22,36,14,True,2937,14,14,22,0.0343
36,39,ok,4,9,5,True,3032,8,139,4,0.0365
37,39,ok,38,73,35,True,3127,9,14,38,0.0391
38,39,ok,8,15,7,True,3222,15,24,8,0.0404
39,39,ok,6,9,3,True,3318,8,30,6,0.0433
40,39,ok,12,22,10,True,3414,12,22,12,0.038
41,39,ok,14,25,11,True,3510,22,15,14,0.0481
42,39,ok,4,8,4,True,3610,7,58,4,0.0499
43,39,ok,22,35,13,True,3703,14,14,22,0.0535
44,39,ok,12,25,13,True,3800,15,25,12,0.0546
45,39,ok,6,15,9,True,3898,7,76,6,0.0546
46,39,ok,20,40,20,True,3995,11,25,20,0.0608
47,39,ok,14,24,10,True,4093,19,17,14,0.0435
48,39,ok,4,6,2,True,4191,8,54,4,0.0659
49,39,ok,22,48,26,True,4294,13,15,22,0.0676
50,39,ok,8,14,6,True,4388,17,25,8,0.0722
51,39,ok,6,15,9,True,4487,12,34,6,0.0745
52,39,ok,12,29,17,True,4586,16,23,12,0.0794
53,39,ok,22,39,17,True,4685,10,17,22,0.0802
54,39,ok,4,10,6,True,4788,7,160,4,0.085
55,39,ok,38,85,47,True,4884,9,15,38,0.0868
56,39,ok,8,15,7,True,4984,15,27,8,0.0914
57,39,ok,6,12,6,True,5084,11,35,6,0.0937
58,39,ok,12,23,11,True,5184,12,27,12,0.1
59,39,ok,14,23,9,True,5285,19,16,14,0.0884
60,39,ok,4,10,6,True,5385,8,61,4,0.1056
61,39,ok,22,49,27,True,5486,13,16,22,0.1069
62,39,ok,12,21,9,True,5587,15,27,12,0.113
63,39,ok,6,11,5,True,5688,9,100,6,0.1032
64,39,ok,20,43,23,True,5790,13,28,20,0.1223
65,39,ok,14,24,10,True,5891,22,19,14,0.1214
66,39,ok,4,10,6,True,5993,8,65,4,0.1116
67,39,ok,22,44,22,True,6095,14,16,22,0.118
68,39,ok,8,14,6,True,6197,20,26,8,0.1362
69,39,ok,6,19,13,True,6300,11,40,6,0.1379
70,39,ok,12,23,11,True,6402,15,28,12,0.1452
71,39,ok,22,44,22,True,6505,11,17,22,0.1465
72,39,ok,4,11,7,True,6607,9,172,4,0.1554
73,39,ok,38,99,61,True,6710,11,17,38,0.1568
74,39,ok,8,19,11,True,6813,15,29,8,0.1654
75,39,ok,6,17,11,True,6917,12,40,6,0.1665
76,39,ok,12,21,9,True,7020,13,32,12,0.1769
77,39,ok,14,30,16,True,7124,19,18,14,0.1727
497,38,ok,13,27,14,True,55241,40,28,13,11.1839
78,39,ok,4,11,7,True,7227,10,70,4,0.1852
79,39,ok,22,48,26,True,7334,21,18,22,0.1865
80,39,ok,12,24,12,True,7435,10,28,12,0.1913
81,39,ok,6,13,7,True,7539,9,104,6,0.2012
82,39,ok,20,39,19,True,7644,11,28,20,0.2023
83,39,ok,14,30,16,True,7752,24,19,14,0.2076
84,39,ok,4,8,4,True,7853,8,73,4,0.2197
85,39,ok,22,49,27,True,7957,14,19,22,0.2184
86,39,ok,8,16,8,True,8062,17,28,8,0.2248
87,39,ok,6,13,7,True,8167,9,51,6,0.2339
88,39,ok,12,19,7,True,8272,16,32,12,0.2099
89,39,ok,22,41,19,True,8377,17,22,22,0.2408
91,39,ok,38,87,49,True,8588,10,20,38,0.2365
90,39,ok,4,7,3,True,8483,10,203,4,0.2512
92,39,ok,8,19,11,True,8694,11,30,8,0.2598
93,39,ok,6,14,8,True,8800,16,41,6,0.2397
94,39,ok,12,20,8,True,8906,14,32,12,0.2783
95,39,ok,14,27,13,True,9012,20,20,14,0.2771
96,39,ok,4,8,4,True,9118,11,82,4,0.2818
97,39,ok,22,50,28,True,9224,18,20,22,0.2929
98,39,ok,12,23,11,True,9330,19,37,12,0.2932
99,39,ok,6,22,16,True,9437,11,104,6,0.272
100,39,ok,20,48,28,True,9543,11,31,20,0.3147
498,38,ok,2,5,3,True,55360,15,117,2,11.3521
101,39,ok,14,36,22,True,9650,26,20,14,0.3155
102,39,ok,4,12,8,True,9757,8,75,4,0.3068
103,39,ok,22,55,33,True,9864,26,18,22,0.3244
104,39,ok,8,18,10,True,9971,28,34,8,0.3331
105,39,ok,6,12,6,True,10078,8,45,6,0.3413
106,39,ok,12,30,18,True,10185,15,32,12,0.3493
107,39,ok,22,43,21,True,10293,17,20,22,0.3541
108,39,ok,4,11,7,True,10400,9,203,4,0.3634
109,39,ok,38,78,40,True,10508,14,19,38,0.3691
110,39,ok,8,15,7,True,10615,22,31,8,0.379
111,39,ok,6,13,7,True,10723,9,43,6,0.3841
112,39,ok,12,28,16,True,10831,15,36,12,0.3924
113,39,ok,14,32,18,True,10944,18,21,14,0.3992
114,39,ok,4,12,8,True,11047,9,79,4,0.4089
115,39,ok,22,49,27,True,11155,21,21,22,0.4121
116,39,ok,12,28,16,True,11263,17,32,12,0.4242
117,39,ok,6,16,10,True,11372,11,108,6,0.4254
118,39,ok,20,52,32,True,11480,12,34,20,0.4438
119,39,ok,14,30,16,True,11590,29,19,14,0.4502
120,39,ok,4,9,5,True,11698,11,78,4,0.4604
121,39,ok,22,47,25,True,11806,23,21,22,0.4669
122,39,ok,8,15,7,True,11915,24,33,8,0.4783
123,39,ok,6,10,4,True,12024,11,45,6,0.476
124,39,ok,12,25,13,True,12133,21,32,12,0.4951
125,39,ok,22,48,26,True,12242,17,22,22,0.5011
499,38,ok,16,38,22,True,55483,24,27,16,11.3921
126,39,ok,4,7,3,True,12352,12,210,4,0.5088
127,39,ok,38,84,46,True,12461,15,21,38,0.525
128,39,ok,8,21,13,True,12570,19,31,8,0.5282
129,39,ok,6,13,7,True,12680,11,48,6,0.5407
130,39,ok,12,25,13,True,12790,19,37,12,0.5537
131,39,ok,14,27,13,True,12899,19,21,14,0.558
500,38,ok,4,9,5,True,55605,28,81,4,11.4822
132,39,ok,4,13,9,True,13009,10,90,4,0.5686
133,39,ok,22,48,26,True,13119,22,26,22,0.5493
134,39,ok,12,25,13,True,13229,17,33,12,0.5795
135,39,ok,6,16,10,True,13339,9,119,6,0.5677
136,39,ok,20,51,31,True,13452,16,32,20,0.5995
137,39,ok,14,27,13,True,13559,21,22,14,0.6277
138,39,ok,4,13,9,True,13670,11,86,4,0.6386
139,39,ok,22,47,25,True,13780,18,20,22,0.6295
140,39,ok,8,18,10,True,13890,26,36,8,0.641
141,39,ok,6,22,16,True,14001,11,46,6,0.656
142,39,ok,12,30,18,True,14111,18,36,12,0.6641
143,39,ok,22,45,23,True,14222,16,22,22,0.6892
144,39,ok,4,8,4,True,14333,13,217,4,0.6952
145,39,ok,38,86,48,True,14444,15,23,38,0.6935
146,39,ok,8,19,11,True,14555,17,36,8,0.7031
147,39,ok,6,10,4,True,14668,16,45,6,0.715
148,39,ok,12,27,15,True,14777,16,33,12,0.7282
149,39,ok,14,33,19,True,14888,21,21,14,0.7487
150,39,ok,4,11,7,True,14999,11,87,4,0.7515
151,39,ok,22,56,34,True,15111,21,22,22,0.7526
152,39,ok,12,27,15,True,15222,19,33,12,0.7634
153,39,ok,6,19,13,True,15333,14,124,6,0.7783
154,39,ok,20,40,20,True,15445,15,34,20,0.783
155,39,ok,14,32,18,True,15557,27,21,14,0.8229
156,39,ok,4,11,7,True,15668,14,86,4,0.8373
157,39,ok,22,51,29,True,15780,19,27,22,0.8267
158,39,ok,8,19,11,True,15892,31,36,8,0.8384
159,39,ok,6,19,13,True,16004,14,47,6,0.8488
160,39,ok,12,39,27,True,16116,20,37,12,0.8661
161,39,ok,22,43,21,True,16228,17,23,22,0.8973
162,39,ok,4,12,8,True,16340,13,231,4,0.9044
163,39,ok,38,99,61,True,16452,17,20,38,0.8701
164,39,ok,8,19,11,True,16564,20,37,8,0.9092
165,39,ok,6,12,6,True,16677,14,50,6,0.9132
166,39,ok,12,32,20,True,16789,20,38,12,0.9358
167,39,ok,14,26,12,True,16902,28,22,14,0.9668
168,39,ok,4,15,11,True,17014,14,87,4,0.9658
169,39,ok,22,53,31,True,17127,24,23,22,0.9767
170,39,ok,12,21,9,True,17239,22,33,12,0.9454
171,39,ok,6,17,11,True,17352,14,125,6,0.9675
172,39,ok,20,50,30,True,17465,14,36,20,1.0027
173,39,ok,14,31,17,True,17578,22,22,14,1.0458
174,39,ok,4,10,6,True,17691,9,86,4,1.0419
175,39,ok,22,56,34,True,17804,19,22,22,1.0619
176,39,ok,8,15,7,True,17917,24,36,8,1.0631
177,39,ok,6,17,11,True,18030,11,51,6,1.0797
178,39,ok,12,28,16,True,18143,17,37,12,1.0893
179,39,ok,22,48,26,True,18257,24,22,22,1.1139
180,39,ok,4,8,4,True,18370,11,238,4,1.1042
181,39,ok,38,99,61,True,18483,15,21,38,1.1258
182,39,ok,8,21,13,True,18597,28,36,8,1.1453
183,39,ok,6,17,11,True,18710,12,52,6,1.1595
184,39,ok,12,29,17,True,18824,15,36,12,1.1777
185,39,ok,14,27,13,True,18937,26,24,14,1.2169
186,39,ok,4,13,9,True,19051,11,94,4,1.1816
187,39,ok,22,58,36,True,19165,26,22,22,1.1988
188,39,ok,12,30,18,True,19279,18,36,12,1.2364
189,39,ok,6,16,10,True,19393,13,124,6,1.2626
190,39,ok,20,55,35,True,19507,15,36,20,1.267
191,39,ok,14,27,13,True,19621,22,23,14,1.285
192,39,ok,4,13,9,True,19735,11,86,4,1.2942
193,39,ok,22,52,30,True,19849,21,27,22,1.3185
194,39,ok,8,21,13,True,19963,26,39,8,1.3234
195,39,ok,6,17,11,True,20077,15,47,6,1.3493
196,39,ok,12,28,16,True,20192,17,37,12,1.3568
197,39,ok,22,44,22,True,20306,21,24,22,1.3615
198,39,ok,4,8,4,True,20420,12,241,4,1.3539
199,39,ok,38,92,54,True,20535,18,27,38,1.394
200,39,ok,8,18,10,True,20649,39,38,8,1.4268
201,39,ok,6,17,11,True,20764,12,53,6,1.3814
202,39,ok,12,29,17,True,20879,19,37,12,1.451
203,39,ok,14,32,18,True,20993,36,27,14,1.4599
204,39,ok,4,9,5,True,21108,10,90,4,1.449
205,39,ok,22,54,32,True,21223,24,24,22,1.5118
206,39,ok,12,32,20,True,21338,17,38,12,1.457
207,39,ok,6,16,10,True,21453,13,139,6,1.4942
208,39,ok,20,55,35,True,21568,15,38,20,1.5446
209,39,ok,14,26,12,True,21683,36,23,14,1.5596
210,39,ok,4,12,8,True,21798,12,91,4,1.6021
211,39,ok,22,53,31,True,21913,26,23,22,1.5888
212,39,ok,8,20,12,True,22028,17,43,8,1.6128
213,39,ok,6,18,12,True,22143,16,55,6,1.6363
214,39,ok,12,31,19,True,22259,22,41,12,1.6675
215,39,ok,22,49,27,True,22374,19,28,22,1.6352
216,39,ok,4,13,9,True,22489,16,246,4,1.6906
217,39,ok,38,91,53,True,22605,17,26,38,1.6706
218,39,ok,8,16,8,True,22720,24,42,8,1.7223
219,39,ok,6,21,15,True,22836,13,52,6,1.7272
220,39,ok,12,30,18,True,22952,25,41,12,1.7734
221,39,ok,14,33,19,True,23067,32,22,14,1.7452
222,39,ok,4,10,6,True,23183,15,91,4,1.7716
223,39,ok,22,52,30,True,23299,28,22,22,1.7873
224,39,ok,12,32,20,True,23415,17,38,12,1.7863
225,39,ok,6,21,15,True,23531,14,140,6,1.8255
226,39,ok,20,49,29,True,23646,16,43,20,1.8759
227,39,ok,14,31,17,True,23762,26,25,14,1.8782
228,39,ok,4,9,5,True,23878,14,97,4,1.924
229,39,ok,22,49,27,True,23995,26,24,22,1.9064
230,39,ok,8,21,13,True,24111,24,38,8,1.9389
231,39,ok,6,17,11,True,24227,11,54,6,1.9578
232,39,ok,12,30,18,True,24343,22,38,12,1.9559
233,39,ok,22,50,28,True,24459,19,24,22,2.0197
234,39,ok,4,9,5,True,24576,14,257,4,2.02
235,39,ok,38,92,54,True,24692,18,26,38,2.015
236,39,ok,8,16,8,True,24809,34,37,8,2.0392
237,39,ok,6,11,5,True,24928,16,53,6,2.0014
238,39,ok,12,30,18,True,25042,16,38,12,2.0864
239,39,ok,14,34,20,True,25158,46,24,14,2.0972
240,39,ok,4,12,8,True,25275,13,98,4,2.0679
241,39,ok,22,51,29,True,25391,21,27,22,2.1486
242,39,ok,12,29,17,True,25508,18,44,12,2.1675
243,39,ok,6,18,12,True,25625,13,143,6,2.1906
244,39,ok,20,52,32,True,25742,14,42,20,2.2608
245,39,ok,14,36,22,True,25858,25,23,14,2.2201
246,39,ok,4,9,5,True,25975,14,94,4,2.2547
247,39,ok,22,61,39,True,26092,23,23,22,2.2486
248,39,ok,8,17,9,True,26209,28,40,8,2.2585
249,39,ok,6,11,5,True,26326,16,53,6,2.3205
250,39,ok,12,34,22,True,26443,21,43,12,2.299
251,39,ok,22,44,22,True,26561,24,25,22,2.3388
252,39,ok,4,9,5,True,26678,12,262,4,2.3473
253,39,ok,38,109,71,True,26795,14,23,38,2.4478
254,39,ok,8,21,13,True,26912,32,40,8,2.4271
255,39,ok,6,16,10,True,27030,15,53,6,2.453
256,39,ok,12,30,18,True,27147,21,38,12,2.4257
257,39,ok,14,30,16,True,27264,38,24,14,2.4877
258,39,ok,4,12,8,True,27382,12,105,4,2.4311
259,39,ok,22,47,25,True,27499,26,26,22,2.5308
260,39,ok,12,24,12,True,27617,19,43,12,2.5143
261,39,ok,6,16,10,True,27734,12,134,6,2.5152
262,39,ok,20,59,39,True,27854,16,43,20,2.5719
263,39,ok,14,35,21,True,27970,45,23,14,2.585
264,39,ok,4,12,8,True,28087,11,101,4,2.6133
265,39,ok,22,55,33,True,28205,27,22,22,2.6411
266,39,ok,8,19,11,True,28323,21,40,8,2.6962
267,39,ok,6,14,8,True,28441,13,66,6,2.7568
268,39,ok,12,28,16,True,28558,23,39,12,2.7236
269,39,ok,22,55,33,True,28676,18,25,22,2.7537
270,39,ok,4,11,7,True,28794,10,281,4,2.76
271,39,ok,38,106,68,True,28918,17,23,38,2.7766
272,39,ok,8,13,5,True,29032,33,40,8,2.8324
273,39,ok,6,15,9,True,29148,14,55,6,2.8797
274,39,ok,12,38,26,True,29267,31,42,12,2.8757
275,39,ok,14,30,16,True,29385,28,23,14,2.8408
276,39,ok,4,17,13,True,29503,11,103,4,2.8792
277,39,ok,22,42,20,True,29621,26,25,22,2.863
278,39,ok,12,25,13,True,29740,22,40,12,2.9063
279,39,ok,6,23,17,True,29858,13,140,6,2.9659
280,39,ok,20,50,30,True,29982,20,40,20,3.0374
281,39,ok,14,28,14,True,30096,42,24,14,3.0293
282,39,ok,4,11,7,True,30213,12,99,4,3.0949
283,39,ok,22,56,34,True,30332,21,26,22,3.112
284,39,ok,8,26,18,True,30450,29,41,8,3.1008
285,39,ok,6,13,7,True,30569,16,54,6,3.1428
286,39,ok,12,33,21,True,30687,24,41,12,3.1293
287,39,ok,22,58,36,True,30806,27,27,22,3.1456
288,39,ok,4,12,8,True,30925,12,293,4,3.2562
289,39,ok,38,91,53,True,31046,20,24,38,3.2689
290,39,ok,8,18,10,True,31162,36,40,8,3.2195
291,39,ok,6,16,10,True,31281,13,59,6,3.3057
292,39,ok,12,29,17,True,31400,32,43,12,3.3513
293,39,ok,14,31,17,True,31519,23,25,14,3.3736
294,39,ok,4,9,5,True,31638,13,103,4,3.3916
295,39,ok,22,46,24,True,31757,26,25,22,3.4413
296,39,ok,12,31,19,True,31876,19,41,12,3.4497
297,39,ok,6,17,11,True,31995,12,140,6,3.4499
298,39,ok,20,56,36,True,32114,17,42,20,3.5134
299,39,ok,14,30,16,True,32233,24,23,14,3.497
300,39,ok,4,10,6,True,32352,11,107,4,3.5566
301,39,ok,22,57,35,True,32471,25,26,22,3.5701
302,39,ok,8,17,9,True,32590,30,45,8,3.6449
303,39,ok,6,13,7,True,32710,12,59,6,3.6117
304,39,ok,12,30,18,True,32829,16,41,12,3.6183
305,39,ok,22,54,32,True,32948,20,25,22,3.6569
306,39,ok,4,10,6,True,33068,17,270,4,3.6873
307,39,ok,38,107,69,True,33187,18,24,38,3.7425
308,39,ok,8,17,9,True,33307,25,41,8,3.7759
309,39,ok,6,22,16,True,33426,11,59,6,3.8219
310,39,ok,12,26,14,True,33546,21,43,12,3.8294
311,39,ok,14,30,16,True,33668,30,24,14,3.7891
312,39,ok,4,14,10,True,33785,17,110,4,3.8723
313,39,ok,22,49,27,True,33904,39,27,22,3.8804
314,39,ok,12,31,19,True,34024,20,46,12,3.866
315,39,ok,6,20,14,True,34144,12,147,6,3.988
316,39,ok,20,51,31,True,34263,22,49,20,4.0086
317,39,ok,14,32,18,True,34383,35,25,14,3.8928
318,39,ok,4,16,12,True,34504,17,101,4,4.0722
319,39,ok,22,55,33,True,34623,27,24,22,4.0767
320,39,ok,8,23,15,True,34743,35,42,8,4.0233
321,39,ok,6,16,10,True,34863,15,59,6,4.1274
322,39,ok,12,28,16,True,34983,33,43,12,4.1572
323,39,ok,22,61,39,True,35103,19,26,22,4.2135
324,39,ok,4,11,7,True,35223,16,267,4,4.1874
325,39,ok,38,106,68,True,35343,16,26,38,4.3049
326,39,ok,8,18,10,True,35463,40,43,8,4.3075
327,39,ok,6,16,10,True,35583,17,57,6,4.3322
328,39,ok,12,28,16,True,35703,17,40,12,4.4298
329,39,ok,14,37,23,True,35823,35,25,14,4.3988
330,39,ok,4,15,11,True,35948,13,101,4,4.3924
331,39,ok,22,58,36,True,36064,30,24,22,4.4223
332,39,ok,12,28,16,True,36184,19,49,12,4.4224
333,39,ok,6,18,12,True,36305,12,155,6,4.4843
334,39,ok,20,51,31,True,36425,20,39,20,4.562
335,39,ok,14,31,17,True,36545,54,25,14,4.5821
336,39,ok,4,8,4,True,36666,17,102,4,4.7039
337,39,ok,22,52,30,True,36786,20,24,22,4.6458
338,39,ok,8,20,12,True,36907,27,41,8,4.7828
339,39,ok,6,14,8,True,37027,20,58,6,4.7303
340,39,ok,12,30,18,True,37148,23,39,12,4.6902
341,39,ok,22,44,22,True,37269,24,26,22,4.8024
342,39,ok,4,8,4,True,37392,23,284,4,4.8466
343,39,ok,38,96,58,True,37510,15,27,38,4.8525
344,39,ok,8,17,9,True,37631,40,44,8,4.9407
345,39,ok,6,18,12,True,37751,17,63,6,4.9122
346,39,ok,12,32,20,True,37872,25,40,12,4.9232
347,39,ok,14,30,16,True,37993,37,25,14,5.0599
348,39,ok,4,13,9,True,38114,13,109,4,5.0245
349,39,ok,22,47,25,True,38235,29,25,22,5.0199
350,39,ok,12,26,14,True,38356,20,43,12,5.077
351,39,ok,6,22,16,True,38476,14,146,6,5.1436
352,39,ok,20,52,32,True,38597,19,45,20,5.1949
353,39,ok,14,31,17,True,38718,31,28,14,5.1507
354,39,ok,4,13,9,True,38839,14,105,4,5.2382
355,39,ok,22,53,31,True,38961,31,27,22,5.265
356,39,ok,8,18,10,True,39082,37,44,8,5.226
357,39,ok,6,16,10,True,39203,13,59,6,5.3544
358,39,ok,12,28,16,True,39324,20,41,12,5.3386
359,39,ok,22,48,26,True,39445,23,27,22,5.4703
360,39,ok,4,11,7,True,39566,15,302,4,5.4196
361,39,ok,38,101,63,True,39688,20,30,38,5.5531
362,39,ok,8,25,17,True,39809,34,41,8,5.517
363,39,ok,6,16,10,True,39930,13,60,6,5.5539
364,39,ok,12,24,12,True,40052,27,46,12,5.6122
365,39,ok,14,32,18,True,40173,31,26,14,5.6243
366,39,ok,4,8,4,True,40294,18,105,4,5.7197
367,39,ok,22,55,33,True,40416,27,27,22,5.741
368,39,ok,12,28,16,True,40537,26,42,12,5.6917
369,39,ok,6,17,11,True,40659,16,153,6,5.6972
370,39,ok,20,54,34,True,40780,18,44,20,5.8415
371,39,ok,14,34,20,True,40902,38,25,14,5.8045
372,39,ok,4,6,2,True,41023,16,107,4,5.9193
373,39,ok,22,46,24,True,41145,36,26,22,5.8969
374,39,ok,8,21,13,True,41268,44,44,8,5.9198
375,39,ok,6,19,13,True,41388,19,59,6,5.91
376,39,ok,12,29,17,True,41510,22,47,12,5.9697
377,39,ok,22,55,33,True,41632,19,25,22,6.0123
378,39,ok,4,9,5,True,41754,14,285,4,6.1272
379,39,ok,38,124,86,True,41876,20,27,38,6.0685
380,39,ok,8,19,11,True,41997,47,44,8,6.1947
381,39,ok,6,16,10,True,42119,14,62,6,6.1969
382,39,ok,12,35,23,True,42241,28,43,12,6.2325
383,39,ok,14,37,23,True,42363,33,28,14,6.2789
384,39,ok,4,8,4,True,42485,17,103,4,6.2596
385,39,ok,22,49,27,True,42607,21,25,22,6.4287
386,39,ok,12,29,17,True,42729,23,43,12,6.3912
387,39,ok,6,18,12,True,42851,17,151,6,6.4445
388,39,ok,20,56,36,True,42973,17,46,20,6.4932
389,39,ok,14,33,19,True,43095,34,26,14,6.4883
390,39,ok,4,10,6,True,43217,28,107,4,6.5873
391,39,ok,22,68,46,True,43340,33,27,22,6.5653
392,39,ok,8,16,8,True,43462,32,46,8,6.546
393,39,ok,6,13,7,True,43584,20,65,6,6.664
394,39,ok,12,40,28,True,43706,25,46,12,6.5909
395,39,ok,22,60,38,True,43828,21,28,22,6.7399
396,39,ok,4,10,6,True,43951,13,288,4,6.8423
397,39,ok,38,122,84,True,44073,16,29,38,6.742
398,39,ok,8,23,15,True,44195,32,48,8,6.8356
399,39,ok,6,17,11,True,44318,13,59,6,6.8655
400,39,ok,12,31,19,True,44440,24,42,12,7.0146
401,39,ok,14,33,19,True,44563,55,28,14,6.9393
402,39,ok,4,9,5,True,44685,14,107,4,6.9963
403,39,ok,22,52,30,True,44808,29,28,22,6.9439
404,39,ok,12,33,21,True,44930,19,43,12,7.1406
405,39,ok,6,16,10,True,45053,21,154,6,7.0163
406,39,ok,20,52,32,True,45175,18,42,20,7.2851
407,39,ok,14,30,16,True,45298,38,26,14,7.2171
408,39,ok,4,12,8,True,45421,16,107,4,7.4228
409,39,ok,22,52,30,True,45543,26,26,22,7.3653
410,39,ok,8,21,13,True,45666,22,47,8,7.4765
411,39,ok,6,17,11,True,45790,13,63,6,7.5231
412,39,ok,12,29,17,True,45912,16,44,12,7.5287
413,39,ok,22,54,32,True,46034,23,27,22,7.5381
414,39,ok,4,12,8,True,46157,16,306,4,7.5788
415,39,ok,38,94,56,True,46280,24,30,38,7.5863
416,39,ok,8,20,12,True,46403,28,44,8,7.6249
417,39,ok,6,17,11,True,46526,17,62,6,7.7027
418,39,ok,12,34,22,True,46649,18,46,12,7.8287
419,39,ok,14,35,21,True,46772,28,25,14,7.7837
420,39,ok,4,10,6,True,46895,18,107,4,7.7831
421,39,ok,22,58,36,True,47018,28,29,22,7.924
422,39,ok,12,29,17,True,47141,19,52,12,7.9743
423,39,ok,6,15,9,True,47264,14,149,6,8.095
424,39,ok,20,56,36,True,47387,18,46,20,8.0095
425,39,ok,14,29,15,True,47510,37,29,14,8.1104
426,39,ok,4,8,4,True,47633,15,111,4,8.2218
427,39,ok,22,58,36,True,47756,28,27,22,8.291
428,39,ok,8,18,10,True,47880,34,44,8,8.3184
429,39,ok,6,14,8,True,48003,18,62,6,8.3165
430,39,ok,12,33,21,True,48126,26,47,12,8.266
431,39,ok,22,52,30,True,48249,34,28,22,8.3226
432,39,ok,4,12,8,True,48372,13,297,4,8.4127
433,39,ok,38,85,47,True,48496,17,27,38,8.3489
434,39,ok,8,22,14,True,48619,36,44,8,8.5246
435,39,ok,6,15,9,True,48742,11,66,6,8.4787
436,39,ok,12,28,16,True,48868,24,45,12,8.5968
437,39,ok,14,36,22,True,48989,43,26,14,8.5389
438,39,ok,4,13,9,True,49113,18,109,4,8.6025
439,39,ok,22,49,27,True,49236,29,27,22,8.6723
440,39,ok,12,35,23,True,49362,23,50,12,8.7166
441,39,ok,6,23,17,True,49483,14,164,6,8.7209
442,39,ok,20,58,38,True,49607,20,44,20,8.8851
443,39,ok,14,31,17,True,49730,36,31,14,8.8559
444,39,ok,4,12,8,True,49854,14,117,4,9.0102
445,39,ok,22,56,34,True,49978,35,30,22,9.0006
446,39,ok,8,17,9,True,50101,25,43,8,9.0917
447,39,ok,6,16,10,True,50225,14,59,6,9.1882
448,39,ok,12,38,26,True,50350,24,44,12,9.0664
449,39,ok,22,59,37,True,50472,34,26,22,9.0224
450,39,ok,4,13,9,True,50596,15,300,4,9.2119
451,39,ok,38,105,67,True,50720,18,28,38,9.2973
452,39,ok,8,17,9,True,50844,29,45,8,9.3191
453,39,ok,6,16,10,True,50967,21,62,6,9.5132
454,39,ok,12,30,18,True,51091,19,46,12,9.2985
455,39,ok,14,40,26,True,51215,36,29,14,9.4114
456,39,ok,4,11,7,True,51339,13,121,4,9.4582
457,39,ok,22,63,41,True,51463,27,27,22,9.4344
458,39,ok,12,26,14,True,51587,24,45,12,9.5008
459,39,ok,6,15,9,True,51711,14,158,6,9.7835
460,39,ok,20,53,33,True,51835,19,46,20,9.798
461,39,ok,14,33,19,True,51959,37,30,14,9.6771
462,39,ok,4,16,12,True,52083,11,113,4,9.9492
463,39,ok,22,51,29,True,52212,29,28,22,9.8288
464,39,ok,8,21,13,True,52331,27,48,8,9.7397
465,39,ok,6,18,12,True,52455,19,59,6,10.075
466,39,ok,12,25,13,True,52580,26,44,12,9.9454
467,39,ok,22,63,41,True,52706,32,28,22,10.0518
468,39,ok,4,9,5,True,52828,15,288,4,10.1157
469,39,ok,38,101,63,True,52952,19,28,38,10.0781
470,39,ok,8,19,11,True,53076,38,46,8,10.2066
471,39,ok,6,20,14,True,53201,14,61,6,10.2761
472,39,ok,12,33,21,True,53325,25,43,12,10.3419
473,39,ok,14,36,22,True,53449,25,29,14,10.2443
474,39,ok,4,11,7,True,53574,13,115,4,10.3489
475,39,ok,22,50,28,True,53698,24,30,22,10.5139
476,39,ok,12,23,11,True,53822,29,47,12,10.4963
477,39,ok,6,15,9,True,53947,17,158,6,10.5525
478,39,ok,20,54,34,True,54074,17,44,20,10.579
479,39,ok,14,29,15,True,54196,36,30,14,10.6615
480,39,ok,4,14,10,True,54320,16,114,4,10.7401
481,39,ok,22,58,36,True,54445,31,29,22,10.7781
482,39,ok,8,21,13,True,54569,32,45,8,10.9032
483,39,ok,6,22,16,True,54694,16,67,6,10.9688
484,39,ok,12,28,16,True,54818,29,46,12,10.8731
485,39,ok,22,48,26,True,54943,27,27,22,10.9254
486,39,ok,4,14,10,True,55068,14,303,4,10.8028
487,39,ok,38,93,55,True,55192,21,26,38,11.0188
488,39,ok,8,14,6,True,55317,39,45,8,11.0915
489,39,ok,6,15,9,True,55442,20,61,6,11.1253
490,39,ok,12,32,20,True,55566,39,44,12,11.3404
491,39,ok,14,35,21,True,55691,51,27,14,11.206
492,39,ok,4,9,5,True,55822,15,104,4,11.4299
493,39,ok,22,53,31,True,55941,26,30,22,11.3251
494,39,ok,12,26,14,True,56065,21,46,12,11.3931
495,39,ok,6,15,9,True,56190,22,160,6,11.4856
1,40,ok,39,39,0,True,87,2,3,39,0.0004
2,40,ok,6,8,2,True,145,4,13,6,0.0005
3,40,ok,12,19,7,True,209,5,12,12,0.0008
4,40,ok,8,14,6,True,277,3,26,8,0.0011
5,40,ok,27,36,9,True,351,5,6,27,0.0015
6,40,ok,4,7,3,True,423,4,52,4,0.0018
7,40,ok,30,46,16,True,499,6,6,30,0.0023
8,40,ok,6,11,5,True,577,6,38,6,0.0027
9,40,ok,15,30,15,True,657,6,16,15,0.0032
10,40,ok,8,14,6,True,741,7,26,8,0.0038
11,40,ok,24,41,17,True,820,7,10,24,0.0044
12,40,ok,4,6,2,True,903,6,106,4,0.0049
13,40,ok,39,64,25,True,987,5,10,39,0.0059
14,40,ok,6,9,3,True,1072,9,24,6,0.0064
15,40,ok,12,22,10,True,1158,6,21,12,0.0072
16,40,ok,8,16,8,True,1248,6,49,8,0.0081
17,40,ok,27,45,18,True,1333,9,10,27,0.009
18,40,ok,4,9,5,True,1421,7,69,4,0.01
19,40,ok,30,57,27,True,1510,9,11,30,0.0112
20,40,ok,6,15,9,True,1599,7,55,6,0.0122
21,40,ok,15,34,19,True,1690,9,24,15,0.0133
22,40,ok,8,19,11,True,1780,7,32,8,0.0144
23,40,ok,24,50,26,True,1872,11,13,24,0.0123
24,40,ok,4,10,6,True,1963,7,155,4,0.0158
25,40,ok,39,81,42,True,2056,8,12,39,0.0184
26,40,ok,6,12,6,True,2148,10,32,6,0.0196
27,40,ok,12,24,12,True,2242,8,25,12,0.0209
28,40,ok,8,14,6,True,2340,8,59,8,0.0226
29,40,ok,27,73,46,True,2429,11,12,27,0.0241
30,40,ok,4,11,7,True,2524,6,89,4,0.0259
31,40,ok,30,57,27,True,2619,13,13,30,0.0276
32,40,ok,6,9,3,True,2714,11,59,6,0.0291
33,40,ok,15,42,27,True,2810,11,26,15,0.0308
34,40,ok,8,15,7,True,2906,9,37,8,0.0328
35,40,ok,24,50,26,True,3003,12,12,24,0.0346
36,40,ok,4,8,4,True,3099,8,177,4,0.0365
37,40,ok,39,98,59,True,3196,10,12,39,0.0388
38,40,ok,6,17,11,True,3293,11,34,6,0.032
39,40,ok,12,25,13,True,3393,11,28,12,0.0327
40,40,ok,8,18,10,True,3489,8,70,8,0.0413
41,40,ok,27,61,34,True,3588,12,14,27,0.0481
42,40,ok,4,8,4,True,3686,7,92,4,0.0504
43,40,ok,30,66,36,True,3785,9,13,30,0.053
44,40,ok,6,15,9,True,3884,9,63,6,0.0555
45,40,ok,15,31,16,True,3983,11,29,15,0.0575
46,40,ok,8,18,10,True,4083,8,34,8,0.0608
47,40,ok,24,50,26,True,4183,17,14,24,0.0634
48,40,ok,4,10,6,True,4283,6,196,4,0.0659
49,40,ok,39,83,44,True,4384,10,14,39,0.0693
50,40,ok,6,14,8,True,4485,8,41,6,0.0722
51,40,ok,12,27,15,True,4585,12,33,12,0.0746
52,40,ok,8,20,12,True,4686,8,75,8,0.0782
53,40,ok,27,48,21,True,4788,17,14,27,0.0812
54,40,ok,4,10,6,True,4889,8,110,4,0.0843
55,40,ok,30,65,35,True,4992,19,15,30,0.0876
56,40,ok,6,13,7,True,5093,13,69,6,0.0911
496,39,ok,20,57,37,True,56316,17,47,20,11.5445
57,40,ok,15,44,29,True,5195,8,33,15,0.0943
58,40,ok,8,13,5,True,5298,11,41,8,0.0994
59,40,ok,24,51,27,True,5400,11,19,24,0.1018
60,40,ok,4,9,5,True,5503,10,213,4,0.1072
61,40,ok,39,86,47,True,5606,15,14,39,0.1093
62,40,ok,6,16,10,True,5709,14,47,6,0.114
63,40,ok,12,26,14,True,5813,17,34,12,0.116
64,40,ok,8,15,7,True,5916,10,81,8,0.1225
65,40,ok,27,63,36,True,6020,19,18,27,0.1167
67,40,ok,30,77,47,True,6228,12,15,30,0.0983
66,40,ok,4,11,7,True,6124,8,118,4,0.1271
68,40,ok,6,14,8,True,6332,11,89,6,0.1351
69,40,ok,15,34,19,True,6437,9,37,15,0.1413
70,40,ok,8,18,10,True,6542,12,41,8,0.1451
71,40,ok,24,48,24,True,6646,12,15,24,0.1515
497,39,ok,14,35,21,True,56440,36,30,14,11.5385
72,40,ok,4,10,6,True,6751,12,227,4,0.1548
73,40,ok,39,90,51,True,6857,12,18,39,0.1627
74,40,ok,6,14,8,True,6962,13,46,6,0.1636
75,40,ok,12,24,12,True,7067,14,38,12,0.1686
76,40,ok,8,19,11,True,7176,9,79,8,0.1767
77,40,ok,27,56,29,True,7279,15,18,27,0.1781
78,40,ok,4,12,8,True,7385,10,111,4,0.1827
79,40,ok,30,82,52,True,7491,17,17,30,0.1831
80,40,ok,6,14,8,True,7597,14,88,6,0.1928
81,40,ok,15,35,20,True,7703,9,37,15,0.2014
82,40,ok,8,24,16,True,7810,11,45,8,0.206
83,40,ok,24,45,21,True,7917,18,18,24,0.2084
84,40,ok,4,12,8,True,8023,10,228,4,0.218
85,40,ok,39,108,69,True,8130,14,17,39,0.2148
86,40,ok,6,15,9,True,8237,16,49,6,0.2194
87,40,ok,12,25,13,True,8346,11,41,12,0.2306
88,40,ok,8,18,10,True,8452,10,77,8,0.2375
89,40,ok,27,60,33,True,8559,14,17,27,0.241
90,40,ok,4,13,9,True,8667,13,119,4,0.2454
91,40,ok,30,71,41,True,8775,12,18,30,0.2564
92,40,ok,6,13,7,True,8883,14,85,6,0.2581
93,40,ok,15,36,21,True,8991,11,39,15,0.2639
94,40,ok,8,15,7,True,9099,12,45,8,0.2751
95,40,ok,24,48,24,True,9207,16,17,24,0.2768
96,40,ok,4,11,7,True,9315,9,237,4,0.2844
97,40,ok,39,89,50,True,9424,16,18,39,0.2819
98,40,ok,6,14,8,True,9533,13,48,6,0.297
99,40,ok,12,29,17,True,9641,19,43,12,0.3027
100,40,ok,8,22,14,True,9750,14,92,8,0.311
101,40,ok,27,55,28,True,9859,16,17,27,0.316
102,40,ok,4,11,7,True,9968,9,130,4,0.3233
103,40,ok,30,71,41,True,10077,18,19,30,0.3276
104,40,ok,6,16,10,True,10187,21,88,6,0.339
105,40,ok,15,35,20,True,10296,13,44,15,0.3329
106,40,ok,8,20,12,True,10406,10,57,8,0.3478
107,40,ok,24,47,23,True,10515,15,20,24,0.3548
108,40,ok,4,12,8,True,10625,11,227,4,0.3672
498,39,ok,4,13,9,True,56565,11,117,4,11.8312
109,40,ok,39,93,54,True,10735,15,19,39,0.3728
110,40,ok,6,16,10,True,10845,15,51,6,0.3787
111,40,ok,12,32,20,True,10955,18,42,12,0.3882
112,40,ok,8,23,15,True,11065,12,86,8,0.3889
113,40,ok,27,64,37,True,11176,19,18,27,0.3965
114,40,ok,4,15,11,True,11286,10,126,4,0.4109
115,40,ok,30,65,35,True,11396,14,19,30,0.4212
116,40,ok,6,13,7,True,11507,13,91,6,0.4149
117,40,ok,15,30,15,True,11618,15,47,15,0.4378
118,40,ok,8,17,9,True,11729,11,54,8,0.4381
119,40,ok,24,54,30,True,11839,20,20,24,0.4538
499,39,ok,22,53,31,True,56690,36,26,22,11.7923
120,40,ok,4,14,10,True,11950,11,252,4,0.4727
121,40,ok,39,86,47,True,12062,17,18,39,0.4691
122,40,ok,6,18,12,True,12173,13,51,6,0.4814
123,40,ok,12,27,15,True,12284,14,40,12,0.4747
124,40,ok,8,23,15,True,12395,14,96,8,0.4964
125,40,ok,27,61,34,True,12507,17,20,27,0.5047
126,40,ok,4,11,7,True,12618,10,133,4,0.5138
127,40,ok,30,63,33,True,12730,16,20,30,0.5152
128,40,ok,6,14,8,True,12842,14,92,6,0.5224
129,40,ok,15,41,26,True,12954,13,39,15,0.5385
130,40,ok,8,21,13,True,13066,16,59,8,0.5508
131,40,ok,24,53,29,True,13178,22,19,24,0.5497
132,40,ok,4,11,7,True,13290,13,252,4,0.565
133,40,ok,39,93,54,True,13402,13,19,39,0.5807
134,40,ok,6,23,17,True,13514,12,50,6,0.5884
135,40,ok,12,36,24,True,13627,14,42,12,0.584
136,40,ok,8,21,13,True,13739,12,99,8,0.6083
500,39,ok,8,19,11,True,56815,39,44,8,11.7562
137,40,ok,27,64,37,True,13852,22,22,27,0.6299
138,40,ok,4,11,7,True,13964,14,135,4,0.627
139,40,ok,30,64,34,True,14079,16,19,30,0.6315
140,40,ok,6,17,11,True,14190,17,104,6,0.6491
141,40,ok,15,33,18,True,14303,14,43,15,0.654
142,40,ok,8,19,11,True,14416,13,57,8,0.6671
143,40,ok,24,52,28,True,14529,19,21,24,0.6834
144,40,ok,4,11,7,True,14642,11,256,4,0.6869
145,40,ok,39,109,70,True,14755,13,20,39,0.691
146,40,ok,6,14,8,True,14868,17,58,6,0.7031
147,40,ok,12,33,21,True,14982,15,44,12,0.7133
148,40,ok,8,17,9,True,15095,18,96,8,0.7254
149,40,ok,27,62,35,True,15210,20,20,27,0.7453
150,40,ok,4,11,7,True,15322,12,141,4,0.7007
151,40,ok,30,64,34,True,15436,21,20,30,0.7644
152,40,ok,6,17,11,True,15550,17,114,6,0.7545
153,40,ok,15,43,28,True,15664,13,42,15,0.7899
154,40,ok,8,22,14,True,15778,16,56,8,0.7958
155,40,ok,24,55,31,True,15892,25,22,24,0.7616
156,40,ok,4,11,7,True,16006,13,265,4,0.731
157,40,ok,39,107,68,True,16120,17,22,39,0.794
158,40,ok,6,18,12,True,16234,15,59,6,0.7667
159,40,ok,12,32,20,True,16348,16,45,12,0.8874
160,40,ok,8,28,20,True,16463,14,100,8,0.8881
161,40,ok,27,59,32,True,16577,20,22,27,0.8854
162,40,ok,4,10,6,True,16692,10,148,4,0.8747
163,40,ok,30,65,35,True,16806,17,21,30,0.8926
164,40,ok,6,14,8,True,16921,14,97,6,0.9169
165,40,ok,15,42,27,True,17036,19,48,15,0.9204
166,40,ok,8,16,8,True,17150,14,56,8,0.9422
167,40,ok,24,54,30,True,17265,21,24,24,0.9727
168,40,ok,4,10,6,True,17380,14,269,4,0.9581
169,40,ok,39,95,56,True,17495,19,20,39,0.9777
170,40,ok,6,17,11,True,17610,14,58,6,1.012
171,40,ok,12,29,17,True,17725,17,47,12,1.0129
172,40,ok,8,22,14,True,17841,11,103,8,1.0201
173,40,ok,27,63,36,True,17956,26,21,27,1.0401
174,40,ok,4,14,10,True,18071,10,154,4,1.0585
175,40,ok,30,86,56,True,18187,17,21,30,1.0641
176,40,ok,6,15,9,True,18302,18,111,6,1.0803
177,40,ok,15,41,26,True,18418,20,45,15,1.0884
178,40,ok,8,26,18,True,18533,12,56,8,1.1127
179,40,ok,24,51,27,True,18649,24,23,24,1.1061
180,40,ok,4,12,8,True,18765,12,283,4,1.1793
181,40,ok,39,103,64,True,18880,18,21,39,1.1374
182,40,ok,6,15,9,True,18996,14,55,6,1.127
183,40,ok,12,30,18,True,19112,19,49,12,1.1607
184,40,ok,8,24,16,True,19228,13,106,8,1.1819
185,40,ok,27,60,33,True,19344,26,20,27,1.2028
186,40,ok,4,11,7,True,19461,14,153,4,1.2527
187,40,ok,30,70,40,True,19578,17,21,30,1.2302
188,40,ok,6,23,17,True,19693,22,103,6,1.2546
189,40,ok,15,39,24,True,19809,14,48,15,1.257
190,40,ok,8,25,17,True,19925,16,61,8,1.2616
191,40,ok,24,52,28,True,20042,25,21,24,1.2618
192,40,ok,4,13,9,True,20158,12,272,4,1.3266
193,40,ok,39,104,65,True,20275,17,20,39,1.2998
194,40,ok,6,10,4,True,20392,17,62,6,1.346
195,40,ok,12,32,20,True,20508,16,48,12,1.3198
196,40,ok,8,21,13,True,20631,16,106,8,1.3425
197,40,ok,27,71,44,True,20748,17,25,27,1.3653
198,40,ok,4,9,5,True,20859,12,154,4,1.4129
199,40,ok,30,74,44,True,20976,17,23,30,1.3803
200,40,ok,6,12,6,True,21092,14,102,6,1.4004
201,40,ok,15,48,33,True,21209,17,49,15,1.4129
202,40,ok,8,20,12,True,21327,17,58,8,1.4504
203,40,ok,24,50,26,True,21444,25,20,24,1.4648
204,40,ok,4,7,3,True,21561,15,312,4,1.4385
205,40,ok,39,102,63,True,21678,16,21,39,1.4567
206,40,ok,6,14,8,True,21795,14,59,6,1.5822
207,40,ok,12,32,20,True,21913,22,48,12,1.5276
208,40,ok,8,27,19,True,22030,14,105,8,1.5293
209,40,ok,27,69,42,True,22148,28,21,27,1.5371
210,40,ok,4,14,10,True,22265,16,156,4,1.5906
211,40,ok,30,73,43,True,22383,17,21,30,1.5707
212,40,ok,6,17,11,True,22503,14,111,6,1.6435
213,40,ok,15,41,26,True,22620,18,49,15,1.6772
214,40,ok,8,24,16,True,22737,14,61,8,1.6255
215,40,ok,24,61,37,True,22854,25,24,24,1.663
216,40,ok,4,16,12,True,22972,11,306,4,1.6672
217,40,ok,39,94,55,True,23090,22,21,39,1.6534
218,40,ok,6,11,5,True,23207,18,64,6,1.7237
219,40,ok,12,28,16,True,23325,21,52,12,1.7589
220,40,ok,8,18,10,True,23444,18,114,8,1.7632
221,40,ok,27,65,38,True,23562,23,23,27,1.7732
222,40,ok,4,7,3,True,23680,12,162,4,1.756
223,40,ok,30,83,53,True,23798,19,22,30,1.7687
224,40,ok,6,14,8,True,23916,22,111,6,1.8495
225,40,ok,15,44,29,True,24035,20,48,15,1.8624
226,40,ok,8,21,13,True,24153,15,61,8,1.8701
227,40,ok,24,60,36,True,24272,23,23,24,1.8744
228,40,ok,4,10,6,True,24390,11,309,4,1.8908
229,40,ok,39,110,71,True,24509,19,23,39,1.8832
230,40,ok,6,14,8,True,24627,17,60,6,1.9445
231,40,ok,12,28,16,True,24746,19,50,12,1.9284
232,40,ok,8,25,17,True,24864,16,110,8,1.9915
233,40,ok,27,65,38,True,24983,19,22,27,1.9703
234,40,ok,4,14,10,True,25102,13,162,4,2.0416
235,40,ok,30,71,41,True,25221,23,26,30,2.0308
236,40,ok,6,17,11,True,25340,16,112,6,2.0058
237,40,ok,15,39,24,True,25459,18,48,15,2.036
238,40,ok,8,19,11,True,25578,16,62,8,1.9886
239,40,ok,24,59,35,True,25701,36,26,24,1.9921
240,40,ok,4,14,10,True,25818,12,291,4,2.1669
241,40,ok,39,100,61,True,25935,16,24,39,2.1817
242,40,ok,6,13,7,True,26054,22,60,6,2.2347
243,40,ok,12,31,19,True,26173,20,50,12,2.2107
244,40,ok,8,29,21,True,26293,13,130,8,2.2191
245,40,ok,27,62,35,True,26412,19,23,27,2.281
246,40,ok,4,15,11,True,26531,11,152,4,2.2456
247,40,ok,30,82,52,True,26651,21,24,30,2.2803
248,40,ok,6,16,10,True,26770,14,115,6,2.3436
249,40,ok,15,40,25,True,26890,14,50,15,2.3111
250,40,ok,8,21,13,True,27009,14,62,8,2.3783
251,40,ok,24,60,36,True,27129,24,24,24,2.3347
252,40,ok,4,15,11,True,27249,14,302,4,2.3675
253,40,ok,39,93,54,True,27368,19,22,39,2.3812
254,40,ok,6,21,15,True,27488,18,61,6,2.3825
255,40,ok,12,28,16,True,27608,24,52,12,2.4621
256,40,ok,8,23,15,True,27729,15,118,8,2.5045
257,40,ok,27,74,47,True,27847,19,21,27,2.4689
258,40,ok,4,13,9,True,27967,18,163,4,2.5214
259,40,ok,30,77,47,True,28087,25,22,30,2.5387
260,40,ok,6,17,11,True,28207,21,121,6,2.5918
261,40,ok,15,42,27,True,28327,16,55,15,2.573
262,40,ok,8,19,11,True,28448,18,68,8,2.6116
263,40,ok,24,57,33,True,28568,29,22,24,2.5842
264,40,ok,4,10,6,True,28688,15,312,4,2.6267
265,40,ok,39,101,62,True,28808,21,27,39,2.6577
266,40,ok,6,14,8,True,28928,15,73,6,2.6541
267,40,ok,12,37,25,True,29049,15,54,12,2.7178
268,40,ok,8,24,16,True,29172,23,128,8,2.7981
269,40,ok,27,75,48,True,29289,24,23,27,2.7524
270,40,ok,4,18,14,True,29410,15,174,4,2.8027
271,40,ok,30,78,48,True,29530,20,24,30,2.8259
272,40,ok,6,13,7,True,29651,16,116,6,2.792
273,40,ok,15,35,20,True,29772,18,49,15,2.8611
274,40,ok,8,24,16,True,29892,15,67,8,2.908
275,40,ok,24,55,31,True,30013,20,24,24,2.8195
276,40,ok,4,12,8,True,30134,15,327,4,2.9312
277,40,ok,39,95,56,True,30254,24,24,39,2.9218
278,40,ok,6,24,18,True,30375,14,63,6,3.0139
279,40,ok,12,32,20,True,30498,22,55,12,3.0275
280,40,ok,8,28,20,True,30617,15,119,8,3.0418
281,40,ok,27,65,38,True,30738,23,22,27,3.0818
282,40,ok,4,10,6,True,30859,15,172,4,3.0524
283,40,ok,30,79,49,True,30980,21,26,30,3.1164
284,40,ok,6,18,12,True,31101,22,123,6,3.1491
285,40,ok,15,46,31,True,31222,16,57,15,3.0899
286,40,ok,8,27,19,True,31343,20,65,8,3.1228
287,40,ok,24,59,35,True,31464,30,24,24,3.191
288,40,ok,4,12,8,True,31585,16,340,4,3.2269
289,40,ok,39,108,69,True,31707,21,24,39,3.2657
290,40,ok,6,14,8,True,31828,21,69,6,3.2779
291,40,ok,12,27,15,True,31949,19,59,12,3.2657
292,40,ok,8,19,11,True,32070,13,119,8,3.3543
293,40,ok,27,71,44,True,32192,35,22,27,3.3038
294,40,ok,4,10,6,True,32313,14,169,4,3.3343
295,40,ok,30,63,33,True,32435,24,23,30,3.3764
296,40,ok,6,17,11,True,32556,22,112,6,3.4794
297,40,ok,15,32,17,True,32678,16,55,15,3.492
298,40,ok,8,20,12,True,32799,17,63,8,3.4933
299,40,ok,24,54,30,True,32921,23,24,24,3.5058
300,40,ok,4,12,8,True,33043,11,330,4,3.5255
301,40,ok,39,83,44,True,33164,19,23,39,3.5737
302,40,ok,6,18,12,True,33286,21,71,6,3.5266
303,40,ok,12,31,19,True,33408,21,56,12,3.6012
304,40,ok,8,34,26,True,33530,17,117,8,3.5985
305,40,ok,27,66,39,True,33652,16,26,27,3.6392
306,40,ok,4,10,6,True,33774,12,174,4,3.7099
307,40,ok,30,73,43,True,33895,19,24,30,3.7169
308,40,ok,6,16,10,True,34017,18,118,6,3.7421
309,40,ok,15,39,24,True,34139,19,53,15,3.8343
310,40,ok,8,16,8,True,34262,20,74,8,3.7967
311,40,ok,24,63,39,True,34384,22,26,24,3.808
312,40,ok,4,10,6,True,34506,11,339,4,3.8522
313,40,ok,39,109,70,True,34628,19,25,39,3.8805
314,40,ok,6,22,16,True,34750,27,69,6,3.9233
315,40,ok,12,33,21,True,34872,16,56,12,3.9917
316,40,ok,8,20,12,True,34995,22,121,8,3.9611
317,40,ok,27,69,42,True,35117,23,24,27,3.9727
318,40,ok,4,15,11,True,35239,15,177,4,4.0561
319,40,ok,30,80,50,True,35362,37,24,30,4.0608
320,40,ok,6,14,8,True,35484,18,125,6,4.1892
321,40,ok,15,39,24,True,35607,15,60,15,4.1434
322,40,ok,8,26,18,True,35729,15,68,8,4.1779
323,40,ok,24,59,35,True,35852,25,30,24,4.1864
324,40,ok,4,13,9,True,35974,19,331,4,4.1929
325,40,ok,39,99,60,True,36097,19,26,39,4.2323
326,40,ok,6,17,11,True,36219,16,67,6,4.2363
327,40,ok,12,36,24,True,36342,19,53,12,4.2327
328,40,ok,8,21,13,True,36465,17,120,8,4.375
329,40,ok,27,67,40,True,36587,29,26,27,4.4235
330,40,ok,4,12,8,True,36710,14,173,4,4.2143
331,40,ok,30,80,50,True,36833,23,24,30,4.4129
332,40,ok,6,14,8,True,36956,21,122,6,4.5273
333,40,ok,15,33,18,True,37079,19,55,15,4.4339
334,40,ok,8,22,14,True,37206,14,66,8,4.5303
335,40,ok,24,65,41,True,37325,23,25,24,4.5246
336,40,ok,4,9,5,True,37448,16,343,4,4.6163
337,40,ok,39,113,74,True,37571,22,27,39,4.5923
338,40,ok,6,15,9,True,37694,23,65,6,4.7369
339,40,ok,12,33,21,True,37817,24,60,12,4.7596
340,40,ok,8,18,10,True,37940,19,116,8,4.7329
341,40,ok,27,69,42,True,38064,29,26,27,4.7494
342,40,ok,4,17,13,True,38186,12,167,4,4.8453
343,40,ok,30,72,42,True,38309,21,24,30,4.7897
344,40,ok,6,15,9,True,38433,20,121,6,4.8866
345,40,ok,15,39,24,True,38556,18,56,15,4.8573
346,40,ok,8,13,5,True,38679,26,76,8,4.887
347,40,ok,24,71,47,True,38805,38,25,24,4.9972
348,40,ok,4,7,3,True,38926,16,330,4,5.0374
349,40,ok,39,91,52,True,39050,22,23,39,5.0455
350,40,ok,6,13,7,True,39173,15,67,6,5.0924
351,40,ok,12,34,22,True,39296,30,52,12,5.0993
352,40,ok,8,31,23,True,39420,16,123,8,5.0636
353,40,ok,27,66,39,True,39544,27,25,27,5.1223
354,40,ok,4,11,7,True,39667,24,183,4,5.183
355,40,ok,30,72,42,True,39791,23,25,30,5.1943
356,40,ok,6,20,14,True,39914,20,127,6,5.3047
357,40,ok,15,48,33,True,40038,18,61,15,5.2086
358,40,ok,8,24,16,True,40162,16,75,8,5.3869
359,40,ok,24,55,31,True,40286,27,24,24,5.3454
360,40,ok,4,12,8,True,40409,19,334,4,5.4011
361,40,ok,39,101,62,True,40533,17,29,39,5.3934
362,40,ok,6,16,10,True,40657,21,67,6,5.4309
363,40,ok,12,29,17,True,40781,19,57,12,5.4985
364,40,ok,8,22,14,True,40905,17,124,8,5.5118
365,40,ok,27,60,33,True,41029,25,24,27,5.5218
366,40,ok,4,11,7,True,41153,14,186,4,5.669
367,40,ok,30,73,43,True,41277,32,24,30,5.6198
368,40,ok,6,25,19,True,41401,23,126,6,5.7925
369,40,ok,15,44,29,True,41525,15,60,15,5.7955
370,40,ok,8,26,18,True,41652,18,70,8,5.802
371,40,ok,24,73,49,True,41773,24,26,24,5.7956
372,40,ok,4,11,7,True,41897,16,342,4,5.8674
373,40,ok,39,116,77,True,42021,25,26,39,5.8547
374,40,ok,6,13,7,True,42146,26,70,6,5.8386
375,40,ok,12,27,15,True,42270,24,56,12,5.9988
376,40,ok,8,31,23,True,42394,17,128,8,6.0269
377,40,ok,27,71,44,True,42518,28,24,27,5.9756
378,40,ok,4,10,6,True,42643,23,176,4,6.087
379,40,ok,30,72,42,True,42767,28,26,30,6.0944
380,40,ok,6,10,4,True,42892,25,135,6,6.1069
381,40,ok,15,33,18,True,43017,14,54,15,6.1501
382,40,ok,8,23,15,True,43141,17,74,8,6.2408
383,40,ok,24,58,34,True,43265,27,26,24,6.2965
384,40,ok,4,10,6,True,43390,12,350,4,6.3465
385,40,ok,39,94,55,True,43514,18,24,39,6.4575
386,40,ok,6,18,12,True,43641,21,69,6,6.583
387,40,ok,12,39,27,True,43763,22,55,12,6.5547
388,40,ok,8,29,21,True,43888,16,126,8,6.4448
389,40,ok,27,60,33,True,44013,29,26,27,6.6158
390,40,ok,4,14,10,True,44137,17,190,4,6.5261
391,40,ok,30,84,54,True,44262,29,25,30,6.597
392,40,ok,6,20,14,True,44387,38,130,6,6.6426
393,40,ok,15,43,28,True,44512,15,56,15,6.7446
394,40,ok,8,27,19,True,44636,15,69,8,6.8506
395,40,ok,24,64,40,True,44761,23,24,24,6.7682
396,40,ok,4,8,4,True,44886,19,357,4,6.7945
397,40,ok,39,97,58,True,45011,21,24,39,6.8521
398,40,ok,6,19,13,True,45136,22,73,6,6.9131
399,40,ok,12,34,22,True,45261,28,58,12,6.8743
400,40,ok,8,21,13,True,45386,20,121,8,6.9981
401,40,ok,27,78,51,True,45513,26,28,27,6.9426
402,40,ok,4,12,8,True,45636,17,203,4,7.0519
403,40,ok,30,78,48,True,45761,27,26,30,7.1197
404,40,ok,6,23,17,True,45886,23,127,6,7.1835
405,40,ok,15,44,29,True,46011,23,57,15,7.2604
406,40,ok,8,23,15,True,46137,20,72,8,7.2094
407,40,ok,24,58,34,True,46262,25,25,24,7.2205
408,40,ok,4,11,7,True,46387,14,339,4,7.1733
409,40,ok,39,98,59,True,46512,25,24,39,7.3323
410,40,ok,6,14,8,True,46638,21,75,6,7.4626
411,40,ok,12,33,21,True,46763,21,58,12,7.4522
412,40,ok,8,28,20,True,46888,21,136,8,7.5428
413,40,ok,27,76,49,True,47014,30,27,27,7.4656
414,40,ok,4,7,3,True,47139,11,192,4,7.5307
415,40,ok,30,84,54,True,47268,22,24,30,7.6785
416,40,ok,6,13,7,True,47390,24,125,6,7.7343
417,40,ok,15,42,27,True,47515,21,56,15,7.7206
418,40,ok,8,28,20,True,47641,21,71,8,7.634
419,40,ok,24,63,39,True,47766,25,27,24,7.8472
420,40,ok,4,10,6,True,47892,21,345,4,7.918
421,40,ok,39,114,75,True,48018,18,24,39,7.9358
422,40,ok,6,14,8,True,48143,23,70,6,8.19
423,40,ok,12,20,8,True,48269,31,60,12,8.0715
424,40,ok,8,23,15,True,48395,18,136,8,8.144
425,40,ok,27,73,46,True,48520,21,26,27,8.2065
426,40,ok,4,10,6,True,48646,19,183,4,8.1553
427,40,ok,30,79,49,True,48772,39,26,30,8.1166
428,40,ok,6,13,7,True,48898,29,122,6,8.139
429,40,ok,15,42,27,True,49023,20,59,15,8.2598
430,40,ok,8,21,13,True,49149,19,73,8,8.1303
431,40,ok,24,66,42,True,49275,35,25,24,8.2844
432,40,ok,4,11,7,True,49401,15,346,4,8.423
433,40,ok,39,108,69,True,49530,24,28,39,8.3677
434,40,ok,6,16,10,True,49653,26,75,6,8.3093
435,40,ok,12,36,24,True,49779,21,61,12,8.4893
436,40,ok,8,27,19,True,49905,21,133,8,8.507
437,40,ok,27,65,38,True,50031,27,24,27,8.4939
438,40,ok,4,15,11,True,50157,12,198,4,8.6404
439,40,ok,30,82,52,True,50283,28,28,30,8.558
440,40,ok,6,16,10,True,50409,23,120,6,8.7967
441,40,ok,15,44,29,True,50535,21,56,15,8.785
442,40,ok,8,19,11,True,50661,20,71,8,8.7731
443,40,ok,24,65,41,True,50787,26,25,24,8.8339
444,40,ok,4,10,6,True,50914,20,359,4,9.0084
445,40,ok,39,124,85,True,51040,23,29,39,9.0172
446,40,ok,6,16,10,True,51166,21,75,6,8.9663
447,40,ok,12,30,18,True,51292,27,56,12,9.0255
448,40,ok,8,26,18,True,51419,17,139,8,9.0681
449,40,ok,27,66,39,True,51545,28,24,27,9.0949
450,40,ok,4,12,8,True,51671,18,201,4,9.3181
451,40,ok,30,72,42,True,51798,33,26,30,9.2679
452,40,ok,6,12,6,True,51924,20,135,6,9.2496
453,40,ok,15,44,29,True,52051,19,57,15,9.3562
454,40,ok,8,22,14,True,52177,23,81,8,9.35
455,40,ok,24,61,37,True,52304,30,27,24,9.4548
456,40,ok,4,14,10,True,52430,20,363,4,9.4953
457,40,ok,39,108,69,True,52557,23,29,39,9.4951
458,40,ok,6,10,4,True,52683,25,78,6,9.6644
459,40,ok,12,27,15,True,52810,23,60,12,9.6018
460,40,ok,8,20,12,True,52936,19,128,8,9.6397
461,40,ok,27,75,48,True,53063,31,27,27,9.6817
462,40,ok,4,8,4,True,53190,17,192,4,9.8169
463,40,ok,30,83,53,True,53316,37,26,30,9.7841
464,40,ok,6,19,13,True,53443,28,132,6,9.8738
465,40,ok,15,42,27,True,53570,19,59,15,9.9051
466,40,ok,8,24,16,True,53703,18,78,8,10.0181
467,40,ok,24,64,40,True,53823,24,26,24,9.9525
468,40,ok,4,9,5,True,53950,16,355,4,10.1418
469,40,ok,39,96,57,True,54077,21,26,39,10.0395
470,40,ok,6,16,10,True,54204,20,75,6,10.1491
471,40,ok,12,34,22,True,54331,23,56,12,10.116
472,40,ok,8,28,20,True,54458,13,133,8,10.2104
473,40,ok,27,78,51,True,54585,29,26,27,10.2475
474,40,ok,4,11,7,True,54712,21,187,4,10.3605
475,40,ok,30,82,52,True,54839,23,29,30,10.4175
476,40,ok,6,17,11,True,54966,29,123,6,10.5692
477,40,ok,15,33,18,True,55093,26,63,15,10.5301
478,40,ok,8,26,18,True,55220,14,77,8,10.5406
479,40,ok,24,57,33,True,55347,32,28,24,10.5172
480,40,ok,4,15,11,True,55474,14,344,4,10.5866
481,40,ok,39,112,73,True,55601,21,27,39,10.6588
482,40,ok,6,12,6,True,55731,25,76,6,10.6844
483,40,ok,12,33,21,True,55855,25,59,12,10.9229
484,40,ok,8,22,14,True,55983,15,132,8,10.8946
485,40,ok,27,72,45,True,56110,34,25,27,10.942
486,40,ok,4,15,11,True,56238,17,185,4,10.9917
487,40,ok,30,77,47,True,56364,36,26,30,10.9868
488,40,ok,6,21,15,True,56492,23,133,6,11.0379
489,40,ok,15,44,29,True,56619,19,57,15,11.3077
490,40,ok,8,30,22,True,56746,15,77,8,11.0908
491,40,ok,24,53,29,True,56874,28,27,24,11.1217
492,40,ok,4,16,12,True,57001,18,375,4,11.2982
493,40,ok,39,107,68,True,57128,22,29,39,11.305
494,40,ok,6,15,9,True,57256,30,73,6,11.5846
495,40,ok,12,44,32,True,57383,28,61,12,11.4542
496,40,ok,8,20,12,True,57511,27,137,8,11.5086
497,40,ok,27,61,34,True,57638,30,26,27,11.4657
498,40,ok,4,12,8,True,57766,20,190,4,11.0675
499,40,ok,30,73,43,True,57893,25,27,30,10.8608
500,40,ok,6,11,5,True,58021,19,133,6,10.4113
