k,b,status,cyc_modular,num_attractors,delta,lower_bound_ok,signature_mass_all_exact,M,max_tail_depth_overall,branching_max,distinct_modular_anchors,elapsed_s
1,2,ok,1,1,0,True,True,3,2,2,1,0.0003
2,2,ok,1,1,0,True,True,7,3,3,1,0.0003
3,2,ok,1,1,0,True,True,12,3,5,1,0.0003
4,2,ok,1,3,2,True,True,18,3,5,1,0.0004
5,2,ok,1,4,3,True,True,24,3,7,1,0.0004
6,2,ok,1,3,2,True,True,31,4,5,1,0.0004
8,2,ok,1,5,4,True,True,45,3,6,1,0.0005
7,2,ok,1,1,0,True,True,38,8,6,1,0.0005
9,2,ok,1,2,1,True,True,53,7,6,1,0.0005
10,2,ok,1,5,4,True,True,61,4,9,1,0.0006
11,2,ok,1,3,2,True,True,68,4,9,1,0.0007
12,2,ok,1,2,1,True,True,76,11,8,1,0.0009
13,2,ok,1,4,3,True,True,85,6,9,1,0.0009
14,2,ok,1,3,2,True,True,93,5,11,1,0.0011
15,2,ok,1,3,2,True,True,101,5,9,1,0.0012
16,2,ok,1,3,2,True,True,110,5,9,1,0.0014
17,2,ok,1,5,4,True,True,119,10,10,1,0.0016
18,2,ok,1,5,4,True,True,127,7,9,1,0.0017
19,2,ok,1,4,3,True,True,136,12,8,1,0.002
20,2,ok,1,3,2,True,True,145,7,8,1,0.0022
21,2,ok,1,3,2,True,True,154,15,8,1,0.0023
22,2,ok,1,2,1,True,True,163,9,11,1,0.0028
23,2,ok,1,5,4,True,True,172,14,8,1,0.0032
24,2,ok,1,3,2,True,True,181,6,10,1,0.0035
26,2,ok,1,6,5,True,True,200,9,10,1,0.0037
25,2,ok,1,3,2,True,True,191,10,8,1,0.0044
27,2,ok,1,4,3,True,True,210,10,11,1,0.0042
28,2,ok,1,4,3,True,True,219,8,10,1,0.0046
29,2,ok,1,3,2,True,True,229,8,12,1,0.0049
30,2,ok,1,3,2,True,True,238,14,13,1,0.0055
31,2,ok,1,6,5,True,True,248,12,11,1,0.0056
32,2,ok,1,3,2,True,True,258,20,11,1,0.0063
33,2,ok,1,5,4,True,True,268,6,13,1,0.0062
34,2,ok,1,4,3,True,True,277,21,12,1,0.007
35,2,ok,1,7,6,True,True,287,9,12,1,0.0076
36,2,ok,1,4,3,True,True,297,9,10,1,0.008
37,2,ok,1,5,4,True,True,307,8,10,1,0.0086
38,2,ok,1,2,1,True,True,317,21,9,1,0.0089
39,2,ok,1,6,5,True,True,327,10,12,1,0.0098
40,2,ok,1,3,2,True,True,337,14,12,1,0.0101
41,2,ok,1,3,2,True,True,347,9,12,1,0.0106
42,2,ok,1,5,4,True,True,358,12,12,1,0.0117
43,2,ok,1,5,4,True,True,368,13,11,1,0.0123
44,2,ok,1,3,2,True,True,378,10,13,1,0.0148
45,2,ok,1,3,2,True,True,388,10,15,1,0.0136
47,2,ok,1,3,2,True,True,409,24,10,1,0.0149
46,2,ok,1,2,1,True,True,399,9,12,1,0.0167
49,2,ok,1,2,1,True,True,430,11,14,1,0.018
48,2,ok,1,3,2,True,True,420,11,12,1,0.0202
51,2,ok,1,3,2,True,True,451,21,15,1,0.0211
50,2,ok,1,5,4,True,True,441,15,11,1,0.0221
52,2,ok,1,5,4,True,True,462,10,13,1,0.0204
53,2,ok,1,7,6,True,True,472,10,12,1,0.0203
55,2,ok,1,4,3,True,True,493,16,14,1,0.0217
54,2,ok,1,4,3,True,True,483,13,9,1,0.0226
56,2,ok,1,3,2,True,True,504,25,13,1,0.0222
58,2,ok,1,4,3,True,True,526,20,12,1,0.0254
59,2,ok,1,4,3,True,True,536,14,13,1,0.0278
62,2,ok,1,4,3,True,True,569,10,13,1,0.0278
57,2,ok,1,6,5,True,True,515,18,11,1,0.0399
63,2,ok,1,3,2,True,True,580,19,14,1,0.0331
64,2,ok,1,7,6,True,True,591,23,11,1,0.0325
61,2,ok,1,4,3,True,True,558,21,14,1,0.0393
60,2,ok,1,5,4,True,True,547,17,13,1,0.0426
67,2,ok,1,3,2,True,True,623,14,14,1,0.0345
66,2,ok,1,2,1,True,True,612,26,14,1,0.035
65,2,ok,1,2,1,True,True,602,28,12,1,0.0417
70,2,ok,1,6,5,True,True,657,11,11,1,0.0393
69,2,ok,1,2,1,True,True,645,21,13,1,0.0464
68,2,ok,1,2,1,True,True,634,14,15,1,0.0577
72,2,ok,1,3,2,True,True,679,12,16,1,0.0404
71,2,ok,1,3,2,True,True,668,23,12,1,0.05
75,2,ok,1,3,2,True,True,712,27,13,1,0.0448
74,2,ok,1,5,4,True,True,701,14,13,1,0.0467
73,2,ok,1,5,4,True,True,690,16,14,1,0.0594
76,2,ok,1,4,3,True,True,723,11,12,1,0.0576
79,2,ok,1,8,7,True,True,757,11,14,1,0.0567
78,2,ok,1,4,3,True,True,746,18,12,1,0.0576
80,2,ok,1,7,6,True,True,768,19,14,1,0.0593
77,2,ok,1,3,2,True,True,735,19,17,1,0.0631
81,2,ok,1,3,2,True,True,780,25,15,1,0.0717
82,2,ok,1,5,4,True,True,791,12,18,1,0.0631
83,2,ok,1,7,6,True,True,802,12,14,1,0.0616
85,2,ok,1,4,3,True,True,825,14,17,1,0.0636
84,2,ok,1,4,3,True,True,814,16,14,1,0.0748
87,2,ok,1,5,4,True,True,848,23,15,1,0.068
86,2,ok,1,3,2,True,True,836,30,14,1,0.0777
90,2,ok,1,5,4,True,True,882,20,16,1,0.0759
88,2,ok,1,4,3,True,True,859,18,15,1,0.08
91,2,ok,1,5,4,True,True,894,13,20,1,0.0786
89,2,ok,1,3,2,True,True,871,12,15,1,0.0815
92,2,ok,1,4,3,True,True,905,39,13,1,0.0794
93,2,ok,1,5,4,True,True,917,16,15,1,0.0791
94,2,ok,1,4,3,True,True,928,15,14,1,0.0862
95,2,ok,1,5,4,True,True,940,27,12,1,0.0878
97,2,ok,1,4,3,True,True,963,14,14,1,0.0893
98,2,ok,1,6,5,True,True,974,17,15,1,0.0931
96,2,ok,1,5,4,True,True,951,9,18,1,0.1039
99,2,ok,1,5,4,True,True,986,27,14,1,0.0997
100,2,ok,1,4,3,True,True,998,16,15,1,0.1047
101,2,ok,1,5,4,True,True,1009,22,15,1,0.0976
103,2,ok,1,2,1,True,True,1033,18,18,1,0.0991
104,2,ok,1,4,3,True,True,1044,23,14,1,0.1081
105,2,ok,1,5,4,True,True,1056,24,15,1,0.1089
102,2,ok,1,6,5,True,True,1021,16,17,1,0.1173
106,2,ok,1,8,7,True,True,1068,21,13,1,0.1128
107,2,ok,1,3,2,True,True,1080,36,15,1,0.1172
108,2,ok,1,4,3,True,True,1091,18,14,1,0.119
111,2,ok,1,6,5,True,True,1127,23,15,1,0.1148
109,2,ok,1,4,3,True,True,1103,17,15,1,0.1286
112,2,ok,1,3,2,True,True,1139,17,17,1,0.1343
110,2,ok,1,3,2,True,True,1115,29,12,1,0.1394
114,2,ok,1,3,2,True,True,1162,32,20,1,0.1351
115,2,ok,1,2,1,True,True,1174,26,14,1,0.1342
116,2,ok,1,2,1,True,True,1186,21,14,1,0.1362
118,2,ok,1,2,1,True,True,1210,27,13,1,0.1405
113,2,ok,1,2,1,True,True,1150,19,15,1,0.1677
119,2,ok,1,2,1,True,True,1222,19,15,1,0.1453
120,2,ok,1,4,3,True,True,1234,24,15,1,0.147
117,2,ok,1,5,4,True,True,1198,26,15,1,0.1614
121,2,ok,1,3,2,True,True,1246,26,14,1,0.152
123,2,ok,1,3,2,True,True,1270,19,13,1,0.1534
125,2,ok,1,3,2,True,True,1294,15,16,1,0.1589
124,2,ok,1,8,7,True,True,1282,18,17,1,0.1679
128,2,ok,1,6,5,True,True,1330,20,15,1,0.1657
126,2,ok,1,4,3,True,True,1306,24,15,1,0.1721
129,2,ok,1,5,4,True,True,1342,26,15,1,0.1708
130,2,ok,1,4,3,True,True,1354,24,14,1,0.1707
122,2,ok,1,5,4,True,True,1258,28,13,1,0.2008
132,2,ok,1,4,3,True,True,1378,20,18,1,0.1805
131,2,ok,1,5,4,True,True,1366,11,20,1,0.1872
127,2,ok,1,3,2,True,True,1318,32,13,1,0.2079
133,2,ok,1,4,3,True,True,1390,19,13,1,0.1917
135,2,ok,1,5,4,True,True,1414,19,15,1,0.1909
136,2,ok,1,4,3,True,True,1426,30,18,1,0.1934
134,2,ok,1,4,3,True,True,1402,23,15,1,0.2251
137,2,ok,1,5,4,True,True,1439,29,18,1,0.2032
139,2,ok,1,5,4,True,True,1463,26,15,1,0.2003
140,2,ok,1,3,2,True,True,1475,14,15,1,0.2376
142,2,ok,1,5,4,True,True,1500,14,16,1,0.2228
143,2,ok,1,2,1,True,True,1512,28,14,1,0.2189
144,2,ok,1,7,6,True,True,1524,20,15,1,0.2324
145,2,ok,1,4,3,True,True,1536,15,16,1,0.2323
138,2,ok,1,3,2,True,True,1451,27,16,1,0.2848
141,2,ok,1,4,3,True,True,1487,27,15,1,0.2622
146,2,ok,1,3,2,True,True,1549,39,17,1,0.246
149,2,ok,1,4,3,True,True,1585,24,20,1,0.2489
148,2,ok,1,5,4,True,True,1573,23,18,1,0.2523
147,2,ok,1,7,6,True,True,1561,19,16,1,0.2565
151,2,ok,1,4,3,True,True,1610,27,18,1,0.2425
150,2,ok,1,2,1,True,True,1598,40,17,1,0.2577
152,2,ok,1,3,2,True,True,1622,34,13,1,0.2572
156,2,ok,1,5,4,True,True,1672,24,16,1,0.2561
155,2,ok,1,3,2,True,True,1659,38,16,1,0.2625
160,2,ok,1,5,4,True,True,1721,25,15,1,0.2823
153,2,ok,1,5,4,True,True,1635,22,18,1,0.3328
154,2,ok,1,5,4,True,True,1647,44,18,1,0.3478
161,2,ok,1,6,5,True,True,1734,43,15,1,0.3003
158,2,ok,1,5,4,True,True,1697,28,15,1,0.3363
157,2,ok,1,5,4,True,True,1684,32,16,1,0.3488
164,2,ok,1,6,5,True,True,1771,19,19,1,0.307
163,2,ok,1,5,4,True,True,1759,29,15,1,0.3159
165,2,ok,1,5,4,True,True,1784,30,17,1,0.3086
159,2,ok,1,6,5,True,True,1709,24,16,1,0.3976
169,2,ok,1,6,5,True,True,1833,21,18,1,0.3196
166,2,ok,1,5,4,True,True,1796,23,18,1,0.3391
167,2,ok,1,5,4,True,True,1808,25,18,1,0.3426
162,2,ok,1,4,3,True,True,1746,28,18,1,0.4079
173,2,ok,1,5,4,True,True,1884,31,17,1,0.3697
172,2,ok,1,8,7,True,True,1871,16,15,1,0.3844
171,2,ok,1,5,4,True,True,1858,32,16,1,0.3942
168,2,ok,1,5,4,True,True,1821,35,15,1,0.4485
174,2,ok,1,6,5,True,True,1896,28,18,1,0.3805
170,2,ok,1,4,3,True,True,1846,25,14,1,0.4203
177,2,ok,1,5,4,True,True,1934,26,15,1,0.3732
181,2,ok,1,7,6,True,True,1984,24,18,1,0.3797
176,2,ok,1,6,5,True,True,1921,41,14,1,0.4507
182,2,ok,1,2,1,True,True,1997,30,16,1,0.4143
179,2,ok,1,6,5,True,True,1959,28,20,1,0.4299
178,2,ok,1,7,6,True,True,1946,27,20,1,0.4421
180,2,ok,1,4,3,True,True,1972,25,15,1,0.4497
184,2,ok,1,5,4,True,True,2022,28,17,1,0.4002
175,2,ok,1,3,2,True,True,1909,27,15,1,0.4963
185,2,ok,1,4,3,True,True,2035,29,17,1,0.4073
183,2,ok,1,5,4,True,True,2009,32,15,1,0.4651
186,2,ok,1,6,5,True,True,2047,20,16,1,0.3905
189,2,ok,1,4,3,True,True,2085,28,17,1,0.4215
187,2,ok,1,4,3,True,True,2060,21,16,1,0.4634
188,2,ok,1,8,7,True,True,2073,26,16,1,0.456
192,2,ok,1,3,2,True,True,2123,34,16,1,0.4351
194,2,ok,1,7,6,True,True,2149,19,15,1,0.4403
190,2,ok,1,6,5,True,True,2098,35,20,1,0.4767
191,2,ok,1,4,3,True,True,2111,23,20,1,0.4936
193,2,ok,1,4,3,True,True,2136,22,23,1,0.4944
196,2,ok,1,4,3,True,True,2174,39,18,1,0.4565
197,2,ok,1,5,4,True,True,2187,33,16,1,0.459
198,2,ok,1,3,2,True,True,2200,16,15,1,0.531
195,2,ok,1,2,1,True,True,2162,30,21,1,0.5761
201,2,ok,1,2,1,True,True,2238,31,19,1,0.4838
200,2,ok,1,4,3,True,True,2225,29,18,1,0.5082
202,2,ok,1,3,2,True,True,2251,25,18,1,0.5061
206,2,ok,1,6,5,True,True,2302,31,20,1,0.5265
204,2,ok,1,6,5,True,True,2277,27,22,1,0.5664
199,2,ok,1,4,3,True,True,2213,28,20,1,0.6564
207,2,ok,1,2,1,True,True,2315,39,18,1,0.5278
205,2,ok,1,2,1,True,True,2289,23,16,1,0.5909
209,2,ok,1,5,4,True,True,2341,26,16,1,0.5599
210,2,ok,1,3,2,True,True,2354,34,17,1,0.5614
203,2,ok,1,7,6,True,True,2264,12,16,1,0.661
213,2,ok,1,3,2,True,True,2392,24,21,1,0.5452
211,2,ok,1,4,3,True,True,2366,35,18,1,0.5641
212,2,ok,1,5,4,True,True,2379,28,16,1,0.5863
215,2,ok,1,4,3,True,True,2418,33,17,1,0.571
208,2,ok,1,4,3,True,True,2328,35,16,1,0.6494
216,2,ok,1,5,4,True,True,2431,26,22,1,0.5835
217,2,ok,1,5,4,True,True,2444,27,17,1,0.5778
218,2,ok,1,7,6,True,True,2457,38,19,1,0.6016
221,2,ok,1,5,4,True,True,2495,44,16,1,0.6231
214,2,ok,1,6,5,True,True,2405,19,16,1,0.7946
222,2,ok,1,4,3,True,True,2508,27,17,1,0.6468
220,2,ok,1,6,5,True,True,2483,22,20,1,0.6812
219,2,ok,1,5,4,True,True,2470,22,17,1,0.6987
225,2,ok,1,5,4,True,True,2547,28,20,1,0.6484
226,2,ok,1,6,5,True,True,2560,46,18,1,0.6438
223,2,ok,1,3,2,True,True,2521,32,22,1,0.7272
227,2,ok,1,4,3,True,True,2573,24,16,1,0.6738
224,2,ok,1,4,3,True,True,2534,19,19,1,0.7315
228,2,ok,1,6,5,True,True,2586,40,18,1,0.6504
230,2,ok,1,9,8,True,True,2612,22,21,1,0.676
231,2,ok,1,6,5,True,True,2625,32,20,1,0.6943
232,2,ok,1,4,3,True,True,2638,28,19,1,0.6939
233,2,ok,1,2,1,True,True,2651,35,19,1,0.714
236,2,ok,1,4,3,True,True,2690,30,17,1,0.7132
234,2,ok,1,4,3,True,True,2664,20,18,1,0.7589
229,2,ok,1,4,3,True,True,2599,27,21,1,0.9148
238,2,ok,1,4,3,True,True,2716,29,18,1,0.7385
237,2,ok,1,3,2,True,True,2703,25,20,1,0.7947
239,2,ok,1,6,5,True,True,2729,28,16,1,0.7437
241,2,ok,1,4,3,True,True,2756,48,15,1,0.7442
242,2,ok,1,4,3,True,True,2769,23,19,1,0.7492
244,2,ok,1,5,4,True,True,2795,35,16,1,0.7555
243,2,ok,1,4,3,True,True,2782,37,19,1,0.7888
246,2,ok,1,4,3,True,True,2821,34,17,1,0.7815
247,2,ok,1,3,2,True,True,2834,44,19,1,0.7718
235,2,ok,1,8,7,True,True,2677,20,24,1,0.9886
245,2,ok,1,7,6,True,True,2808,34,17,1,0.8646
248,2,ok,1,3,2,True,True,2847,58,20,1,0.7904
249,2,ok,1,4,3,True,True,2860,25,21,1,0.8024
240,2,ok,1,4,3,True,True,2743,66,15,1,1.0392
251,2,ok,1,4,3,True,True,2887,31,15,1,0.8427
255,2,ok,1,4,3,True,True,2939,18,20,1,0.8417
254,2,ok,1,6,5,True,True,2926,33,18,1,0.8448
253,2,ok,1,2,1,True,True,2913,42,16,1,0.9186
252,2,ok,1,4,3,True,True,2900,32,18,1,0.9619
257,2,ok,1,3,2,True,True,2966,33,17,1,0.9012
259,2,ok,1,5,4,True,True,2992,25,19,1,0.8927
256,2,ok,1,5,4,True,True,2953,41,19,1,0.958
258,2,ok,1,4,3,True,True,2979,36,16,1,0.9948
260,2,ok,1,3,2,True,True,3005,28,19,1,0.9075
250,2,ok,1,7,6,True,True,2874,27,16,1,1.1501
261,2,ok,1,5,4,True,True,3018,37,21,1,0.9084
262,2,ok,1,4,3,True,True,3032,54,18,1,0.9342
263,2,ok,1,5,4,True,True,3045,32,17,1,0.9518
264,2,ok,1,3,2,True,True,3058,27,18,1,0.9297
265,2,ok,1,5,4,True,True,3071,43,19,1,0.9983
267,2,ok,1,3,2,True,True,3098,26,16,1,0.9706
269,2,ok,1,8,7,True,True,3124,39,16,1,0.9752
270,2,ok,1,6,5,True,True,3138,23,21,1,0.9682
268,2,ok,1,6,5,True,True,3111,27,20,1,1.0287
271,2,ok,1,7,6,True,True,3151,37,18,1,1.0127
272,2,ok,1,2,1,True,True,3164,47,19,1,0.9989
275,2,ok,1,3,2,True,True,3204,40,16,1,1.0503
274,2,ok,1,7,6,True,True,3191,24,23,1,1.0727
273,2,ok,1,8,7,True,True,3177,20,15,1,1.1246
278,2,ok,1,5,4,True,True,3244,33,19,1,1.031
279,2,ok,1,4,3,True,True,3257,49,18,1,1.0599
277,2,ok,1,6,5,True,True,3231,23,20,1,1.2152
282,2,ok,1,5,4,True,True,3297,51,20,1,1.0938
281,2,ok,1,5,4,True,True,3284,19,25,1,1.1421
283,2,ok,1,6,5,True,True,3311,35,23,1,1.1044
266,2,ok,1,8,7,True,True,3085,20,15,1,1.5566
286,2,ok,1,5,4,True,True,3351,55,16,1,1.1984
285,2,ok,1,5,4,True,True,3337,47,19,1,1.2537
287,2,ok,1,4,3,True,True,3364,22,18,1,1.2071
290,2,ok,1,5,4,True,True,3404,33,15,1,1.1917
276,2,ok,1,5,4,True,True,3217,22,18,1,1.7184
293,2,ok,1,5,4,True,True,3444,39,16,1,1.1924
284,2,ok,1,7,6,True,True,3324,41,20,1,1.458
292,2,ok,1,3,2,True,True,3431,45,19,1,1.2785
280,2,ok,1,4,3,True,True,3271,27,17,1,1.7697
294,2,ok,1,4,3,True,True,3458,39,16,1,1.282
295,2,ok,1,6,5,True,True,3471,33,17,1,1.2776
288,2,ok,1,4,3,True,True,3377,41,18,1,1.5292
289,2,ok,1,5,4,True,True,3391,37,18,1,1.5441
298,2,ok,1,5,4,True,True,3511,23,16,1,1.2459
299,2,ok,1,7,6,True,True,3525,42,17,1,1.2857
297,2,ok,1,4,3,True,True,3498,26,19,1,1.3288
296,2,ok,1,3,2,True,True,3484,40,17,1,1.3672
302,2,ok,1,5,4,True,True,3565,31,19,1,1.3037
301,2,ok,1,4,3,True,True,3551,27,20,1,1.3355
300,2,ok,1,5,4,True,True,3538,33,18,1,1.4146
303,2,ok,1,5,4,True,True,3578,34,22,1,1.3007
304,2,ok,1,4,3,True,True,3592,39,24,1,1.3414
306,2,ok,1,4,3,True,True,3619,47,18,1,1.3818
305,2,ok,1,4,3,True,True,3605,52,20,1,1.4565
291,2,ok,1,6,5,True,True,3417,24,23,1,2.0025
307,2,ok,1,6,5,True,True,3632,28,18,1,1.3695
309,2,ok,1,5,4,True,True,3659,24,14,1,1.332
310,2,ok,1,5,4,True,True,3673,44,18,1,1.3836
311,2,ok,1,5,4,True,True,3686,23,22,1,1.4086
308,2,ok,1,3,2,True,True,3646,56,17,1,1.6819
313,2,ok,1,4,3,True,True,3713,49,17,1,1.4315
315,2,ok,1,6,5,True,True,3740,24,21,1,1.4086
316,2,ok,1,3,2,True,True,3754,55,20,1,1.4122
314,2,ok,1,7,6,True,True,3727,54,17,1,1.5311
318,2,ok,1,3,2,True,True,3781,34,17,1,1.4377
320,2,ok,1,3,2,True,True,3808,43,20,1,1.4904
312,2,ok,1,3,2,True,True,3700,37,18,1,2.0148
319,2,ok,1,8,7,True,True,3794,26,16,1,1.6185
322,2,ok,1,5,4,True,True,3835,29,18,1,1.5212
323,2,ok,1,3,2,True,True,3848,37,15,1,1.5484
326,2,ok,1,4,3,True,True,3889,33,20,1,1.5348
324,2,ok,1,5,4,True,True,3862,18,16,1,1.6715
327,2,ok,1,4,3,True,True,3903,41,18,1,1.5441
325,2,ok,1,6,5,True,True,3875,25,17,1,1.6328
328,2,ok,1,5,4,True,True,3916,29,21,1,1.6648
330,2,ok,1,3,2,True,True,3943,31,19,1,1.6002
331,2,ok,1,5,4,True,True,3957,53,16,1,1.6105
317,2,ok,1,5,4,True,True,3767,32,18,1,2.1214
329,2,ok,1,4,3,True,True,3930,32,18,1,1.7604
321,2,ok,1,8,7,True,True,3821,38,18,1,2.0913
333,2,ok,1,3,2,True,True,3984,40,20,1,1.7071
334,2,ok,1,6,5,True,True,3998,25,18,1,1.6775
332,2,ok,1,4,3,True,True,3971,50,24,1,1.7836
335,2,ok,1,3,2,True,True,4011,34,20,1,1.8484
336,2,ok,1,3,2,True,True,4025,27,18,1,1.9295
338,2,ok,1,8,7,True,True,4052,26,18,1,1.8831
341,2,ok,1,6,5,True,True,4093,24,24,1,1.7052
339,2,ok,1,4,3,True,True,4066,88,23,1,1.8739
337,2,ok,1,9,8,True,True,4039,20,19,1,2.101
340,2,ok,1,6,5,True,True,4079,23,19,1,1.9155
345,2,ok,1,7,6,True,True,4148,20,18,1,1.7956
344,2,ok,1,4,3,True,True,4134,29,18,1,1.8751
343,2,ok,1,4,3,True,True,4120,47,18,1,1.9371
347,2,ok,1,5,4,True,True,4175,40,17,1,1.774
342,2,ok,1,4,3,True,True,4107,55,21,1,2.0393
346,2,ok,1,6,5,True,True,4161,33,18,1,2.0138
348,2,ok,1,6,5,True,True,4189,39,16,1,2.0008
353,2,ok,1,3,2,True,True,4257,40,20,1,1.8375
352,2,ok,1,7,6,True,True,4243,24,24,1,1.9984
350,2,ok,1,3,2,True,True,4216,48,21,1,2.2929
349,2,ok,1,3,2,True,True,4202,59,20,1,2.3124
351,2,ok,1,6,5,True,True,4230,48,19,1,2.2867
358,2,ok,1,4,3,True,True,4326,31,21,1,1.9831
359,2,ok,1,6,5,True,True,4339,36,22,1,2.0109
357,2,ok,1,5,4,True,True,4312,58,18,1,2.0651
354,2,ok,1,4,3,True,True,4271,40,16,1,2.4288
355,2,ok,1,4,3,True,True,4284,30,16,1,2.4149
364,2,ok,1,2,1,True,True,4408,50,22,1,2.0491
361,2,ok,1,6,5,True,True,4367,27,18,1,2.2133
356,2,ok,1,5,4,True,True,4298,26,20,1,2.489
360,2,ok,1,5,4,True,True,4353,58,19,1,2.4389
365,2,ok,1,9,8,True,True,4422,45,16,1,2.2562
366,2,ok,1,6,5,True,True,4435,21,20,1,2.0278
368,2,ok,1,9,8,True,True,4463,34,24,1,2.0007
363,2,ok,1,3,2,True,True,4394,38,18,1,2.4366
362,2,ok,1,3,2,True,True,4381,43,18,1,2.473
369,2,ok,1,7,6,True,True,4477,23,16,1,2.0338
367,2,ok,1,3,2,True,True,4449,38,20,1,2.1527
371,2,ok,1,4,3,True,True,4504,34,20,1,2.0969
372,2,ok,1,4,3,True,True,4518,27,20,1,2.2197
374,2,ok,1,3,2,True,True,4546,38,20,1,2.0579
373,2,ok,1,5,4,True,True,4532,49,20,1,2.0999
376,2,ok,1,7,6,True,True,4573,39,20,1,2.1425
375,2,ok,1,7,6,True,True,4559,41,20,1,2.1942
370,2,ok,1,5,4,True,True,4491,24,19,1,2.5981
378,2,ok,1,4,3,True,True,4601,36,21,1,2.3063
379,2,ok,1,4,3,True,True,4615,29,21,1,2.1862
377,2,ok,1,6,5,True,True,4587,36,27,1,2.5385
380,2,ok,1,2,1,True,True,4628,40,20,1,2.1988
381,2,ok,1,1,0,True,True,4642,54,16,1,2.2194
385,2,ok,1,6,5,True,True,4698,26,22,1,2.2566
386,2,ok,1,4,3,True,True,4711,50,20,1,2.2318
387,2,ok,1,8,7,True,True,4725,74,20,1,2.3763
382,2,ok,1,4,3,True,True,4656,36,24,1,2.6148
390,2,ok,1,2,1,True,True,4767,42,26,1,2.3308
384,2,ok,1,4,3,True,True,4684,48,18,1,2.8671
383,2,ok,1,4,3,True,True,4670,50,23,1,2.9658
391,2,ok,1,7,6,True,True,4781,41,19,1,2.6072
395,2,ok,1,2,1,True,True,4836,33,19,1,2.4048
388,2,ok,1,4,3,True,True,4739,23,22,1,2.7419
396,2,ok,1,3,2,True,True,4850,24,19,1,2.4461
394,2,ok,1,8,7,True,True,4822,36,18,1,2.6631
399,2,ok,1,6,5,True,True,4892,54,18,1,2.4891
389,2,ok,1,8,7,True,True,4753,41,20,1,3.0277
392,2,ok,1,7,6,True,True,4794,20,23,1,2.992
400,2,ok,1,6,5,True,True,4906,41,30,1,2.7474
393,2,ok,1,2,1,True,True,4808,54,17,1,3.0938
401,2,ok,1,6,5,True,True,4919,36,21,1,2.686
402,2,ok,1,8,7,True,True,4933,37,18,1,2.6221
403,2,ok,1,6,5,True,True,4947,59,20,1,2.5358
397,2,ok,1,8,7,True,True,4864,29,20,1,3.1657
404,2,ok,1,8,7,True,True,4961,21,17,1,2.6533
405,2,ok,1,3,2,True,True,4975,46,17,1,2.5581
398,2,ok,1,5,4,True,True,4878,34,25,1,3.2336
406,2,ok,1,4,3,True,True,4989,43,18,1,2.7077
409,2,ok,1,8,7,True,True,5031,22,24,1,2.693
407,2,ok,1,5,4,True,True,5003,36,18,1,3.0489
408,2,ok,1,2,1,True,True,5017,76,20,1,2.8367
411,2,ok,1,2,1,True,True,5059,60,19,1,2.6596
412,2,ok,1,4,3,True,True,5073,38,24,1,2.7387
413,2,ok,1,4,3,True,True,5086,28,20,1,2.6429
410,2,ok,1,7,6,True,True,5045,36,20,1,3.2353
414,2,ok,1,7,6,True,True,5100,35,21,1,2.7088
415,2,ok,1,7,6,True,True,5114,26,21,1,2.7801
417,2,ok,1,7,6,True,True,5142,34,20,1,2.6693
418,2,ok,1,3,2,True,True,5156,47,18,1,2.8942
416,2,ok,1,4,3,True,True,5128,32,19,1,3.249
421,2,ok,1,5,4,True,True,5198,27,20,1,2.807
420,2,ok,1,7,6,True,True,5184,55,18,1,3.0308
419,2,ok,1,5,4,True,True,5170,34,20,1,3.1882
425,2,ok,1,2,1,True,True,5254,45,16,1,2.8631
423,2,ok,1,7,6,True,True,5226,28,18,1,3.0227
422,2,ok,1,3,2,True,True,5212,41,24,1,3.2084
426,2,ok,1,7,6,True,True,5268,37,18,1,2.9371
424,2,ok,1,6,5,True,True,5240,30,21,1,3.1469
427,2,ok,1,3,2,True,True,5282,52,20,1,3.0448
430,2,ok,1,6,5,True,True,5324,30,21,1,2.951
432,2,ok,1,4,3,True,True,5352,39,19,1,2.8727
431,2,ok,1,3,2,True,True,5338,32,18,1,2.9341
428,2,ok,1,4,3,True,True,5296,68,18,1,3.1447
434,2,ok,1,6,5,True,True,5380,45,20,1,2.9298
435,2,ok,1,3,2,True,True,5394,52,17,1,2.966
433,2,ok,1,4,3,True,True,5366,27,18,1,3.0335
429,2,ok,1,7,6,True,True,5310,22,21,1,3.3126
437,2,ok,1,5,4,True,True,5422,41,19,1,3.1482
436,2,ok,1,4,3,True,True,5408,40,22,1,3.4723
438,2,ok,1,2,1,True,True,5436,73,20,1,3.0542
439,2,ok,1,7,6,True,True,5450,49,27,1,3.0994
441,2,ok,1,5,4,True,True,5478,37,20,1,3.0579
442,2,ok,1,5,4,True,True,5493,41,19,1,3.0344
440,2,ok,1,7,6,True,True,5464,27,18,1,3.3727
443,2,ok,1,3,2,True,True,5507,34,18,1,3.0559
445,2,ok,1,3,2,True,True,5535,54,20,1,3.0648
446,2,ok,1,5,4,True,True,5549,84,16,1,3.2175
447,2,ok,1,4,3,True,True,5563,26,20,1,3.1446
444,2,ok,1,4,3,True,True,5521,37,24,1,3.5194
448,2,ok,1,3,2,True,True,5577,27,18,1,3.153
450,2,ok,1,5,4,True,True,5605,32,21,1,3.2247
453,2,ok,1,5,4,True,True,5647,34,17,1,3.3086
449,2,ok,1,3,2,True,True,5591,34,20,1,3.7151
456,2,ok,1,2,1,True,True,5690,40,18,1,3.3101
451,2,ok,1,5,4,True,True,5619,46,20,1,3.6122
458,2,ok,1,2,1,True,True,5718,28,21,1,3.4395
460,2,ok,1,7,6,True,True,5746,52,22,1,3.3408
452,2,ok,1,5,4,True,True,5633,35,20,1,3.9191
454,2,ok,1,7,6,True,True,5661,48,21,1,3.8547
457,2,ok,1,5,4,True,True,5704,33,22,1,3.7133
459,2,ok,1,5,4,True,True,5732,26,21,1,3.5031
455,2,ok,1,7,6,True,True,5676,27,21,1,3.8741
461,2,ok,1,2,1,True,True,5760,60,19,1,3.6326
463,2,ok,1,5,4,True,True,5788,39,22,1,3.5399
465,2,ok,1,4,3,True,True,5817,48,21,1,3.495
464,2,ok,1,4,3,True,True,5803,40,20,1,3.523
462,2,ok,1,3,2,True,True,5774,39,19,1,3.7298
467,2,ok,1,4,3,True,True,5845,43,20,1,3.5617
469,2,ok,1,6,5,True,True,5873,67,22,1,3.6217
470,2,ok,1,7,6,True,True,5887,28,20,1,3.5659
466,2,ok,1,4,3,True,True,5831,48,21,1,4.238
471,2,ok,1,5,4,True,True,5902,34,23,1,3.6363
1,3,ok,2,2,0,True,True,5,2,2,2,0.0001
2,3,ok,2,4,2,True,True,11,1,3,2,0.0001
3,3,ok,2,4,2,True,True,18,3,6,2,0.0002
4,3,ok,2,3,1,True,True,26,4,5,2,0.0002
5,3,ok,2,3,1,True,True,35,4,6,2,0.0002
6,3,ok,2,2,0,True,True,44,5,4,2,0.0003
7,3,ok,2,8,6,True,True,53,5,5,2,0.0004
8,3,ok,2,8,6,True,True,63,4,7,2,0.0005
9,3,ok,2,7,5,True,True,73,7,6,2,0.0006
10,3,ok,2,2,0,True,True,83,7,7,2,0.0006
11,3,ok,2,3,1,True,True,93,8,9,2,0.0008
12,3,ok,2,4,2,True,True,104,9,7,2,0.0009
13,3,ok,2,7,5,True,True,115,5,8,2,0.0011
14,3,ok,2,8,6,True,True,126,7,9,2,0.0013
15,3,ok,2,8,6,True,True,137,8,10,2,0.0014
16,3,ok,2,7,5,True,True,148,8,7,2,0.0016
17,3,ok,2,3,1,True,True,159,6,12,2,0.0017
18,3,ok,2,6,4,True,True,171,10,9,2,0.002
19,3,ok,2,6,4,True,True,183,10,8,2,0.0022
20,3,ok,2,5,3,True,True,194,10,9,2,0.0024
21,3,ok,2,8,6,True,True,206,9,9,2,0.0027
22,3,ok,2,9,7,True,True,218,9,8,2,0.003
23,3,ok,2,4,2,True,True,230,9,11,2,0.0032
24,3,ok,2,5,3,True,True,242,17,8,2,0.0035
25,3,ok,2,7,5,True,True,255,8,10,2,0.0039
26,3,ok,2,6,4,True,True,267,8,9,2,0.0042
27,3,ok,2,7,5,True,True,279,13,8,2,0.0045
28,3,ok,2,6,4,True,True,292,12,10,2,0.005
29,3,ok,2,5,3,True,True,304,11,9,2,0.0052
30,3,ok,2,9,7,True,True,317,6,10,2,0.0058
31,3,ok,2,7,5,True,True,330,11,9,2,0.0065
32,3,ok,2,7,5,True,True,342,9,12,2,0.0072
33,3,ok,2,6,4,True,True,355,14,11,2,0.0078
472,2,ok,1,4,3,True,True,5916,48,20,1,3.597
34,3,ok,2,10,8,True,True,368,7,13,2,0.0079
35,3,ok,2,5,3,True,True,381,15,10,2,0.0081
36,3,ok,2,5,3,True,True,394,12,9,2,0.0092
37,3,ok,2,9,7,True,True,407,12,10,2,0.0093
38,3,ok,2,5,3,True,True,420,15,11,2,0.0107
39,3,ok,2,5,3,True,True,434,22,10,2,0.0133
40,3,ok,2,8,6,True,True,447,15,13,2,0.0104
41,3,ok,2,8,6,True,True,460,22,10,2,0.0109
42,3,ok,2,8,6,True,True,473,13,15,2,0.0115
43,3,ok,2,8,6,True,True,487,10,11,2,0.0129
44,3,ok,2,6,4,True,True,500,16,12,2,0.0129
45,3,ok,2,7,5,True,True,514,13,12,2,0.0165
46,3,ok,2,5,3,True,True,527,10,12,2,0.0152
47,3,ok,2,5,3,True,True,541,10,10,2,0.0149
48,3,ok,2,7,5,True,True,555,15,10,2,0.0158
49,3,ok,2,9,7,True,True,568,11,10,2,0.0197
50,3,ok,2,6,4,True,True,582,13,9,2,0.0183
51,3,ok,2,4,2,True,True,596,23,10,2,0.0187
52,3,ok,2,10,8,True,True,609,14,10,2,0.0203
53,3,ok,2,7,5,True,True,623,12,12,2,0.0197
54,3,ok,2,7,5,True,True,637,11,9,2,0.0206
55,3,ok,2,7,5,True,True,651,10,9,2,0.0216
56,3,ok,2,7,5,True,True,665,18,12,2,0.0231
57,3,ok,2,6,4,True,True,679,17,10,2,0.0245
58,3,ok,2,6,4,True,True,693,13,12,2,0.0263
59,3,ok,2,5,3,True,True,707,12,10,2,0.0256
60,3,ok,2,4,2,True,True,721,20,11,2,0.0295
61,3,ok,2,9,7,True,True,735,12,11,2,0.0285
62,3,ok,2,8,6,True,True,750,20,11,2,0.0299
474,2,ok,1,5,4,True,True,5944,39,20,1,3.5952
63,3,ok,2,6,4,True,True,764,14,12,2,0.0333
64,3,ok,2,7,5,True,True,778,15,12,2,0.0344
65,3,ok,2,7,5,True,True,792,20,13,2,0.0314
66,3,ok,2,6,4,True,True,807,23,14,2,0.0369
67,3,ok,2,8,6,True,True,821,15,11,2,0.0356
68,3,ok,2,5,3,True,True,835,16,12,2,0.035
69,3,ok,2,9,7,True,True,850,13,13,2,0.0393
71,3,ok,2,8,6,True,True,879,15,11,2,0.0389
70,3,ok,2,4,2,True,True,864,21,12,2,0.0401
468,2,ok,1,5,4,True,True,5859,36,20,1,4.2791
72,3,ok,2,14,12,True,True,893,14,12,2,0.0413
475,2,ok,1,4,3,True,True,5958,22,21,1,3.6393
73,3,ok,2,5,3,True,True,908,13,12,2,0.0412
74,3,ok,2,6,4,True,True,922,17,15,2,0.0429
75,3,ok,2,6,4,True,True,937,24,18,2,0.0536
76,3,ok,2,8,6,True,True,951,16,13,2,0.046
77,3,ok,2,7,5,True,True,966,17,13,2,0.0481
79,3,ok,2,11,9,True,True,995,20,12,2,0.049
78,3,ok,2,8,6,True,True,981,19,11,2,0.0564
81,3,ok,2,6,4,True,True,1025,16,11,2,0.0541
473,2,ok,1,7,6,True,True,5930,26,20,1,3.9239
82,3,ok,2,6,4,True,True,1039,13,17,2,0.0554
80,3,ok,2,5,3,True,True,1010,19,11,2,0.067
83,3,ok,2,6,4,True,True,1054,25,14,2,0.057
84,3,ok,2,5,3,True,True,1069,12,15,2,0.0602
85,3,ok,2,5,3,True,True,1084,18,14,2,0.0615
86,3,ok,2,7,5,True,True,1099,28,13,2,0.0686
87,3,ok,2,11,9,True,True,1114,17,11,2,0.0682
89,3,ok,2,9,7,True,True,1143,18,13,2,0.0701
88,3,ok,2,9,7,True,True,1128,19,12,2,0.0845
90,3,ok,2,6,4,True,True,1158,15,17,2,0.0684
91,3,ok,2,6,4,True,True,1173,12,15,2,0.0734
92,3,ok,2,6,4,True,True,1188,18,14,2,0.0759
93,3,ok,2,8,6,True,True,1203,15,11,2,0.0764
94,3,ok,2,10,8,True,True,1218,20,13,2,0.077
96,3,ok,2,5,3,True,True,1248,21,13,2,0.0798
95,3,ok,2,7,5,True,True,1233,18,13,2,0.0904
97,3,ok,2,6,4,True,True,1264,10,12,2,0.0799
99,3,ok,2,5,3,True,True,1294,23,12,2,0.085
98,3,ok,2,4,2,True,True,1279,20,12,2,0.0928
100,3,ok,2,6,4,True,True,1309,21,13,2,0.0899
101,3,ok,2,6,4,True,True,1324,13,14,2,0.0884
102,3,ok,2,8,6,True,True,1339,25,11,2,0.1101
103,3,ok,2,5,3,True,True,1355,26,12,2,0.0974
105,3,ok,2,5,3,True,True,1385,29,13,2,0.1072
104,3,ok,2,4,2,True,True,1370,20,12,2,0.1199
106,3,ok,2,7,5,True,True,1400,21,14,2,0.1157
477,2,ok,1,6,5,True,True,5987,53,18,1,3.7142
107,3,ok,2,7,5,True,True,1416,21,12,2,0.1203
108,3,ok,2,7,5,True,True,1431,20,11,2,0.1176
109,3,ok,2,9,7,True,True,1446,22,15,2,0.1053
476,2,ok,1,5,4,True,True,5972,41,21,1,3.7702
110,3,ok,2,10,8,True,True,1462,14,12,2,0.1237
111,3,ok,2,8,6,True,True,1477,19,14,2,0.125
112,3,ok,2,9,7,True,True,1493,25,14,2,0.1148
113,3,ok,2,9,7,True,True,1508,21,17,2,0.116
114,3,ok,2,7,5,True,True,1523,14,13,2,0.1202
116,3,ok,2,8,6,True,True,1554,24,12,2,0.1315
115,3,ok,2,10,8,True,True,1539,19,13,2,0.1462
117,3,ok,2,7,5,True,True,1570,15,14,2,0.1255
119,3,ok,2,6,4,True,True,1601,22,14,2,0.1292
120,3,ok,2,7,5,True,True,1616,30,14,2,0.1365
118,3,ok,2,11,9,True,True,1585,17,12,2,0.1599
121,3,ok,2,11,9,True,True,1632,11,14,2,0.1332
122,3,ok,2,8,6,True,True,1648,12,16,2,0.1383
123,3,ok,2,4,2,True,True,1663,25,15,2,0.1571
125,3,ok,2,6,4,True,True,1694,26,16,2,0.153
124,3,ok,2,7,5,True,True,1679,19,17,2,0.1672
126,3,ok,2,10,8,True,True,1710,17,13,2,0.1518
127,3,ok,2,8,6,True,True,1726,22,13,2,0.1589
129,3,ok,2,4,2,True,True,1757,19,12,2,0.1536
128,3,ok,2,6,4,True,True,1741,18,15,2,0.1642
130,3,ok,2,12,10,True,True,1773,21,12,2,0.16
479,2,ok,1,5,4,True,True,6015,51,18,1,3.761
132,3,ok,2,15,13,True,True,1804,19,15,2,0.1699
131,3,ok,2,6,4,True,True,1788,14,15,2,0.1825
133,3,ok,2,7,5,True,True,1820,15,14,2,0.197
134,3,ok,2,9,7,True,True,1836,16,15,2,0.1742
478,2,ok,1,4,3,True,True,6001,29,19,1,4.2553
136,3,ok,2,8,6,True,True,1867,19,14,2,0.1801
135,3,ok,2,10,8,True,True,1852,20,17,2,0.1889
480,2,ok,1,3,2,True,True,6029,52,20,1,3.7681
138,3,ok,2,13,11,True,True,1899,23,13,2,0.1874
137,3,ok,2,9,7,True,True,1883,19,17,2,0.2068
139,3,ok,2,9,7,True,True,1915,22,13,2,0.1864
140,3,ok,2,7,5,True,True,1931,15,14,2,0.1991
141,3,ok,2,12,10,True,True,1947,14,17,2,0.2036
143,3,ok,2,7,5,True,True,1978,30,12,2,0.204
142,3,ok,2,6,4,True,True,1962,17,16,2,0.2498
145,3,ok,2,11,9,True,True,2010,16,13,2,0.2103
144,3,ok,2,5,3,True,True,1994,23,14,2,0.2309
146,3,ok,2,6,4,True,True,2026,32,15,2,0.2229
147,3,ok,2,7,5,True,True,2042,22,16,2,0.2169
148,3,ok,2,6,4,True,True,2058,16,12,2,0.2236
149,3,ok,2,8,6,True,True,2074,27,17,2,0.235
150,3,ok,2,7,5,True,True,2090,28,13,2,0.2481
151,3,ok,2,8,6,True,True,2106,23,15,2,0.2505
152,3,ok,2,11,9,True,True,2122,25,14,2,0.239
153,3,ok,2,7,5,True,True,2138,25,16,2,0.2493
155,3,ok,2,7,5,True,True,2170,25,14,2,0.2425
481,2,ok,1,3,2,True,True,6043,57,19,1,3.8449
158,3,ok,2,9,7,True,True,2219,21,12,2,0.2512
157,3,ok,2,8,6,True,True,2202,21,14,2,0.2526
159,3,ok,2,7,5,True,True,2235,26,14,2,0.2555
156,3,ok,2,8,6,True,True,2186,31,16,2,0.322
160,3,ok,2,5,3,True,True,2251,22,18,2,0.2923
154,3,ok,2,7,5,True,True,2154,19,13,2,0.3649
161,3,ok,2,5,3,True,True,2267,18,14,2,0.271
163,3,ok,2,10,8,True,True,2299,15,13,2,0.2717
162,3,ok,2,7,5,True,True,2283,25,15,2,0.283
483,2,ok,1,6,5,True,True,6072,41,18,1,3.8804
164,3,ok,2,7,5,True,True,2315,24,18,2,0.2722
165,3,ok,2,8,6,True,True,2332,17,14,2,0.2771
166,3,ok,2,7,5,True,True,2348,26,15,2,0.2848
167,3,ok,2,9,7,True,True,2364,30,14,2,0.3002
168,3,ok,2,7,5,True,True,2380,22,15,2,0.3035
169,3,ok,2,9,7,True,True,2397,13,14,2,0.2977
173,3,ok,2,5,3,True,True,2462,25,16,2,0.3259
171,3,ok,2,11,9,True,True,2429,16,15,2,0.3653
484,2,ok,1,2,1,True,True,6086,32,23,1,4.1461
486,2,ok,1,5,4,True,True,6114,38,23,1,3.8112
175,3,ok,2,11,9,True,True,2494,20,14,2,0.333
174,3,ok,2,5,3,True,True,2478,18,18,2,0.3426
485,2,ok,1,6,5,True,True,6100,48,20,1,3.9196
177,3,ok,2,4,2,True,True,2527,17,16,2,0.3245
176,3,ok,2,7,5,True,True,2511,29,18,2,0.3414
172,3,ok,2,7,5,True,True,2445,27,14,2,0.4871
178,3,ok,2,10,8,True,True,2543,16,17,2,0.3352
179,3,ok,2,11,9,True,True,2560,20,15,2,0.3462
181,3,ok,2,8,6,True,True,2592,22,16,2,0.3576
180,3,ok,2,10,8,True,True,2576,14,19,2,0.3676
182,3,ok,2,7,5,True,True,2609,32,14,2,0.3489
170,3,ok,2,4,2,True,True,2413,26,15,2,0.6162
183,3,ok,2,9,7,True,True,2625,22,13,2,0.3637
490,2,ok,1,4,3,True,True,6171,34,19,1,3.9914
184,3,ok,2,6,4,True,True,2642,29,15,2,0.4004
187,3,ok,2,5,3,True,True,2691,23,19,2,0.3735
482,2,ok,1,7,6,True,True,6058,31,20,1,4.6339
186,3,ok,2,4,2,True,True,2675,24,18,2,0.3803
185,3,ok,2,7,5,True,True,2658,23,14,2,0.3951
188,3,ok,2,6,4,True,True,2708,21,18,2,0.4144
189,3,ok,2,8,6,True,True,2724,18,13,2,0.4016
190,3,ok,2,7,5,True,True,2740,18,20,2,0.4243
191,3,ok,2,6,4,True,True,2757,21,15,2,0.4246
192,3,ok,2,7,5,True,True,2773,28,14,2,0.4829
194,3,ok,2,5,3,True,True,2807,36,17,2,0.4376
193,3,ok,2,4,2,True,True,2790,35,14,2,0.5323
195,3,ok,2,8,6,True,True,2823,23,16,2,0.4788
197,3,ok,2,7,5,True,True,2856,22,14,2,0.4816
494,2,ok,1,4,3,True,True,6228,43,20,1,4.0236
489,2,ok,1,6,5,True,True,6157,32,24,1,4.3534
495,2,ok,1,4,3,True,True,6242,55,20,1,4.0561
493,2,ok,1,7,6,True,True,6214,27,19,1,4.1363
199,3,ok,2,4,2,True,True,2889,23,17,2,0.4561
492,2,ok,1,7,6,True,True,6200,50,20,1,4.2428
200,3,ok,2,6,4,True,True,2906,21,15,2,0.4675
196,3,ok,2,6,4,True,True,2840,17,15,2,0.6464
202,3,ok,2,10,8,True,True,2939,17,15,2,0.4499
204,3,ok,2,9,7,True,True,2972,26,14,2,0.4665
198,3,ok,2,8,6,True,True,2873,15,16,2,0.6768
201,3,ok,2,12,10,True,True,2923,22,14,2,0.5198
203,3,ok,2,9,7,True,True,2956,21,14,2,0.4969
206,3,ok,2,7,5,True,True,3006,23,16,2,0.471
205,3,ok,2,3,1,True,True,2989,27,17,2,0.5168
207,3,ok,2,12,10,True,True,3022,17,16,2,0.4764
209,3,ok,2,6,4,True,True,3056,29,15,2,0.5084
208,3,ok,2,7,5,True,True,3039,26,16,2,0.538
491,2,ok,1,6,5,True,True,6185,46,25,1,4.6603
487,2,ok,1,4,3,True,True,6129,47,20,1,4.7856
210,3,ok,2,8,6,True,True,3072,19,15,2,0.5097
211,3,ok,2,6,4,True,True,3089,26,15,2,0.5088
496,2,ok,1,3,2,True,True,6257,57,24,1,4.3894
213,3,ok,2,6,4,True,True,3123,23,14,2,0.5149
214,3,ok,2,8,6,True,True,3139,24,14,2,0.5255
215,3,ok,2,7,5,True,True,3156,24,20,2,0.5343
488,2,ok,1,3,2,True,True,6143,45,18,1,4.9649
216,3,ok,2,6,4,True,True,3173,26,16,2,0.5521
212,3,ok,2,6,4,True,True,3106,17,17,2,0.6167
217,3,ok,2,7,5,True,True,3190,23,17,2,0.5418
219,3,ok,2,10,8,True,True,3223,26,18,2,0.5567
218,3,ok,2,5,3,True,True,3206,16,17,2,0.5996
221,3,ok,2,3,1,True,True,3257,32,15,2,0.6237
223,3,ok,2,8,6,True,True,3290,35,18,2,0.6208
224,3,ok,2,5,3,True,True,3307,27,15,2,0.625
226,3,ok,2,11,9,True,True,3341,21,16,2,0.6178
228,3,ok,2,5,3,True,True,3374,32,14,2,0.6137
229,3,ok,2,7,5,True,True,3391,26,15,2,0.6235
230,3,ok,2,10,8,True,True,3408,23,16,2,0.621
498,2,ok,1,4,3,True,True,6285,36,20,1,4.1864
227,3,ok,2,13,11,True,True,3358,24,14,2,0.6619
497,2,ok,1,6,5,True,True,6271,31,24,1,4.5316
220,3,ok,2,7,5,True,True,3240,22,16,2,0.8534
222,3,ok,2,6,4,True,True,3273,22,16,2,0.8204
231,3,ok,2,9,7,True,True,3425,19,16,2,0.6653
233,3,ok,2,8,6,True,True,3459,28,15,2,0.6622
225,3,ok,2,9,7,True,True,3324,35,18,2,0.8717
232,3,ok,2,11,9,True,True,3442,27,16,2,0.7218
234,3,ok,2,9,7,True,True,3476,39,17,2,0.7023
237,3,ok,2,9,7,True,True,3527,27,15,2,0.6765
236,3,ok,2,5,3,True,True,3510,16,16,2,0.7031
499,2,ok,1,4,3,True,True,6299,72,18,1,4.456
235,3,ok,2,10,8,True,True,3493,28,16,2,0.7529
238,3,ok,2,6,4,True,True,3544,24,17,2,0.6696
240,3,ok,2,10,8,True,True,3577,24,18,2,0.6974
239,3,ok,2,6,4,True,True,3560,36,15,2,0.7268
242,3,ok,2,8,6,True,True,3611,27,16,2,0.6868
244,3,ok,2,12,10,True,True,3645,20,14,2,0.7135
245,3,ok,2,9,7,True,True,3662,40,16,2,0.7291
246,3,ok,2,6,4,True,True,3679,38,21,2,0.7695
500,2,ok,1,5,4,True,True,6314,44,18,1,4.7817
243,3,ok,2,9,7,True,True,3628,29,14,2,0.955
247,3,ok,2,7,5,True,True,3696,28,16,2,0.7827
251,3,ok,2,7,5,True,True,3765,24,16,2,0.7513
241,3,ok,2,10,8,True,True,3594,19,18,2,1.0598
248,3,ok,2,11,9,True,True,3713,37,17,2,0.8366
253,3,ok,2,10,8,True,True,3799,17,16,2,0.77
252,3,ok,2,7,5,True,True,3782,24,17,2,0.7802
249,3,ok,2,5,3,True,True,3731,25,18,2,0.8543
250,3,ok,2,9,7,True,True,3748,26,14,2,0.8484
254,3,ok,2,6,4,True,True,3816,28,15,2,0.8931
255,3,ok,2,8,6,True,True,3833,21,16,2,0.9081
259,3,ok,2,13,11,True,True,3901,16,16,2,0.8241
260,3,ok,2,12,10,True,True,3918,26,18,2,0.8265
263,3,ok,2,12,10,True,True,3970,20,17,2,0.8986
264,3,ok,2,6,4,True,True,3987,36,15,2,0.867
265,3,ok,2,8,6,True,True,4004,22,14,2,0.878
256,3,ok,2,10,8,True,True,3850,39,15,2,1.1313
262,3,ok,2,10,8,True,True,3953,18,16,2,0.9785
268,3,ok,2,6,4,True,True,4056,40,15,2,0.9316
267,3,ok,2,6,4,True,True,4039,26,16,2,0.9413
269,3,ok,2,8,6,True,True,4073,19,17,2,0.8865
270,3,ok,2,10,8,True,True,4090,33,15,2,0.9372
271,3,ok,2,5,3,True,True,4107,36,15,2,0.946
272,3,ok,2,7,5,True,True,4125,31,16,2,0.9748
273,3,ok,2,5,3,True,True,4142,22,18,2,0.9076
266,3,ok,2,8,6,True,True,4021,21,18,2,1.1438
258,3,ok,2,4,2,True,True,3884,28,19,2,1.3355
257,3,ok,2,9,7,True,True,3867,31,16,2,1.3773
261,3,ok,2,10,8,True,True,3936,24,17,2,1.3584
274,3,ok,2,8,6,True,True,4159,17,20,2,1.0501
275,3,ok,2,8,6,True,True,4176,32,19,2,0.9854
277,3,ok,2,5,3,True,True,4211,24,16,2,0.9923
278,3,ok,2,9,7,True,True,4228,39,18,2,0.987
280,3,ok,2,7,5,True,True,4263,27,17,2,0.9626
276,3,ok,2,7,5,True,True,4194,22,16,2,1.1055
283,3,ok,2,8,6,True,True,4314,20,15,2,0.9814
281,3,ok,2,7,5,True,True,4280,27,16,2,1.0184
282,3,ok,2,6,4,True,True,4297,23,17,2,1.0657
285,3,ok,2,6,4,True,True,4349,32,16,2,1.0065
284,3,ok,2,9,7,True,True,4332,30,14,2,1.1484
287,3,ok,2,8,6,True,True,4384,30,17,2,1.0236
288,3,ok,2,9,7,True,True,4401,32,15,2,1.0527
286,3,ok,2,11,9,True,True,4366,28,20,2,1.1392
291,3,ok,2,6,4,True,True,4453,33,16,2,1.0549
289,3,ok,2,10,8,True,True,4418,28,16,2,1.1187
290,3,ok,2,6,4,True,True,4436,22,17,2,1.1245
294,3,ok,2,10,8,True,True,4505,31,16,2,1.0985
295,3,ok,2,9,7,True,True,4523,22,18,2,1.1198
296,3,ok,2,11,9,True,True,4540,29,18,2,1.1285
279,3,ok,2,9,7,True,True,4245,37,15,2,1.6775
293,3,ok,2,7,5,True,True,4488,23,15,2,1.2645
298,3,ok,2,10,8,True,True,4575,24,16,2,1.1626
297,3,ok,2,11,9,True,True,4557,33,15,2,1.2057
292,3,ok,2,7,5,True,True,4471,32,18,2,1.3676
299,3,ok,2,5,3,True,True,4592,28,18,2,1.1397
300,3,ok,2,5,3,True,True,4610,43,19,2,1.1418
302,3,ok,2,9,7,True,True,4645,26,16,2,1.4343
301,3,ok,2,7,5,True,True,4627,28,18,2,1.4846
305,3,ok,2,8,6,True,True,4697,24,17,2,1.2937
306,3,ok,2,7,5,True,True,4714,24,16,2,1.285
308,3,ok,2,7,5,True,True,4749,27,16,2,1.2208
307,3,ok,2,9,7,True,True,4732,22,16,2,1.2839
309,3,ok,2,7,5,True,True,4767,20,18,2,1.2836
311,3,ok,2,8,6,True,True,4802,31,19,2,1.289
313,3,ok,2,4,2,True,True,4837,35,20,2,1.2656
314,3,ok,2,7,5,True,True,4854,24,18,2,1.3186
316,3,ok,2,7,5,True,True,4889,25,18,2,1.2696
317,3,ok,2,9,7,True,True,4907,18,21,2,1.3515
315,3,ok,2,11,9,True,True,4872,28,18,2,1.4221
310,3,ok,2,7,5,True,True,4784,24,17,2,1.6402
319,3,ok,2,4,2,True,True,4942,29,16,2,1.3077
318,3,ok,2,8,6,True,True,4924,22,18,2,1.4575
303,3,ok,2,9,7,True,True,4662,23,16,2,2.0644
320,3,ok,2,10,8,True,True,4959,29,16,2,1.3823
321,3,ok,2,8,6,True,True,4977,27,15,2,1.3758
304,3,ok,2,5,3,True,True,4679,42,16,2,2.0596
324,3,ok,2,9,7,True,True,5030,38,18,2,1.3317
322,3,ok,2,6,4,True,True,4995,33,17,2,1.3951
323,3,ok,2,9,7,True,True,5012,25,15,2,1.3794
312,3,ok,2,9,7,True,True,4819,25,19,2,1.9632
327,3,ok,2,7,5,True,True,5082,38,18,2,1.3987
328,3,ok,2,7,5,True,True,5100,24,18,2,1.4171
326,3,ok,2,9,7,True,True,5065,18,22,2,1.5112
331,3,ok,2,5,3,True,True,5153,27,18,2,1.4446
330,3,ok,2,6,4,True,True,5135,36,15,2,1.4693
332,3,ok,2,9,7,True,True,5170,34,16,2,1.4419
329,3,ok,2,14,12,True,True,5118,22,16,2,1.829
335,3,ok,2,6,4,True,True,5223,24,15,2,1.5235
336,3,ok,2,6,4,True,True,5241,38,16,2,1.5457
338,3,ok,2,6,4,True,True,5276,25,15,2,1.5562
337,3,ok,2,13,11,True,True,5259,29,18,2,1.6357
325,3,ok,2,9,7,True,True,5047,24,16,2,2.1698
334,3,ok,2,8,6,True,True,5206,34,16,2,1.6811
339,3,ok,2,9,7,True,True,5294,24,18,2,1.5797
333,3,ok,2,9,7,True,True,5188,30,18,2,1.7693
340,3,ok,2,5,3,True,True,5312,23,16,2,1.6178
342,3,ok,2,7,5,True,True,5347,25,19,2,1.5331
341,3,ok,2,10,8,True,True,5329,38,18,2,1.5807
343,3,ok,2,9,7,True,True,5365,31,22,2,1.5706
344,3,ok,2,7,5,True,True,5382,40,17,2,1.6402
346,3,ok,2,4,2,True,True,5418,34,18,2,1.5917
345,3,ok,2,6,4,True,True,5400,32,17,2,1.7238
347,3,ok,2,6,4,True,True,5436,24,18,2,1.6902
349,3,ok,2,6,4,True,True,5471,21,17,2,1.6295
350,3,ok,2,7,5,True,True,5489,23,18,2,1.6534
353,3,ok,2,5,3,True,True,5542,35,20,2,1.6529
352,3,ok,2,8,6,True,True,5524,33,17,2,1.6873
354,3,ok,2,9,7,True,True,5560,27,18,2,1.7485
351,3,ok,2,8,6,True,True,5506,37,18,2,1.8948
356,3,ok,2,9,7,True,True,5595,37,17,2,1.7036
357,3,ok,2,7,5,True,True,5613,33,17,2,1.7824
359,3,ok,2,9,7,True,True,5649,25,19,2,1.7493
360,3,ok,2,5,3,True,True,5666,40,18,2,1.796
358,3,ok,2,7,5,True,True,5631,20,20,2,1.889
348,3,ok,2,8,6,True,True,5453,19,16,2,2.3558
361,3,ok,2,9,7,True,True,5684,51,20,2,1.7512
355,3,ok,2,5,3,True,True,5577,36,18,2,2.3452
363,3,ok,2,9,7,True,True,5720,23,18,2,1.8242
365,3,ok,2,12,10,True,True,5755,25,20,2,1.7715
369,3,ok,2,6,4,True,True,5827,38,16,2,1.8098
362,3,ok,2,8,6,True,True,5702,22,20,2,2.1635
371,3,ok,2,6,4,True,True,5862,27,18,2,1.899
372,3,ok,2,8,6,True,True,5880,36,18,2,1.8603
368,3,ok,2,5,3,True,True,5809,38,16,2,2.0421
370,3,ok,2,8,6,True,True,5845,32,17,2,1.9895
373,3,ok,2,6,4,True,True,5898,33,18,2,1.8837
374,3,ok,2,6,4,True,True,5916,34,19,2,1.8762
367,3,ok,2,11,9,True,True,5791,24,22,2,2.2615
366,3,ok,2,9,7,True,True,5773,30,19,2,2.3533
364,3,ok,2,10,8,True,True,5738,34,21,2,2.5142
376,3,ok,2,6,4,True,True,5952,37,18,2,1.921
375,3,ok,2,5,3,True,True,5934,24,19,2,2.0811
377,3,ok,2,8,6,True,True,5970,21,16,2,1.9883
379,3,ok,2,9,7,True,True,6005,25,16,2,1.9985
378,3,ok,2,6,4,True,True,5987,24,16,2,2.0851
380,3,ok,2,9,7,True,True,6023,22,18,2,2.0325
382,3,ok,2,10,8,True,True,6059,28,17,2,1.9879
381,3,ok,2,7,5,True,True,6041,60,16,2,2.0397
384,3,ok,2,10,8,True,True,6095,30,20,2,2.0735
385,3,ok,2,9,7,True,True,6113,17,19,2,2.0946
386,3,ok,2,6,4,True,True,6131,33,18,2,2.0917
387,3,ok,2,9,7,True,True,6149,32,20,2,2.072
388,3,ok,2,7,5,True,True,6167,19,17,2,2.1232
389,3,ok,2,10,8,True,True,6185,32,19,2,2.2464
391,3,ok,2,5,3,True,True,6221,31,20,2,2.1775
383,3,ok,2,6,4,True,True,6077,28,25,2,2.8316
390,3,ok,2,9,7,True,True,6203,28,16,2,2.4438
394,3,ok,2,9,7,True,True,6274,30,17,2,2.1497
393,3,ok,2,8,6,True,True,6256,24,18,2,2.2122
392,3,ok,2,7,5,True,True,6238,41,22,2,2.4697
395,3,ok,2,8,6,True,True,6292,27,21,2,2.175
398,3,ok,2,7,5,True,True,6346,24,18,2,2.2713
400,3,ok,2,8,6,True,True,6382,36,20,2,2.2602
397,3,ok,2,8,6,True,True,6328,28,18,2,2.3133
401,3,ok,2,7,5,True,True,6400,36,18,2,2.2616
399,3,ok,2,5,3,True,True,6364,32,18,2,2.3497
402,3,ok,2,9,7,True,True,6418,28,18,2,2.3142
406,3,ok,2,6,4,True,True,6490,29,16,2,2.3964
403,3,ok,2,9,7,True,True,6436,24,17,2,2.5709
408,3,ok,2,11,9,True,True,6527,28,20,2,2.4399
396,3,ok,2,8,6,True,True,6310,30,24,2,3.1165
407,3,ok,2,8,6,True,True,6508,28,18,2,2.604
409,3,ok,2,8,6,True,True,6545,24,18,2,2.4877
411,3,ok,2,6,4,True,True,6581,56,19,2,2.4697
410,3,ok,2,7,5,True,True,6563,23,16,2,2.5004
413,3,ok,2,9,7,True,True,6617,26,18,2,2.4482
404,3,ok,2,7,5,True,True,6454,34,16,2,2.9705
414,3,ok,2,8,6,True,True,6635,39,19,2,2.4861
412,3,ok,2,6,4,True,True,6599,27,18,2,2.7011
405,3,ok,2,6,4,True,True,6472,38,18,2,3.1162
415,3,ok,2,4,2,True,True,6653,29,16,2,2.4334
416,3,ok,2,8,6,True,True,6671,43,19,2,2.4425
418,3,ok,2,9,7,True,True,6707,30,18,2,2.6242
417,3,ok,2,7,5,True,True,6689,30,17,2,2.8668
420,3,ok,2,7,5,True,True,6743,35,20,2,2.4801
419,3,ok,2,7,5,True,True,6725,31,16,2,2.7071
422,3,ok,2,10,8,True,True,6780,20,18,2,2.5449
423,3,ok,2,7,5,True,True,6798,31,16,2,2.5735
426,3,ok,2,10,8,True,True,6852,22,18,2,2.5814
425,3,ok,2,9,7,True,True,6834,32,20,2,2.8317
421,3,ok,2,8,6,True,True,6762,28,17,2,3.1121
424,3,ok,2,7,5,True,True,6816,32,18,2,3.0136
430,3,ok,2,9,7,True,True,6925,20,18,2,2.6132
428,3,ok,2,7,5,True,True,6888,22,17,2,2.6454
432,3,ok,2,9,7,True,True,6961,30,20,2,2.7009
427,3,ok,2,5,3,True,True,6870,33,20,2,2.9701
431,3,ok,2,7,5,True,True,6943,37,18,2,2.9933
429,3,ok,2,10,8,True,True,6907,28,18,2,3.1149
435,3,ok,2,5,3,True,True,7015,32,20,2,2.7696
434,3,ok,2,7,5,True,True,6997,32,19,2,3.0401
437,3,ok,2,9,7,True,True,7052,46,17,2,2.8285
439,3,ok,2,8,6,True,True,7088,35,17,2,2.7991
438,3,ok,2,10,8,True,True,7070,43,25,2,2.8705
433,3,ok,2,5,3,True,True,6979,42,18,2,3.2291
440,3,ok,2,8,6,True,True,7106,34,19,2,2.8458
441,3,ok,2,5,3,True,True,7125,48,17,2,2.8329
442,3,ok,2,8,6,True,True,7143,41,20,2,2.9006
436,3,ok,2,10,8,True,True,7034,24,19,2,3.2665
446,3,ok,2,5,3,True,True,7216,31,20,2,2.8988
443,3,ok,2,6,4,True,True,7161,22,18,2,3.0316
444,3,ok,2,10,8,True,True,7179,25,22,2,3.0632
445,3,ok,2,6,4,True,True,7197,25,17,2,3.0794
447,3,ok,2,7,5,True,True,7234,44,20,2,2.9511
449,3,ok,2,6,4,True,True,7270,40,18,2,2.9324
450,3,ok,2,9,7,True,True,7289,30,19,2,2.9515
448,3,ok,2,5,3,True,True,7252,22,18,2,3.3227
451,3,ok,2,12,10,True,True,7307,19,24,2,3.2562
453,3,ok,2,10,8,True,True,7343,23,17,2,3.0688
452,3,ok,2,6,4,True,True,7325,38,19,2,3.2757
454,3,ok,2,10,8,True,True,7362,21,19,2,3.0857
457,3,ok,2,7,5,True,True,7416,27,19,2,3.0648
458,3,ok,2,7,5,True,True,7435,45,16,2,3.1022
459,3,ok,2,8,6,True,True,7453,45,20,2,3.1113
455,3,ok,2,11,9,True,True,7380,33,18,2,3.4369
460,3,ok,2,7,5,True,True,7471,37,18,2,3.1552
456,3,ok,2,7,5,True,True,7398,49,17,2,3.5849
461,3,ok,2,7,5,True,True,7490,19,17,2,3.4205
463,3,ok,2,8,6,True,True,7526,25,17,2,3.5109
464,3,ok,2,5,3,True,True,7544,42,18,2,3.2344
462,3,ok,2,11,9,True,True,7508,30,19,2,3.5818
466,3,ok,2,10,8,True,True,7581,37,19,2,3.2587
470,3,ok,2,7,5,True,True,7654,35,19,2,3.2388
468,3,ok,2,11,9,True,True,7618,23,21,2,3.2852
467,3,ok,2,7,5,True,True,7599,41,18,2,3.3166
471,3,ok,2,9,7,True,True,7673,23,18,2,3.2851
472,3,ok,2,10,8,True,True,7691,38,18,2,3.2916
1,4,ok,3,3,0,True,True,8,2,3,3,0.0001
2,4,ok,2,2,0,True,True,15,3,4,2,0.0001
3,4,ok,3,6,3,True,True,24,4,4,3,0.0002
4,4,ok,2,5,3,True,True,34,2,9,2,0.0002
5,4,ok,3,5,2,True,True,44,4,5,3,0.0003
6,4,ok,2,4,2,True,True,56,3,8,2,0.0004
7,4,ok,3,6,3,True,True,67,6,7,3,0.0005
8,4,ok,2,3,1,True,True,79,5,8,2,0.0005
9,4,ok,3,10,7,True,True,91,5,7,3,0.0007
10,4,ok,2,5,3,True,True,104,5,8,2,0.0008
11,4,ok,3,9,6,True,True,117,5,7,3,0.001
12,4,ok,2,4,2,True,True,130,4,14,2,0.001
13,4,ok,3,9,6,True,True,143,6,7,3,0.0013
14,4,ok,2,3,1,True,True,156,6,16,2,0.0014
15,4,ok,3,9,6,True,True,170,6,8,3,0.0016
16,4,ok,2,7,5,True,True,184,8,15,2,0.0018
17,4,ok,3,9,6,True,True,198,8,9,3,0.002
18,4,ok,2,8,6,True,True,212,5,11,2,0.0022
19,4,ok,3,8,5,True,True,226,8,8,3,0.0025
20,4,ok,2,8,6,True,True,241,7,18,2,0.0027
465,3,ok,2,8,6,True,True,7563,25,20,2,3.6607
21,4,ok,3,11,8,True,True,255,8,10,3,0.0032
22,4,ok,2,6,4,True,True,270,16,10,2,0.004
23,4,ok,3,12,9,True,True,285,9,10,3,0.0037
25,4,ok,3,10,7,True,True,315,12,9,3,0.0043
24,4,ok,2,6,4,True,True,300,6,12,2,0.0073
26,4,ok,2,6,4,True,True,330,9,14,2,0.0046
27,4,ok,3,8,5,True,True,345,11,7,3,0.0066
28,4,ok,2,8,6,True,True,360,7,18,2,0.0054
29,4,ok,3,9,6,True,True,375,7,10,3,0.0064
30,4,ok,2,6,4,True,True,391,6,20,2,0.006
31,4,ok,3,9,6,True,True,406,13,10,3,0.0065
32,4,ok,2,7,5,True,True,422,7,13,2,0.0113
33,4,ok,3,11,8,True,True,438,11,11,3,0.0077
34,4,ok,2,6,4,True,True,453,11,20,2,0.0086
35,4,ok,3,9,6,True,True,469,14,11,3,0.0086
36,4,ok,2,4,2,True,True,485,10,24,2,0.0092
37,4,ok,3,12,9,True,True,501,11,9,3,0.0097
38,4,ok,2,4,2,True,True,517,13,15,2,0.0101
39,4,ok,3,9,6,True,True,533,15,9,3,0.0108
40,4,ok,2,7,5,True,True,550,12,18,2,0.0111
41,4,ok,3,8,5,True,True,566,21,10,3,0.0119
43,4,ok,3,14,11,True,True,598,12,10,3,0.0135
42,4,ok,2,6,4,True,True,582,13,18,2,0.0202
44,4,ok,2,7,5,True,True,615,15,17,2,0.0138
45,4,ok,3,10,7,True,True,631,15,11,3,0.0207
46,4,ok,2,5,3,True,True,648,15,17,2,0.0152
47,4,ok,3,12,9,True,True,664,16,12,3,0.0164
48,4,ok,2,8,6,True,True,681,16,18,2,0.0169
49,4,ok,3,11,8,True,True,698,15,11,3,0.0178
50,4,ok,2,5,3,True,True,714,17,16,2,0.019
51,4,ok,3,14,11,True,True,731,11,10,3,0.0217
52,4,ok,2,6,4,True,True,748,14,26,2,0.0202
53,4,ok,3,9,6,True,True,765,16,11,3,0.0269
54,4,ok,2,6,4,True,True,782,14,19,2,0.022
56,4,ok,2,4,2,True,True,816,11,19,2,0.0235
55,4,ok,3,13,10,True,True,799,15,11,3,0.0263
57,4,ok,3,8,5,True,True,833,19,11,3,0.0248
58,4,ok,2,5,3,True,True,850,14,22,2,0.0282
474,3,ok,2,8,6,True,True,7728,26,17,2,3.3549
59,4,ok,3,8,5,True,True,867,13,11,3,0.0271
469,3,ok,2,9,7,True,True,7636,32,18,2,3.7839
60,4,ok,2,8,6,True,True,884,15,19,2,0.0305
61,4,ok,3,11,8,True,True,902,13,10,3,0.0313
62,4,ok,2,4,2,True,True,919,20,28,2,0.0285
475,3,ok,2,8,6,True,True,7746,30,22,2,3.3392
63,4,ok,3,12,9,True,True,936,20,11,3,0.034
65,4,ok,3,16,13,True,True,971,25,13,3,0.0338
64,4,ok,2,8,6,True,True,954,21,19,2,0.0461
66,4,ok,2,8,6,True,True,988,13,20,2,0.0337
67,4,ok,3,12,9,True,True,1006,19,11,3,0.0353
68,4,ok,2,7,5,True,True,1023,20,18,2,0.0396
69,4,ok,3,11,8,True,True,1041,15,11,3,0.0385
70,4,ok,2,9,7,True,True,1058,11,20,2,0.0397
71,4,ok,3,11,8,True,True,1076,22,13,3,0.0407
476,3,ok,2,7,5,True,True,7764,36,17,2,3.3617
477,3,ok,2,13,11,True,True,7783,26,18,2,3.32
72,4,ok,2,6,4,True,True,1094,18,24,2,0.0414
73,4,ok,3,11,8,True,True,1111,18,11,3,0.0459
74,4,ok,2,11,9,True,True,1129,12,20,2,0.0463
76,4,ok,2,10,8,True,True,1165,17,20,2,0.0483
77,4,ok,3,10,7,True,True,1182,25,14,3,0.0494
478,3,ok,2,7,5,True,True,7801,35,18,2,3.3517
78,4,ok,2,8,6,True,True,1200,16,18,2,0.0503
75,4,ok,3,15,12,True,True,1147,15,11,3,0.0665
79,4,ok,3,11,8,True,True,1218,11,12,3,0.0546
80,4,ok,2,8,6,True,True,1236,15,22,2,0.0556
81,4,ok,3,7,4,True,True,1254,25,11,3,0.0567
83,4,ok,3,13,10,True,True,1290,20,11,3,0.0597
82,4,ok,2,10,8,True,True,1272,17,19,2,0.0625
84,4,ok,2,8,6,True,True,1308,15,25,2,0.061
85,4,ok,3,14,11,True,True,1326,18,14,3,0.0612
87,4,ok,3,9,6,True,True,1362,23,11,3,0.0668
86,4,ok,2,5,3,True,True,1344,15,21,2,0.091
89,4,ok,3,7,4,True,True,1398,19,11,3,0.0685
88,4,ok,2,7,5,True,True,1380,16,19,2,0.087
90,4,ok,2,11,9,True,True,1417,14,16,2,0.0711
91,4,ok,3,11,8,True,True,1435,20,12,3,0.0803
92,4,ok,2,7,5,True,True,1453,12,22,2,0.0791
93,4,ok,3,10,7,True,True,1471,16,12,3,0.078
94,4,ok,2,9,7,True,True,1490,11,25,2,0.0812
96,4,ok,2,6,4,True,True,1526,18,18,2,0.0795
95,4,ok,3,13,10,True,True,1508,15,12,3,0.1046
98,4,ok,2,10,8,True,True,1563,11,18,2,0.0908
99,4,ok,3,11,8,True,True,1582,21,15,3,0.0915
100,4,ok,2,7,5,True,True,1600,15,27,2,0.0938
101,4,ok,3,10,7,True,True,1618,19,17,3,0.098
97,4,ok,3,14,11,True,True,1545,19,13,3,0.1289
102,4,ok,2,9,7,True,True,1637,21,19,2,0.1107
103,4,ok,3,11,8,True,True,1656,23,11,3,0.1108
473,3,ok,2,9,7,True,True,7709,30,21,2,3.9581
104,4,ok,2,6,4,True,True,1674,27,21,2,0.1227
105,4,ok,3,10,7,True,True,1693,25,14,3,0.1074
106,4,ok,2,6,4,True,True,1711,21,18,2,0.1038
107,4,ok,3,8,5,True,True,1730,26,13,3,0.1086
108,4,ok,2,8,6,True,True,1748,15,24,2,0.106
109,4,ok,3,10,7,True,True,1767,22,15,3,0.1361
110,4,ok,2,8,6,True,True,1786,20,21,2,0.112
111,4,ok,3,11,8,True,True,1805,23,12,3,0.1154
112,4,ok,2,7,5,True,True,1823,26,25,2,0.1462
114,4,ok,2,8,6,True,True,1861,16,21,2,0.1235
115,4,ok,3,8,5,True,True,1880,20,11,3,0.1286
116,4,ok,2,7,5,True,True,1898,19,21,2,0.1301
479,3,ok,2,7,5,True,True,7819,27,18,2,3.4097
117,4,ok,3,12,9,True,True,1917,18,12,3,0.1327
113,4,ok,3,9,6,True,True,1842,30,11,3,0.1825
119,4,ok,3,10,7,True,True,1955,32,17,3,0.133
120,4,ok,2,9,7,True,True,1974,21,19,2,0.138
118,4,ok,2,7,5,True,True,1936,16,20,2,0.1873
480,3,ok,2,6,4,True,True,7838,28,19,2,3.4629
122,4,ok,2,9,7,True,True,2012,15,23,2,0.147
126,4,ok,2,8,6,True,True,2088,24,20,2,0.1534
125,4,ok,3,14,11,True,True,2069,31,14,3,0.1542
123,4,ok,3,9,6,True,True,2031,21,13,3,0.1824
121,4,ok,3,14,11,True,True,1993,16,12,3,0.2291
128,4,ok,2,8,6,True,True,2126,35,21,2,0.1567
124,4,ok,2,8,6,True,True,2050,26,24,2,0.2054
129,4,ok,3,14,11,True,True,2145,34,15,3,0.1681
127,4,ok,3,15,12,True,True,2107,23,13,3,0.2097
131,4,ok,3,10,7,True,True,2183,29,13,3,0.1699
132,4,ok,2,9,7,True,True,2202,16,23,2,0.1772
130,4,ok,2,8,6,True,True,2164,19,23,2,0.2353
134,4,ok,2,6,4,True,True,2240,18,28,2,0.1729
133,4,ok,3,14,11,True,True,2221,20,11,3,0.1783
137,4,ok,3,11,8,True,True,2298,30,13,3,0.1938
135,4,ok,3,20,17,True,True,2260,18,12,3,0.2667
139,4,ok,3,10,7,True,True,2337,27,14,3,0.2055
138,4,ok,2,6,4,True,True,2317,28,26,2,0.2641
136,4,ok,2,7,5,True,True,2279,18,21,2,0.273
141,4,ok,3,11,8,True,True,2375,19,11,3,0.2008
140,4,ok,2,6,4,True,True,2356,20,19,2,0.2479
142,4,ok,2,7,5,True,True,2394,20,21,2,0.2071
144,4,ok,2,12,10,True,True,2433,18,30,2,0.2094
145,4,ok,3,9,6,True,True,2452,15,14,3,0.2172
146,4,ok,2,6,4,True,True,2472,20,24,2,0.2182
143,4,ok,3,12,9,True,True,2414,22,14,3,0.2862
148,4,ok,2,10,8,True,True,2511,30,24,2,0.2292
151,4,ok,3,13,10,True,True,2569,30,12,3,0.2416
147,4,ok,3,10,7,True,True,2491,28,12,3,0.2874
153,4,ok,3,12,9,True,True,2608,24,14,3,0.2474
150,4,ok,2,7,5,True,True,2550,18,22,2,0.2856
152,4,ok,2,6,4,True,True,2588,23,22,2,0.2678
483,3,ok,2,8,6,True,True,7893,24,19,2,3.6757
154,4,ok,2,8,6,True,True,2627,23,23,2,0.2458
149,4,ok,3,13,10,True,True,2530,25,20,3,0.3334
155,4,ok,3,7,4,True,True,2647,39,17,3,0.2505
156,4,ok,2,8,6,True,True,2667,13,26,2,0.2629
158,4,ok,2,12,10,True,True,2706,27,28,2,0.2619
157,4,ok,3,13,10,True,True,2686,19,13,3,0.3563
485,3,ok,2,9,7,True,True,7930,23,18,2,3.7125
159,4,ok,3,11,8,True,True,2725,27,13,3,0.2754
486,3,ok,2,6,4,True,True,7948,53,18,2,3.4913
161,4,ok,3,8,5,True,True,2764,26,12,3,0.2758
163,4,ok,3,10,7,True,True,2804,25,13,3,0.3066
165,4,ok,3,12,9,True,True,2843,19,14,3,0.2965
164,4,ok,2,7,5,True,True,2823,21,24,2,0.3293
160,4,ok,2,7,5,True,True,2745,29,32,2,0.3817
167,4,ok,3,10,7,True,True,2882,22,14,3,0.306
162,4,ok,2,6,4,True,True,2784,20,31,2,0.3838
481,3,ok,2,8,6,True,True,7856,29,19,2,4.3178
168,4,ok,2,9,7,True,True,2902,18,23,2,0.3045
166,4,ok,2,7,5,True,True,2863,20,26,2,0.4169
169,4,ok,3,13,10,True,True,2922,21,14,3,0.3025
172,4,ok,2,7,5,True,True,2981,31,22,2,0.309
170,4,ok,2,9,7,True,True,2942,17,25,2,0.3715
173,4,ok,3,10,7,True,True,3001,33,15,3,0.3358
174,4,ok,2,8,6,True,True,3021,19,21,2,0.3346
482,3,ok,2,7,5,True,True,7875,33,19,2,4.3545
171,4,ok,3,13,10,True,True,2961,36,16,3,0.4028
175,4,ok,3,9,6,True,True,3041,24,15,3,0.3532
176,4,ok,2,8,6,True,True,3060,19,28,2,0.3474
487,3,ok,2,9,7,True,True,7967,46,22,2,3.8301
179,4,ok,3,9,6,True,True,3120,24,17,3,0.3552
177,4,ok,3,12,9,True,True,3080,28,14,3,0.3853
178,4,ok,2,8,6,True,True,3100,23,25,2,0.3812
488,3,ok,2,10,8,True,True,7985,27,19,2,3.8636
182,4,ok,2,8,6,True,True,3180,18,27,2,0.3617
490,3,ok,2,8,6,True,True,8022,35,17,2,3.6025
183,4,ok,3,11,8,True,True,3200,32,14,3,0.3625
184,4,ok,2,7,5,True,True,3220,15,28,2,0.3921
180,4,ok,2,6,4,True,True,3140,14,23,2,0.5143
484,3,ok,2,8,6,True,True,7911,25,18,2,4.5281
185,4,ok,3,13,10,True,True,3240,29,14,3,0.3748
181,4,ok,3,13,10,True,True,3160,21,16,3,0.5622
190,4,ok,2,10,8,True,True,3339,25,25,2,0.4055
188,4,ok,2,11,9,True,True,3299,18,24,2,0.4227
187,4,ok,3,12,9,True,True,3279,30,14,3,0.4377
189,4,ok,3,10,7,True,True,3319,20,17,3,0.4465
192,4,ok,2,6,4,True,True,3380,23,27,2,0.4428
193,4,ok,3,14,11,True,True,3400,29,16,3,0.4175
191,4,ok,3,11,8,True,True,3360,32,13,3,0.4668
195,4,ok,3,16,13,True,True,3440,19,15,3,0.43
196,4,ok,2,8,6,True,True,3460,24,24,2,0.4239
194,4,ok,2,7,5,True,True,3420,20,28,2,0.4534
197,4,ok,3,14,11,True,True,3480,25,15,3,0.452
186,4,ok,2,7,5,True,True,3259,24,25,2,0.6527
198,4,ok,2,9,7,True,True,3500,26,23,2,0.4668
199,4,ok,3,10,7,True,True,3520,22,14,3,0.4701
200,4,ok,2,11,9,True,True,3540,30,32,2,0.4666
489,3,ok,2,9,7,True,True,8003,38,18,2,4.2797
201,4,ok,3,11,8,True,True,3560,35,17,3,0.4727
204,4,ok,2,7,5,True,True,3621,34,24,2,0.5026
206,4,ok,2,6,4,True,True,3661,17,22,2,0.4863
207,4,ok,3,15,12,True,True,3682,21,14,3,0.488
208,4,ok,2,9,7,True,True,3702,18,27,2,0.4947
210,4,ok,2,5,3,True,True,3742,28,29,2,0.4913
209,4,ok,3,9,6,True,True,3722,22,13,3,0.5648
211,4,ok,3,11,8,True,True,3763,35,13,3,0.5308
203,4,ok,3,11,8,True,True,3601,37,14,3,0.7761
215,4,ok,3,10,7,True,True,3844,22,14,3,0.5263
213,4,ok,3,8,5,True,True,3803,32,14,3,0.5424
214,4,ok,2,6,4,True,True,3824,43,27,2,0.5466
202,4,ok,2,9,7,True,True,3581,39,28,2,0.8058
212,4,ok,2,10,8,True,True,3783,24,22,2,0.5958
205,4,ok,3,16,13,True,True,3641,31,14,3,0.771
216,4,ok,2,8,6,True,True,3864,35,27,2,0.5559
494,3,ok,2,6,4,True,True,8095,41,19,2,4.0203
218,4,ok,2,7,5,True,True,3905,24,24,2,0.5704
219,4,ok,3,12,9,True,True,3925,25,14,3,0.5638
220,4,ok,2,6,4,True,True,3946,29,26,2,0.5882
222,4,ok,2,11,9,True,True,3986,25,31,2,0.5819
221,4,ok,3,13,10,True,True,3966,44,14,3,0.6409
496,3,ok,2,10,8,True,True,8132,27,16,2,3.9911
223,4,ok,3,10,7,True,True,4007,21,14,3,0.5718
491,3,ok,2,12,10,True,True,8040,33,18,2,4.7909
495,3,ok,2,9,7,True,True,8114,39,20,2,4.3023
225,4,ok,3,15,12,True,True,4048,22,13,3,0.5885
217,4,ok,3,14,11,True,True,3885,25,16,3,0.8862
226,4,ok,2,8,6,True,True,4068,28,23,2,0.5986
498,3,ok,2,6,4,True,True,8169,41,18,2,4.0561
497,3,ok,2,10,8,True,True,8151,28,20,2,4.0794
224,4,ok,2,5,3,True,True,4027,24,26,2,0.6467
227,4,ok,3,10,7,True,True,4089,37,15,3,0.5971
499,3,ok,2,13,11,True,True,8188,30,17,2,4.1352
231,4,ok,3,12,9,True,True,4170,22,14,3,0.6151
500,3,ok,2,7,5,True,True,8206,34,20,2,4.1122
228,4,ok,2,10,8,True,True,4109,25,30,2,0.6898
229,4,ok,3,19,16,True,True,4129,20,15,3,0.6776
232,4,ok,2,5,3,True,True,4191,33,28,2,0.6594
233,4,ok,3,11,8,True,True,4211,26,16,3,0.7087
235,4,ok,3,12,9,True,True,4253,27,14,3,0.7221
237,4,ok,3,10,7,True,True,4294,24,15,3,0.6864
492,3,ok,2,11,9,True,True,8059,30,19,2,4.9877
238,4,ok,2,7,5,True,True,4314,32,24,2,0.7003
239,4,ok,3,7,4,True,True,4335,30,17,3,0.6941
240,4,ok,2,7,5,True,True,4355,16,26,2,0.7016
230,4,ok,2,6,4,True,True,4150,33,23,2,0.8721
241,4,ok,3,14,11,True,True,4376,26,14,3,0.7413
242,4,ok,2,7,5,True,True,4397,45,27,2,0.7103
236,4,ok,2,8,6,True,True,4273,21,22,2,0.96
244,4,ok,2,10,8,True,True,4438,15,29,2,0.724
245,4,ok,3,15,12,True,True,4458,19,16,3,0.7309
243,4,ok,3,13,10,True,True,4417,25,15,3,0.7741
234,4,ok,2,6,4,True,True,4232,30,25,2,1.0853
493,3,ok,2,7,5,True,True,8077,40,17,2,5.0462
248,4,ok,2,8,6,True,True,4520,29,26,2,0.7442
250,4,ok,2,6,4,True,True,4562,36,24,2,0.7459
247,4,ok,3,9,6,True,True,4500,32,14,3,0.8264
251,4,ok,3,12,9,True,True,4582,29,14,3,0.787
253,4,ok,3,12,9,True,True,4624,35,14,3,0.7825
252,4,ok,2,7,5,True,True,4603,20,29,2,0.8221
254,4,ok,2,9,7,True,True,4645,22,26,2,0.8127
255,4,ok,3,12,9,True,True,4665,25,16,3,0.8483
259,4,ok,3,9,6,True,True,4748,21,14,3,0.8212
256,4,ok,2,5,3,True,True,4686,29,24,2,0.8499
257,4,ok,3,20,17,True,True,4707,39,15,3,0.8757
258,4,ok,2,7,5,True,True,4727,18,27,2,0.8679
260,4,ok,2,12,10,True,True,4769,25,29,2,0.8742
246,4,ok,2,10,8,True,True,4479,25,24,2,1.2246
261,4,ok,3,15,12,True,True,4790,42,17,3,0.8465
263,4,ok,3,12,9,True,True,4831,38,15,3,0.8849
262,4,ok,2,5,3,True,True,4811,24,41,2,0.9181
266,4,ok,2,11,9,True,True,4894,38,24,2,0.8689
249,4,ok,3,13,10,True,True,4541,24,13,3,1.2833
265,4,ok,3,13,10,True,True,4873,27,15,3,0.9165
267,4,ok,3,9,6,True,True,4915,38,18,3,0.8853
269,4,ok,3,13,10,True,True,4956,26,14,3,0.9035
270,4,ok,2,5,3,True,True,4977,29,24,2,0.9027
264,4,ok,2,5,3,True,True,4852,37,25,2,1.0699
273,4,ok,3,8,5,True,True,5040,37,17,3,0.929
268,4,ok,2,8,6,True,True,4936,29,27,2,1.107
272,4,ok,2,9,7,True,True,5019,20,23,2,0.9609
274,4,ok,2,5,3,True,True,5061,21,27,2,1.0592
271,4,ok,3,8,5,True,True,4998,38,14,3,1.1212
278,4,ok,2,6,4,True,True,5145,27,27,2,0.9674
277,4,ok,3,16,13,True,True,5124,36,15,3,1.0179
280,4,ok,2,9,7,True,True,5186,25,24,2,0.9932
281,4,ok,3,8,5,True,True,5207,36,13,3,0.9817
279,4,ok,3,11,8,True,True,5166,38,16,3,1.0413
276,4,ok,2,8,6,True,True,5103,26,26,2,1.1641
283,4,ok,3,11,8,True,True,5249,34,15,3,0.9703
282,4,ok,2,7,5,True,True,5228,22,22,2,1.0054
284,4,ok,2,6,4,True,True,5270,30,30,2,1.036
285,4,ok,3,13,10,True,True,5291,21,15,3,0.9888
286,4,ok,2,8,6,True,True,5312,28,24,2,1.0264
287,4,ok,3,14,11,True,True,5333,26,13,3,1.0498
291,4,ok,3,10,7,True,True,5418,30,14,3,1.061
288,4,ok,2,11,9,True,True,5354,44,25,2,1.1359
289,4,ok,3,10,7,True,True,5375,28,14,3,1.1259
275,4,ok,3,12,9,True,True,5082,22,15,3,1.6091
292,4,ok,2,9,7,True,True,5439,28,25,2,1.1003
294,4,ok,2,6,4,True,True,5481,35,25,2,1.0735
293,4,ok,3,13,10,True,True,5460,32,15,3,1.1569
297,4,ok,3,8,5,True,True,5544,31,18,3,1.1083
296,4,ok,2,8,6,True,True,5523,33,27,2,1.1576
298,4,ok,2,8,6,True,True,5565,26,28,2,1.1207
299,4,ok,3,9,6,True,True,5586,29,13,3,1.1311
301,4,ok,3,16,13,True,True,5628,24,16,3,1.1387
300,4,ok,2,7,5,True,True,5607,25,24,2,1.2976
303,4,ok,3,10,7,True,True,5671,29,15,3,1.1975
290,4,ok,2,10,8,True,True,5396,26,29,2,1.652
302,4,ok,2,10,8,True,True,5650,17,38,2,1.3088
295,4,ok,3,10,7,True,True,5502,35,16,3,1.5737
306,4,ok,2,13,11,True,True,5734,21,32,2,1.1861
307,4,ok,3,8,5,True,True,5755,23,16,3,1.1848
304,4,ok,2,9,7,True,True,5692,26,31,2,1.2685
309,4,ok,3,10,7,True,True,5798,33,14,3,1.2041
308,4,ok,2,10,8,True,True,5777,29,27,2,1.2123
305,4,ok,3,13,10,True,True,5713,31,15,3,1.3529
312,4,ok,2,7,5,True,True,5861,25,24,2,1.2421
313,4,ok,3,9,6,True,True,5883,37,15,3,1.2922
310,4,ok,2,11,9,True,True,5819,21,25,2,1.3494
311,4,ok,3,16,13,True,True,5840,38,14,3,1.41
314,4,ok,2,5,3,True,True,5904,35,25,2,1.3014
315,4,ok,3,14,11,True,True,5925,26,14,3,1.2665
316,4,ok,2,5,3,True,True,5946,37,26,2,1.2798
317,4,ok,3,10,7,True,True,5968,34,18,3,1.2995
318,4,ok,2,9,7,True,True,5989,27,25,2,1.296
320,4,ok,2,5,3,True,True,6031,19,32,2,1.3494
319,4,ok,3,10,7,True,True,6010,32,15,3,1.4268
323,4,ok,3,17,14,True,True,6095,24,15,3,1.358
322,4,ok,2,8,6,True,True,6074,30,24,2,1.3921
325,4,ok,3,11,8,True,True,6138,27,15,3,1.3809
326,4,ok,2,5,3,True,True,6159,25,32,2,1.43
324,4,ok,2,4,2,True,True,6117,24,27,2,1.4779
327,4,ok,3,11,8,True,True,6181,50,17,3,1.4744
328,4,ok,2,7,5,True,True,6202,33,30,2,1.4466
329,4,ok,3,13,10,True,True,6223,22,14,3,1.4778
331,4,ok,3,12,9,True,True,6266,34,14,3,1.497
321,4,ok,3,15,12,True,True,6053,29,15,3,2.0584
335,4,ok,3,12,9,True,True,6351,39,15,3,1.4944
336,4,ok,2,10,8,True,True,6373,30,28,2,1.5141
330,4,ok,2,7,5,True,True,6245,30,28,2,1.7781
339,4,ok,3,10,7,True,True,6437,49,14,3,1.5821
337,4,ok,3,13,10,True,True,6394,26,14,3,1.6624
341,4,ok,3,11,8,True,True,6480,38,17,3,1.5289
338,4,ok,2,5,3,True,True,6416,33,25,2,1.629
333,4,ok,3,10,7,True,True,6309,39,17,3,1.8385
342,4,ok,2,9,7,True,True,6501,41,24,2,1.589
345,4,ok,3,12,9,True,True,6566,32,15,3,1.6351
343,4,ok,3,17,14,True,True,6523,26,18,3,1.7534
347,4,ok,3,10,7,True,True,6609,26,14,3,1.5969
346,4,ok,2,9,7,True,True,6587,25,26,2,1.6879
332,4,ok,2,10,8,True,True,6287,31,28,2,2.2615
348,4,ok,2,12,10,True,True,6630,23,27,2,1.6467
340,4,ok,2,7,5,True,True,6459,49,26,2,2.0063
334,4,ok,2,7,5,True,True,6330,31,26,2,2.3264
349,4,ok,3,14,11,True,True,6652,32,14,3,1.7479
350,4,ok,2,6,4,True,True,6673,27,26,2,1.6764
344,4,ok,2,9,7,True,True,6544,36,27,2,2.0623
352,4,ok,2,6,4,True,True,6716,25,25,2,1.7251
353,4,ok,3,11,8,True,True,6738,28,16,3,1.7584
351,4,ok,3,15,12,True,True,6695,35,16,3,1.8465
354,4,ok,2,10,8,True,True,6759,33,28,2,1.7142
355,4,ok,3,16,13,True,True,6781,30,16,3,1.7565
357,4,ok,3,12,9,True,True,6824,37,15,3,1.7339
358,4,ok,2,8,6,True,True,6845,38,28,2,1.7605
356,4,ok,2,8,6,True,True,6802,34,33,2,1.8943
359,4,ok,3,10,7,True,True,6867,34,14,3,1.7696
360,4,ok,2,7,5,True,True,6888,50,26,2,1.8067
362,4,ok,2,9,7,True,True,6932,32,29,2,1.7442
363,4,ok,3,13,10,True,True,6953,32,18,3,1.7637
365,4,ok,3,10,7,True,True,6996,28,15,3,1.8405
368,4,ok,2,7,5,True,True,7061,22,29,2,1.8203
367,4,ok,3,16,13,True,True,7040,25,19,3,1.833
366,4,ok,2,6,4,True,True,7018,55,28,2,1.9753
370,4,ok,2,8,6,True,True,7104,28,24,2,1.909
364,4,ok,2,9,7,True,True,6975,31,25,2,2.2156
373,4,ok,3,12,9,True,True,7169,46,17,3,1.8773
371,4,ok,3,11,8,True,True,7126,34,16,3,1.9143
374,4,ok,2,12,10,True,True,7191,35,32,2,1.872
372,4,ok,2,13,11,True,True,7148,24,27,2,2.0102
361,4,ok,3,12,9,True,True,6910,47,15,3,2.6384
369,4,ok,3,8,5,True,True,7083,68,16,3,2.2944
376,4,ok,2,10,8,True,True,7234,32,27,2,1.9985
379,4,ok,3,13,10,True,True,7299,29,17,3,1.9521
380,4,ok,2,5,3,True,True,7321,31,30,2,2.0308
382,4,ok,2,7,5,True,True,7364,25,29,2,1.9642
377,4,ok,3,8,5,True,True,7256,50,17,3,2.3937
385,4,ok,3,11,8,True,True,7430,47,15,3,2.0312
383,4,ok,3,14,11,True,True,7386,41,16,3,2.079
381,4,ok,3,10,7,True,True,7343,39,17,3,2.2293
384,4,ok,2,7,5,True,True,7408,29,27,2,2.1485
386,4,ok,2,8,6,True,True,7451,26,29,2,2.1053
387,4,ok,3,14,11,True,True,7473,28,16,3,2.1181
375,4,ok,3,11,8,True,True,7213,35,16,3,2.9223
390,4,ok,2,11,9,True,True,7538,37,28,2,2.0707
378,4,ok,2,9,7,True,True,7278,28,27,2,2.8171
389,4,ok,3,13,10,True,True,7516,53,19,3,2.2528
388,4,ok,2,6,4,True,True,7495,28,28,2,2.2766
391,4,ok,3,12,9,True,True,7560,39,17,3,2.1727
392,4,ok,2,11,9,True,True,7582,47,32,2,2.1259
393,4,ok,3,9,6,True,True,7604,42,17,3,2.1141
396,4,ok,2,5,3,True,True,7669,32,30,2,2.2482
395,4,ok,3,13,10,True,True,7647,30,18,3,2.2592
394,4,ok,2,11,9,True,True,7625,44,38,2,2.3521
397,4,ok,3,12,9,True,True,7691,38,16,3,2.4926
398,4,ok,2,11,9,True,True,7712,35,30,2,2.4271
400,4,ok,2,6,4,True,True,7756,46,33,2,2.2943
402,4,ok,2,6,4,True,True,7800,40,29,2,2.372
401,4,ok,3,18,15,True,True,7778,29,15,3,2.3855
406,4,ok,2,11,9,True,True,7887,37,27,2,2.4502
403,4,ok,3,17,14,True,True,7822,34,16,3,2.5824
407,4,ok,3,14,11,True,True,7909,33,18,3,2.4407
399,4,ok,3,13,10,True,True,7734,45,16,3,2.9219
409,4,ok,3,8,5,True,True,7953,42,17,3,2.4015
408,4,ok,2,8,6,True,True,7931,24,29,2,2.5408
411,4,ok,3,7,4,True,True,7996,60,19,3,2.3876
413,4,ok,3,17,14,True,True,8040,44,17,3,2.431
412,4,ok,2,8,6,True,True,8018,23,29,2,2.4956
405,4,ok,3,16,13,True,True,7865,43,15,3,3.1178
414,4,ok,2,9,7,True,True,8062,26,32,2,2.6103
416,4,ok,2,8,6,True,True,8106,30,28,2,2.4769
415,4,ok,3,15,12,True,True,8084,29,16,3,2.6713
404,4,ok,2,4,2,True,True,7843,40,37,2,3.4832
410,4,ok,2,7,5,True,True,7975,38,35,2,3.1634
418,4,ok,2,8,6,True,True,8150,37,30,2,2.6769
421,4,ok,3,14,11,True,True,8216,32,17,3,2.7126
420,4,ok,2,10,8,True,True,8194,40,33,2,2.7916
423,4,ok,3,11,8,True,True,8259,38,19,3,2.637
422,4,ok,2,10,8,True,True,8238,38,30,2,2.7677
424,4,ok,2,8,6,True,True,8281,46,30,2,2.697
426,4,ok,2,8,6,True,True,8325,30,25,2,2.5612
425,4,ok,3,13,10,True,True,8303,37,16,3,2.5721
427,4,ok,3,11,8,True,True,8347,43,18,3,2.6752
417,4,ok,3,16,13,True,True,8128,35,15,3,3.6505
419,4,ok,3,17,14,True,True,8172,34,16,3,3.6894
430,4,ok,2,11,9,True,True,8413,34,29,2,2.5977
431,4,ok,3,9,6,True,True,8435,30,14,3,2.6277
428,4,ok,2,8,6,True,True,8369,30,28,2,2.7891
432,4,ok,2,7,5,True,True,8457,30,30,2,2.7906
433,4,ok,3,12,9,True,True,8479,42,16,3,2.7413
435,4,ok,3,14,11,True,True,8523,42,17,3,2.7035
429,4,ok,3,15,12,True,True,8391,30,17,3,3.3082
434,4,ok,2,5,3,True,True,8501,41,29,2,2.914
437,4,ok,3,9,6,True,True,8567,47,16,3,2.6973
439,4,ok,3,12,9,True,True,8611,26,20,3,2.6947
438,4,ok,2,8,6,True,True,8589,35,30,2,2.8615
440,4,ok,2,10,8,True,True,8633,31,29,2,2.8561
441,4,ok,3,11,8,True,True,8655,43,19,3,2.8468
436,4,ok,2,10,8,True,True,8545,25,32,2,3.2971
444,4,ok,2,10,8,True,True,8722,25,24,2,2.7796
443,4,ok,3,15,12,True,True,8700,34,14,3,2.8788
445,4,ok,3,10,7,True,True,8744,30,16,3,2.8907
442,4,ok,2,7,5,True,True,8678,25,24,2,3.2811
449,4,ok,3,10,7,True,True,8832,51,18,3,2.8918
447,4,ok,3,13,10,True,True,8788,34,17,3,3.122
451,4,ok,3,12,9,True,True,8876,40,16,3,2.8859
448,4,ok,2,6,4,True,True,8810,43,37,2,3.1299
453,4,ok,3,9,6,True,True,8920,34,16,3,2.9261
450,4,ok,2,6,4,True,True,8854,60,37,2,3.1737
452,4,ok,2,11,9,True,True,8898,29,30,2,3.0228
455,4,ok,3,12,9,True,True,8965,37,17,3,2.9395
454,4,ok,2,5,3,True,True,8943,53,32,2,2.9686
456,4,ok,2,7,5,True,True,8987,42,28,2,3.1131
446,4,ok,2,12,10,True,True,8766,32,26,2,4.2545
459,4,ok,3,12,9,True,True,9053,46,17,3,3.0361
460,4,ok,2,12,10,True,True,9075,41,29,2,3.1
461,4,ok,3,17,14,True,True,9098,23,17,3,3.3066
462,4,ok,2,6,4,True,True,9120,37,36,2,3.1818
463,4,ok,3,14,11,True,True,9142,50,16,3,3.1854
464,4,ok,2,8,6,True,True,9164,27,29,2,3.1709
467,4,ok,3,16,13,True,True,9231,36,17,3,3.1895
468,4,ok,2,11,9,True,True,9253,23,30,2,3.223
466,4,ok,2,9,7,True,True,9208,25,26,2,3.5079
469,4,ok,3,12,9,True,True,9275,21,18,3,3.3049
457,4,ok,3,8,5,True,True,9009,32,15,3,4.5794
471,4,ok,3,10,7,True,True,9319,30,16,3,3.3636
458,4,ok,2,8,6,True,True,9031,31,30,2,4.5573
473,4,ok,3,12,9,True,True,9364,27,17,3,3.2816
1,5,ok,4,4,0,True,True,10,2,3,4,0.0002
2,5,ok,2,3,1,True,True,19,3,5,2,0.0002
3,5,ok,3,7,4,True,True,30,2,7,3,0.0002
4,5,ok,2,6,4,True,True,41,2,7,2,0.0003
5,5,ok,3,6,3,True,True,54,4,6,3,0.0004
6,5,ok,2,3,1,True,True,67,5,8,2,0.0004
7,5,ok,3,8,5,True,True,81,5,9,3,0.0006
8,5,ok,2,3,1,True,True,95,4,12,2,0.0006
9,5,ok,3,8,5,True,True,109,4,10,3,0.0008
10,5,ok,2,4,2,True,True,124,8,9,2,0.0009
11,5,ok,3,7,4,True,True,139,5,9,3,0.0011
12,5,ok,2,7,5,True,True,155,4,14,2,0.0012
13,5,ok,3,7,4,True,True,170,7,10,3,0.0014
14,5,ok,2,7,5,True,True,186,5,15,2,0.0016
15,5,ok,3,5,2,True,True,202,8,12,3,0.0018
16,5,ok,2,3,1,True,True,219,9,13,2,0.002
17,5,ok,3,7,4,True,True,235,11,10,3,0.0023
18,5,ok,2,7,5,True,True,252,5,13,2,0.0025
19,5,ok,3,7,4,True,True,269,9,10,3,0.0028
20,5,ok,2,5,3,True,True,285,8,15,2,0.003
21,5,ok,3,8,5,True,True,303,7,13,3,0.0034
22,5,ok,2,8,6,True,True,320,8,13,2,0.0037
23,5,ok,3,7,4,True,True,337,10,14,3,0.0041
24,5,ok,2,7,5,True,True,355,6,15,2,0.0044
25,5,ok,3,11,8,True,True,372,9,12,3,0.005
26,5,ok,2,6,4,True,True,390,6,14,2,0.005
27,5,ok,3,8,5,True,True,408,9,14,3,0.0054
465,4,ok,3,10,7,True,True,9186,36,18,3,4.0578
28,5,ok,2,7,5,True,True,426,8,14,2,0.0059
30,5,ok,2,8,6,True,True,462,11,14,2,0.0068
29,5,ok,3,8,5,True,True,444,9,14,3,0.0112
31,5,ok,3,9,6,True,True,480,11,16,3,0.0073
32,5,ok,2,6,4,True,True,498,12,19,2,0.0082
33,5,ok,3,9,6,True,True,517,12,16,3,0.0084
35,5,ok,3,10,7,True,True,554,12,15,3,0.0095
34,5,ok,2,7,5,True,True,535,7,20,2,0.0152
36,5,ok,2,6,4,True,True,573,8,15,2,0.0099
37,5,ok,3,6,3,True,True,591,11,16,3,0.011
38,5,ok,2,5,3,True,True,610,6,17,2,0.0112
39,5,ok,3,8,5,True,True,629,11,17,3,0.0165
40,5,ok,2,8,6,True,True,648,10,16,2,0.0127
41,5,ok,3,10,7,True,True,667,13,19,3,0.0157
42,5,ok,2,6,4,True,True,686,8,17,2,0.0139
44,5,ok,2,4,2,True,True,725,8,17,2,0.0153
474,4,ok,2,6,4,True,True,9386,49,29,2,3.4361
43,5,ok,3,8,5,True,True,705,9,16,3,0.0211
45,5,ok,3,5,2,True,True,744,9,17,3,0.0163
46,5,ok,2,6,4,True,True,763,6,16,2,0.0173
47,5,ok,3,11,8,True,True,783,10,17,3,0.0257
48,5,ok,2,5,3,True,True,802,11,20,2,0.0187
49,5,ok,3,7,4,True,True,822,15,17,3,0.0209
50,5,ok,2,7,5,True,True,841,9,17,2,0.0255
52,5,ok,2,7,5,True,True,881,11,18,2,0.0237
51,5,ok,3,14,11,True,True,861,12,17,3,0.0372
54,5,ok,2,7,5,True,True,920,11,21,2,0.0261
53,5,ok,3,7,4,True,True,901,11,16,3,0.0397
55,5,ok,3,9,6,True,True,940,14,20,3,0.027
56,5,ok,2,4,2,True,True,960,14,20,2,0.0271
57,5,ok,3,9,6,True,True,980,17,20,3,0.0381
58,5,ok,2,5,3,True,True,1000,13,19,2,0.0358
59,5,ok,3,8,5,True,True,1020,18,21,3,0.0305
61,5,ok,3,10,7,True,True,1061,16,17,3,0.0323
60,5,ok,2,7,5,True,True,1040,12,21,2,0.0376
62,5,ok,2,4,2,True,True,1081,13,19,2,0.0331
63,5,ok,3,8,5,True,True,1101,13,21,3,0.0351
475,4,ok,3,13,10,True,True,9408,57,16,3,3.4469
65,5,ok,3,9,6,True,True,1142,16,24,3,0.0412
64,5,ok,2,8,6,True,True,1121,8,19,2,0.0677
66,5,ok,2,4,2,True,True,1162,12,19,2,0.0416
67,5,ok,3,8,5,True,True,1183,12,21,3,0.0435
68,5,ok,2,4,2,True,True,1203,12,21,2,0.0434
70,5,ok,2,6,4,True,True,1244,12,20,2,0.0462
69,5,ok,3,10,7,True,True,1224,12,21,3,0.0562
71,5,ok,3,11,8,True,True,1265,11,18,3,0.049
72,5,ok,2,6,4,True,True,1285,11,19,2,0.0489
73,5,ok,3,11,8,True,True,1306,10,19,3,0.051
75,5,ok,3,8,5,True,True,1348,16,22,3,0.055
76,5,ok,2,8,6,True,True,1368,11,21,2,0.0577
74,5,ok,2,6,4,True,True,1327,11,27,2,0.0855
77,5,ok,3,10,7,True,True,1389,19,25,3,0.0609
78,5,ok,2,5,3,True,True,1410,15,25,2,0.0609
79,5,ok,3,8,5,True,True,1431,15,18,3,0.0591
80,5,ok,2,8,6,True,True,1452,13,26,2,0.0838
81,5,ok,3,12,9,True,True,1473,17,19,3,0.0628
82,5,ok,2,8,6,True,True,1494,11,22,2,0.0655
470,4,ok,2,8,6,True,True,9297,57,27,2,4.1953
83,5,ok,3,7,4,True,True,1515,17,23,3,0.0684
477,4,ok,3,15,12,True,True,9453,51,17,3,3.4079
85,5,ok,3,11,8,True,True,1557,15,19,3,0.0702
86,5,ok,2,5,3,True,True,1578,18,20,2,0.076
84,5,ok,2,7,5,True,True,1536,11,21,2,0.0989
88,5,ok,2,6,4,True,True,1621,18,26,2,0.0767
478,4,ok,2,5,3,True,True,9475,27,29,2,3.3927
89,5,ok,3,9,6,True,True,1642,11,21,3,0.0781
87,5,ok,3,10,7,True,True,1600,18,21,3,0.1062
90,5,ok,2,7,5,True,True,1663,15,20,2,0.079
472,4,ok,2,9,7,True,True,9342,32,27,2,4.2303
91,5,ok,3,10,7,True,True,1685,12,24,3,0.0829
479,4,ok,3,13,10,True,True,9497,45,20,3,3.4004
93,5,ok,3,9,6,True,True,1727,14,22,3,0.0905
94,5,ok,2,8,6,True,True,1749,11,19,2,0.0895
95,5,ok,3,9,6,True,True,1770,17,23,3,0.0908
92,5,ok,2,6,4,True,True,1706,17,26,2,0.148
97,5,ok,3,9,6,True,True,1813,12,21,3,0.1015
99,5,ok,3,8,5,True,True,1856,15,22,3,0.102
96,5,ok,2,6,4,True,True,1792,24,21,2,0.1471
100,5,ok,2,6,4,True,True,1878,9,22,2,0.1053
101,5,ok,3,15,12,True,True,1899,12,26,3,0.1088
102,5,ok,2,5,3,True,True,1921,14,24,2,0.1082
103,5,ok,3,12,9,True,True,1943,18,20,3,0.1093
481,4,ok,3,9,6,True,True,9542,41,16,3,3.4055
98,5,ok,2,6,4,True,True,1835,9,22,2,0.1847
105,5,ok,3,8,5,True,True,1986,14,22,3,0.1154
106,5,ok,2,9,7,True,True,2008,12,25,2,0.128
108,5,ok,2,8,6,True,True,2051,14,24,2,0.1203
110,5,ok,2,7,5,True,True,2095,13,24,2,0.1278
109,5,ok,3,8,5,True,True,2073,14,21,3,0.1302
111,5,ok,3,12,9,True,True,2117,22,22,3,0.129
104,5,ok,2,7,5,True,True,1964,13,27,2,0.2108
112,5,ok,2,4,2,True,True,2139,15,25,2,0.1273
107,5,ok,3,6,3,True,True,2030,14,21,3,0.2116
114,5,ok,2,5,3,True,True,2183,13,23,2,0.1473
480,4,ok,2,7,5,True,True,9519,48,30,2,3.7511
115,5,ok,3,10,7,True,True,2205,14,21,3,0.152
116,5,ok,2,10,8,True,True,2227,14,25,2,0.143
113,5,ok,3,11,8,True,True,2161,19,21,3,0.2208
117,5,ok,3,11,8,True,True,2249,20,21,3,0.1522
483,4,ok,3,16,13,True,True,9586,28,16,3,3.5858
118,5,ok,2,7,5,True,True,2271,15,25,2,0.1551
119,5,ok,3,5,2,True,True,2293,27,22,3,0.163
121,5,ok,3,9,6,True,True,2337,15,24,3,0.1582
484,4,ok,2,6,4,True,True,9608,29,32,2,3.4572
123,5,ok,3,9,6,True,True,2381,18,23,3,0.1648
126,5,ok,2,6,4,True,True,2448,19,26,2,0.1666
125,5,ok,3,8,5,True,True,2426,16,20,3,0.1701
120,5,ok,2,7,5,True,True,2315,14,27,2,0.2706
124,5,ok,2,11,9,True,True,2404,12,22,2,0.1855
482,4,ok,2,11,9,True,True,9564,21,28,2,3.7809
485,4,ok,3,13,10,True,True,9631,36,17,3,3.5372
122,5,ok,2,7,5,True,True,2359,13,26,2,0.2751
130,5,ok,2,5,3,True,True,2537,11,28,2,0.1882
129,5,ok,3,7,4,True,True,2515,14,24,3,0.1923
128,5,ok,2,5,3,True,True,2492,24,23,2,0.2024
132,5,ok,2,5,3,True,True,2582,12,24,2,0.1913
131,5,ok,3,10,7,True,True,2559,18,22,3,0.2176
133,5,ok,3,8,5,True,True,2604,12,25,3,0.1908
134,5,ok,2,11,9,True,True,2627,14,25,2,0.202
127,5,ok,3,8,5,True,True,2470,13,25,3,0.3202
135,5,ok,3,9,6,True,True,2649,15,24,3,0.1937
136,5,ok,2,4,2,True,True,2671,13,23,2,0.2119
138,5,ok,2,10,8,True,True,2716,16,26,2,0.2512
476,4,ok,2,6,4,True,True,9430,33,27,2,4.6183
140,5,ok,2,7,5,True,True,2761,18,26,2,0.2277
139,5,ok,3,11,8,True,True,2739,17,21,3,0.2462
143,5,ok,3,9,6,True,True,2829,17,25,3,0.2331
142,5,ok,2,8,6,True,True,2806,14,26,2,0.2394
144,5,ok,2,9,7,True,True,2852,13,29,2,0.2492
145,5,ok,3,11,8,True,True,2874,17,25,3,0.2298
146,5,ok,2,6,4,True,True,2897,19,24,2,0.2567
137,5,ok,3,6,3,True,True,2694,24,23,3,0.368
147,5,ok,3,11,8,True,True,2920,15,23,3,0.2389
148,5,ok,2,6,4,True,True,2942,17,24,2,0.2479
141,5,ok,3,13,10,True,True,2784,16,23,3,0.3595
486,4,ok,2,10,8,True,True,9653,32,26,2,3.6079
150,5,ok,2,6,4,True,True,2988,14,29,2,0.2592
151,5,ok,3,6,3,True,True,3010,16,27,3,0.2647
488,4,ok,2,7,5,True,True,9698,45,32,2,3.5219
152,5,ok,2,6,4,True,True,3033,24,24,2,0.2816
149,5,ok,3,12,9,True,True,2965,19,27,3,0.3778
154,5,ok,2,5,3,True,True,3079,22,23,2,0.3002
156,5,ok,2,5,3,True,True,3124,12,27,2,0.2811
158,5,ok,2,7,5,True,True,3170,13,24,2,0.288
155,5,ok,3,8,5,True,True,3102,19,23,3,0.3283
159,5,ok,3,9,6,True,True,3193,23,25,3,0.297
157,5,ok,3,7,4,True,True,3147,15,24,3,0.3452
153,5,ok,3,8,5,True,True,3056,22,23,3,0.3838
160,5,ok,2,6,4,True,True,3216,12,26,2,0.2917
162,5,ok,2,4,2,True,True,3262,18,29,2,0.2986
163,5,ok,3,9,6,True,True,3285,20,25,3,0.3592
165,5,ok,3,10,7,True,True,3331,14,24,3,0.3245
166,5,ok,2,6,4,True,True,3354,17,28,2,0.3239
161,5,ok,3,8,5,True,True,3239,34,23,3,0.4205
167,5,ok,3,5,2,True,True,3377,21,32,3,0.3336
489,4,ok,3,11,8,True,True,9720,44,16,3,3.6183
168,5,ok,2,9,7,True,True,3400,18,30,2,0.3223
164,5,ok,2,6,4,True,True,3308,17,26,2,0.4517
169,5,ok,3,13,10,True,True,3423,18,25,3,0.3841
171,5,ok,3,9,6,True,True,3469,19,25,3,0.361
172,5,ok,2,6,4,True,True,3492,19,27,2,0.3609
173,5,ok,3,9,6,True,True,3515,24,34,3,0.3548
175,5,ok,3,9,6,True,True,3561,18,26,3,0.3616
174,5,ok,2,8,6,True,True,3538,19,25,2,0.3995
176,5,ok,2,5,3,True,True,3584,24,26,2,0.3659
170,5,ok,2,7,5,True,True,3446,19,28,2,0.4746
178,5,ok,2,5,3,True,True,3631,14,30,2,0.3671
179,5,ok,3,9,6,True,True,3654,20,24,3,0.381
177,5,ok,3,8,5,True,True,3608,14,28,3,0.506
180,5,ok,2,11,9,True,True,3677,18,24,2,0.3908
181,5,ok,3,12,9,True,True,3700,13,23,3,0.4052
182,5,ok,2,9,7,True,True,3724,17,26,2,0.4044
185,5,ok,3,7,4,True,True,3794,25,24,3,0.4114
184,5,ok,2,8,6,True,True,3770,17,26,2,0.4414
491,4,ok,3,17,14,True,True,9765,31,16,3,3.7999
186,5,ok,2,6,4,True,True,3817,19,31,2,0.4216
490,4,ok,2,7,5,True,True,9742,27,29,2,3.9293
183,5,ok,3,9,6,True,True,3747,21,23,3,0.5774
189,5,ok,3,12,9,True,True,3887,21,27,3,0.4338
492,4,ok,2,7,5,True,True,9787,33,30,2,3.6992
188,5,ok,2,8,6,True,True,3864,14,30,2,0.4725
191,5,ok,3,8,5,True,True,3934,25,29,3,0.4368
190,5,ok,2,10,8,True,True,3910,18,27,2,0.4755
187,5,ok,3,9,6,True,True,3840,16,26,3,0.5669
192,5,ok,2,6,4,True,True,3957,11,27,2,0.4467
493,4,ok,3,12,9,True,True,9809,33,16,3,3.699
193,5,ok,3,12,9,True,True,3981,16,25,3,0.4761
195,5,ok,3,9,6,True,True,4027,17,28,3,0.4822
196,5,ok,2,9,7,True,True,4051,17,26,2,0.502
197,5,ok,3,10,7,True,True,4074,15,26,3,0.4819
494,4,ok,2,10,8,True,True,9831,25,28,2,3.6762
194,5,ok,2,8,6,True,True,4004,15,23,2,0.6242
199,5,ok,3,8,5,True,True,4121,21,26,3,0.4851
201,5,ok,3,7,4,True,True,4168,19,28,3,0.5057
200,5,ok,2,7,5,True,True,4145,16,26,2,0.52
202,5,ok,2,7,5,True,True,4192,12,25,2,0.4933
198,5,ok,2,10,8,True,True,4098,13,27,2,0.6122
205,5,ok,3,12,9,True,True,4263,20,30,3,0.5114
204,5,ok,2,6,4,True,True,4239,20,26,2,0.5318
203,5,ok,3,10,7,True,True,4215,19,27,3,0.5365
495,4,ok,3,11,8,True,True,9854,39,18,3,3.6835
208,5,ok,2,7,5,True,True,4333,19,28,2,0.5217
206,5,ok,2,9,7,True,True,4286,21,33,2,0.5532
211,5,ok,3,8,5,True,True,4404,22,34,3,0.5501
209,5,ok,3,8,5,True,True,4357,27,27,3,0.5585
210,5,ok,2,8,6,True,True,4381,23,28,2,0.5692
207,5,ok,3,13,10,True,True,4310,14,26,3,0.6209
212,5,ok,2,5,3,True,True,4428,15,30,2,0.5775
214,5,ok,2,8,6,True,True,4475,13,27,2,0.5834
215,5,ok,3,10,7,True,True,4499,19,28,3,0.5684
217,5,ok,3,7,4,True,True,4547,29,25,3,0.5762
213,5,ok,3,11,8,True,True,4452,20,26,3,0.6665
497,4,ok,3,17,14,True,True,9898,34,18,3,3.8457
216,5,ok,2,8,6,True,True,4523,20,26,2,0.6479
219,5,ok,3,7,4,True,True,4594,16,30,3,0.6007
218,5,ok,2,7,5,True,True,4570,17,29,2,0.6652
220,5,ok,2,14,12,True,True,4618,21,25,2,0.6068
222,5,ok,2,6,4,True,True,4666,20,33,2,0.6088
496,4,ok,2,10,8,True,True,9876,31,34,2,4.0549
223,5,ok,3,11,8,True,True,4689,19,30,3,0.6195
221,5,ok,3,8,5,True,True,4642,17,27,3,0.6759
224,5,ok,2,6,4,True,True,4713,21,33,2,0.6298
225,5,ok,3,11,8,True,True,4737,19,30,3,0.6933
227,5,ok,3,8,5,True,True,4785,22,25,3,0.6706
228,5,ok,2,8,6,True,True,4809,25,30,2,0.6773
230,5,ok,2,5,3,True,True,4856,16,33,2,0.6754
229,5,ok,3,8,5,True,True,4833,14,28,3,0.683
226,5,ok,2,8,6,True,True,4761,15,30,2,0.7512
487,4,ok,3,12,9,True,True,9675,37,17,3,5.672
233,5,ok,3,11,8,True,True,4928,21,28,3,0.6959
231,5,ok,3,9,6,True,True,4880,24,25,3,0.7934
232,5,ok,2,5,3,True,True,4904,16,28,2,0.8062
237,5,ok,3,10,7,True,True,5024,19,25,3,0.7291
235,5,ok,3,11,8,True,True,4976,26,28,3,0.7666
234,5,ok,2,8,6,True,True,4952,24,29,2,0.7947
238,5,ok,2,6,4,True,True,5048,29,28,2,0.7741
236,5,ok,2,4,2,True,True,5000,17,32,2,0.833
240,5,ok,2,8,6,True,True,5096,18,31,2,0.7591
242,5,ok,2,8,6,True,True,5144,23,32,2,0.7859
239,5,ok,3,12,9,True,True,5072,14,27,3,0.8682
241,5,ok,3,10,7,True,True,5120,23,30,3,0.8529
244,5,ok,2,8,6,True,True,5192,22,27,2,0.8254
243,5,ok,3,12,9,True,True,5168,28,27,3,0.8587
245,5,ok,3,9,6,True,True,5216,17,27,3,0.8183
246,5,ok,2,8,6,True,True,5241,18,26,2,0.787
248,5,ok,2,5,3,True,True,5289,19,30,2,0.9015
249,5,ok,3,11,8,True,True,5313,17,27,3,0.8772
251,5,ok,3,9,6,True,True,5361,29,30,3,0.8806
250,5,ok,2,10,8,True,True,5337,24,29,2,0.9008
499,4,ok,3,11,8,True,True,9943,55,16,3,4.7223
247,5,ok,3,7,4,True,True,5265,15,29,3,1.018
253,5,ok,3,11,8,True,True,5409,18,33,3,0.8878
255,5,ok,3,16,13,True,True,5458,23,28,3,0.8779
256,5,ok,2,7,5,True,True,5482,19,27,2,0.8868
252,5,ok,2,7,5,True,True,5385,18,29,2,0.9759
254,5,ok,2,5,3,True,True,5434,22,29,2,0.948
257,5,ok,3,8,5,True,True,5506,23,28,3,0.9404
259,5,ok,3,14,11,True,True,5555,21,27,3,0.8712
261,5,ok,3,8,5,True,True,5603,20,29,3,0.9163
260,5,ok,2,6,4,True,True,5579,26,26,2,0.9647
262,5,ok,2,7,5,True,True,5627,14,35,2,0.9407
264,5,ok,2,10,8,True,True,5676,18,39,2,0.9576
263,5,ok,3,11,8,True,True,5652,15,28,3,1.0
265,5,ok,3,9,6,True,True,5700,19,27,3,0.9699
267,5,ok,3,10,7,True,True,5749,21,25,3,0.9534
266,5,ok,2,6,4,True,True,5725,17,33,2,0.987
268,5,ok,2,15,13,True,True,5773,14,31,2,0.9741
269,5,ok,3,7,4,True,True,5798,30,28,3,0.9972
270,5,ok,2,8,6,True,True,5822,23,30,2,0.9926
271,5,ok,3,14,11,True,True,5846,15,29,3,1.0024
274,5,ok,2,9,7,True,True,5919,17,30,2,0.9982
272,5,ok,2,7,5,True,True,5871,22,30,2,1.0585
273,5,ok,3,9,6,True,True,5895,25,31,3,1.0735
258,5,ok,2,4,2,True,True,5530,14,32,2,1.4733
276,5,ok,2,6,4,True,True,5968,20,35,2,1.0272
275,5,ok,3,12,9,True,True,5944,21,27,3,1.0673
277,5,ok,3,11,8,True,True,5993,16,35,3,1.057
280,5,ok,2,5,3,True,True,6066,27,29,2,1.0183
278,5,ok,2,7,5,True,True,6017,22,31,2,1.1076
498,4,ok,2,6,4,True,True,9921,32,30,2,5.9229
281,5,ok,3,15,12,True,True,6090,18,29,3,1.0514
282,5,ok,2,4,2,True,True,6115,19,32,2,1.0672
284,5,ok,2,11,9,True,True,6164,15,30,2,1.0618
283,5,ok,3,9,6,True,True,6139,13,28,3,1.1044
285,5,ok,3,9,6,True,True,6188,23,32,3,1.2246
287,5,ok,3,9,6,True,True,6237,17,31,3,1.1202
500,4,ok,2,7,5,True,True,9965,29,30,2,6.1676
289,5,ok,3,11,8,True,True,6286,19,27,3,1.1111
286,5,ok,2,4,2,True,True,6213,23,30,2,1.3228
290,5,ok,2,7,5,True,True,6311,23,32,2,1.1638
288,5,ok,2,7,5,True,True,6262,21,29,2,1.239
293,5,ok,3,12,9,True,True,6385,27,31,3,1.1765
291,5,ok,3,7,4,True,True,6336,23,32,3,1.2837
294,5,ok,2,8,6,True,True,6409,21,28,2,1.2491
279,5,ok,3,11,8,True,True,6042,17,28,3,1.8076
296,5,ok,2,7,5,True,True,6459,18,29,2,1.1953
292,5,ok,2,10,8,True,True,6360,16,31,2,1.3489
297,5,ok,3,8,5,True,True,6483,22,30,3,1.1818
299,5,ok,3,14,11,True,True,6532,18,28,3,1.2691
300,5,ok,2,8,6,True,True,6557,15,29,2,1.3257
295,5,ok,3,11,8,True,True,6434,22,29,3,1.5659
301,5,ok,3,8,5,True,True,6582,22,29,3,1.45
304,5,ok,2,8,6,True,True,6656,17,30,2,1.2959
298,5,ok,2,8,6,True,True,6508,26,31,2,1.585
307,5,ok,3,8,5,True,True,6730,26,29,3,1.2805
302,5,ok,2,5,3,True,True,6606,26,31,2,1.4963
306,5,ok,2,9,7,True,True,6705,15,32,2,1.3396
305,5,ok,3,6,3,True,True,6680,19,33,3,1.4425
310,5,ok,2,9,7,True,True,6804,16,33,2,1.3504
312,5,ok,2,5,3,True,True,6853,19,28,2,1.3238
311,5,ok,3,5,2,True,True,6829,26,33,3,1.3991
313,5,ok,3,10,7,True,True,6878,24,35,3,1.3887
308,5,ok,2,4,2,True,True,6754,15,32,2,1.6353
314,5,ok,2,6,4,True,True,6903,22,29,2,1.4184
315,5,ok,3,16,13,True,True,6928,26,30,3,1.4489
317,5,ok,3,5,2,True,True,6977,27,33,3,1.3562
303,5,ok,3,9,6,True,True,6631,24,29,3,2.1368
319,5,ok,3,13,10,True,True,7027,29,30,3,1.4796
320,5,ok,2,6,4,True,True,7052,26,32,2,1.4337
318,5,ok,2,6,4,True,True,7002,30,30,2,1.5447
321,5,ok,3,10,7,True,True,7077,27,32,3,1.4207
322,5,ok,2,9,7,True,True,7101,18,29,2,1.4646
323,5,ok,3,10,7,True,True,7126,24,28,3,1.4623
325,5,ok,3,8,5,True,True,7176,15,29,3,1.5063
327,5,ok,3,8,5,True,True,7226,28,29,3,1.4825
309,5,ok,3,10,7,True,True,6779,23,33,3,2.2497
326,5,ok,2,7,5,True,True,7201,19,31,2,1.6089
328,5,ok,2,8,6,True,True,7251,20,32,2,1.5
329,5,ok,3,11,8,True,True,7275,35,28,3,1.5295
330,5,ok,2,9,7,True,True,7300,17,34,2,1.6306
332,5,ok,2,7,5,True,True,7350,17,32,2,1.5313
316,5,ok,2,7,5,True,True,6952,18,30,2,2.3788
334,5,ok,2,7,5,True,True,7400,24,31,2,1.5535
331,5,ok,3,12,9,True,True,7325,21,30,3,1.7022
333,5,ok,3,12,9,True,True,7375,29,28,3,1.6845
336,5,ok,2,10,8,True,True,7450,19,30,2,1.6653
335,5,ok,3,10,7,True,True,7425,17,30,3,1.7189
338,5,ok,2,6,4,True,True,7500,21,31,2,1.6213
337,5,ok,3,10,7,True,True,7475,21,28,3,1.691
339,5,ok,3,9,6,True,True,7525,23,28,3,1.6066
340,5,ok,2,7,5,True,True,7550,28,32,2,1.6493
341,5,ok,3,6,3,True,True,7575,21,33,3,1.7083
324,5,ok,2,6,4,True,True,7151,17,34,2,2.5571
342,5,ok,2,5,3,True,True,7600,16,30,2,1.7444
344,5,ok,2,11,9,True,True,7650,13,29,2,1.6822
343,5,ok,3,7,4,True,True,7625,33,32,3,1.7459
345,5,ok,3,13,10,True,True,7675,17,30,3,1.7014
347,5,ok,3,12,9,True,True,7725,29,28,3,1.7714
350,5,ok,2,7,5,True,True,7800,25,31,2,1.7831
348,5,ok,2,4,2,True,True,7750,19,30,2,1.8362
351,5,ok,3,8,5,True,True,7825,27,29,3,1.836
352,5,ok,2,6,4,True,True,7850,19,33,2,1.8133
349,5,ok,3,13,10,True,True,7775,29,30,3,1.9848
354,5,ok,2,6,4,True,True,7900,23,29,2,1.7956
353,5,ok,3,13,10,True,True,7875,18,32,3,1.8561
357,5,ok,3,11,8,True,True,7976,28,32,3,1.8507
356,5,ok,2,5,3,True,True,7951,29,31,2,1.9751
358,5,ok,2,5,3,True,True,8001,31,30,2,1.862
360,5,ok,2,8,6,True,True,8051,23,37,2,1.9169
362,5,ok,2,7,5,True,True,8102,22,33,2,1.9001
359,5,ok,3,12,9,True,True,8026,25,30,3,2.1219
346,5,ok,2,7,5,True,True,7700,23,33,2,3.0038
365,5,ok,3,12,9,True,True,8177,22,32,3,2.0294
363,5,ok,3,12,9,True,True,8127,21,29,3,2.1107
367,5,ok,3,16,13,True,True,8227,20,27,3,1.9855
369,5,ok,3,10,7,True,True,8278,28,27,3,1.9929
364,5,ok,2,6,4,True,True,8152,26,36,2,2.2105
366,5,ok,2,7,5,True,True,8202,22,33,2,2.1286
370,5,ok,2,6,4,True,True,8303,21,31,2,2.0072
368,5,ok,2,7,5,True,True,8253,20,34,2,2.1114
371,5,ok,3,9,6,True,True,8328,25,37,3,2.0718
374,5,ok,2,9,7,True,True,8404,29,33,2,2.0238
355,5,ok,3,10,7,True,True,7926,30,28,3,3.1935
376,5,ok,2,7,5,True,True,8455,21,35,2,2.0512
375,5,ok,3,14,11,True,True,8429,20,29,3,2.2181
373,5,ok,3,11,8,True,True,8379,24,30,3,2.3823
377,5,ok,3,8,5,True,True,8480,26,31,3,2.1515
378,5,ok,2,8,6,True,True,8505,26,33,2,2.1296
379,5,ok,3,10,7,True,True,8530,25,35,3,2.2099
361,5,ok,3,12,9,True,True,8076,18,30,3,3.3054
381,5,ok,3,10,7,True,True,8581,27,39,3,2.1354
383,5,ok,3,10,7,True,True,8632,29,29,3,2.1165
380,5,ok,2,9,7,True,True,8556,14,33,2,2.233
384,5,ok,2,11,9,True,True,8657,22,31,2,2.2219
385,5,ok,3,9,6,True,True,8682,19,31,3,2.1619
382,5,ok,2,5,3,True,True,8606,29,30,2,2.4636
372,5,ok,2,9,7,True,True,8354,14,35,2,3.4271
387,5,ok,3,12,9,True,True,8733,30,29,3,2.3637
386,5,ok,2,4,2,True,True,8708,32,33,2,2.5437
388,5,ok,2,5,3,True,True,8758,28,32,2,2.2679
389,5,ok,3,5,2,True,True,8784,27,32,3,2.2074
392,5,ok,2,8,6,True,True,8860,21,32,2,2.34
394,5,ok,2,6,4,True,True,8910,17,38,2,2.3059
395,5,ok,3,9,6,True,True,8936,23,29,3,2.2987
390,5,ok,2,7,5,True,True,8809,21,32,2,2.7288
398,5,ok,2,8,6,True,True,9012,26,32,2,2.4524
393,5,ok,3,12,9,True,True,8885,31,32,3,2.6677
400,5,ok,2,13,11,True,True,9063,22,34,2,2.5192
399,5,ok,3,9,6,True,True,9038,22,32,3,2.6756
397,5,ok,3,12,9,True,True,8987,26,32,3,2.7401
396,5,ok,2,12,10,True,True,8961,21,33,2,2.8656
401,5,ok,3,8,5,True,True,9088,21,29,3,2.5112
403,5,ok,3,9,6,True,True,9139,24,31,3,2.447
404,5,ok,2,10,8,True,True,9165,20,35,2,2.7085
406,5,ok,2,5,3,True,True,9216,18,34,2,2.5621
391,5,ok,3,11,8,True,True,8834,24,35,3,3.5984
405,5,ok,3,8,5,True,True,9190,27,34,3,2.8155
411,5,ok,3,8,5,True,True,9343,30,31,3,2.5492
410,5,ok,2,9,7,True,True,9318,23,33,2,2.6974
408,5,ok,2,8,6,True,True,9267,28,33,2,2.9027
412,5,ok,2,4,2,True,True,9369,20,33,2,2.7638
413,5,ok,3,9,6,True,True,9394,23,35,3,2.722
407,5,ok,3,13,10,True,True,9241,27,30,3,3.1142
409,5,ok,3,11,8,True,True,9292,37,29,3,3.4156
414,5,ok,2,10,8,True,True,9420,19,32,2,3.0609
415,5,ok,3,9,6,True,True,9445,25,29,3,3.1777
417,5,ok,3,11,8,True,True,9496,25,29,3,2.9462
418,5,ok,2,8,6,True,True,9522,28,32,2,3.0624
422,5,ok,2,6,4,True,True,9624,25,34,2,2.6409
421,5,ok,3,12,9,True,True,9599,29,34,3,2.6885
423,5,ok,3,10,7,True,True,9650,27,33,3,2.6978
402,5,ok,2,7,5,True,True,9114,18,35,2,4.9386
425,5,ok,3,8,5,True,True,9701,24,34,3,2.8652
428,5,ok,2,11,9,True,True,9778,29,36,2,2.8728
424,5,ok,2,7,5,True,True,9675,17,36,2,3.2241
427,5,ok,3,10,7,True,True,9752,26,34,3,2.9521
426,5,ok,2,8,6,True,True,9727,21,35,2,3.1667
416,5,ok,2,9,7,True,True,9471,28,34,2,4.2327
429,5,ok,3,10,7,True,True,9803,27,36,3,3.1354
431,5,ok,3,12,9,True,True,9855,27,32,3,3.0025
430,5,ok,2,10,8,True,True,9829,20,34,2,3.1348
436,5,ok,2,10,8,True,True,9983,25,36,2,2.998
420,5,ok,2,8,6,True,True,9573,19,36,2,4.6824
434,5,ok,2,9,7,True,True,9932,17,31,2,3.127
432,5,ok,2,7,5,True,True,9880,25,36,2,3.6585
435,5,ok,3,14,11,True,True,9957,21,31,3,3.1889
419,5,ok,3,14,11,True,True,9547,21,31,3,5.015
438,5,ok,2,10,8,True,True,10034,22,33,2,3.2082
433,5,ok,3,14,11,True,True,9906,29,31,3,3.7676
437,5,ok,3,9,6,True,True,10009,26,34,3,3.5446
441,5,ok,3,14,11,True,True,10111,22,31,3,3.2952
439,5,ok,3,10,7,True,True,10060,28,29,3,3.4406
440,5,ok,2,8,6,True,True,10086,19,34,2,3.4805
443,5,ok,3,10,7,True,True,10163,22,34,3,3.3567
444,5,ok,2,9,7,True,True,10189,17,33,2,3.4577
445,5,ok,3,11,8,True,True,10214,24,35,3,3.4572
448,5,ok,2,7,5,True,True,10292,30,34,2,3.1588
446,5,ok,2,8,6,True,True,10240,24,35,2,3.4932
442,5,ok,2,8,6,True,True,10137,15,34,2,4.3504
449,5,ok,3,9,6,True,True,10317,25,34,3,3.4473
447,5,ok,3,7,4,True,True,10266,24,36,3,3.5394
452,5,ok,2,6,4,True,True,10395,24,38,2,3.3819
450,5,ok,2,3,1,True,True,10343,43,33,2,4.0839
454,5,ok,2,7,5,True,True,10446,30,35,2,3.6426
453,5,ok,3,11,8,True,True,10420,22,33,3,3.9362
458,5,ok,2,10,8,True,True,10549,20,39,2,3.676
456,5,ok,2,5,3,True,True,10498,29,33,2,3.8219
457,5,ok,3,8,5,True,True,10524,26,30,3,3.8499
460,5,ok,2,9,7,True,True,10601,19,34,2,3.7315
455,5,ok,3,9,6,True,True,10472,25,33,3,4.0605
459,5,ok,3,10,7,True,True,10575,21,34,3,3.8656
461,5,ok,3,11,8,True,True,10627,25,31,3,3.4603
451,5,ok,3,8,5,True,True,10369,24,33,3,4.6599
464,5,ok,2,9,7,True,True,10704,19,38,2,4.0452
467,5,ok,3,14,11,True,True,10782,26,32,3,3.7062
466,5,ok,2,5,3,True,True,10756,23,33,2,3.8546
468,5,ok,2,6,4,True,True,10808,21,32,2,3.8126
470,5,ok,2,8,6,True,True,10859,25,35,2,3.6724
469,5,ok,3,9,6,True,True,10834,24,31,3,3.9302
471,5,ok,3,9,6,True,True,10885,20,29,3,4.0051
473,5,ok,3,13,10,True,True,10937,21,32,3,3.708
472,5,ok,2,9,7,True,True,10911,14,34,2,4.0857
1,6,ok,5,5,0,True,True,12,2,3,5,0.0002
2,6,ok,2,3,1,True,True,23,3,6,2,0.0002
3,6,ok,4,6,2,True,True,35,4,4,4,0.0003
4,6,ok,2,5,3,True,True,49,3,13,2,0.0005
5,6,ok,5,7,2,True,True,63,5,5,5,0.0006
6,6,ok,2,4,2,True,True,78,4,8,2,0.0007
7,6,ok,4,7,3,True,True,94,5,8,4,0.0008
8,6,ok,2,4,2,True,True,110,7,15,2,0.0009
9,6,ok,5,10,5,True,True,127,7,9,5,0.0033
10,6,ok,2,4,2,True,True,144,5,11,2,0.0012
11,6,ok,4,9,5,True,True,161,7,7,4,0.0014
12,6,ok,2,5,3,True,True,179,3,17,2,0.0035
13,6,ok,5,16,11,True,True,197,6,9,5,0.0018
14,6,ok,2,3,1,True,True,215,8,11,2,0.0017
15,6,ok,4,7,3,True,True,234,8,8,4,0.0023
16,6,ok,2,4,2,True,True,252,9,20,2,0.0024
17,6,ok,5,10,5,True,True,271,7,7,5,0.0027
18,6,ok,2,4,2,True,True,290,6,15,2,0.0027
19,6,ok,4,10,6,True,True,309,6,9,4,0.0033
20,6,ok,2,4,2,True,True,329,8,24,2,0.0034
21,6,ok,5,7,2,True,True,348,11,10,5,0.005
22,6,ok,2,5,3,True,True,368,8,14,2,0.0043
23,6,ok,4,12,8,True,True,388,8,10,4,0.005
24,6,ok,2,4,2,True,True,408,6,21,2,0.0048
25,6,ok,5,14,9,True,True,428,9,10,5,0.0058
26,6,ok,2,8,6,True,True,448,5,14,2,0.0056
27,6,ok,4,10,6,True,True,469,16,9,4,0.0062
28,6,ok,2,5,3,True,True,489,8,41,2,0.0064
29,6,ok,5,17,12,True,True,510,7,11,5,0.0074
30,6,ok,2,5,3,True,True,531,12,16,2,0.008
31,6,ok,4,13,9,True,True,552,11,11,4,0.0084
32,6,ok,2,6,4,True,True,572,7,25,2,0.0106
33,6,ok,5,16,11,True,True,594,9,9,5,0.0138
34,6,ok,2,6,4,True,True,615,8,15,2,0.0102
35,6,ok,4,11,7,True,True,636,10,11,4,0.0109
36,6,ok,2,4,2,True,True,657,11,30,2,0.0148
37,6,ok,5,11,6,True,True,679,12,10,5,0.0127
38,6,ok,2,5,3,True,True,700,8,19,2,0.0123
39,6,ok,4,15,11,True,True,722,13,12,4,0.0163
40,6,ok,2,6,4,True,True,743,8,29,2,0.0203
41,6,ok,5,10,5,True,True,765,13,13,5,0.015
42,6,ok,2,6,4,True,True,787,9,21,2,0.0154
43,6,ok,4,10,6,True,True,809,12,10,4,0.0177
44,6,ok,2,7,5,True,True,831,11,32,2,0.0243
476,5,ok,2,7,5,True,True,11015,26,34,2,3.7131
45,6,ok,5,11,6,True,True,853,12,11,5,0.0183
46,6,ok,2,3,1,True,True,875,8,18,2,0.0189
47,6,ok,4,12,8,True,True,897,16,10,4,0.0239
48,6,ok,2,7,5,True,True,919,7,34,2,0.0212
49,6,ok,5,12,7,True,True,942,10,12,5,0.0224
50,6,ok,2,6,4,True,True,964,16,23,2,0.0225
51,6,ok,4,14,10,True,True,987,13,10,4,0.0243
52,6,ok,2,8,6,True,True,1009,12,35,2,0.0246
54,6,ok,2,7,5,True,True,1054,9,21,2,0.0274
53,6,ok,5,13,8,True,True,1032,17,13,5,0.0408
55,6,ok,4,12,8,True,True,1077,14,12,4,0.0292
56,6,ok,2,7,5,True,True,1100,7,34,2,0.0287
57,6,ok,5,17,12,True,True,1123,12,13,5,0.0339
58,6,ok,2,7,5,True,True,1145,10,20,2,0.0313
59,6,ok,4,11,7,True,True,1168,11,12,4,0.0363
60,6,ok,2,5,3,True,True,1191,11,39,2,0.0368
61,6,ok,5,17,12,True,True,1214,11,12,5,0.0361
62,6,ok,2,4,2,True,True,1237,10,23,2,0.0394
478,5,ok,2,8,6,True,True,11067,17,36,2,3.7095
477,5,ok,3,9,6,True,True,11041,30,29,3,3.9282
63,6,ok,4,8,4,True,True,1261,12,15,4,0.0396
475,5,ok,3,22,19,True,True,10989,20,33,3,4.0512
64,6,ok,2,8,6,True,True,1284,9,37,2,0.0397
65,6,ok,5,12,7,True,True,1307,11,14,5,0.0413
66,6,ok,2,4,2,True,True,1330,12,21,2,0.0414
67,6,ok,4,12,8,True,True,1354,15,12,4,0.0536
69,6,ok,5,22,17,True,True,1400,15,13,5,0.0523
68,6,ok,2,7,5,True,True,1377,9,41,2,0.0569
70,6,ok,2,10,8,True,True,1424,9,21,2,0.0478
71,6,ok,4,12,8,True,True,1447,16,16,4,0.0532
72,6,ok,2,8,6,True,True,1471,11,38,2,0.0534
73,6,ok,5,16,11,True,True,1494,15,16,5,0.0662
74,6,ok,2,5,3,True,True,1518,10,22,2,0.0628
480,5,ok,2,6,4,True,True,11119,21,35,2,3.777
75,6,ok,4,14,10,True,True,1542,14,15,4,0.0561
76,6,ok,2,7,5,True,True,1565,17,36,2,0.0615
479,5,ok,3,12,9,True,True,11093,20,37,3,3.8453
77,6,ok,5,11,6,True,True,1589,16,14,5,0.0687
78,6,ok,2,6,4,True,True,1613,13,22,2,0.0699
81,6,ok,5,13,8,True,True,1685,13,12,5,0.0666
79,6,ok,4,9,5,True,True,1637,25,12,4,0.0771
80,6,ok,2,5,3,True,True,1661,11,38,2,0.0696
82,6,ok,2,6,4,True,True,1709,11,24,2,0.0682
83,6,ok,4,13,9,True,True,1733,24,14,4,0.0765
84,6,ok,2,4,2,True,True,1757,11,38,2,0.0834
86,6,ok,2,7,5,True,True,1805,11,23,2,0.0765
85,6,ok,5,16,11,True,True,1781,19,13,5,0.0878
88,6,ok,2,9,7,True,True,1853,9,39,2,0.0899
87,6,ok,4,11,7,True,True,1829,15,15,4,0.0912
89,6,ok,5,19,14,True,True,1877,15,13,5,0.0859
90,6,ok,2,6,4,True,True,1902,12,22,2,0.0909
91,6,ok,4,10,6,True,True,1926,10,14,4,0.0894
92,6,ok,2,4,2,True,True,1950,11,40,2,0.0878
93,6,ok,5,12,7,True,True,1975,15,14,5,0.1058
94,6,ok,2,3,1,True,True,1999,14,28,2,0.101
95,6,ok,4,10,6,True,True,2024,12,17,4,0.1075
96,6,ok,2,6,4,True,True,2048,14,42,2,0.1014
97,6,ok,5,14,9,True,True,2073,17,15,5,0.1025
98,6,ok,2,7,5,True,True,2097,13,23,2,0.1118
99,6,ok,4,8,4,True,True,2122,17,13,4,0.1036
100,6,ok,2,6,4,True,True,2146,18,44,2,0.1235
101,6,ok,5,16,11,True,True,2171,14,15,5,0.1354
102,6,ok,2,7,5,True,True,2195,18,27,2,0.1312
103,6,ok,4,10,6,True,True,2220,15,14,4,0.1211
104,6,ok,2,8,6,True,True,2245,10,43,2,0.1194
106,6,ok,2,7,5,True,True,2294,13,26,2,0.1221
105,6,ok,5,13,8,True,True,2270,13,17,5,0.149
107,6,ok,4,6,2,True,True,2319,15,17,4,0.1408
108,6,ok,2,7,5,True,True,2344,10,48,2,0.1426
109,6,ok,5,12,7,True,True,2369,16,16,5,0.1525
111,6,ok,4,9,5,True,True,2419,15,15,4,0.1367
110,6,ok,2,5,3,True,True,2394,11,27,2,0.1582
112,6,ok,2,4,2,True,True,2444,15,44,2,0.1385
113,6,ok,5,12,7,True,True,2469,16,16,5,0.1466
465,5,ok,3,6,3,True,True,10730,21,34,3,6.1845
114,6,ok,2,8,6,True,True,2494,16,27,2,0.16
115,6,ok,4,16,12,True,True,2519,13,17,4,0.1515
117,6,ok,5,15,10,True,True,2569,13,15,5,0.1515
116,6,ok,2,7,5,True,True,2544,11,41,2,0.1608
118,6,ok,2,8,6,True,True,2594,17,24,2,0.1813
119,6,ok,4,12,8,True,True,2619,14,17,4,0.1614
481,5,ok,3,9,6,True,True,11144,36,31,3,4.1879
120,6,ok,2,6,4,True,True,2644,16,42,2,0.1628
123,6,ok,4,14,10,True,True,2720,18,16,4,0.173
122,6,ok,2,5,3,True,True,2695,14,25,2,0.1878
124,6,ok,2,7,5,True,True,2745,12,39,2,0.172
125,6,ok,5,14,9,True,True,2770,17,16,5,0.1963
126,6,ok,2,6,4,True,True,2796,21,27,2,0.1844
121,6,ok,5,13,8,True,True,2669,16,16,5,0.2854
127,6,ok,4,9,5,True,True,2821,25,15,4,0.1868
128,6,ok,2,4,2,True,True,2846,18,40,2,0.201
129,6,ok,5,15,10,True,True,2872,18,15,5,0.1946
483,5,ok,3,12,9,True,True,11196,36,31,3,3.8763
462,5,ok,2,5,3,True,True,10653,21,37,2,6.7153
130,6,ok,2,3,1,True,True,2897,14,27,2,0.1934
132,6,ok,2,4,2,True,True,2948,13,41,2,0.1986
131,6,ok,4,12,8,True,True,2923,23,15,4,0.2158
463,5,ok,3,14,11,True,True,10678,17,32,3,6.7549
134,6,ok,2,9,7,True,True,2999,13,24,2,0.2132
133,6,ok,5,17,12,True,True,2974,15,18,5,0.2411
136,6,ok,2,5,3,True,True,3050,31,43,2,0.2175
138,6,ok,2,6,4,True,True,3101,14,32,2,0.2238
137,6,ok,5,15,10,True,True,3076,28,15,5,0.2745
139,6,ok,4,12,8,True,True,3127,14,15,4,0.2338
485,5,ok,3,12,9,True,True,11248,20,37,3,3.8892
141,6,ok,5,14,9,True,True,3178,23,18,5,0.2343
135,6,ok,4,11,7,True,True,3025,17,16,4,0.3738
142,6,ok,2,8,6,True,True,3204,12,27,2,0.2417
143,6,ok,4,12,8,True,True,3230,14,14,4,0.2801
489,5,ok,3,8,5,True,True,11352,25,33,3,3.8237
487,5,ok,3,10,7,True,True,11300,31,31,3,3.8809
145,6,ok,5,18,13,True,True,3281,15,15,5,0.2647
147,6,ok,4,10,6,True,True,3333,22,17,4,0.2676
146,6,ok,2,7,5,True,True,3307,18,28,2,0.2896
148,6,ok,2,6,4,True,True,3359,17,55,2,0.2622
140,6,ok,2,4,2,True,True,3153,13,47,2,0.4344
488,5,ok,2,7,5,True,True,11326,21,36,2,3.9281
144,6,ok,2,5,3,True,True,3256,24,43,2,0.4186
150,6,ok,2,8,6,True,True,3410,11,27,2,0.279
149,6,ok,5,13,8,True,True,3385,21,15,5,0.3002
151,6,ok,4,13,9,True,True,3436,18,17,4,0.2767
152,6,ok,2,7,5,True,True,3462,14,48,2,0.2774
484,5,ok,2,5,3,True,True,11222,29,38,2,4.2177
154,6,ok,2,6,4,True,True,3514,18,26,2,0.2915
486,5,ok,2,10,8,True,True,11274,29,34,2,4.2539
155,6,ok,4,13,9,True,True,3540,20,19,4,0.3157
156,6,ok,2,6,4,True,True,3566,16,50,2,0.2968
158,6,ok,2,6,4,True,True,3618,18,27,2,0.3095
157,6,ok,5,12,7,True,True,3592,20,16,5,0.3262
159,6,ok,4,13,9,True,True,3644,28,16,4,0.3074
160,6,ok,2,10,8,True,True,3670,15,45,2,0.3461
163,6,ok,4,13,9,True,True,3749,17,18,4,0.3269
153,6,ok,5,16,11,True,True,3488,21,18,5,0.5163
492,5,ok,2,9,7,True,True,11430,20,32,2,4.0061
491,5,ok,3,10,7,True,True,11404,26,31,3,4.0697
161,6,ok,5,14,9,True,True,3696,17,15,5,0.3865
165,6,ok,5,22,17,True,True,3801,13,17,5,0.3471
490,5,ok,2,6,4,True,True,11378,29,33,2,4.3054
167,6,ok,4,12,8,True,True,3853,24,16,4,0.3928
168,6,ok,2,9,7,True,True,3879,18,47,2,0.3888
170,6,ok,2,7,5,True,True,3932,14,27,2,0.3605
166,6,ok,2,6,4,True,True,3827,17,29,2,0.4878
162,6,ok,2,4,2,True,True,3722,14,28,2,0.5724
171,6,ok,4,15,11,True,True,3958,19,18,4,0.4203
173,6,ok,5,15,10,True,True,4011,22,17,5,0.3696
172,6,ok,2,3,1,True,True,3985,15,48,2,0.3891
174,6,ok,2,3,1,True,True,4037,19,25,2,0.3718
169,6,ok,5,13,8,True,True,3906,13,18,5,0.4973
164,6,ok,2,7,5,True,True,3775,14,51,2,0.5965
176,6,ok,2,7,5,True,True,4090,15,49,2,0.403
178,6,ok,2,9,7,True,True,4143,15,32,2,0.4106
177,6,ok,5,14,9,True,True,4116,19,18,5,0.4429
180,6,ok,2,6,4,True,True,4196,13,47,2,0.4264
181,6,ok,5,14,9,True,True,4222,17,16,5,0.4609
182,6,ok,2,7,5,True,True,4248,19,26,2,0.4537
183,6,ok,4,10,6,True,True,4275,20,19,4,0.4395
493,5,ok,3,11,8,True,True,11456,23,32,3,3.9221
175,6,ok,4,12,8,True,True,4064,12,16,4,0.632
184,6,ok,2,6,4,True,True,4301,19,53,2,0.5083
186,6,ok,2,7,5,True,True,4354,19,31,2,0.4636
187,6,ok,4,14,10,True,True,4381,14,17,4,0.4495
185,6,ok,5,16,11,True,True,4328,20,18,5,0.5374
494,5,ok,2,8,6,True,True,11482,16,35,2,4.0754
188,6,ok,2,4,2,True,True,4408,15,51,2,0.5151
191,6,ok,4,7,3,True,True,4487,17,16,4,0.4795
474,5,ok,2,5,3,True,True,10963,24,36,2,6.8731
192,6,ok,2,9,7,True,True,4514,24,50,2,0.4895
179,6,ok,4,12,8,True,True,4169,18,18,4,0.7508
190,6,ok,2,5,3,True,True,4461,17,33,2,0.5214
193,6,ok,5,15,10,True,True,4541,22,18,5,0.502
495,5,ok,3,10,7,True,True,11508,29,39,3,4.117
194,6,ok,2,5,3,True,True,4567,19,34,2,0.5567
196,6,ok,2,7,5,True,True,4621,17,52,2,0.5117
496,5,ok,2,6,4,True,True,11534,23,42,2,3.9782
497,5,ok,3,9,6,True,True,11560,31,31,3,3.9756
197,6,ok,5,13,8,True,True,4647,17,17,5,0.5416
199,6,ok,4,12,8,True,True,4701,18,20,4,0.5384
198,6,ok,2,7,5,True,True,4674,11,31,2,0.5697
200,6,ok,2,7,5,True,True,4728,15,50,2,0.5176
189,6,ok,5,17,12,True,True,4434,14,17,5,0.7873
201,6,ok,5,18,13,True,True,4755,15,17,5,0.5312
203,6,ok,4,9,5,True,True,4808,17,19,4,0.539
202,6,ok,2,6,4,True,True,4781,16,30,2,0.5887
482,5,ok,2,9,7,True,True,11170,30,35,2,6.0314
195,6,ok,4,15,11,True,True,4594,16,18,4,0.8411
498,5,ok,2,7,5,True,True,11586,32,35,2,4.0267
206,6,ok,2,6,4,True,True,4889,22,29,2,0.5591
207,6,ok,4,17,13,True,True,4916,16,20,4,0.5665
205,6,ok,5,15,10,True,True,4862,17,17,5,0.6032
208,6,ok,2,3,1,True,True,4942,23,49,2,0.6126
209,6,ok,5,12,7,True,True,4969,17,17,5,0.5714
211,6,ok,4,12,8,True,True,5023,17,20,4,0.5824
210,6,ok,2,7,5,True,True,4996,17,30,2,0.6424
213,6,ok,5,18,13,True,True,5077,19,19,5,0.6634
204,6,ok,2,4,2,True,True,4835,18,51,2,0.8713
217,6,ok,5,19,14,True,True,5185,15,20,5,0.6287
215,6,ok,4,13,9,True,True,5131,19,17,4,0.6755
216,6,ok,2,9,7,True,True,5158,21,54,2,0.68
500,5,ok,2,10,8,True,True,11638,22,37,2,4.0132
219,6,ok,4,11,7,True,True,5239,18,18,4,0.6464
218,6,ok,2,6,4,True,True,5212,17,30,2,0.6924
220,6,ok,2,11,9,True,True,5266,16,53,2,0.6485
221,6,ok,5,19,14,True,True,5293,26,18,5,0.6446
222,6,ok,2,4,2,True,True,5320,25,35,2,0.6968
223,6,ok,4,10,6,True,True,5347,23,16,4,0.6777
225,6,ok,5,15,10,True,True,5402,16,18,5,0.6966
212,6,ok,2,10,8,True,True,5050,12,48,2,0.9694
224,6,ok,2,7,5,True,True,5375,16,53,2,0.7371
227,6,ok,4,14,10,True,True,5456,21,18,4,0.6968
228,6,ok,2,4,2,True,True,5483,24,53,2,0.7109
214,6,ok,2,5,3,True,True,5104,13,29,2,1.0379
229,6,ok,5,15,10,True,True,5510,19,17,5,0.73
230,6,ok,2,5,3,True,True,5538,18,31,2,0.7485
232,6,ok,2,7,5,True,True,5592,24,50,2,0.7295
233,6,ok,5,17,12,True,True,5619,18,17,5,0.7496
234,6,ok,2,8,6,True,True,5646,18,29,2,0.7418
499,5,ok,3,13,10,True,True,11612,26,31,3,4.7097
235,6,ok,4,11,7,True,True,5674,29,18,4,0.8323
237,6,ok,5,19,14,True,True,5728,17,22,5,0.7851
238,6,ok,2,6,4,True,True,5756,19,37,2,0.7792
236,6,ok,2,6,4,True,True,5701,15,59,2,0.8514
240,6,ok,2,5,3,True,True,5810,18,54,2,0.8028
226,6,ok,2,6,4,True,True,5429,19,30,2,1.2148
242,6,ok,2,5,3,True,True,5865,24,32,2,0.8229
244,6,ok,2,5,3,True,True,5920,28,48,2,0.8419
239,6,ok,4,9,5,True,True,5783,24,20,4,0.9242
245,6,ok,5,18,13,True,True,5947,22,17,5,0.8492
246,6,ok,2,9,7,True,True,5975,13,33,2,0.8279
231,6,ok,4,12,8,True,True,5565,22,19,4,1.207
243,6,ok,4,13,9,True,True,5892,18,18,4,0.9057
248,6,ok,2,6,4,True,True,6029,14,52,2,0.8464
249,6,ok,5,14,9,True,True,6057,21,17,5,0.8684
247,6,ok,4,12,8,True,True,6002,25,21,4,0.9775
250,6,ok,2,7,5,True,True,6084,34,37,2,0.896
251,6,ok,4,14,10,True,True,6112,19,18,4,0.8978
252,6,ok,2,5,3,True,True,6139,18,56,2,0.9278
255,6,ok,4,12,8,True,True,6222,18,19,4,0.9593
256,6,ok,2,8,6,True,True,6249,12,55,2,0.9234
254,6,ok,2,8,6,True,True,6194,13,27,2,1.0174
258,6,ok,2,7,5,True,True,6304,22,31,2,0.9336
259,6,ok,4,15,11,True,True,6332,19,21,4,0.9461
260,6,ok,2,8,6,True,True,6360,18,56,2,0.93
241,6,ok,5,12,7,True,True,5838,19,22,5,1.3974
262,6,ok,2,8,6,True,True,6415,22,37,2,0.9499
261,6,ok,5,13,8,True,True,6387,19,20,5,0.988
266,6,ok,2,9,7,True,True,6525,23,32,2,0.9811
264,6,ok,2,10,8,True,True,6470,23,56,2,1.0868
265,6,ok,5,16,11,True,True,6498,16,19,5,1.0513
263,6,ok,4,13,9,True,True,6442,26,19,4,1.1798
268,6,ok,2,7,5,True,True,6581,24,52,2,1.0815
270,6,ok,2,10,8,True,True,6636,15,30,2,1.0598
253,6,ok,5,15,10,True,True,6167,21,18,5,1.6258
267,6,ok,4,13,9,True,True,6553,22,19,4,1.2256
273,6,ok,5,26,21,True,True,6719,20,19,5,1.0745
274,6,ok,2,6,4,True,True,6747,16,31,2,1.078
271,6,ok,4,9,5,True,True,6664,42,18,4,1.1111
257,6,ok,5,16,11,True,True,6277,20,17,5,1.6278
277,6,ok,5,15,10,True,True,6830,21,20,5,1.0812
278,6,ok,2,9,7,True,True,6858,23,28,2,1.0966
276,6,ok,2,5,3,True,True,6802,20,51,2,1.2232
272,6,ok,2,6,4,True,True,6691,17,56,2,1.3581
280,6,ok,2,9,7,True,True,6914,14,56,2,1.143
281,6,ok,5,12,7,True,True,6941,24,20,5,1.187
282,6,ok,2,8,6,True,True,6969,23,34,2,1.2159
284,6,ok,2,8,6,True,True,7025,15,56,2,1.1561
279,6,ok,4,16,12,True,True,6886,26,21,4,1.4801
286,6,ok,2,11,9,True,True,7081,20,33,2,1.2362
288,6,ok,2,11,9,True,True,7136,29,61,2,1.2002
283,6,ok,4,11,7,True,True,6997,19,19,4,1.3075
287,6,ok,4,9,5,True,True,7109,22,20,4,1.2193
269,6,ok,5,14,9,True,True,6608,14,19,5,1.8115
285,6,ok,5,13,8,True,True,7053,22,18,5,1.3039
290,6,ok,2,5,3,True,True,7192,25,38,2,1.2094
275,6,ok,4,9,5,True,True,6775,21,20,4,1.7648
291,6,ok,4,11,7,True,True,7220,28,18,4,1.2727
292,6,ok,2,6,4,True,True,7248,14,53,2,1.2436
294,6,ok,2,5,3,True,True,7304,16,30,2,1.3071
293,6,ok,5,16,11,True,True,7276,21,19,5,1.4106
296,6,ok,2,7,5,True,True,7360,19,54,2,1.3007
289,6,ok,5,19,14,True,True,7164,20,20,5,1.7907
301,6,ok,5,12,7,True,True,7500,26,22,5,1.3126
300,6,ok,2,7,5,True,True,7472,22,58,2,1.3272
302,6,ok,2,7,5,True,True,7528,24,27,2,1.354
295,6,ok,4,20,16,True,True,7332,20,21,4,1.5823
304,6,ok,2,4,2,True,True,7584,15,62,2,1.323
297,6,ok,5,19,14,True,True,7388,16,18,5,1.5347
299,6,ok,4,13,9,True,True,7444,25,21,4,1.5375
305,6,ok,5,13,8,True,True,7612,25,20,5,1.3792
307,6,ok,4,11,7,True,True,7669,30,24,4,1.4159
303,6,ok,4,14,10,True,True,7556,20,19,4,1.6667
306,6,ok,2,11,9,True,True,7640,17,33,2,1.5222
308,6,ok,2,5,3,True,True,7697,24,53,2,1.4381
309,6,ok,5,18,13,True,True,7725,21,22,5,1.446
310,6,ok,2,6,4,True,True,7753,20,34,2,1.4149
311,6,ok,4,13,9,True,True,7781,20,20,4,1.4096
298,6,ok,2,5,3,True,True,7416,15,30,2,2.0033
312,6,ok,2,6,4,True,True,7809,16,56,2,1.5113
316,6,ok,2,7,5,True,True,7922,25,59,2,1.5129
313,6,ok,5,16,11,True,True,7837,21,21,5,1.5441
315,6,ok,4,10,6,True,True,7894,30,20,4,1.5843
319,6,ok,4,16,12,True,True,8006,23,23,4,1.5076
321,6,ok,5,22,17,True,True,8063,17,21,5,1.5315
318,6,ok,2,4,2,True,True,7978,15,32,2,1.6677
322,6,ok,2,6,4,True,True,8091,21,42,2,1.5361
314,6,ok,2,9,7,True,True,7865,22,30,2,2.0135
323,6,ok,4,13,9,True,True,8119,23,22,4,1.5597
317,6,ok,5,15,10,True,True,7950,21,19,5,2.1485
326,6,ok,2,7,5,True,True,8204,19,30,2,1.5926
324,6,ok,2,7,5,True,True,8148,24,57,2,1.6865
325,6,ok,5,18,13,True,True,8176,22,20,5,1.6474
327,6,ok,4,13,9,True,True,8233,18,20,4,1.5706
328,6,ok,2,6,4,True,True,8261,31,57,2,1.6127
320,6,ok,2,12,10,True,True,8035,16,55,2,2.2416
331,6,ok,4,14,10,True,True,8346,50,19,4,1.6346
329,6,ok,5,15,10,True,True,8289,21,20,5,1.6988
330,6,ok,2,5,3,True,True,8317,18,32,2,1.7892
334,6,ok,2,9,7,True,True,8431,12,34,2,1.688
333,6,ok,5,19,14,True,True,8402,25,18,5,1.7875
335,6,ok,4,11,7,True,True,8459,32,25,4,1.6772
336,6,ok,2,7,5,True,True,8488,22,57,2,1.7541
338,6,ok,2,7,5,True,True,8544,17,31,2,1.7583
339,6,ok,4,9,5,True,True,8573,22,19,4,1.7876
337,6,ok,5,11,6,True,True,8516,30,20,5,1.9042
340,6,ok,2,7,5,True,True,8601,17,59,2,1.7507
341,6,ok,5,16,11,True,True,8630,22,20,5,1.7431
344,6,ok,2,8,6,True,True,8715,27,60,2,1.8534
332,6,ok,2,6,4,True,True,8374,19,58,2,2.5258
347,6,ok,4,9,5,True,True,8800,25,22,4,1.8139
345,6,ok,5,21,16,True,True,8743,22,20,5,1.9148
343,6,ok,4,13,9,True,True,8686,34,22,4,1.9544
346,6,ok,2,4,2,True,True,8772,20,34,2,1.9484
348,6,ok,2,8,6,True,True,8829,15,64,2,1.8318
349,6,ok,5,18,13,True,True,8857,16,22,5,2.018
350,6,ok,2,7,5,True,True,8886,16,35,2,1.9514
352,6,ok,2,8,6,True,True,8943,17,59,2,1.9334
342,6,ok,2,10,8,True,True,8658,15,32,2,2.7318
354,6,ok,2,8,6,True,True,9000,16,32,2,2.0002
357,6,ok,5,15,10,True,True,9085,26,22,5,1.9815
356,6,ok,2,10,8,True,True,9057,16,58,2,2.0621
355,6,ok,4,9,5,True,True,9028,23,20,4,2.1101
358,6,ok,2,6,4,True,True,9114,14,32,2,2.0192
360,6,ok,2,7,5,True,True,9171,28,61,2,2.0067
361,6,ok,5,16,11,True,True,9200,22,23,5,2.1145
363,6,ok,4,14,10,True,True,9257,28,18,4,2.1148
351,6,ok,4,11,7,True,True,8914,27,20,4,2.8427
365,6,ok,5,14,9,True,True,9314,22,20,5,2.0962
362,6,ok,2,6,4,True,True,9228,17,31,2,2.3215
364,6,ok,2,7,5,True,True,9286,22,59,2,2.2633
366,6,ok,2,4,2,True,True,9343,23,34,2,2.1952
367,6,ok,4,15,11,True,True,9372,19,23,4,2.1701
353,6,ok,5,17,12,True,True,8971,30,22,5,2.8951
370,6,ok,2,4,2,True,True,9458,16,35,2,2.1269
368,6,ok,2,8,6,True,True,9400,15,62,2,2.1868
371,6,ok,4,8,4,True,True,9486,17,20,4,2.1433
359,6,ok,4,11,7,True,True,9143,28,21,4,3.0119
369,6,ok,5,16,11,True,True,9429,22,22,5,2.3667
374,6,ok,2,7,5,True,True,9572,17,34,2,2.179
372,6,ok,2,6,4,True,True,9515,23,66,2,2.2767
375,6,ok,4,11,7,True,True,9601,20,25,4,2.325
378,6,ok,2,8,6,True,True,9687,25,33,2,2.24
376,6,ok,2,10,8,True,True,9630,14,66,2,2.4743
377,6,ok,5,10,5,True,True,9659,27,17,5,2.4892
380,6,ok,2,8,6,True,True,9745,18,57,2,2.2814
379,6,ok,4,10,6,True,True,9716,28,21,4,2.4462
381,6,ok,5,18,13,True,True,9774,30,21,5,2.2988
383,6,ok,4,13,9,True,True,9831,18,20,4,2.3467
373,6,ok,5,14,9,True,True,9544,25,19,5,3.202
384,6,ok,2,7,5,True,True,9860,13,54,2,2.3264
387,6,ok,4,17,13,True,True,9946,18,22,4,2.3966
385,6,ok,5,16,11,True,True,9889,20,19,5,2.4626
388,6,ok,2,5,3,True,True,9975,19,60,2,2.3567
386,6,ok,2,9,7,True,True,9917,19,32,2,2.5406
389,6,ok,5,12,7,True,True,10004,20,21,5,2.5413
390,6,ok,2,6,4,True,True,10033,18,34,2,2.423
392,6,ok,2,5,3,True,True,10090,22,65,2,2.4198
382,6,ok,2,8,6,True,True,9802,18,34,2,3.2505
393,6,ok,5,15,10,True,True,10119,20,20,5,2.6706
394,6,ok,2,7,5,True,True,10148,20,37,2,2.6361
395,6,ok,4,9,5,True,True,10177,28,20,4,2.5716
396,6,ok,2,4,2,True,True,10206,22,57,2,2.6015
398,6,ok,2,9,7,True,True,10264,22,36,2,2.5293
400,6,ok,2,7,5,True,True,10322,22,67,2,2.5433
399,6,ok,4,12,8,True,True,10293,27,19,4,2.6572
402,6,ok,2,6,4,True,True,10379,18,37,2,2.7451
403,6,ok,4,16,12,True,True,10408,27,21,4,2.6074
404,6,ok,2,12,10,True,True,10437,12,57,2,2.664
406,6,ok,2,7,5,True,True,10495,30,33,2,2.6147
405,6,ok,5,13,8,True,True,10466,25,21,5,2.7634
391,6,ok,4,12,8,True,True,10062,25,21,4,3.7049
409,6,ok,5,13,8,True,True,10582,25,21,5,2.7027
407,6,ok,4,14,10,True,True,10524,34,24,4,2.9317
397,6,ok,5,13,8,True,True,10235,19,22,5,3.8216
411,6,ok,4,18,14,True,True,10640,22,22,4,2.7205
408,6,ok,2,5,3,True,True,10553,29,61,2,2.9647
410,6,ok,2,6,4,True,True,10611,23,37,2,2.9927
412,6,ok,2,10,8,True,True,10669,17,66,2,2.7077
414,6,ok,2,6,4,True,True,10727,19,39,2,2.746
401,6,ok,5,11,6,True,True,10350,21,23,5,4.0362
415,6,ok,4,12,8,True,True,10756,26,22,4,2.7908
417,6,ok,5,18,13,True,True,10814,18,20,5,2.8413
416,6,ok,2,6,4,True,True,10785,16,59,2,2.9889
420,6,ok,2,6,4,True,True,10901,17,63,2,2.8492
418,6,ok,2,6,4,True,True,10843,28,37,2,3.1424
421,6,ok,5,17,12,True,True,10930,29,22,5,2.8972
419,6,ok,4,11,7,True,True,10872,29,23,4,3.1495
427,6,ok,4,13,9,True,True,11105,21,20,4,2.9671
425,6,ok,5,13,8,True,True,11047,27,20,5,3.0726
428,6,ok,2,9,7,True,True,11134,19,56,2,3.0155
426,6,ok,2,6,4,True,True,11076,17,34,2,3.0786
429,6,ok,5,15,10,True,True,11163,21,23,5,3.097
413,6,ok,5,17,12,True,True,10698,25,20,5,4.432
423,6,ok,4,8,4,True,True,10989,38,20,4,3.5106
424,6,ok,2,6,4,True,True,11018,23,62,2,3.5728
431,6,ok,4,10,6,True,True,11222,19,23,4,3.0784
432,6,ok,2,10,8,True,True,11251,16,60,2,3.1643
433,6,ok,5,14,9,True,True,11280,26,20,5,3.1078
430,6,ok,2,6,4,True,True,11192,25,33,2,3.4646
434,6,ok,2,7,5,True,True,11309,20,42,2,3.3715
436,6,ok,2,7,5,True,True,11367,29,65,2,3.1161
422,6,ok,2,4,2,True,True,10960,18,33,2,4.77
437,6,ok,5,16,11,True,True,11397,20,19,5,3.3662
439,6,ok,4,9,5,True,True,11455,27,19,4,3.4956
442,6,ok,2,12,10,True,True,11543,20,32,2,3.205
443,6,ok,4,16,12,True,True,11572,39,22,4,3.3343
445,6,ok,5,20,15,True,True,11630,26,22,5,3.2607
441,6,ok,5,18,13,True,True,11513,29,23,5,3.7317
446,6,ok,2,7,5,True,True,11660,28,32,2,3.3052
440,6,ok,2,5,3,True,True,11484,23,61,2,4.0044
447,6,ok,4,10,6,True,True,11689,39,21,4,3.4751
448,6,ok,2,10,8,True,True,11718,21,56,2,3.3086
444,6,ok,2,4,2,True,True,11601,18,68,2,4.3822
450,6,ok,2,8,6,True,True,11777,21,34,2,3.6353
449,6,ok,5,14,9,True,True,11747,27,22,5,3.8281
435,6,ok,4,18,14,True,True,11338,27,20,4,5.4082
451,6,ok,4,14,10,True,True,11806,22,22,4,3.8365
454,6,ok,2,6,4,True,True,11894,29,35,2,3.495
438,6,ok,2,4,2,True,True,11426,23,38,2,5.3279
453,6,ok,5,16,11,True,True,11865,22,24,5,3.5771
455,6,ok,4,18,14,True,True,11923,25,23,4,3.591
452,6,ok,2,3,1,True,True,11835,27,64,2,3.7338
456,6,ok,2,8,6,True,True,11952,25,63,2,3.5765
460,6,ok,2,7,5,True,True,12070,22,66,2,3.5468
458,6,ok,2,6,4,True,True,12011,20,36,2,3.7844
461,6,ok,5,14,9,True,True,12099,31,21,5,3.7157
462,6,ok,2,8,6,True,True,12129,26,33,2,3.7199
465,6,ok,5,19,14,True,True,12217,35,21,5,3.6231
459,6,ok,4,15,11,True,True,12040,30,21,4,4.4504
464,6,ok,2,7,5,True,True,12187,24,62,2,3.7414
463,6,ok,4,13,9,True,True,12158,29,21,4,4.1013
469,6,ok,5,19,14,True,True,12334,19,21,5,3.738
467,6,ok,4,13,9,True,True,12275,25,24,4,4.0001
468,6,ok,2,7,5,True,True,12305,14,62,2,3.8174
470,6,ok,2,8,6,True,True,12364,33,39,2,3.6866
471,6,ok,4,15,11,True,True,12393,24,22,4,3.7798
457,6,ok,5,15,10,True,True,11982,26,21,5,5.6095
1,7,ok,6,6,0,True,True,15,2,3,6,0.0004
2,7,ok,4,6,2,True,True,27,3,6,4,0.0002
3,7,ok,6,10,4,True,True,41,3,6,6,0.0007
4,7,ok,4,9,5,True,True,56,3,9,4,0.0004
5,7,ok,6,10,4,True,True,72,5,6,6,0.0006
6,7,ok,4,8,4,True,True,90,4,7,4,0.0012
7,7,ok,6,10,4,True,True,107,4,6,6,0.0008
8,7,ok,4,8,4,True,True,126,6,9,4,0.0009
9,7,ok,6,9,3,True,True,144,5,7,6,0.0011
10,7,ok,4,7,3,True,True,164,5,11,4,0.0012
11,7,ok,6,12,6,True,True,183,6,6,6,0.0014
12,7,ok,4,10,6,True,True,203,6,11,4,0.0017
13,7,ok,6,14,8,True,True,223,7,9,6,0.0019
14,7,ok,4,8,4,True,True,244,8,12,4,0.002
15,7,ok,6,11,5,True,True,264,8,10,6,0.0024
16,7,ok,4,11,7,True,True,285,5,13,4,0.0027
17,7,ok,6,9,3,True,True,307,9,10,6,0.0029
18,7,ok,4,9,5,True,True,328,8,12,4,0.0046
19,7,ok,6,17,11,True,True,350,7,10,6,0.0045
20,7,ok,4,12,8,True,True,371,9,14,4,0.0046
21,7,ok,6,22,16,True,True,393,6,9,6,0.0052
22,7,ok,4,8,4,True,True,415,12,14,4,0.0072
23,7,ok,6,13,7,True,True,438,8,9,6,0.0059
24,7,ok,4,8,4,True,True,460,8,18,4,0.0055
25,7,ok,6,18,12,True,True,483,9,11,6,0.008
26,7,ok,4,6,2,True,True,506,12,15,4,0.0069
27,7,ok,6,17,11,True,True,528,9,11,6,0.0082
28,7,ok,4,8,4,True,True,551,10,18,4,0.0104
29,7,ok,6,15,9,True,True,575,10,10,6,0.0082
30,7,ok,4,9,5,True,True,598,8,18,4,0.0085
31,7,ok,6,15,9,True,True,621,11,9,6,0.0104
32,7,ok,4,13,9,True,True,645,12,14,4,0.0114
33,7,ok,6,16,10,True,True,668,10,11,6,0.0119
34,7,ok,4,11,7,True,True,692,8,16,4,0.0135
35,7,ok,6,18,12,True,True,716,8,11,6,0.0152
36,7,ok,4,7,3,True,True,740,13,14,4,0.0175
37,7,ok,6,14,8,True,True,764,9,9,6,0.0162
38,7,ok,4,7,3,True,True,788,9,16,4,0.0162
39,7,ok,6,13,7,True,True,812,8,11,6,0.0171
40,7,ok,4,9,5,True,True,836,12,18,4,0.021
41,7,ok,6,15,9,True,True,861,11,11,6,0.0176
42,7,ok,4,11,7,True,True,885,10,18,4,0.0278
43,7,ok,6,21,15,True,True,910,11,10,6,0.0265
44,7,ok,4,9,5,True,True,934,11,18,4,0.0303
45,7,ok,6,19,13,True,True,959,13,14,6,0.025
46,7,ok,4,6,2,True,True,984,13,20,4,0.0253
47,7,ok,6,19,13,True,True,1009,11,11,6,0.0244
48,7,ok,4,9,5,True,True,1034,14,17,4,0.036
472,6,ok,2,9,7,True,True,12422,26,59,2,4.2155
49,7,ok,6,14,8,True,True,1059,11,11,6,0.0251
50,7,ok,4,13,9,True,True,1084,12,19,4,0.0257
52,7,ok,4,8,4,True,True,1134,13,24,4,0.0274
51,7,ok,6,13,7,True,True,1109,10,12,6,0.0371
475,6,ok,4,14,10,True,True,12511,22,24,4,3.9585
53,7,ok,6,19,13,True,True,1159,12,14,6,0.0296
54,7,ok,4,9,5,True,True,1185,11,26,4,0.0343
55,7,ok,6,17,11,True,True,1210,9,14,6,0.0379
56,7,ok,4,9,5,True,True,1236,11,19,4,0.0329
57,7,ok,6,10,4,True,True,1261,12,13,6,0.0437
476,6,ok,2,8,6,True,True,12540,17,64,2,3.9752
58,7,ok,4,7,3,True,True,1287,13,22,4,0.0379
59,7,ok,6,19,13,True,True,1313,9,15,6,0.0381
61,7,ok,6,22,16,True,True,1364,9,15,6,0.0473
60,7,ok,4,11,7,True,True,1338,12,21,4,0.0527
62,7,ok,4,13,9,True,True,1390,12,23,4,0.0431
63,7,ok,6,15,9,True,True,1416,13,13,6,0.0427
64,7,ok,4,6,2,True,True,1442,11,20,4,0.0448
66,7,ok,4,10,6,True,True,1494,14,21,4,0.048
67,7,ok,6,17,11,True,True,1520,11,13,6,0.0481
65,7,ok,6,13,7,True,True,1468,13,15,6,0.0626
68,7,ok,4,14,10,True,True,1546,12,24,4,0.0577
69,7,ok,6,19,13,True,True,1572,14,13,6,0.0552
473,6,ok,5,25,20,True,True,12452,19,19,5,4.4896
70,7,ok,4,10,6,True,True,1599,15,21,4,0.0556
71,7,ok,6,19,13,True,True,1625,13,13,6,0.0778
72,7,ok,4,10,6,True,True,1651,13,28,4,0.0565
75,7,ok,6,22,16,True,True,1731,16,18,6,0.0654
73,7,ok,6,18,12,True,True,1678,12,12,6,0.072
74,7,ok,4,13,9,True,True,1704,11,21,4,0.0826
76,7,ok,4,13,9,True,True,1757,13,21,4,0.0871
77,7,ok,6,16,10,True,True,1784,17,14,6,0.0717
79,7,ok,6,14,8,True,True,1837,12,12,6,0.0713
78,7,ok,4,8,4,True,True,1811,16,21,4,0.08
80,7,ok,4,12,8,True,True,1864,11,26,4,0.0761
466,6,ok,2,5,3,True,True,12246,23,38,2,5.4897
474,6,ok,2,10,8,True,True,12481,25,33,2,4.6022
82,7,ok,4,11,7,True,True,1918,11,19,4,0.0761
81,7,ok,6,13,7,True,True,1891,14,14,6,0.0938
83,7,ok,6,15,9,True,True,1944,15,14,6,0.0783
477,6,ok,5,15,10,True,True,12570,31,24,5,3.8761
85,7,ok,6,23,17,True,True,1998,12,14,6,0.0932
86,7,ok,4,7,3,True,True,2025,12,21,4,0.0948
84,7,ok,4,12,8,True,True,1971,12,26,4,0.1131
87,7,ok,6,21,15,True,True,2052,12,13,6,0.095
88,7,ok,4,16,12,True,True,2079,15,27,4,0.0862
90,7,ok,4,14,10,True,True,2134,11,25,4,0.0921
89,7,ok,6,19,13,True,True,2107,9,15,6,0.1035
91,7,ok,6,17,11,True,True,2161,14,15,6,0.0944
92,7,ok,4,12,8,True,True,2188,15,24,4,0.1026
95,7,ok,6,15,9,True,True,2270,13,14,6,0.1154
93,7,ok,6,18,12,True,True,2215,12,13,6,0.1203
96,7,ok,4,14,10,True,True,2297,12,23,4,0.1067
94,7,ok,4,8,4,True,True,2243,15,27,4,0.1264
97,7,ok,6,19,13,True,True,2325,13,13,6,0.1161
98,7,ok,4,14,10,True,True,2352,16,25,4,0.123
99,7,ok,6,21,15,True,True,2380,15,14,6,0.1149
100,7,ok,4,10,6,True,True,2407,15,27,4,0.1189
101,7,ok,6,17,11,True,True,2435,12,15,6,0.1299
103,7,ok,6,22,16,True,True,2490,11,14,6,0.1263
102,7,ok,4,10,6,True,True,2462,17,22,4,0.1411
478,6,ok,2,12,10,True,True,12599,28,37,2,4.1698
104,7,ok,4,11,7,True,True,2518,15,24,4,0.177
105,7,ok,6,17,11,True,True,2545,12,15,6,0.139
107,7,ok,6,23,17,True,True,2601,12,15,6,0.1365
106,7,ok,4,13,9,True,True,2573,17,33,4,0.1599
108,7,ok,4,15,11,True,True,2629,13,23,4,0.1467
110,7,ok,4,15,11,True,True,2684,12,24,4,0.1435
109,7,ok,6,17,11,True,True,2656,13,15,6,0.1586
114,7,ok,4,9,5,True,True,2796,14,24,4,0.1632
111,7,ok,6,13,7,True,True,2712,11,16,6,0.2088
115,7,ok,6,18,12,True,True,2824,12,16,6,0.1649
112,7,ok,4,16,12,True,True,2740,13,23,4,0.1953
113,7,ok,6,21,15,True,True,2768,16,13,6,0.1961
482,6,ok,2,5,3,True,True,12717,26,33,2,3.9859
116,7,ok,4,13,9,True,True,2852,12,23,4,0.2396
117,7,ok,6,17,11,True,True,2880,18,15,6,0.2237
118,7,ok,4,7,3,True,True,2908,12,24,4,0.1967
119,7,ok,6,19,13,True,True,2936,15,17,6,0.2109
122,7,ok,4,13,9,True,True,3021,13,24,4,0.1913
123,7,ok,6,16,10,True,True,3049,12,17,6,0.203
124,7,ok,4,8,4,True,True,3077,17,29,4,0.2012
125,7,ok,6,20,14,True,True,3106,16,16,6,0.1997
120,7,ok,4,12,8,True,True,2964,17,28,4,0.2674
121,7,ok,6,20,14,True,True,2993,22,14,6,0.3259
128,7,ok,4,12,8,True,True,3191,12,23,4,0.2344
484,6,ok,2,6,4,True,True,12776,20,65,2,4.2702
129,7,ok,6,17,11,True,True,3219,12,16,6,0.2624
127,7,ok,6,19,13,True,True,3162,17,19,6,0.3013
130,7,ok,4,13,9,True,True,3247,17,26,4,0.2206
126,7,ok,4,12,8,True,True,3134,17,27,4,0.3285
485,6,ok,5,18,13,True,True,12806,30,22,5,4.2628
131,7,ok,6,18,12,True,True,3276,17,18,6,0.2425
481,6,ok,5,18,13,True,True,12688,40,22,5,4.5101
132,7,ok,4,13,9,True,True,3304,16,27,4,0.2494
479,6,ok,4,11,7,True,True,12629,26,24,4,4.8079
133,7,ok,6,18,12,True,True,3333,17,17,6,0.2482
136,7,ok,4,8,4,True,True,3419,16,25,4,0.2849
134,7,ok,4,12,8,True,True,3361,19,26,4,0.3767
487,6,ok,4,13,9,True,True,12865,22,21,4,4.3011
137,7,ok,6,19,13,True,True,3447,15,15,6,0.2657
138,7,ok,4,11,7,True,True,3476,19,28,4,0.2673
140,7,ok,4,13,9,True,True,3533,13,26,4,0.2844
142,7,ok,4,12,8,True,True,3591,25,26,4,0.2787
143,7,ok,6,22,16,True,True,3619,13,17,6,0.2882
135,7,ok,6,16,10,True,True,3390,15,15,6,0.4347
144,7,ok,4,12,8,True,True,3648,14,22,4,0.305
145,7,ok,6,18,12,True,True,3677,15,19,6,0.2928
486,6,ok,2,4,2,True,True,12835,29,38,2,4.5848
147,7,ok,6,20,14,True,True,3735,14,18,6,0.3236
139,7,ok,6,13,7,True,True,3505,18,17,6,0.4347
488,6,ok,2,8,6,True,True,12894,24,61,2,4.2079
141,7,ok,6,16,10,True,True,3562,14,17,6,0.4684
146,7,ok,4,10,6,True,True,3706,16,26,4,0.5006
150,7,ok,4,10,6,True,True,3821,15,30,4,0.3492
152,7,ok,4,10,6,True,True,3879,12,26,4,0.3199
151,7,ok,6,17,11,True,True,3850,17,17,6,0.3498
148,7,ok,4,10,6,True,True,3764,16,28,4,0.378
153,7,ok,6,15,9,True,True,3908,20,19,6,0.3114
489,6,ok,5,18,13,True,True,12924,21,25,5,4.347
155,7,ok,6,16,10,True,True,3966,20,18,6,0.3321
154,7,ok,4,19,15,True,True,3937,16,27,4,0.3657
149,7,ok,6,25,19,True,True,3792,18,15,6,0.4576
158,7,ok,4,12,8,True,True,4054,11,24,4,0.3367
157,7,ok,6,19,13,True,True,4024,18,17,6,0.3535
160,7,ok,4,14,10,True,True,4112,15,32,4,0.3504
159,7,ok,6,17,11,True,True,4083,17,20,6,0.3967
162,7,ok,4,13,9,True,True,4170,20,27,4,0.3984
156,7,ok,4,10,6,True,True,3995,20,29,4,0.5655
480,6,ok,2,5,3,True,True,12658,21,61,2,5.5347
161,7,ok,6,12,6,True,True,4141,20,20,6,0.515
491,6,ok,4,12,8,True,True,12983,28,21,4,4.2982
166,7,ok,4,11,7,True,True,4287,17,29,4,0.391
167,7,ok,6,14,8,True,True,4316,20,19,6,0.4305
165,7,ok,6,16,10,True,True,4258,16,17,6,0.4368
168,7,ok,4,20,16,True,True,4346,21,33,4,0.4513
169,7,ok,6,19,13,True,True,4375,15,17,6,0.4686
171,7,ok,6,18,12,True,True,4434,13,16,6,0.4277
174,7,ok,4,11,7,True,True,4522,18,31,4,0.4185
173,7,ok,6,19,13,True,True,4493,27,16,6,0.4317
163,7,ok,6,20,14,True,True,4199,17,21,6,0.6254
172,7,ok,4,13,9,True,True,4463,13,29,4,0.4473
490,6,ok,2,6,4,True,True,12953,34,38,2,4.4997
164,7,ok,4,15,11,True,True,4229,15,27,4,0.5777
175,7,ok,6,18,12,True,True,4552,17,18,6,0.4785
170,7,ok,4,13,9,True,True,4404,11,33,4,0.6319
177,7,ok,6,14,8,True,True,4611,16,17,6,0.5003
176,7,ok,4,10,6,True,True,4581,18,27,4,0.5659
483,6,ok,4,10,6,True,True,12747,32,26,4,5.7007
178,7,ok,4,12,8,True,True,4640,19,30,4,0.5474
183,7,ok,6,22,16,True,True,4788,14,17,6,0.4979
180,7,ok,4,13,9,True,True,4699,12,25,4,0.5503
179,7,ok,6,15,9,True,True,4670,14,16,6,0.5912
184,7,ok,4,11,7,True,True,4818,18,32,4,0.4933
492,6,ok,2,8,6,True,True,13012,23,67,2,4.5512
185,7,ok,6,17,11,True,True,4847,18,18,6,0.5053
182,7,ok,4,12,8,True,True,4758,17,28,4,0.5713
186,7,ok,4,13,9,True,True,4877,14,31,4,0.4856
495,6,ok,4,13,9,True,True,13101,26,22,4,4.4946
181,7,ok,6,21,15,True,True,4729,14,17,6,0.6589
188,7,ok,4,15,11,True,True,4936,22,28,4,0.524
494,6,ok,2,3,1,True,True,13071,21,35,2,4.5373
190,7,ok,4,8,4,True,True,4996,19,30,4,0.5058
192,7,ok,4,10,6,True,True,5055,16,29,4,0.5291
194,7,ok,4,9,5,True,True,5115,19,28,4,0.5266
193,7,ok,6,17,11,True,True,5085,18,22,6,0.5523
187,7,ok,6,20,14,True,True,4907,13,21,6,0.6346
191,7,ok,6,17,11,True,True,5025,16,20,6,0.6178
189,7,ok,6,15,9,True,True,4966,21,18,6,0.6349
195,7,ok,6,19,13,True,True,5145,16,17,6,0.5639
197,7,ok,6,18,12,True,True,5204,20,19,6,0.6372
196,7,ok,4,14,10,True,True,5174,12,33,4,0.6994
198,7,ok,4,13,9,True,True,5234,16,31,4,0.6877
493,6,ok,5,17,12,True,True,13042,15,23,5,5.0039
201,7,ok,6,16,10,True,True,5324,16,20,6,0.5914
199,7,ok,6,20,14,True,True,5264,19,16,6,0.725
205,7,ok,6,23,17,True,True,5444,16,17,6,0.5873
204,7,ok,4,13,9,True,True,5414,17,30,4,0.6046
200,7,ok,4,17,13,True,True,5294,20,28,4,0.7122
208,7,ok,4,9,5,True,True,5534,17,32,4,0.6085
206,7,ok,4,14,10,True,True,5474,21,36,4,0.6365
202,7,ok,4,13,9,True,True,5354,17,28,4,0.7193
497,6,ok,5,14,9,True,True,13160,34,20,5,4.5852
209,7,ok,6,17,11,True,True,5564,28,21,6,0.6352
496,6,ok,2,11,9,True,True,13131,24,72,2,4.6278
213,7,ok,6,13,7,True,True,5684,19,18,6,0.6439
207,7,ok,6,19,13,True,True,5504,19,19,6,0.7728
211,7,ok,6,15,9,True,True,5624,16,19,6,0.6916
203,7,ok,6,19,13,True,True,5384,15,16,6,0.8181
212,7,ok,4,14,10,True,True,5654,21,28,4,0.707
215,7,ok,6,21,15,True,True,5745,18,19,6,0.6666
498,6,ok,2,3,1,True,True,13190,39,37,2,4.6374
214,7,ok,4,12,8,True,True,5715,13,33,4,0.6935
216,7,ok,4,15,11,True,True,5775,15,32,4,0.6864
210,7,ok,4,14,10,True,True,5594,15,29,4,0.7888
220,7,ok,4,16,12,True,True,5896,18,31,4,0.7502
499,6,ok,4,9,5,True,True,13219,24,22,4,4.7668
217,7,ok,6,23,17,True,True,5805,20,18,6,0.8556
219,7,ok,6,16,10,True,True,5866,20,17,6,0.8267
500,6,ok,2,6,4,True,True,13249,21,59,2,4.701
221,7,ok,6,14,8,True,True,5926,24,23,6,0.7918
218,7,ok,4,15,11,True,True,5835,18,35,4,1.0083
222,7,ok,4,12,8,True,True,5956,16,28,4,0.8635
224,7,ok,4,12,8,True,True,6017,19,31,4,0.7975
227,7,ok,6,20,14,True,True,6108,17,20,6,0.7405
225,7,ok,6,17,11,True,True,6047,16,20,6,0.7948
228,7,ok,4,13,9,True,True,6138,14,31,4,0.7754
230,7,ok,4,6,2,True,True,6199,17,31,4,0.7642
223,7,ok,6,19,13,True,True,5987,24,20,6,0.9005
231,7,ok,6,16,10,True,True,6230,16,20,6,0.8007
229,7,ok,6,17,11,True,True,6169,17,20,6,0.9003
234,7,ok,4,13,9,True,True,6321,14,32,4,0.8013
235,7,ok,6,19,13,True,True,6351,19,19,6,0.7979
236,7,ok,4,12,8,True,True,6382,19,27,4,0.818
233,7,ok,6,21,15,True,True,6290,17,19,6,0.8756
238,7,ok,4,13,9,True,True,6443,21,32,4,0.8412
240,7,ok,4,14,10,True,True,6504,22,31,4,0.8573
226,7,ok,4,15,11,True,True,6078,13,34,4,1.0998
241,7,ok,6,17,11,True,True,6534,16,19,6,0.8695
242,7,ok,4,10,6,True,True,6565,13,29,4,0.8767
244,7,ok,4,11,7,True,True,6626,17,31,4,0.8813
243,7,ok,6,17,11,True,True,6596,20,19,6,0.9104
232,7,ok,4,13,9,True,True,6260,12,27,4,1.1499
246,7,ok,4,14,10,True,True,6687,13,30,4,0.9773
248,7,ok,4,13,9,True,True,6749,19,29,4,0.9337
247,7,ok,6,17,11,True,True,6718,19,22,6,0.9477
239,7,ok,6,18,12,True,True,6473,21,21,6,1.1961
237,7,ok,6,19,13,True,True,6412,17,20,6,1.287
250,7,ok,4,14,10,True,True,6810,20,30,4,0.9169
245,7,ok,6,16,10,True,True,6657,23,17,6,1.3064
251,7,ok,6,16,10,True,True,6841,24,24,6,1.039
255,7,ok,6,18,12,True,True,6964,22,17,6,0.9771
256,7,ok,4,15,11,True,True,6994,16,31,4,1.0186
254,7,ok,4,12,8,True,True,6933,17,29,4,1.0636
258,7,ok,4,14,10,True,True,7056,18,35,4,1.0079
249,7,ok,6,18,12,True,True,6779,22,19,6,1.358
257,7,ok,6,16,10,True,True,7025,19,18,6,1.0523
259,7,ok,6,16,10,True,True,7087,24,19,6,1.0934
260,7,ok,4,14,10,True,True,7118,21,29,4,1.0732
252,7,ok,4,13,9,True,True,6871,16,31,4,1.363
262,7,ok,4,14,10,True,True,7179,17,32,4,1.0647
253,7,ok,6,15,9,True,True,6902,20,23,6,1.2916
263,7,ok,6,19,13,True,True,7210,19,18,6,1.0661
264,7,ok,4,11,7,True,True,7241,24,31,4,1.0853
261,7,ok,6,13,7,True,True,7148,18,22,6,1.1701
266,7,ok,4,13,9,True,True,7303,18,32,4,1.094
267,7,ok,6,16,10,True,True,7334,25,21,6,1.1281
265,7,ok,6,19,13,True,True,7272,14,21,6,1.1994
269,7,ok,6,21,15,True,True,7396,21,17,6,1.1433
270,7,ok,4,17,13,True,True,7426,20,33,4,1.146
271,7,ok,6,18,12,True,True,7457,17,20,6,1.1426
272,7,ok,4,16,12,True,True,7488,19,30,4,1.1771
268,7,ok,4,13,9,True,True,7365,18,32,4,1.5642
274,7,ok,4,11,7,True,True,7550,12,29,4,1.3375
279,7,ok,6,20,14,True,True,7706,21,20,6,1.1977
275,7,ok,6,16,10,True,True,7581,18,19,6,1.4406
273,7,ok,6,15,9,True,True,7519,19,20,6,1.6237
276,7,ok,4,16,12,True,True,7612,14,34,4,1.4769
282,7,ok,4,15,11,True,True,7799,18,32,4,1.232
277,7,ok,6,16,10,True,True,7643,20,22,6,1.5897
281,7,ok,6,21,15,True,True,7768,18,19,6,1.3919
278,7,ok,4,13,9,True,True,7675,15,32,4,1.5606
283,7,ok,6,22,16,True,True,7830,18,20,6,1.292
285,7,ok,6,22,16,True,True,7892,20,18,6,1.2678
280,7,ok,4,8,4,True,True,7737,16,30,4,1.5529
287,7,ok,6,17,11,True,True,7954,34,20,6,1.3397
284,7,ok,4,16,12,True,True,7861,19,35,4,1.408
289,7,ok,6,20,14,True,True,8017,35,20,6,1.3612
293,7,ok,6,24,18,True,True,8142,20,23,6,1.3241
291,7,ok,6,19,13,True,True,8079,21,23,6,1.4057
286,7,ok,4,9,5,True,True,7923,21,32,4,1.5908
294,7,ok,4,18,14,True,True,8173,17,38,4,1.428
288,7,ok,4,14,10,True,True,7986,20,29,4,1.6554
296,7,ok,4,14,10,True,True,8235,21,33,4,1.4483
290,7,ok,4,10,6,True,True,8048,18,31,4,1.5932
292,7,ok,4,14,10,True,True,8110,18,36,4,1.6615
297,7,ok,6,20,14,True,True,8267,21,20,6,1.4733
299,7,ok,6,16,10,True,True,8329,17,20,6,1.4631
300,7,ok,4,9,5,True,True,8361,26,35,4,1.4773
301,7,ok,6,20,14,True,True,8392,21,19,6,1.4956
295,7,ok,6,20,14,True,True,8204,19,19,6,1.7173
298,7,ok,4,19,15,True,True,8298,12,36,4,1.5954
302,7,ok,4,12,8,True,True,8423,22,32,4,1.491
305,7,ok,6,22,16,True,True,8517,23,19,6,1.5095
304,7,ok,4,14,10,True,True,8486,15,35,4,1.6157
303,7,ok,6,18,12,True,True,8455,19,18,6,1.7584
309,7,ok,6,23,17,True,True,8643,31,19,6,1.5303
307,7,ok,6,21,15,True,True,8580,24,19,6,1.7734
314,7,ok,4,11,7,True,True,8800,14,33,4,1.5828
313,7,ok,6,19,13,True,True,8769,22,21,6,1.6244
306,7,ok,4,15,11,True,True,8549,15,31,4,1.8802
311,7,ok,6,16,10,True,True,8706,17,24,6,1.6866
308,7,ok,4,15,11,True,True,8611,22,34,4,1.8678
312,7,ok,4,9,5,True,True,8737,26,32,4,1.707
316,7,ok,4,14,10,True,True,8863,17,42,4,1.6137
310,7,ok,4,14,10,True,True,8674,18,37,4,1.7985
317,7,ok,6,20,14,True,True,8894,21,19,6,1.6447
318,7,ok,4,11,7,True,True,8926,17,31,4,1.6358
319,7,ok,6,20,14,True,True,8957,18,21,6,1.6521
320,7,ok,4,10,6,True,True,8989,26,34,4,1.6351
315,7,ok,6,18,12,True,True,8831,25,23,6,1.9364
322,7,ok,4,16,12,True,True,9052,17,33,4,1.6472
321,7,ok,6,16,10,True,True,9021,24,19,6,1.753
324,7,ok,4,16,12,True,True,9115,19,34,4,1.7753
328,7,ok,4,8,4,True,True,9242,30,38,4,1.7188
327,7,ok,6,18,12,True,True,9210,27,26,6,1.7949
323,7,ok,6,24,18,True,True,9084,19,20,6,1.927
330,7,ok,4,11,7,True,True,9305,20,34,4,1.8084
329,7,ok,6,19,13,True,True,9273,25,21,6,1.8902
325,7,ok,6,15,9,True,True,9147,18,22,6,2.104
331,7,ok,6,19,13,True,True,9336,18,19,6,1.9264
333,7,ok,6,13,7,True,True,9400,23,19,6,1.9287
326,7,ok,4,8,4,True,True,9178,17,31,4,2.1134
332,7,ok,4,15,11,True,True,9368,21,32,4,1.9985
334,7,ok,4,12,8,True,True,9431,25,33,4,1.8204
337,7,ok,6,20,14,True,True,9527,23,22,6,1.8517
335,7,ok,6,18,12,True,True,9463,18,20,6,2.022
341,7,ok,6,21,15,True,True,9653,17,20,6,1.976
343,7,ok,6,17,11,True,True,9717,21,22,6,1.9646
345,7,ok,6,12,6,True,True,9781,19,21,6,2.0459
347,7,ok,6,18,12,True,True,9844,24,22,6,1.9983
336,7,ok,4,12,8,True,True,9495,14,33,4,2.4567
340,7,ok,4,16,12,True,True,9622,17,36,4,2.2205
346,7,ok,4,12,8,True,True,9812,16,35,4,2.2175
350,7,ok,4,10,6,True,True,9940,18,35,4,2.0012
348,7,ok,4,16,12,True,True,9876,22,35,4,2.128
342,7,ok,4,13,9,True,True,9685,26,35,4,2.3542
349,7,ok,6,20,14,True,True,9908,21,21,6,2.1007
339,7,ok,6,18,12,True,True,9590,31,20,6,2.4756
344,7,ok,4,16,12,True,True,9749,26,33,4,2.4208
338,7,ok,4,12,8,True,True,9558,20,31,4,2.5474
352,7,ok,4,10,6,True,True,10003,19,34,4,2.135
353,7,ok,6,20,14,True,True,10035,22,20,6,2.2457
355,7,ok,6,17,11,True,True,10099,29,19,6,2.0694
357,7,ok,6,13,7,True,True,10163,17,21,6,2.1041
358,7,ok,4,16,12,True,True,10195,15,34,4,2.1789
361,7,ok,6,15,9,True,True,10290,32,20,6,2.2491
351,7,ok,6,21,15,True,True,9971,21,22,6,2.938
354,7,ok,4,11,7,True,True,10067,24,32,4,2.6652
362,7,ok,4,13,9,True,True,10322,20,31,4,2.3466
356,7,ok,4,17,13,True,True,10131,18,33,4,2.6806
364,7,ok,4,13,9,True,True,10386,26,33,4,2.4277
360,7,ok,4,11,7,True,True,10258,19,34,4,2.5983
359,7,ok,6,20,14,True,True,10227,23,24,6,2.6872
365,7,ok,6,22,16,True,True,10418,23,21,6,2.2898
363,7,ok,6,15,9,True,True,10354,23,22,6,2.742
366,7,ok,4,13,9,True,True,10450,28,35,4,2.2395
367,7,ok,6,22,16,True,True,10482,19,23,6,2.4316
368,7,ok,4,14,10,True,True,10514,24,34,4,2.2594
369,7,ok,6,18,12,True,True,10546,29,22,6,2.3039
371,7,ok,6,18,12,True,True,10610,21,21,6,2.2979
370,7,ok,4,13,9,True,True,10578,23,33,4,2.3528
375,7,ok,6,17,11,True,True,10738,23,21,6,2.3422
374,7,ok,4,17,13,True,True,10706,18,32,4,2.4317
378,7,ok,4,10,6,True,True,10835,37,37,4,2.3577
377,7,ok,6,19,13,True,True,10803,30,20,6,2.3898
376,7,ok,4,17,13,True,True,10771,17,34,4,2.444
373,7,ok,6,23,17,True,True,10674,16,20,6,2.8228
384,7,ok,4,10,6,True,True,11027,31,32,4,2.4616
385,7,ok,6,17,11,True,True,11060,24,22,6,2.5311
372,7,ok,4,12,8,True,True,10642,24,34,4,3.2955
383,7,ok,6,15,9,True,True,10995,21,22,6,2.7742
386,7,ok,4,14,10,True,True,11092,19,34,4,2.5055
387,7,ok,6,20,14,True,True,11124,22,23,6,2.513
380,7,ok,4,12,8,True,True,10899,19,34,4,3.3425
379,7,ok,6,20,14,True,True,10867,36,22,6,3.4382
381,7,ok,6,17,11,True,True,10931,24,20,6,3.517
382,7,ok,4,19,15,True,True,10963,19,34,4,3.4371
390,7,ok,4,12,8,True,True,11221,13,35,4,2.665
389,7,ok,6,23,17,True,True,11188,30,22,6,2.8755
395,7,ok,6,18,12,True,True,11382,23,22,6,2.6571
391,7,ok,6,24,18,True,True,11253,20,21,6,2.9107
392,7,ok,4,16,12,True,True,11285,24,37,4,2.934
394,7,ok,4,15,11,True,True,11349,19,36,4,2.9424
397,7,ok,6,22,16,True,True,11446,30,24,6,2.7061
399,7,ok,6,20,14,True,True,11511,20,24,6,2.7202
400,7,ok,4,13,9,True,True,11543,17,34,4,2.7718
388,7,ok,4,14,10,True,True,11156,22,33,4,3.7609
398,7,ok,4,12,8,True,True,11478,19,35,4,3.0543
401,7,ok,6,19,13,True,True,11575,28,21,6,2.7919
402,7,ok,4,11,7,True,True,11608,16,36,4,2.888
403,7,ok,6,19,13,True,True,11640,29,23,6,2.8242
393,7,ok,6,16,10,True,True,11317,19,22,6,3.9518
405,7,ok,6,22,16,True,True,11705,21,21,6,2.8463
406,7,ok,4,13,9,True,True,11737,21,34,4,2.8851
404,7,ok,4,12,8,True,True,11672,15,35,4,2.9112
407,7,ok,6,16,10,True,True,11769,21,21,6,2.9679
396,7,ok,4,13,9,True,True,11414,25,34,4,4.0888
408,7,ok,4,9,5,True,True,11802,28,34,4,3.0084
409,7,ok,6,21,15,True,True,11834,20,29,6,2.864
410,7,ok,4,10,6,True,True,11866,15,34,4,2.9205
413,7,ok,6,18,12,True,True,11964,26,22,6,2.9796
412,7,ok,4,16,12,True,True,11931,19,37,4,3.2167
414,7,ok,4,11,7,True,True,11996,21,37,4,2.9822
419,7,ok,6,18,12,True,True,12158,29,21,6,3.1958
421,7,ok,6,22,16,True,True,12223,26,22,6,3.1372
420,7,ok,4,14,10,True,True,12191,17,36,4,3.2656
411,7,ok,6,19,13,True,True,11899,23,20,6,4.1744
422,7,ok,4,17,13,True,True,12256,16,33,4,3.2888
425,7,ok,6,24,18,True,True,12353,21,19,6,3.2113
424,7,ok,4,18,14,True,True,12320,14,36,4,3.2937
423,7,ok,6,22,16,True,True,12288,21,22,6,3.4675
416,7,ok,4,16,12,True,True,12061,32,36,4,4.0627
415,7,ok,6,26,20,True,True,12028,22,21,6,4.2448
417,7,ok,6,20,14,True,True,12093,27,23,6,4.1594
426,7,ok,4,10,6,True,True,12385,21,32,4,3.1973
418,7,ok,4,18,14,True,True,12126,28,40,4,4.2286
427,7,ok,6,15,9,True,True,12418,27,24,6,3.2856
430,7,ok,4,17,13,True,True,12516,23,40,4,3.2408
429,7,ok,6,20,14,True,True,12483,20,22,6,3.5657
432,7,ok,4,9,5,True,True,12581,28,33,4,3.3052
431,7,ok,6,16,10,True,True,12548,22,20,6,3.4575
435,7,ok,6,22,16,True,True,12678,27,22,6,3.4224
436,7,ok,4,17,13,True,True,12711,16,40,4,3.5293
428,7,ok,4,15,11,True,True,12450,23,37,4,4.2115
437,7,ok,6,17,11,True,True,12744,26,20,6,3.552
434,7,ok,4,11,7,True,True,12646,21,38,4,3.8429
440,7,ok,4,13,9,True,True,12841,29,34,4,3.5009
439,7,ok,6,20,14,True,True,12809,25,23,6,3.633
441,7,ok,6,18,12,True,True,12874,20,20,6,3.475
433,7,ok,6,19,13,True,True,12613,23,22,6,4.4799
442,7,ok,4,15,11,True,True,12907,27,39,4,3.5755
438,7,ok,4,11,7,True,True,12776,21,36,4,4.2154
444,7,ok,4,12,8,True,True,12972,25,36,4,3.5948
443,7,ok,6,20,14,True,True,12939,25,22,6,3.9982
445,7,ok,6,19,13,True,True,13005,27,22,6,3.5861
446,7,ok,4,11,7,True,True,13037,19,36,4,3.6138
447,7,ok,6,23,17,True,True,13070,29,24,6,3.7886
450,7,ok,4,13,9,True,True,13168,18,36,4,3.6258
449,7,ok,6,14,8,True,True,13135,22,23,6,3.7709
451,7,ok,6,21,15,True,True,13201,30,24,6,3.8361
448,7,ok,4,15,11,True,True,13102,30,35,4,4.0957
453,7,ok,6,18,12,True,True,13266,22,21,6,3.8462
456,7,ok,4,14,10,True,True,13364,16,33,4,3.7272
452,7,ok,4,13,9,True,True,13233,31,39,4,4.0798
458,7,ok,4,14,10,True,True,13430,21,38,4,3.8285
454,7,ok,4,18,14,True,True,13299,30,36,4,4.1499
459,7,ok,6,22,16,True,True,13462,21,21,6,3.9198
457,7,ok,6,22,16,True,True,13397,25,21,6,4.2013
455,7,ok,6,18,12,True,True,13331,20,25,6,4.4658
461,7,ok,6,21,15,True,True,13528,42,22,6,3.8907
462,7,ok,4,13,9,True,True,13561,23,34,4,4.0223
460,7,ok,4,13,9,True,True,13495,17,42,4,4.205
463,7,ok,6,19,13,True,True,13594,22,21,6,3.8984
464,7,ok,4,11,7,True,True,13626,27,38,4,3.9865
468,7,ok,4,13,9,True,True,13758,26,37,4,3.9502
469,7,ok,6,23,17,True,True,13790,26,22,6,4.1107
470,7,ok,4,17,13,True,True,13823,16,41,4,4.0115
466,7,ok,4,12,8,True,True,13692,22,40,4,4.6336
465,7,ok,6,20,14,True,True,13659,26,21,6,4.7395
472,7,ok,4,14,10,True,True,13889,25,35,4,4.0765
1,8,ok,7,7,0,True,True,17,2,3,7,0.0002
2,8,ok,3,3,0,True,True,30,3,6,3,0.0002
3,8,ok,3,5,2,True,True,46,3,11,3,0.0003
4,8,ok,4,7,3,True,True,63,3,7,4,0.0004
5,8,ok,5,7,2,True,True,81,8,5,5,0.0005
6,8,ok,2,4,2,True,True,101,4,23,2,0.0006
7,8,ok,7,17,10,True,True,120,4,7,7,0.0009
8,8,ok,3,4,1,True,True,141,6,8,3,0.0009
9,8,ok,3,6,3,True,True,161,5,11,3,0.0011
10,8,ok,4,8,4,True,True,183,4,12,4,0.0013
11,8,ok,5,13,8,True,True,204,8,6,5,0.0016
467,7,ok,6,21,15,True,True,13725,22,20,6,4.776
12,8,ok,2,9,7,True,True,226,5,25,2,0.0017
13,8,ok,7,17,10,True,True,249,6,7,7,0.0023
14,8,ok,3,10,7,True,True,272,15,10,3,0.0022
15,8,ok,3,10,7,True,True,294,5,21,3,0.0025
16,8,ok,4,16,12,True,True,318,8,12,4,0.003
17,8,ok,5,10,5,True,True,341,8,9,5,0.0039
18,8,ok,2,4,2,True,True,365,7,28,2,0.0036
20,8,ok,3,6,3,True,True,413,8,13,3,0.004
19,8,ok,7,22,15,True,True,389,10,8,7,0.0057
21,8,ok,3,10,7,True,True,437,5,20,3,0.0045
22,8,ok,4,14,10,True,True,462,10,12,4,0.0051
23,8,ok,5,12,7,True,True,486,11,9,5,0.0055
24,8,ok,2,3,1,True,True,511,9,27,2,0.0055
25,8,ok,7,21,14,True,True,536,11,10,7,0.0069
26,8,ok,3,9,6,True,True,561,10,12,3,0.0086
27,8,ok,3,5,2,True,True,587,10,24,3,0.0072
28,8,ok,4,10,6,True,True,612,8,15,4,0.0083
29,8,ok,5,12,7,True,True,638,11,9,5,0.0086
30,8,ok,2,6,4,True,True,664,6,40,2,0.0086
31,8,ok,7,19,12,True,True,689,11,8,7,0.0101
32,8,ok,3,9,6,True,True,715,12,14,3,0.0128
33,8,ok,3,11,8,True,True,742,10,28,3,0.011
34,8,ok,4,12,8,True,True,768,12,14,4,0.0129
35,8,ok,5,13,8,True,True,794,19,9,5,0.0125
36,8,ok,2,3,1,True,True,821,12,34,2,0.014
37,8,ok,7,18,11,True,True,847,14,10,7,0.0149
38,8,ok,3,7,4,True,True,874,19,18,3,0.0149
39,8,ok,3,11,8,True,True,901,8,23,3,0.0155
40,8,ok,4,13,9,True,True,927,12,16,4,0.0165
41,8,ok,5,19,14,True,True,954,9,11,5,0.0178
42,8,ok,2,8,6,True,True,981,10,40,2,0.0177
43,8,ok,7,23,16,True,True,1009,14,12,7,0.02
44,8,ok,3,12,9,True,True,1036,16,16,3,0.0204
45,8,ok,3,7,4,True,True,1063,12,22,3,0.0206
46,8,ok,4,16,12,True,True,1091,19,19,4,0.0234
47,8,ok,5,13,8,True,True,1118,14,10,5,0.0232
48,8,ok,2,7,5,True,True,1146,9,34,2,0.0269
49,8,ok,7,17,10,True,True,1173,13,10,7,0.0264
474,7,ok,4,13,9,True,True,13955,24,33,4,4.0971
50,8,ok,3,9,6,True,True,1201,12,17,3,0.0288
473,7,ok,6,20,14,True,True,13922,26,22,6,4.3264
51,8,ok,3,12,9,True,True,1229,10,29,3,0.028
52,8,ok,4,14,10,True,True,1257,13,16,4,0.0297
53,8,ok,5,13,8,True,True,1285,15,11,5,0.0315
54,8,ok,2,6,4,True,True,1313,13,39,2,0.0335
55,8,ok,7,21,14,True,True,1341,14,10,7,0.0339
56,8,ok,3,7,4,True,True,1369,17,17,3,0.0339
57,8,ok,3,12,9,True,True,1397,13,26,3,0.0402
58,8,ok,4,10,6,True,True,1425,19,20,4,0.0391
59,8,ok,5,17,12,True,True,1454,19,11,5,0.041
60,8,ok,2,8,6,True,True,1482,11,47,2,0.0378
61,8,ok,7,26,19,True,True,1511,12,10,7,0.045
62,8,ok,3,9,6,True,True,1539,17,17,3,0.041
63,8,ok,3,11,8,True,True,1568,18,25,3,0.0424
64,8,ok,4,13,9,True,True,1596,11,20,4,0.0438
65,8,ok,5,11,6,True,True,1625,17,11,5,0.0483
66,8,ok,2,4,2,True,True,1654,16,39,2,0.0487
67,8,ok,7,21,14,True,True,1683,14,13,7,0.0504
68,8,ok,3,12,9,True,True,1712,22,20,3,0.0508
69,8,ok,3,9,6,True,True,1741,16,27,3,0.0595
70,8,ok,4,14,10,True,True,1770,15,18,4,0.0581
471,7,ok,6,19,13,True,True,13856,23,24,6,4.6629
71,8,ok,5,18,13,True,True,1799,19,15,5,0.0566
72,8,ok,2,6,4,True,True,1828,12,41,2,0.0556
74,8,ok,3,13,10,True,True,1886,17,18,3,0.0619
73,8,ok,7,19,12,True,True,1857,19,12,7,0.0656
76,8,ok,4,17,13,True,True,1945,14,18,4,0.065
75,8,ok,3,6,3,True,True,1916,11,29,3,0.0695
77,8,ok,5,17,12,True,True,1974,20,14,5,0.0672
78,8,ok,2,7,5,True,True,2004,9,43,2,0.0689
80,8,ok,3,10,7,True,True,2063,13,18,3,0.0719
79,8,ok,7,32,25,True,True,2033,22,13,7,0.0839
81,8,ok,3,15,12,True,True,2092,14,26,3,0.0881
82,8,ok,4,13,9,True,True,2122,13,19,4,0.0774
475,7,ok,6,18,12,True,True,13987,24,21,6,4.1945
83,8,ok,5,14,9,True,True,2152,21,10,5,0.0855
84,8,ok,2,7,5,True,True,2181,15,44,2,0.0799
85,8,ok,7,29,22,True,True,2211,13,10,7,0.091
87,8,ok,3,10,7,True,True,2271,18,33,3,0.0866
86,8,ok,3,12,9,True,True,2241,15,19,3,0.0934
476,7,ok,4,13,9,True,True,14020,28,39,4,4.1346
88,8,ok,4,15,11,True,True,2301,14,22,4,0.0923
90,8,ok,2,9,7,True,True,2360,14,54,2,0.096
89,8,ok,5,18,13,True,True,2330,21,11,5,0.1167
91,8,ok,7,22,15,True,True,2390,15,12,7,0.1076
92,8,ok,3,9,6,True,True,2421,25,17,3,0.0997
93,8,ok,3,11,8,True,True,2451,10,28,3,0.1148
94,8,ok,4,11,7,True,True,2481,21,20,4,0.106
95,8,ok,5,18,13,True,True,2511,21,12,5,0.1069
96,8,ok,2,6,4,True,True,2541,12,52,2,0.1083
97,8,ok,7,23,16,True,True,2571,20,12,7,0.1194
477,7,ok,6,21,15,True,True,14053,29,24,6,4.1109
99,8,ok,3,9,6,True,True,2632,22,25,3,0.1158
98,8,ok,3,10,7,True,True,2602,28,18,3,0.126
100,8,ok,4,13,9,True,True,2662,23,17,4,0.1389
101,8,ok,5,13,8,True,True,2693,16,12,5,0.122
102,8,ok,2,6,4,True,True,2723,11,50,2,0.1227
103,8,ok,7,25,18,True,True,2754,16,12,7,0.1303
104,8,ok,3,12,9,True,True,2784,20,20,3,0.1408
105,8,ok,3,10,7,True,True,2815,18,29,3,0.1318
106,8,ok,4,14,10,True,True,2845,27,20,4,0.1351
107,8,ok,5,16,11,True,True,2876,20,14,5,0.1599
108,8,ok,2,4,2,True,True,2907,24,52,2,0.1513
109,8,ok,7,22,15,True,True,2937,18,13,7,0.1454
110,8,ok,3,7,4,True,True,2968,21,21,3,0.146
111,8,ok,3,13,10,True,True,2999,15,29,3,0.1537
113,8,ok,5,13,8,True,True,3061,19,14,5,0.1569
112,8,ok,4,13,9,True,True,3030,25,21,4,0.1638
114,8,ok,2,10,8,True,True,3091,14,52,2,0.16
115,8,ok,7,24,17,True,True,3122,22,12,7,0.19
117,8,ok,3,8,5,True,True,3184,18,29,3,0.1766
118,8,ok,4,19,15,True,True,3215,21,22,4,0.1741
479,7,ok,6,15,9,True,True,14119,26,24,6,4.1338
116,8,ok,3,9,6,True,True,3153,25,21,3,0.2166
119,8,ok,5,19,14,True,True,3246,18,12,5,0.1966
120,8,ok,2,9,7,True,True,3277,23,51,2,0.188
122,8,ok,3,11,8,True,True,3340,27,20,3,0.1906
121,8,ok,7,19,12,True,True,3308,18,13,7,0.2026
478,7,ok,4,9,5,True,True,14086,21,34,4,4.4622
125,8,ok,5,17,12,True,True,3433,22,12,5,0.1945
126,8,ok,2,5,3,True,True,3464,16,54,2,0.2036
124,8,ok,4,11,7,True,True,3402,16,20,4,0.2541
123,8,ok,3,12,9,True,True,3371,15,37,3,0.2725
128,8,ok,3,7,4,True,True,3527,20,22,3,0.2609
131,8,ok,5,17,12,True,True,3621,29,17,5,0.2312
127,8,ok,7,23,16,True,True,3496,20,13,7,0.3189
129,8,ok,3,13,10,True,True,3558,22,33,3,0.3043
130,8,ok,4,14,10,True,True,3590,16,20,4,0.2948
133,8,ok,7,24,17,True,True,3684,20,12,7,0.2231
134,8,ok,3,12,9,True,True,3715,25,21,3,0.2343
132,8,ok,2,10,8,True,True,3653,19,54,2,0.2829
480,7,ok,4,16,12,True,True,14152,22,41,4,4.6064
135,8,ok,3,8,5,True,True,3747,23,32,3,0.2715
136,8,ok,4,14,10,True,True,3779,25,24,4,0.2872
484,7,ok,4,17,13,True,True,14284,21,36,4,4.2152
137,8,ok,5,24,19,True,True,3810,20,15,5,0.2719
482,7,ok,4,12,8,True,True,14218,27,38,4,4.3954
138,8,ok,2,6,4,True,True,3842,16,52,2,0.2585
139,8,ok,7,22,15,True,True,3873,21,13,7,0.2977
483,7,ok,6,22,16,True,True,14251,22,22,6,4.3963
140,8,ok,3,16,13,True,True,3905,26,19,3,0.2779
142,8,ok,4,11,7,True,True,3968,22,23,4,0.2538
141,8,ok,3,7,4,True,True,3937,27,32,3,0.283
143,8,ok,5,15,10,True,True,4000,20,15,5,0.2696
144,8,ok,2,8,6,True,True,4032,19,58,2,0.3342
146,8,ok,3,13,10,True,True,4095,18,21,3,0.2924
485,7,ok,6,19,13,True,True,14317,21,21,6,4.3449
481,7,ok,6,14,8,True,True,14185,28,22,6,4.6773
145,8,ok,7,20,13,True,True,4064,20,13,7,0.3725
148,8,ok,4,18,14,True,True,4159,18,22,4,0.2968
147,8,ok,3,8,5,True,True,4127,23,32,3,0.3533
149,8,ok,5,17,12,True,True,4191,36,12,5,0.3037
150,8,ok,2,6,4,True,True,4223,17,52,2,0.3203
151,8,ok,7,20,13,True,True,4255,26,13,7,0.322
486,7,ok,4,19,15,True,True,14350,23,41,4,4.2865
153,8,ok,3,12,9,True,True,4319,16,30,3,0.339
155,8,ok,5,17,12,True,True,4383,19,13,5,0.3161
154,8,ok,4,15,11,True,True,4351,25,22,4,0.325
156,8,ok,2,6,4,True,True,4415,17,58,2,0.3248
152,8,ok,3,12,9,True,True,4287,22,21,3,0.3724
157,8,ok,7,29,22,True,True,4447,22,13,7,0.3352
159,8,ok,3,12,9,True,True,4511,24,32,3,0.3381
160,8,ok,4,11,7,True,True,4543,28,22,4,0.3395
487,7,ok,6,22,16,True,True,14383,26,22,6,4.4898
158,8,ok,3,14,11,True,True,4479,20,26,3,0.4338
163,8,ok,7,21,14,True,True,4640,27,16,7,0.3661
488,7,ok,4,11,7,True,True,14415,28,41,4,4.3811
165,8,ok,3,8,5,True,True,4704,17,31,3,0.3587
161,8,ok,5,14,9,True,True,4575,28,13,5,0.4589
166,8,ok,4,13,9,True,True,4737,22,24,4,0.3753
164,8,ok,3,8,5,True,True,4672,31,19,3,0.4068
162,8,ok,2,4,2,True,True,4608,20,66,2,0.4498
168,8,ok,2,6,4,True,True,4801,13,57,2,0.3821
167,8,ok,5,18,13,True,True,4769,29,14,5,0.4276
170,8,ok,3,10,7,True,True,4866,26,21,3,0.3809
169,8,ok,7,30,23,True,True,4834,30,14,7,0.4063
171,8,ok,3,9,6,True,True,4898,17,32,3,0.3957
172,8,ok,4,21,17,True,True,4931,15,22,4,0.4021
489,7,ok,6,20,14,True,True,14448,22,24,6,4.549
173,8,ok,5,17,12,True,True,4963,39,14,5,0.4727
174,8,ok,2,8,6,True,True,4996,28,52,2,0.4657
175,8,ok,7,24,17,True,True,5028,27,15,7,0.4254
176,8,ok,3,11,8,True,True,5061,38,22,3,0.4141
491,7,ok,6,24,18,True,True,14514,28,23,6,4.408
490,7,ok,4,13,9,True,True,14481,24,40,4,4.5141
177,8,ok,3,14,11,True,True,5093,18,30,3,0.4672
180,8,ok,2,7,5,True,True,5191,18,60,2,0.4348
181,8,ok,7,21,14,True,True,5224,23,16,7,0.4612
178,8,ok,4,15,11,True,True,5126,25,21,4,0.4922
493,7,ok,6,24,18,True,True,14580,26,23,6,4.4054
183,8,ok,3,11,8,True,True,5289,16,31,3,0.4808
179,8,ok,5,20,15,True,True,5158,23,13,5,0.5459
182,8,ok,3,15,12,True,True,5256,16,20,3,0.5184
184,8,ok,4,13,9,True,True,5322,27,22,4,0.5593
188,8,ok,3,10,7,True,True,5452,20,25,3,0.4802
185,8,ok,5,20,15,True,True,5354,40,15,5,0.541
186,8,ok,2,9,7,True,True,5387,23,58,2,0.5691
189,8,ok,3,9,6,True,True,5485,21,44,3,0.5084
187,8,ok,7,17,10,True,True,5420,21,15,7,0.558
494,7,ok,4,16,12,True,True,14613,27,32,4,4.4692
190,8,ok,4,15,11,True,True,5518,21,23,4,0.522
191,8,ok,5,17,12,True,True,5551,21,14,5,0.5399
492,7,ok,4,15,11,True,True,14547,24,37,4,4.6836
192,8,ok,2,8,6,True,True,5584,14,59,2,0.6282
195,8,ok,3,17,14,True,True,5682,15,36,3,0.5466
196,8,ok,4,14,10,True,True,5715,31,24,4,0.5428
194,8,ok,3,8,5,True,True,5649,28,21,3,0.6038
197,8,ok,5,18,13,True,True,5748,27,14,5,0.5585
193,8,ok,7,23,16,True,True,5617,35,16,7,0.7146
200,8,ok,3,13,10,True,True,5847,24,23,3,0.5683
495,7,ok,6,22,16,True,True,14646,18,22,6,4.6225
201,8,ok,3,13,10,True,True,5880,31,36,3,0.5804
203,8,ok,5,19,14,True,True,5946,21,15,5,0.6033
198,8,ok,2,7,5,True,True,5781,16,55,2,0.7679
204,8,ok,2,8,6,True,True,5979,19,60,2,0.607
205,8,ok,7,26,19,True,True,6012,32,15,7,0.6167
202,8,ok,4,19,15,True,True,5913,26,21,4,0.6889
199,8,ok,7,28,21,True,True,5814,20,15,7,0.8304
206,8,ok,3,11,8,True,True,6045,33,23,3,0.6849
208,8,ok,4,18,14,True,True,6112,23,27,4,0.6395
210,8,ok,2,7,5,True,True,6178,22,58,2,0.6314
496,7,ok,4,12,8,True,True,14679,21,33,4,4.5123
211,8,ok,7,21,14,True,True,6211,36,14,7,0.6555
213,8,ok,3,12,9,True,True,6278,19,42,3,0.6534
207,8,ok,3,9,6,True,True,6079,38,41,3,0.7218
214,8,ok,4,19,15,True,True,6311,25,22,4,0.6628
209,8,ok,5,15,10,True,True,6145,43,15,5,0.739
215,8,ok,5,12,7,True,True,6344,31,17,5,0.6759
216,8,ok,2,10,8,True,True,6377,28,51,2,0.6992
220,8,ok,4,19,15,True,True,6511,16,22,4,0.7012
218,8,ok,3,13,10,True,True,6444,21,26,3,0.7125
219,8,ok,3,13,10,True,True,6477,20,34,3,0.7158
212,8,ok,3,12,9,True,True,6244,21,24,3,0.9426
221,8,ok,5,16,11,True,True,6544,34,16,5,0.7177
498,7,ok,4,11,7,True,True,14746,23,40,4,4.6771
223,8,ok,7,28,21,True,True,6611,25,15,7,0.7542
222,8,ok,2,8,6,True,True,6577,17,56,2,0.8079
224,8,ok,3,11,8,True,True,6644,33,26,3,0.787
225,8,ok,3,12,9,True,True,6678,15,36,3,0.7671
226,8,ok,4,16,12,True,True,6711,34,24,4,0.7401
217,8,ok,7,21,14,True,True,6411,25,16,7,1.0695
229,8,ok,7,27,20,True,True,6812,35,16,7,0.7747
228,8,ok,2,8,6,True,True,6778,14,71,2,0.8027
230,8,ok,3,10,7,True,True,6845,22,22,3,0.8104
233,8,ok,5,22,17,True,True,6946,38,15,5,0.7933
232,8,ok,4,13,9,True,True,6912,40,24,4,0.837
234,8,ok,2,7,5,True,True,6979,13,65,2,0.843
235,8,ok,7,27,20,True,True,7013,24,16,7,0.8455
237,8,ok,3,9,6,True,True,7080,23,42,3,0.8494
497,7,ok,6,18,12,True,True,14712,24,23,6,5.1755
236,8,ok,3,12,9,True,True,7046,32,23,3,0.8857
239,8,ok,5,12,7,True,True,7147,39,16,5,0.8955
240,8,ok,2,12,10,True,True,7181,18,63,2,0.8951
241,8,ok,7,31,24,True,True,7215,25,14,7,0.9137
227,8,ok,5,22,17,True,True,6745,33,16,5,1.1735
238,8,ok,4,13,9,True,True,7114,27,26,4,1.0419
242,8,ok,3,14,11,True,True,7248,41,23,3,0.9285
231,8,ok,3,7,4,True,True,6879,30,34,3,1.2387
243,8,ok,3,12,9,True,True,7282,19,31,3,0.8991
245,8,ok,5,9,4,True,True,7350,45,15,5,0.9235
244,8,ok,4,16,12,True,True,7316,22,23,4,0.9324
247,8,ok,7,21,14,True,True,7417,39,16,7,0.9251
499,7,ok,6,18,12,True,True,14779,30,23,6,5.3959
500,7,ok,4,13,9,True,True,14812,17,36,4,5.3486
248,8,ok,3,9,6,True,True,7451,46,21,3,0.9369
249,8,ok,3,12,9,True,True,7485,22,38,3,0.937
252,8,ok,2,11,9,True,True,7586,12,63,2,0.9622
251,8,ok,5,18,13,True,True,7552,27,16,5,0.9811
250,8,ok,4,18,14,True,True,7519,26,22,4,1.097
253,8,ok,7,27,20,True,True,7620,28,17,7,1.0252
246,8,ok,2,7,5,True,True,7383,21,53,2,1.3118
255,8,ok,3,7,4,True,True,7688,33,39,3,0.9991
256,8,ok,4,21,17,True,True,7722,22,22,4,1.083
257,8,ok,5,18,13,True,True,7756,33,19,5,1.1414
254,8,ok,3,9,6,True,True,7654,38,24,3,1.2646
261,8,ok,3,9,6,True,True,7892,27,37,3,1.0371
262,8,ok,4,13,9,True,True,7926,20,22,4,1.0478
258,8,ok,2,7,5,True,True,7790,33,60,2,1.179
259,8,ok,7,34,27,True,True,7824,25,14,7,1.1709
260,8,ok,3,11,8,True,True,7858,34,22,3,1.1692
263,8,ok,5,17,12,True,True,7960,36,16,5,1.1703
265,8,ok,7,27,20,True,True,8028,36,19,7,1.1653
264,8,ok,2,8,6,True,True,7994,31,60,2,1.2055
267,8,ok,3,14,11,True,True,8096,20,42,3,1.1661
266,8,ok,3,10,7,True,True,8062,30,21,3,1.2184
270,8,ok,2,10,8,True,True,8198,19,63,2,1.2855
268,8,ok,4,15,11,True,True,8130,20,25,4,1.3767
275,8,ok,5,13,8,True,True,8369,36,15,5,1.1699
272,8,ok,3,13,10,True,True,8266,33,23,3,1.2545
274,8,ok,4,17,13,True,True,8335,23,24,4,1.2644
269,8,ok,5,23,18,True,True,8164,35,15,5,1.4127
271,8,ok,7,24,17,True,True,8232,29,15,7,1.3467
273,8,ok,3,6,3,True,True,8301,24,36,3,1.3946
279,8,ok,3,10,7,True,True,8506,26,37,3,1.2189
278,8,ok,3,14,11,True,True,8472,33,23,3,1.3778
276,8,ok,2,9,7,True,True,8403,23,69,2,1.504
280,8,ok,4,20,16,True,True,8540,30,23,4,1.3052
277,8,ok,7,26,19,True,True,8437,21,15,7,1.5402
281,8,ok,5,15,10,True,True,8574,45,15,5,1.4099
283,8,ok,7,32,25,True,True,8643,23,16,7,1.4232
284,8,ok,3,10,7,True,True,8677,23,25,3,1.4487
285,8,ok,3,17,14,True,True,8711,20,50,3,1.5094
287,8,ok,5,15,10,True,True,8780,48,15,5,1.3596
286,8,ok,4,14,10,True,True,8746,29,25,4,1.4671
282,8,ok,2,9,7,True,True,8609,33,66,2,1.6498
289,8,ok,7,31,24,True,True,8849,26,17,7,1.3252
290,8,ok,3,13,10,True,True,8883,39,28,3,1.331
288,8,ok,2,6,4,True,True,8814,31,59,2,1.4151
292,8,ok,4,16,12,True,True,8952,26,24,4,1.4301
291,8,ok,3,11,8,True,True,8918,25,36,3,1.4658
294,8,ok,2,6,4,True,True,9021,27,66,2,1.4294
296,8,ok,3,10,7,True,True,9090,34,24,3,1.4285
295,8,ok,7,23,16,True,True,9055,32,15,7,1.4607
293,8,ok,5,17,12,True,True,8986,43,21,5,1.6479
298,8,ok,4,14,10,True,True,9159,23,23,4,1.5018
297,8,ok,3,10,7,True,True,9124,24,36,3,1.5082
301,8,ok,7,30,23,True,True,9262,32,18,7,1.4608
299,8,ok,5,16,11,True,True,9193,47,15,5,1.5416
300,8,ok,2,4,2,True,True,9228,14,68,2,1.5687
303,8,ok,3,11,8,True,True,9331,25,40,3,1.5568
305,8,ok,5,14,9,True,True,9400,31,15,5,1.5708
307,8,ok,7,27,20,True,True,9470,25,18,7,1.5402
306,8,ok,2,7,5,True,True,9435,26,64,2,1.6888
302,8,ok,3,12,9,True,True,9297,24,25,3,1.8723
304,8,ok,4,14,10,True,True,9366,23,26,4,1.9069
310,8,ok,4,11,7,True,True,9573,25,26,4,1.6313
312,8,ok,2,8,6,True,True,9643,39,61,2,1.6471
309,8,ok,3,11,8,True,True,9539,26,37,3,1.8721
308,8,ok,3,8,5,True,True,9504,23,24,3,1.916
313,8,ok,7,33,26,True,True,9677,25,16,7,1.7702
314,8,ok,3,11,8,True,True,9712,42,24,3,1.7276
319,8,ok,7,21,14,True,True,9886,24,16,7,1.6384
320,8,ok,3,14,11,True,True,9920,28,25,3,1.6656
317,8,ok,5,17,12,True,True,9816,35,14,5,1.7669
316,8,ok,4,17,13,True,True,9781,37,26,4,1.7942
311,8,ok,5,23,18,True,True,9608,37,16,5,2.1344
315,8,ok,3,9,6,True,True,9747,22,38,3,1.9467
321,8,ok,3,12,9,True,True,9955,22,42,3,1.8899
323,8,ok,5,22,17,True,True,10025,34,15,5,1.8676
322,8,ok,4,15,11,True,True,9990,26,23,4,1.9039
318,8,ok,2,10,8,True,True,9851,20,72,2,2.0998
325,8,ok,7,23,16,True,True,10094,38,16,7,1.8673
326,8,ok,3,13,10,True,True,10129,36,23,3,1.8587
324,8,ok,2,8,6,True,True,10059,23,65,2,2.0408
327,8,ok,3,14,11,True,True,10164,23,38,3,1.9324
329,8,ok,5,18,13,True,True,10234,27,15,5,1.9347
330,8,ok,2,9,7,True,True,10268,26,65,2,1.7958
331,8,ok,7,27,20,True,True,10303,32,17,7,1.9507
328,8,ok,4,21,17,True,True,10199,28,23,4,2.2103
333,8,ok,3,7,4,True,True,10373,24,40,3,1.9414
335,8,ok,5,16,11,True,True,10443,49,14,5,1.8623
337,8,ok,7,19,12,True,True,10513,31,18,7,1.9071
332,8,ok,3,12,9,True,True,10338,27,25,3,2.2995
334,8,ok,4,18,14,True,True,10408,34,24,4,2.1919
336,8,ok,2,6,4,True,True,10478,21,69,2,2.0151
339,8,ok,3,9,6,True,True,10583,23,46,3,1.9844
338,8,ok,3,6,3,True,True,10548,51,26,3,2.0912
342,8,ok,2,7,5,True,True,10688,21,64,2,1.9221
340,8,ok,4,15,11,True,True,10618,23,26,4,2.0448
341,8,ok,5,18,13,True,True,10653,41,16,5,2.127
345,8,ok,3,11,8,True,True,10793,38,36,3,1.9758
346,8,ok,4,14,10,True,True,10828,20,28,4,1.987
343,8,ok,7,25,18,True,True,10723,42,18,7,2.1192
347,8,ok,5,14,9,True,True,10863,49,19,5,2.1022
349,8,ok,7,24,17,True,True,10933,31,15,7,2.1302
350,8,ok,3,11,8,True,True,10968,29,24,3,2.0293
344,8,ok,3,14,11,True,True,10758,27,23,3,2.4632
348,8,ok,2,8,6,True,True,10898,22,61,2,2.4481
352,8,ok,4,17,13,True,True,11038,29,25,4,2.2111
354,8,ok,2,10,8,True,True,11108,44,64,2,2.2127
356,8,ok,3,12,9,True,True,11179,27,28,3,2.1329
355,8,ok,7,28,21,True,True,11143,40,17,7,2.2121
358,8,ok,4,24,20,True,True,11249,24,26,4,2.1706
351,8,ok,3,9,6,True,True,11003,28,39,3,2.6046
360,8,ok,2,7,5,True,True,11319,25,62,2,2.1549
359,8,ok,5,17,12,True,True,11284,36,17,5,2.2424
353,8,ok,5,19,14,True,True,11073,34,16,5,2.6937
361,8,ok,7,32,25,True,True,11354,27,16,7,2.2065
363,8,ok,3,14,11,True,True,11425,37,41,3,2.1882
364,8,ok,4,20,16,True,True,11460,31,27,4,2.224
357,8,ok,3,11,8,True,True,11214,21,39,3,2.7489
362,8,ok,3,14,11,True,True,11390,40,26,3,2.4568
365,8,ok,5,16,11,True,True,11495,48,15,5,2.2179
369,8,ok,3,8,5,True,True,11636,31,43,3,2.2439
366,8,ok,2,7,5,True,True,11531,26,62,2,2.4058
368,8,ok,3,14,11,True,True,11601,46,26,3,2.4887
370,8,ok,4,18,14,True,True,11672,33,24,4,2.3855
371,8,ok,5,24,19,True,True,11707,37,16,5,2.3144
372,8,ok,2,8,6,True,True,11742,20,66,2,2.3943
374,8,ok,3,9,6,True,True,11813,40,28,3,2.3347
375,8,ok,3,9,6,True,True,11848,30,34,3,2.3757
367,8,ok,7,29,22,True,True,11566,38,16,7,3.0717
373,8,ok,7,27,20,True,True,11778,27,18,7,2.6475
377,8,ok,5,17,12,True,True,11919,41,17,5,2.443
379,8,ok,7,35,28,True,True,11990,32,16,7,2.4277
376,8,ok,4,12,8,True,True,11884,40,27,4,2.6411
384,8,ok,2,6,4,True,True,12167,30,63,2,2.4473
378,8,ok,2,6,4,True,True,11954,25,66,2,2.8918
380,8,ok,3,10,7,True,True,12025,31,24,3,2.8198
382,8,ok,4,15,11,True,True,12096,31,23,4,2.8167
386,8,ok,3,12,9,True,True,12238,29,24,3,2.5576
381,8,ok,3,9,6,True,True,12061,22,40,3,2.9126
388,8,ok,4,20,16,True,True,12309,29,25,4,2.5744
383,8,ok,5,14,9,True,True,12131,29,21,5,3.0254
385,8,ok,7,27,20,True,True,12202,26,14,7,3.0871
392,8,ok,3,10,7,True,True,12450,29,25,3,2.5792
391,8,ok,7,24,17,True,True,12415,40,18,7,2.7133
393,8,ok,3,11,8,True,True,12486,26,41,3,2.6807
389,8,ok,5,18,13,True,True,12344,44,15,5,3.1126
396,8,ok,2,7,5,True,True,12593,28,63,2,2.6798
387,8,ok,3,11,8,True,True,12273,40,45,3,3.3574
397,8,ok,7,23,16,True,True,12628,25,17,7,2.6357
390,8,ok,2,9,7,True,True,12380,22,65,2,3.3812
395,8,ok,5,18,13,True,True,12557,37,17,5,3.0765
401,8,ok,5,19,14,True,True,12770,37,17,5,2.7731
400,8,ok,4,16,12,True,True,12735,29,29,4,2.8396
398,8,ok,3,10,7,True,True,12664,40,28,3,3.0952
394,8,ok,4,17,13,True,True,12522,31,26,4,3.5361
402,8,ok,2,8,6,True,True,12806,21,69,2,2.8523
399,8,ok,3,8,5,True,True,12699,22,37,3,3.0976
403,8,ok,7,23,16,True,True,12842,35,18,7,2.8373
404,8,ok,3,9,6,True,True,12877,25,24,3,2.812
408,8,ok,2,6,4,True,True,13020,27,63,2,2.8596
407,8,ok,5,16,11,True,True,12984,38,16,5,2.994
406,8,ok,4,26,22,True,True,12948,26,24,4,3.1155
409,8,ok,7,29,22,True,True,13055,39,17,7,3.1919
405,8,ok,3,10,7,True,True,12913,31,34,3,3.4822
410,8,ok,3,9,6,True,True,13091,43,27,3,2.9357
411,8,ok,3,9,6,True,True,13127,19,44,3,3.3165
414,8,ok,2,7,5,True,True,13234,18,61,2,3.0244
416,8,ok,3,13,10,True,True,13305,46,25,3,3.0552
412,8,ok,4,18,14,True,True,13162,29,28,4,3.4315
413,8,ok,5,16,11,True,True,13198,35,16,5,3.2439
415,8,ok,7,28,21,True,True,13270,38,19,7,3.5337
419,8,ok,5,14,9,True,True,13413,45,17,5,3.1421
417,8,ok,3,8,5,True,True,13341,25,43,3,3.4507
420,8,ok,2,5,3,True,True,13448,26,60,2,3.2287
421,8,ok,7,29,22,True,True,13484,33,18,7,3.1654
418,8,ok,4,15,11,True,True,13377,33,25,4,3.508
423,8,ok,3,7,4,True,True,13556,29,35,3,3.1337
422,8,ok,3,15,12,True,True,13520,20,24,3,3.3756
425,8,ok,5,19,14,True,True,13627,30,19,5,3.2361
424,8,ok,4,15,11,True,True,13591,32,27,4,3.5481
428,8,ok,3,9,6,True,True,13735,36,28,3,3.2387
426,8,ok,2,9,7,True,True,13663,18,71,2,3.6775
429,8,ok,3,10,7,True,True,13770,36,43,3,3.4375
427,8,ok,7,27,20,True,True,13699,36,16,7,3.7634
432,8,ok,2,10,8,True,True,13878,28,66,2,3.4387
434,8,ok,3,13,10,True,True,13950,53,24,3,3.3692
431,8,ok,5,24,19,True,True,13842,36,15,5,3.6039
435,8,ok,3,13,10,True,True,13986,36,48,3,3.392
430,8,ok,4,15,11,True,True,13806,35,24,4,3.8073
433,8,ok,7,31,24,True,True,13914,38,17,7,3.7585
436,8,ok,4,20,16,True,True,14022,37,24,4,3.4063
437,8,ok,5,18,13,True,True,14057,27,16,5,3.6704
438,8,ok,2,13,11,True,True,14093,17,64,2,3.8419
439,8,ok,7,25,18,True,True,14129,44,17,7,3.6792
441,8,ok,3,8,5,True,True,14201,40,39,3,3.5669
440,8,ok,3,9,6,True,True,14165,30,30,3,3.8032
442,8,ok,4,15,11,True,True,14237,35,27,4,3.5396
443,8,ok,5,13,8,True,True,14273,47,17,5,3.638
444,8,ok,2,10,8,True,True,14309,43,67,2,3.5678
446,8,ok,3,15,12,True,True,14381,31,32,3,3.9478
445,8,ok,7,28,21,True,True,14345,44,16,7,3.9997
448,8,ok,4,23,19,True,True,14453,33,25,4,3.8168
451,8,ok,7,31,24,True,True,14561,38,16,7,3.7104
447,8,ok,3,14,11,True,True,14417,30,39,3,3.9411
453,8,ok,3,14,11,True,True,14633,25,41,3,3.7777
450,8,ok,2,6,4,True,True,14525,25,79,2,4.1415
454,8,ok,4,22,18,True,True,14669,29,25,4,4.0369
449,8,ok,5,15,10,True,True,14489,43,17,5,4.3903
455,8,ok,5,16,11,True,True,14705,29,16,5,3.9696
452,8,ok,3,9,6,True,True,14597,37,26,3,4.3653
456,8,ok,2,5,3,True,True,14741,26,83,2,3.9535
459,8,ok,3,15,12,True,True,14850,35,46,3,3.8509
462,8,ok,2,8,6,True,True,14958,22,63,2,3.8952
460,8,ok,4,23,19,True,True,14886,23,28,4,4.1664
458,8,ok,3,12,9,True,True,14813,50,26,3,4.3115
461,8,ok,5,28,23,True,True,14922,45,15,5,4.0929
464,8,ok,3,13,10,True,True,15030,28,27,3,3.9468
457,8,ok,7,23,16,True,True,14777,30,16,7,4.58
465,8,ok,3,15,12,True,True,15066,37,39,3,4.13
463,8,ok,7,24,17,True,True,14994,32,16,7,4.292
467,8,ok,5,19,14,True,True,15138,35,18,5,3.9792
466,8,ok,4,17,13,True,True,15102,23,33,4,4.5237
468,8,ok,2,11,9,True,True,15175,34,70,2,4.2109
471,8,ok,3,10,7,True,True,15283,26,38,3,4.1776
470,8,ok,3,13,10,True,True,15247,28,28,3,4.315
1,9,ok,8,8,0,True,True,19,2,3,8,0.0002
2,9,ok,2,2,0,True,True,34,3,10,2,0.0002
3,9,ok,5,10,5,True,True,51,2,9,5,0.0004
4,9,ok,2,4,2,True,True,70,3,15,2,0.0004
5,9,ok,5,9,4,True,True,90,4,12,5,0.0006
6,9,ok,2,4,2,True,True,111,5,18,2,0.0006
7,9,ok,5,10,5,True,True,133,5,13,5,0.001
8,9,ok,2,5,3,True,True,155,3,24,2,0.0009
9,9,ok,5,14,9,True,True,178,5,19,5,0.0014
10,9,ok,2,3,1,True,True,202,7,18,2,0.0013
11,9,ok,5,8,3,True,True,225,6,18,5,0.0017
12,9,ok,2,6,4,True,True,250,4,20,2,0.0018
13,9,ok,5,11,6,True,True,274,6,26,5,0.0023
14,9,ok,2,3,1,True,True,299,8,23,2,0.0022
15,9,ok,5,12,7,True,True,324,7,21,5,0.0028
16,9,ok,2,4,2,True,True,350,8,22,2,0.0029
17,9,ok,5,14,9,True,True,375,8,22,5,0.0036
18,9,ok,2,5,3,True,True,401,5,23,2,0.0036
19,9,ok,5,10,5,True,True,427,6,23,5,0.0043
20,9,ok,2,7,5,True,True,454,9,30,2,0.0047
21,9,ok,5,14,9,True,True,481,8,22,5,0.0055
22,9,ok,2,7,5,True,True,507,7,27,2,0.0055
23,9,ok,5,12,7,True,True,534,8,23,5,0.0063
24,9,ok,2,5,3,True,True,562,7,25,2,0.0064
25,9,ok,5,14,9,True,True,589,6,20,5,0.0073
26,9,ok,2,4,2,True,True,617,8,27,2,0.0077
27,9,ok,5,12,7,True,True,644,12,22,5,0.0092
28,9,ok,2,3,1,True,True,672,8,27,2,0.0138
29,9,ok,5,14,9,True,True,700,9,27,5,0.0122
30,9,ok,2,8,6,True,True,728,10,24,2,0.0228
31,9,ok,5,12,7,True,True,757,10,26,5,0.0124
32,9,ok,2,5,3,True,True,785,12,29,2,0.0155
33,9,ok,5,14,9,True,True,814,12,25,5,0.0173
469,8,ok,7,27,20,True,True,15211,36,19,7,4.5523
35,9,ok,5,11,6,True,True,871,14,29,5,0.017
34,9,ok,2,5,3,True,True,842,11,33,2,0.0241
36,9,ok,2,7,5,True,True,900,12,27,2,0.0198
37,9,ok,5,15,10,True,True,929,9,27,5,0.0182
473,8,ok,5,17,12,True,True,15356,36,17,5,4.118
38,9,ok,2,5,3,True,True,958,13,30,2,0.0159
39,9,ok,5,17,12,True,True,988,10,28,5,0.0237
40,9,ok,2,8,6,True,True,1017,8,30,2,0.0174
41,9,ok,5,16,11,True,True,1046,11,28,5,0.0199
42,9,ok,2,7,5,True,True,1076,8,30,2,0.0191
43,9,ok,5,13,8,True,True,1106,9,28,5,0.0209
45,9,ok,5,12,7,True,True,1165,12,29,5,0.0228
44,9,ok,2,5,3,True,True,1135,14,32,2,0.0307
46,9,ok,2,8,6,True,True,1195,7,28,2,0.0238
47,9,ok,5,17,12,True,True,1225,12,31,5,0.0256
48,9,ok,2,6,4,True,True,1255,10,30,2,0.0286
49,9,ok,5,14,9,True,True,1286,11,26,5,0.0282
50,9,ok,2,6,4,True,True,1316,13,27,2,0.0282
51,9,ok,5,18,13,True,True,1346,13,31,5,0.0385
52,9,ok,2,5,3,True,True,1377,12,26,2,0.0305
53,9,ok,5,17,12,True,True,1407,11,27,5,0.0357
54,9,ok,2,6,4,True,True,1438,11,31,2,0.0353
55,9,ok,5,12,7,True,True,1469,13,35,5,0.036
56,9,ok,2,5,3,True,True,1499,17,30,2,0.0382
58,9,ok,2,3,1,True,True,1561,15,32,2,0.0389
57,9,ok,5,12,7,True,True,1530,12,30,5,0.0445
59,9,ok,5,13,8,True,True,1592,9,32,5,0.0432
60,9,ok,2,3,1,True,True,1623,11,30,2,0.0418
475,8,ok,7,19,12,True,True,15428,34,16,7,4.1999
472,8,ok,4,16,12,True,True,15319,24,25,4,4.6016
61,9,ok,5,13,8,True,True,1654,11,26,5,0.0515
62,9,ok,2,9,7,True,True,1686,11,37,2,0.0462
63,9,ok,5,12,7,True,True,1717,13,28,5,0.0484
64,9,ok,2,6,4,True,True,1748,10,35,2,0.0485
66,9,ok,2,7,5,True,True,1811,8,36,2,0.0523
65,9,ok,5,13,8,True,True,1780,15,28,5,0.0533
474,8,ok,2,13,11,True,True,15392,31,74,2,4.3207
67,9,ok,5,13,8,True,True,1843,14,28,5,0.0575
68,9,ok,2,4,2,True,True,1874,12,35,2,0.0577
69,9,ok,5,21,16,True,True,1906,12,34,5,0.0613
70,9,ok,2,10,8,True,True,1938,10,31,2,0.0689
71,9,ok,5,18,13,True,True,1969,16,35,5,0.0718
72,9,ok,2,7,5,True,True,2001,10,31,2,0.0668
73,9,ok,5,18,13,True,True,2033,14,32,5,0.0714
74,9,ok,2,7,5,True,True,2065,17,33,2,0.0699
75,9,ok,5,15,10,True,True,2097,14,38,5,0.0712
78,9,ok,2,7,5,True,True,2193,12,31,2,0.0774
77,9,ok,5,15,10,True,True,2161,15,29,5,0.0834
76,9,ok,2,6,4,True,True,2129,17,32,2,0.093
79,9,ok,5,18,13,True,True,2225,18,31,5,0.077
80,9,ok,2,7,5,True,True,2258,9,34,2,0.0782
81,9,ok,5,14,9,True,True,2290,24,36,5,0.0816
82,9,ok,2,7,5,True,True,2322,19,35,2,0.0932
83,9,ok,5,18,13,True,True,2355,12,38,5,0.1063
84,9,ok,2,10,8,True,True,2387,13,35,2,0.1023
85,9,ok,5,12,7,True,True,2420,17,30,5,0.0976
86,9,ok,2,7,5,True,True,2452,10,33,2,0.0925
87,9,ok,5,20,15,True,True,2485,11,29,5,0.0995
88,9,ok,2,7,5,True,True,2518,10,35,2,0.1079
91,9,ok,5,15,10,True,True,2616,13,43,5,0.1081
90,9,ok,2,7,5,True,True,2583,20,34,2,0.1147
92,9,ok,2,3,1,True,True,2649,12,34,2,0.1096
89,9,ok,5,16,11,True,True,2550,15,29,5,0.1462
93,9,ok,5,20,15,True,True,2681,17,33,5,0.1132
94,9,ok,2,7,5,True,True,2714,17,33,2,0.1199
95,9,ok,5,20,15,True,True,2747,13,33,5,0.1294
96,9,ok,2,4,2,True,True,2780,15,32,2,0.142
97,9,ok,5,15,10,True,True,2813,19,33,5,0.1311
99,9,ok,5,13,8,True,True,2880,16,35,5,0.13
98,9,ok,2,6,4,True,True,2846,12,34,2,0.1338
476,8,ok,3,9,6,True,True,15464,30,26,3,4.3945
100,9,ok,2,6,4,True,True,2913,25,36,2,0.133
101,9,ok,5,16,11,True,True,2946,19,30,5,0.1391
103,9,ok,5,19,14,True,True,3013,15,37,5,0.1408
102,9,ok,2,6,4,True,True,2979,12,40,2,0.152
104,9,ok,2,4,2,True,True,3046,17,39,2,0.1466
105,9,ok,5,14,9,True,True,3079,17,38,5,0.157
106,9,ok,2,8,6,True,True,3113,14,36,2,0.1591
478,8,ok,4,20,16,True,True,15537,38,28,4,4.3257
477,8,ok,3,8,5,True,True,15500,43,44,3,4.5338
107,9,ok,5,21,16,True,True,3146,19,38,5,0.1572
108,9,ok,2,6,4,True,True,3180,18,36,2,0.1643
109,9,ok,5,17,12,True,True,3213,12,37,5,0.1572
479,8,ok,5,17,12,True,True,15573,47,16,5,4.3013
110,9,ok,2,4,2,True,True,3247,14,43,2,0.1683
111,9,ok,5,15,10,True,True,3280,12,36,5,0.1777
112,9,ok,2,9,7,True,True,3314,16,37,2,0.172
114,9,ok,2,9,7,True,True,3381,19,40,2,0.1734
113,9,ok,5,16,11,True,True,3348,14,39,5,0.188
116,9,ok,2,4,2,True,True,3449,17,36,2,0.1773
115,9,ok,5,15,10,True,True,3415,12,34,5,0.1847
117,9,ok,5,15,10,True,True,3483,18,33,5,0.1917
118,9,ok,2,7,5,True,True,3516,18,43,2,0.1852
481,8,ok,7,24,17,True,True,15645,33,20,7,4.2666
119,9,ok,5,12,7,True,True,3550,26,38,5,0.1915
120,9,ok,2,5,3,True,True,3584,13,37,2,0.2002
121,9,ok,5,19,14,True,True,3618,17,43,5,0.1978
122,9,ok,2,6,4,True,True,3652,23,48,2,0.2315
123,9,ok,5,16,11,True,True,3686,19,39,5,0.2091
124,9,ok,2,9,7,True,True,3720,13,37,2,0.2063
480,8,ok,2,6,4,True,True,15609,31,65,2,4.6167
125,9,ok,5,12,7,True,True,3754,19,45,5,0.2181
126,9,ok,2,6,4,True,True,3789,24,35,2,0.2179
128,9,ok,2,6,4,True,True,3857,12,43,2,0.2235
127,9,ok,5,17,12,True,True,3823,19,39,5,0.2308
129,9,ok,5,21,16,True,True,3891,14,39,5,0.2293
130,9,ok,2,9,7,True,True,3925,23,38,2,0.2347
132,9,ok,2,6,4,True,True,3994,13,36,2,0.2377
131,9,ok,5,16,11,True,True,3960,22,35,5,0.2817
134,9,ok,2,8,6,True,True,4063,22,40,2,0.2649
136,9,ok,2,3,1,True,True,4131,23,36,2,0.2577
135,9,ok,5,13,8,True,True,4097,19,40,5,0.2636
133,9,ok,5,17,12,True,True,4028,13,37,5,0.3168
138,9,ok,2,6,4,True,True,4200,14,34,2,0.2718
137,9,ok,5,18,13,True,True,4166,12,36,5,0.2806
139,9,ok,5,18,13,True,True,4235,16,33,5,0.2763
140,9,ok,2,7,5,True,True,4269,16,38,2,0.2724
141,9,ok,5,18,13,True,True,4304,14,40,5,0.2825
142,9,ok,2,8,6,True,True,4339,14,45,2,0.2881
485,8,ok,5,19,14,True,True,15791,35,16,5,4.3795
143,9,ok,5,14,9,True,True,4373,24,36,5,0.2921
483,8,ok,3,9,6,True,True,15718,20,39,3,4.515
145,9,ok,5,11,6,True,True,4443,21,37,5,0.3079
144,9,ok,2,7,5,True,True,4408,15,42,2,0.3868
146,9,ok,2,4,2,True,True,4477,16,40,2,0.3086
147,9,ok,5,19,14,True,True,4512,20,35,5,0.3394
150,9,ok,2,7,5,True,True,4616,16,44,2,0.3353
149,9,ok,5,18,13,True,True,4582,19,35,5,0.366
148,9,ok,2,6,4,True,True,4547,18,40,2,0.4062
151,9,ok,5,15,10,True,True,4651,23,39,5,0.3282
482,8,ok,3,13,10,True,True,15682,24,25,3,4.9629
153,9,ok,5,16,11,True,True,4721,17,35,5,0.3306
154,9,ok,2,7,5,True,True,4756,11,40,2,0.3499
152,9,ok,2,8,6,True,True,4686,21,40,2,0.3877
155,9,ok,5,17,12,True,True,4791,17,44,5,0.3599
156,9,ok,2,9,7,True,True,4826,15,40,2,0.3658
157,9,ok,5,11,6,True,True,4861,24,41,5,0.3669
158,9,ok,2,8,6,True,True,4896,13,44,2,0.359
487,8,ok,7,24,17,True,True,15863,36,19,7,4.7235
488,8,ok,3,10,7,True,True,15899,39,30,3,4.3851
484,8,ok,4,18,14,True,True,15754,46,26,4,4.9912
161,9,ok,5,16,11,True,True,5001,16,39,5,0.384
160,9,ok,2,9,7,True,True,4966,17,45,2,0.4239
162,9,ok,2,8,6,True,True,5036,14,47,2,0.3719
159,9,ok,5,12,7,True,True,4931,26,39,5,0.4572
163,9,ok,5,17,12,True,True,5072,16,35,5,0.3949
165,9,ok,5,17,12,True,True,5142,23,40,5,0.4053
167,9,ok,5,16,11,True,True,5213,20,43,5,0.4052
164,9,ok,2,7,5,True,True,5107,17,39,2,0.4579
168,9,ok,2,7,5,True,True,5248,12,52,2,0.4138
166,9,ok,2,11,9,True,True,5177,12,49,2,0.4884
169,9,ok,5,20,15,True,True,5283,21,44,5,0.4343
170,9,ok,2,9,7,True,True,5318,20,39,2,0.4459
171,9,ok,5,19,14,True,True,5354,30,39,5,0.4334
172,9,ok,2,6,4,True,True,5389,21,44,2,0.4617
489,8,ok,3,14,11,True,True,15936,15,38,3,4.4559
486,8,ok,2,6,4,True,True,15827,20,66,2,5.1692
173,9,ok,5,17,12,True,True,5425,17,45,5,0.482
175,9,ok,5,17,12,True,True,5496,23,35,5,0.4563
174,9,ok,2,5,3,True,True,5460,13,40,2,0.489
177,9,ok,5,12,7,True,True,5567,24,41,5,0.5082
179,9,ok,5,18,13,True,True,5638,18,42,5,0.5077
176,9,ok,2,7,5,True,True,5531,18,39,2,0.5705
178,9,ok,2,7,5,True,True,5602,13,46,2,0.5396
182,9,ok,2,7,5,True,True,5744,15,42,2,0.4948
181,9,ok,5,17,12,True,True,5709,16,36,5,0.5396
180,9,ok,2,6,4,True,True,5673,14,40,2,0.575
183,9,ok,5,13,8,True,True,5780,20,42,5,0.4996
492,8,ok,2,9,7,True,True,16045,33,68,2,4.6732
493,8,ok,7,27,20,True,True,16081,31,15,7,4.6547
185,9,ok,5,12,7,True,True,5851,28,42,5,0.5186
490,8,ok,4,17,13,True,True,15972,33,26,4,4.7883
184,9,ok,2,7,5,True,True,5816,13,43,2,0.5679
189,9,ok,5,13,8,True,True,5994,24,40,5,0.5568
187,9,ok,5,16,11,True,True,5923,17,40,5,0.637
188,9,ok,2,4,2,True,True,5959,20,40,2,0.5784
186,9,ok,2,4,2,True,True,5887,18,41,2,0.6662
191,9,ok,5,16,11,True,True,6066,22,40,5,0.5585
190,9,ok,2,7,5,True,True,6030,25,42,2,0.5828
497,8,ok,5,18,13,True,True,16227,44,15,5,4.6001
194,9,ok,2,10,8,True,True,6173,16,44,2,0.5567
192,9,ok,2,5,3,True,True,6102,14,46,2,0.6612
193,9,ok,5,14,9,True,True,6138,17,40,5,0.6218
495,8,ok,3,9,6,True,True,16154,27,45,3,4.7664
196,9,ok,2,9,7,True,True,6245,20,48,2,0.6009
195,9,ok,5,16,11,True,True,6209,28,41,5,0.6871
491,8,ok,5,20,15,True,True,16008,48,19,5,5.1879
197,9,ok,5,20,15,True,True,6281,18,42,5,0.6434
496,8,ok,4,12,8,True,True,16190,35,31,4,4.8984
200,9,ok,2,8,6,True,True,6389,11,45,2,0.6171
202,9,ok,2,5,3,True,True,6461,14,43,2,0.6483
203,9,ok,5,20,15,True,True,6497,15,43,5,0.6362
199,9,ok,5,18,13,True,True,6353,20,40,5,0.7148
201,9,ok,5,15,10,True,True,6425,15,41,5,0.6681
198,9,ok,2,6,4,True,True,6317,21,47,2,0.7456
204,9,ok,2,6,4,True,True,6533,23,48,2,0.6772
205,9,ok,5,17,12,True,True,6569,22,40,5,0.6635
206,9,ok,2,9,7,True,True,6606,19,42,2,0.6665
207,9,ok,5,15,10,True,True,6642,31,39,5,0.7121
209,9,ok,5,21,16,True,True,6714,20,41,5,0.6773
208,9,ok,2,9,7,True,True,6678,13,49,2,0.7919
494,8,ok,3,11,8,True,True,16118,41,26,3,5.4518
210,9,ok,2,12,10,True,True,6750,12,43,2,0.7071
213,9,ok,5,17,12,True,True,6859,19,41,5,0.7082
214,9,ok,2,7,5,True,True,6895,26,45,2,0.738
211,9,ok,5,20,15,True,True,6786,18,42,5,0.806
212,9,ok,2,8,6,True,True,6823,19,49,2,0.8187
215,9,ok,5,15,10,True,True,6931,22,44,5,0.7224
216,9,ok,2,10,8,True,True,6968,17,44,2,0.7205
219,9,ok,5,17,12,True,True,7077,17,41,5,0.7935
499,8,ok,7,23,16,True,True,16299,45,16,7,4.8957
217,9,ok,5,22,17,True,True,7004,19,46,5,0.8775
220,9,ok,2,6,4,True,True,7113,22,42,2,0.8045
218,9,ok,2,5,3,True,True,7040,19,42,2,0.8785
221,9,ok,5,17,12,True,True,7150,18,42,5,0.8202
224,9,ok,2,6,4,True,True,7259,19,45,2,0.7898
222,9,ok,2,8,6,True,True,7186,13,42,2,0.8656
225,9,ok,5,15,10,True,True,7295,26,43,5,0.8062
223,9,ok,5,19,14,True,True,7222,15,40,5,0.9138
227,9,ok,5,21,16,True,True,7368,19,41,5,0.8286
229,9,ok,5,15,10,True,True,7441,18,45,5,0.8483
228,9,ok,2,5,3,True,True,7405,25,45,2,0.8946
231,9,ok,5,19,14,True,True,7515,27,41,5,0.8581
226,9,ok,2,9,7,True,True,7332,26,44,2,0.9051
232,9,ok,2,4,2,True,True,7551,20,51,2,0.8552
498,8,ok,2,9,7,True,True,16263,26,67,2,5.423
233,9,ok,5,17,12,True,True,7588,27,47,5,0.872
500,8,ok,3,10,7,True,True,16336,47,27,3,5.0019
230,9,ok,2,7,5,True,True,7478,14,42,2,1.0706
234,9,ok,2,7,5,True,True,7624,40,41,2,0.9383
235,9,ok,5,13,8,True,True,7661,29,42,5,0.8862
236,9,ok,2,10,8,True,True,7698,18,44,2,0.9523
239,9,ok,5,13,8,True,True,7808,23,44,5,0.9165
238,9,ok,2,8,6,True,True,7771,14,43,2,0.9616
240,9,ok,2,9,7,True,True,7845,15,46,2,1.0025
243,9,ok,5,15,10,True,True,7955,30,44,5,0.9546
244,9,ok,2,8,6,True,True,7992,21,45,2,0.965
241,9,ok,5,13,8,True,True,7881,20,43,5,1.1089
237,9,ok,5,17,12,True,True,7734,24,40,5,1.3339
246,9,ok,2,9,7,True,True,8065,17,44,2,1.048
245,9,ok,5,19,14,True,True,8029,22,42,5,1.0859
248,9,ok,2,7,5,True,True,8139,17,49,2,1.0141
249,9,ok,5,17,12,True,True,8176,31,43,5,1.0825
250,9,ok,2,6,4,True,True,8213,24,45,2,1.0618
251,9,ok,5,19,14,True,True,8250,27,42,5,1.0592
253,9,ok,5,14,9,True,True,8324,22,42,5,1.047
242,9,ok,2,10,8,True,True,7918,15,50,2,1.3988
252,9,ok,2,10,8,True,True,8287,20,48,2,1.1377
255,9,ok,5,19,14,True,True,8398,31,46,5,1.07
254,9,ok,2,9,7,True,True,8361,20,44,2,1.1445
256,9,ok,2,8,6,True,True,8435,18,49,2,1.1143
257,9,ok,5,19,14,True,True,8472,19,42,5,1.1205
260,9,ok,2,9,7,True,True,8583,21,51,2,1.1156
258,9,ok,2,5,3,True,True,8509,17,46,2,1.1661
262,9,ok,2,8,6,True,True,8657,13,41,2,1.1297
259,9,ok,5,22,17,True,True,8546,19,48,5,1.2111
261,9,ok,5,14,9,True,True,8620,31,49,5,1.1863
247,9,ok,5,22,17,True,True,8102,24,40,5,1.5236
263,9,ok,5,18,13,True,True,8694,22,45,5,1.2216
266,9,ok,2,6,4,True,True,8805,20,46,2,1.1747
265,9,ok,5,18,13,True,True,8768,23,41,5,1.2326
268,9,ok,2,8,6,True,True,8880,14,49,2,1.1743
267,9,ok,5,15,10,True,True,8843,22,42,5,1.2727
269,9,ok,5,17,12,True,True,8917,23,42,5,1.2654
270,9,ok,2,9,7,True,True,8954,19,46,2,1.2413
271,9,ok,5,19,14,True,True,8991,21,44,5,1.2234
272,9,ok,2,10,8,True,True,9029,24,45,2,1.237
273,9,ok,5,19,14,True,True,9066,22,40,5,1.2426
264,9,ok,2,10,8,True,True,8731,20,43,2,1.7537
275,9,ok,5,20,15,True,True,9140,20,49,5,1.2918
276,9,ok,2,8,6,True,True,9178,13,47,2,1.2944
277,9,ok,5,26,21,True,True,9215,20,44,5,1.4419
281,9,ok,5,13,8,True,True,9364,23,41,5,1.3261
279,9,ok,5,20,15,True,True,9290,27,48,5,1.4155
278,9,ok,2,7,5,True,True,9252,19,44,2,1.452
274,9,ok,2,6,4,True,True,9103,24,48,2,1.6015
280,9,ok,2,7,5,True,True,9327,16,45,2,1.4628
284,9,ok,2,9,7,True,True,9477,18,47,2,1.3454
285,9,ok,5,27,22,True,True,9514,18,44,5,1.3977
283,9,ok,5,16,11,True,True,9439,24,48,5,1.564
288,9,ok,2,9,7,True,True,9626,20,52,2,1.412
289,9,ok,5,16,11,True,True,9664,24,45,5,1.4289
282,9,ok,2,7,5,True,True,9402,14,47,2,1.7061
290,9,ok,2,10,8,True,True,9701,18,42,2,1.426
286,9,ok,2,6,4,True,True,9552,26,49,2,1.5493
287,9,ok,5,18,13,True,True,9589,31,48,5,1.5959
291,9,ok,5,19,14,True,True,9739,19,47,5,1.5849
294,9,ok,2,9,7,True,True,9852,16,47,2,1.4765
292,9,ok,2,9,7,True,True,9776,18,45,2,1.6013
295,9,ok,5,19,14,True,True,9889,16,45,5,1.4998
293,9,ok,5,18,13,True,True,9814,19,52,5,1.8393
296,9,ok,2,6,4,True,True,9927,30,45,2,1.6569
297,9,ok,5,15,10,True,True,9964,28,46,5,1.6829
298,9,ok,2,9,7,True,True,10002,22,54,2,1.6631
301,9,ok,5,15,10,True,True,10115,23,50,5,1.5476
302,9,ok,2,4,2,True,True,10152,24,47,2,1.5492
300,9,ok,2,9,7,True,True,10077,34,48,2,1.5959
299,9,ok,5,16,11,True,True,10040,25,46,5,1.8206
303,9,ok,5,15,10,True,True,10190,19,46,5,1.5968
305,9,ok,5,16,11,True,True,10266,24,44,5,1.5989
306,9,ok,2,6,4,True,True,10303,21,48,2,1.6343
304,9,ok,2,8,6,True,True,10228,21,45,2,1.8028
308,9,ok,2,7,5,True,True,10379,26,47,2,1.6111
309,9,ok,5,12,7,True,True,10417,25,44,5,1.6513
307,9,ok,5,20,15,True,True,10341,24,44,5,1.8117
313,9,ok,5,13,8,True,True,10568,26,47,5,1.6888
311,9,ok,5,15,10,True,True,10492,26,45,5,1.7497
310,9,ok,2,10,8,True,True,10454,24,51,2,1.8384
314,9,ok,2,15,13,True,True,10605,18,45,2,1.7233
312,9,ok,2,8,6,True,True,10530,19,45,2,1.8593
316,9,ok,2,5,3,True,True,10681,20,49,2,1.7069
317,9,ok,5,20,15,True,True,10719,26,47,5,1.787
319,9,ok,5,17,12,True,True,10795,20,46,5,1.7744
320,9,ok,2,10,8,True,True,10833,21,52,2,1.9086
315,9,ok,5,17,12,True,True,10643,21,43,5,1.9963
318,9,ok,2,6,4,True,True,10757,16,46,2,1.9774
323,9,ok,5,20,15,True,True,10946,16,47,5,1.8295
322,9,ok,2,4,2,True,True,10908,17,46,2,1.9249
325,9,ok,5,20,15,True,True,11022,28,51,5,1.8777
324,9,ok,2,5,3,True,True,10984,25,50,2,1.959
321,9,ok,5,21,16,True,True,10871,25,45,5,2.0717
326,9,ok,2,9,7,True,True,11060,20,52,2,1.9887
327,9,ok,5,16,11,True,True,11098,21,49,5,2.0243
330,9,ok,2,7,5,True,True,11212,25,47,2,1.8767
328,9,ok,2,7,5,True,True,11136,19,47,2,2.0018
331,9,ok,5,20,15,True,True,11250,27,48,5,1.9381
332,9,ok,2,8,6,True,True,11288,15,48,2,1.9744
329,9,ok,5,18,13,True,True,11174,20,47,5,2.0696
334,9,ok,2,5,3,True,True,11365,41,52,2,1.9884
335,9,ok,5,15,10,True,True,11403,23,41,5,2.0424
336,9,ok,2,6,4,True,True,11441,19,50,2,2.0429
333,9,ok,5,25,20,True,True,11326,23,49,5,2.3665
338,9,ok,2,7,5,True,True,11517,19,46,2,2.0416
337,9,ok,5,21,16,True,True,11479,26,44,5,2.1651
339,9,ok,5,19,14,True,True,11555,28,50,5,2.0523
341,9,ok,5,14,9,True,True,11631,22,45,5,2.0609
342,9,ok,2,11,9,True,True,11669,18,48,2,2.1572
340,9,ok,2,8,6,True,True,11593,23,55,2,2.234
344,9,ok,2,9,7,True,True,11746,27,48,2,2.1533
346,9,ok,2,7,5,True,True,11822,23,51,2,2.1314
345,9,ok,5,17,12,True,True,11784,21,45,5,2.3387
348,9,ok,2,9,7,True,True,11899,22,50,2,2.188
347,9,ok,5,19,14,True,True,11860,26,47,5,2.2803
343,9,ok,5,22,17,True,True,11708,19,54,5,2.7113
349,9,ok,5,26,21,True,True,11937,23,53,5,2.3249
352,9,ok,2,9,7,True,True,12052,14,52,2,2.2234
351,9,ok,5,19,14,True,True,12013,20,45,5,2.3101
354,9,ok,2,9,7,True,True,12128,15,48,2,2.2939
353,9,ok,5,15,10,True,True,12090,34,44,5,2.3801
355,9,ok,5,21,16,True,True,12167,31,48,5,2.5422
357,9,ok,5,20,15,True,True,12243,29,51,5,2.3646
359,9,ok,5,19,14,True,True,12320,33,46,5,2.3125
350,9,ok,2,7,5,True,True,11975,18,46,2,2.974
361,9,ok,5,12,7,True,True,12397,30,47,5,2.3204
362,9,ok,2,6,4,True,True,12435,22,55,2,2.4451
358,9,ok,2,9,7,True,True,12282,20,45,2,2.7161
364,9,ok,2,7,5,True,True,12512,15,62,2,2.4252
356,9,ok,2,6,4,True,True,12205,29,51,2,3.0931
360,9,ok,2,6,4,True,True,12358,25,46,2,2.7679
363,9,ok,5,15,10,True,True,12474,30,47,5,2.6661
365,9,ok,5,24,19,True,True,12550,21,44,5,2.4993
366,9,ok,2,6,4,True,True,12589,20,52,2,2.4908
368,9,ok,2,6,4,True,True,12666,26,51,2,2.5372
370,9,ok,2,10,8,True,True,12743,16,55,2,2.6079
369,9,ok,5,16,11,True,True,12704,26,48,5,2.7632
371,9,ok,5,20,15,True,True,12781,27,49,5,2.6735
367,9,ok,5,15,10,True,True,12627,23,50,5,3.1201
375,9,ok,5,15,10,True,True,12935,26,56,5,2.62
372,9,ok,2,7,5,True,True,12820,18,50,2,2.8858
374,9,ok,2,7,5,True,True,12897,25,47,2,2.7793
373,9,ok,5,16,11,True,True,12858,36,47,5,2.9213
377,9,ok,5,12,7,True,True,13012,27,50,5,2.6711
376,9,ok,2,5,3,True,True,12974,25,52,2,2.975
378,9,ok,2,9,7,True,True,13051,26,51,2,2.9557
381,9,ok,5,17,12,True,True,13167,15,51,5,2.8555
382,9,ok,2,6,4,True,True,13205,20,50,2,2.8546
383,9,ok,5,19,14,True,True,13244,32,51,5,2.7623
379,9,ok,5,16,11,True,True,13090,26,54,5,3.197
380,9,ok,2,7,5,True,True,13128,21,52,2,3.1849
384,9,ok,2,7,5,True,True,13283,14,50,2,3.1676
386,9,ok,2,8,6,True,True,13360,20,57,2,2.9053
385,9,ok,5,14,9,True,True,13321,29,49,5,3.0345
390,9,ok,2,7,5,True,True,13515,27,53,2,2.9462
388,9,ok,2,13,11,True,True,13437,24,54,2,3.214
392,9,ok,2,6,4,True,True,13592,36,47,2,2.9373
387,9,ok,5,16,11,True,True,13399,21,46,5,3.335
391,9,ok,5,14,9,True,True,13553,20,47,5,3.0462
389,9,ok,5,11,6,True,True,13476,25,50,5,3.4128
394,9,ok,2,6,4,True,True,13669,17,51,2,3.1288
395,9,ok,5,17,12,True,True,13708,31,48,5,3.168
393,9,ok,5,13,8,True,True,13631,26,46,5,3.29
396,9,ok,2,6,4,True,True,13747,29,49,2,3.0241
397,9,ok,5,16,11,True,True,13786,36,48,5,3.1079
399,9,ok,5,16,11,True,True,13863,23,46,5,2.9889
400,9,ok,2,6,4,True,True,13902,27,56,2,3.2322
403,9,ok,5,14,9,True,True,14018,22,49,5,3.0337
405,9,ok,5,20,15,True,True,14096,23,48,5,3.1126
398,9,ok,2,5,3,True,True,13824,19,46,2,3.8146
402,9,ok,2,7,5,True,True,13980,27,57,2,3.3734
404,9,ok,2,6,4,True,True,14057,13,52,2,3.2388
407,9,ok,5,14,9,True,True,14174,24,46,5,3.1461
406,9,ok,2,7,5,True,True,14135,16,52,2,3.3804
401,9,ok,5,16,11,True,True,13941,30,47,5,3.8908
410,9,ok,2,9,7,True,True,14291,23,49,2,3.1485
409,9,ok,5,22,17,True,True,14252,32,49,5,3.2993
408,9,ok,2,11,9,True,True,14213,18,52,2,3.4362
412,9,ok,2,8,6,True,True,14368,15,50,2,3.202
411,9,ok,5,20,15,True,True,14329,22,49,5,3.2844
413,9,ok,5,16,11,True,True,14407,34,55,5,3.6022
416,9,ok,2,4,2,True,True,14524,19,56,2,3.3627
414,9,ok,2,9,7,True,True,14446,14,50,2,3.7412
418,9,ok,2,5,3,True,True,14602,35,51,2,3.4033
417,9,ok,5,14,9,True,True,14563,25,45,5,3.7232
420,9,ok,2,7,5,True,True,14680,20,55,2,3.3213
415,9,ok,5,16,11,True,True,14485,33,49,5,3.8857
419,9,ok,5,19,14,True,True,14641,20,49,5,3.6486
421,9,ok,5,23,18,True,True,14719,29,47,5,3.7971
427,9,ok,5,17,12,True,True,14953,22,50,5,3.4774
423,9,ok,5,17,12,True,True,14797,24,49,5,3.7607
428,9,ok,2,4,2,True,True,14992,18,48,2,3.4973
426,9,ok,2,8,6,True,True,14914,17,51,2,3.7556
425,9,ok,5,12,7,True,True,14875,30,49,5,3.8074
422,9,ok,2,8,6,True,True,14758,26,52,2,4.1551
429,9,ok,5,27,22,True,True,15031,21,50,5,3.5494
424,9,ok,2,6,4,True,True,14836,27,56,2,4.2742
430,9,ok,2,5,3,True,True,15070,26,53,2,3.6908
431,9,ok,5,24,19,True,True,15109,24,54,5,3.5939
432,9,ok,2,6,4,True,True,15149,28,54,2,3.5817
433,9,ok,5,22,17,True,True,15188,24,47,5,3.7214
436,9,ok,2,9,7,True,True,15305,19,53,2,3.6795
435,9,ok,5,14,9,True,True,15266,28,49,5,3.8604
434,9,ok,2,13,11,True,True,15227,17,52,2,3.9874
438,9,ok,2,7,5,True,True,15383,23,52,2,3.6924
439,9,ok,5,23,18,True,True,15423,26,50,5,3.7547
437,9,ok,5,25,20,True,True,15344,29,48,5,4.098
442,9,ok,2,10,8,True,True,15540,21,50,2,3.8095
440,9,ok,2,8,6,True,True,15462,22,57,2,4.1047
443,9,ok,5,15,10,True,True,15579,31,53,5,4.0117
441,9,ok,5,18,13,True,True,15501,34,50,5,4.2649
445,9,ok,5,19,14,True,True,15658,25,49,5,3.9768
447,9,ok,5,17,12,True,True,15736,26,55,5,4.0624
449,9,ok,5,25,20,True,True,15815,25,56,5,4.0893
444,9,ok,2,8,6,True,True,15619,29,52,2,4.6088
446,9,ok,2,6,4,True,True,15697,24,57,2,4.6021
448,9,ok,2,6,4,True,True,15775,29,54,2,4.3635
452,9,ok,2,5,3,True,True,15933,17,52,2,4.1598
450,9,ok,2,7,5,True,True,15854,19,51,2,4.5983
453,9,ok,5,15,10,True,True,15972,25,48,5,4.1615
454,9,ok,2,4,2,True,True,16011,23,53,2,4.2775
455,9,ok,5,23,18,True,True,16050,30,54,5,4.2359
451,9,ok,5,27,22,True,True,15893,28,52,5,4.7609
459,9,ok,5,16,11,True,True,16208,21,52,5,4.1833
457,9,ok,5,13,8,True,True,16129,33,52,5,4.4786
458,9,ok,2,5,3,True,True,16168,24,51,2,4.6334
462,9,ok,2,7,5,True,True,16326,20,48,2,4.1904
456,9,ok,2,9,7,True,True,16090,22,54,2,5.0082
460,9,ok,2,7,5,True,True,16247,21,52,2,4.6058
461,9,ok,5,13,8,True,True,16287,29,48,5,4.5496
465,9,ok,5,20,15,True,True,16444,29,48,5,4.3114
463,9,ok,5,16,11,True,True,16365,32,53,5,4.7003
464,9,ok,2,7,5,True,True,16405,35,53,2,4.6718
466,9,ok,2,7,5,True,True,16483,22,48,2,4.6102
469,9,ok,5,16,11,True,True,16602,24,56,5,4.4748
471,9,ok,5,18,13,True,True,16681,19,48,5,4.4202
468,9,ok,2,9,7,True,True,16562,26,55,2,4.9983
467,9,ok,5,14,9,True,True,16523,31,51,5,5.1868
1,10,ok,9,9,0,True,True,21,2,3,9,0.0003
2,10,ok,3,3,0,True,True,38,3,8,3,0.0002
3,10,ok,3,7,4,True,True,57,2,9,3,0.0004
4,10,ok,4,7,3,True,True,77,3,10,4,0.0005
5,10,ok,5,8,3,True,True,99,4,12,5,0.0006
6,10,ok,2,5,3,True,True,122,4,20,2,0.0007
7,10,ok,7,14,7,True,True,146,5,9,7,0.001
8,10,ok,3,6,3,True,True,170,4,12,3,0.001
9,10,ok,3,7,4,True,True,195,3,20,3,0.0013
10,10,ok,4,9,5,True,True,220,5,13,4,0.0015
11,10,ok,5,7,2,True,True,246,8,15,5,0.0017
12,10,ok,2,3,1,True,True,272,5,38,2,0.0021
13,10,ok,7,17,10,True,True,299,8,17,7,0.0026
14,10,ok,3,8,5,True,True,326,7,17,3,0.0026
15,10,ok,3,9,6,True,True,353,9,23,3,0.0029
16,10,ok,4,11,7,True,True,381,7,15,4,0.0034
17,10,ok,5,11,6,True,True,409,8,17,5,0.0062
18,10,ok,2,5,3,True,True,437,5,35,2,0.0039
19,10,ok,7,17,10,True,True,466,8,21,7,0.0048
20,10,ok,3,8,5,True,True,494,8,20,3,0.0048
21,10,ok,3,7,4,True,True,523,6,20,3,0.0056
22,10,ok,4,11,7,True,True,552,11,20,4,0.006
23,10,ok,5,11,6,True,True,582,10,22,5,0.0065
24,10,ok,2,8,6,True,True,611,5,32,2,0.0069
25,10,ok,7,21,14,True,True,641,7,20,7,0.0085
26,10,ok,3,10,7,True,True,671,8,23,3,0.0087
27,10,ok,3,7,4,True,True,701,9,21,3,0.0088
28,10,ok,4,15,11,True,True,731,6,20,4,0.0105
29,10,ok,5,10,5,True,True,762,13,22,5,0.012
30,10,ok,2,7,5,True,True,792,6,44,2,0.0111
31,10,ok,7,15,8,True,True,823,12,22,7,0.0127
32,10,ok,3,5,2,True,True,854,10,25,3,0.0127
470,9,ok,2,7,5,True,True,16641,16,59,2,4.9671
33,10,ok,3,11,8,True,True,885,9,25,3,0.0151
34,10,ok,4,8,4,True,True,916,9,20,4,0.014
35,10,ok,5,13,8,True,True,947,13,21,5,0.0178
36,10,ok,2,4,2,True,True,978,8,51,2,0.0195
37,10,ok,7,18,11,True,True,1010,11,24,7,0.0214
38,10,ok,3,7,4,True,True,1041,9,28,3,0.0171
40,10,ok,4,12,8,True,True,1105,9,25,4,0.0302
39,10,ok,3,6,3,True,True,1073,10,28,3,0.0273
41,10,ok,5,10,5,True,True,1137,8,23,5,0.0272
42,10,ok,2,6,4,True,True,1169,7,47,2,0.0326
472,9,ok,2,7,5,True,True,16720,34,50,2,4.7507
43,10,ok,7,16,9,True,True,1201,11,25,7,0.0432
44,10,ok,3,10,7,True,True,1234,15,28,3,0.0472
45,10,ok,3,8,5,True,True,1266,9,26,3,0.0272
47,10,ok,5,13,8,True,True,1331,14,28,5,0.0325
46,10,ok,4,14,10,True,True,1298,8,28,4,0.0422
48,10,ok,2,7,5,True,True,1364,11,54,2,0.0312
473,9,ok,5,21,16,True,True,16760,24,51,5,4.7811
50,10,ok,3,7,4,True,True,1429,9,23,3,0.0348
49,10,ok,7,17,10,True,True,1396,12,31,7,0.0503
52,10,ok,4,12,8,True,True,1495,11,25,4,0.0362
51,10,ok,3,6,3,True,True,1462,9,31,3,0.0523
53,10,ok,5,11,6,True,True,1528,13,26,5,0.0572
55,10,ok,7,13,6,True,True,1595,12,35,7,0.0391
56,10,ok,3,9,6,True,True,1628,12,30,3,0.043
54,10,ok,2,7,5,True,True,1561,14,55,2,0.0651
58,10,ok,4,11,7,True,True,1695,9,24,4,0.0424
59,10,ok,5,11,6,True,True,1729,13,31,5,0.053
57,10,ok,3,9,6,True,True,1662,10,30,3,0.0671
60,10,ok,2,7,5,True,True,1762,10,54,2,0.0566
61,10,ok,7,15,8,True,True,1796,10,32,7,0.0485
62,10,ok,3,7,4,True,True,1830,10,35,3,0.0568
65,10,ok,5,14,9,True,True,1932,15,32,5,0.0575
63,10,ok,3,10,7,True,True,1864,8,32,3,0.0908
64,10,ok,4,9,5,True,True,1898,10,26,4,0.0882
66,10,ok,2,6,4,True,True,1966,9,60,2,0.0671
67,10,ok,7,17,10,True,True,2000,11,31,7,0.0604
68,10,ok,3,6,3,True,True,2034,11,39,3,0.0658
69,10,ok,3,9,6,True,True,2068,7,30,3,0.0679
70,10,ok,4,10,6,True,True,2103,10,34,4,0.0666
71,10,ok,5,10,5,True,True,2137,16,35,5,0.0676
72,10,ok,2,5,3,True,True,2172,8,64,2,0.0702
474,9,ok,2,7,5,True,True,16799,25,53,2,5.0087
73,10,ok,7,16,9,True,True,2206,14,29,7,0.076
74,10,ok,3,8,5,True,True,2241,9,31,3,0.0779
75,10,ok,3,10,7,True,True,2275,11,32,3,0.0747
475,9,ok,5,17,12,True,True,16839,30,51,5,4.6003
76,10,ok,4,9,5,True,True,2310,10,25,4,0.0813
77,10,ok,5,10,5,True,True,2345,16,31,5,0.088
78,10,ok,2,9,7,True,True,2380,8,58,2,0.0855
79,10,ok,7,16,9,True,True,2415,16,32,7,0.0952
80,10,ok,3,10,7,True,True,2450,9,40,3,0.0871
81,10,ok,3,7,4,True,True,2485,12,31,3,0.0875
82,10,ok,4,10,6,True,True,2520,11,30,4,0.09
84,10,ok,2,6,4,True,True,2590,10,57,2,0.0965
83,10,ok,5,16,11,True,True,2555,11,30,5,0.1102
85,10,ok,7,19,12,True,True,2625,13,31,7,0.1069
86,10,ok,3,6,3,True,True,2660,10,33,3,0.1105
87,10,ok,3,12,9,True,True,2696,14,41,3,0.1184
88,10,ok,4,14,10,True,True,2731,11,32,4,0.121
89,10,ok,5,13,8,True,True,2766,12,35,5,0.1209
90,10,ok,2,6,4,True,True,2802,8,57,2,0.1207
91,10,ok,7,17,10,True,True,2837,12,34,7,0.1302
92,10,ok,3,7,4,True,True,2873,18,31,3,0.1183
93,10,ok,3,7,4,True,True,2909,12,35,3,0.139
94,10,ok,4,16,12,True,True,2944,13,36,4,0.1658
95,10,ok,5,13,8,True,True,2980,15,35,5,0.1436
96,10,ok,2,4,2,True,True,3016,9,58,2,0.1456
98,10,ok,3,9,6,True,True,3087,11,31,3,0.1367
97,10,ok,7,17,10,True,True,3051,16,34,7,0.1523
99,10,ok,3,9,6,True,True,3123,13,34,3,0.1475
100,10,ok,4,15,11,True,True,3159,10,33,4,0.1501
101,10,ok,5,12,7,True,True,3195,17,36,5,0.1565
102,10,ok,2,7,5,True,True,3231,11,64,2,0.1634
103,10,ok,7,19,12,True,True,3267,14,30,7,0.1676
477,9,ok,5,18,13,True,True,16917,28,50,5,4.7055
476,9,ok,2,9,7,True,True,16878,29,56,2,4.7765
104,10,ok,3,7,4,True,True,3303,14,36,3,0.1835
105,10,ok,3,5,2,True,True,3339,11,37,3,0.1608
106,10,ok,4,14,10,True,True,3375,17,45,4,0.1923
108,10,ok,2,6,4,True,True,3448,11,63,2,0.1831
107,10,ok,5,13,8,True,True,3412,14,37,5,0.2151
109,10,ok,7,16,9,True,True,3484,12,38,7,0.1917
110,10,ok,3,6,3,True,True,3521,18,34,3,0.1816
111,10,ok,3,11,8,True,True,3557,13,38,3,0.1841
112,10,ok,4,13,9,True,True,3593,13,39,4,0.1945
113,10,ok,5,15,10,True,True,3630,15,31,5,0.1967
115,10,ok,7,23,16,True,True,3703,13,35,7,0.2163
114,10,ok,2,6,4,True,True,3666,9,67,2,0.2395
118,10,ok,4,7,3,True,True,3813,15,41,4,0.2029
117,10,ok,3,8,5,True,True,3776,13,40,3,0.2124
116,10,ok,3,11,8,True,True,3739,10,35,3,0.2598
119,10,ok,5,10,5,True,True,3849,17,35,5,0.2106
121,10,ok,7,25,18,True,True,3923,14,41,7,0.2209
120,10,ok,2,7,5,True,True,3886,11,73,2,0.2321
478,9,ok,2,8,6,True,True,16957,21,51,2,5.1158
480,9,ok,2,6,4,True,True,17036,26,52,2,4.977
479,9,ok,5,19,14,True,True,16997,27,59,5,5.083
122,10,ok,3,7,4,True,True,3960,16,32,3,0.2269
124,10,ok,4,8,4,True,True,4033,13,37,4,0.2258
123,10,ok,3,14,11,True,True,3996,16,42,3,0.2683
125,10,ok,5,14,9,True,True,4070,15,41,5,0.2468
127,10,ok,7,14,7,True,True,4144,14,33,7,0.2439
126,10,ok,2,6,4,True,True,4107,11,66,2,0.2769
128,10,ok,3,10,7,True,True,4181,10,34,3,0.2444
129,10,ok,3,7,4,True,True,4218,14,41,3,0.2704
130,10,ok,4,12,8,True,True,4255,15,34,4,0.2799
131,10,ok,5,13,8,True,True,4292,22,37,5,0.2605
483,9,ok,5,19,14,True,True,17155,26,50,5,4.8368
133,10,ok,7,16,9,True,True,4367,16,43,7,0.2891
134,10,ok,3,7,4,True,True,4404,17,33,3,0.2685
132,10,ok,2,5,3,True,True,4330,15,74,2,0.3108
135,10,ok,3,9,6,True,True,4441,10,40,3,0.2919
481,9,ok,5,22,17,True,True,17076,23,50,5,5.0719
482,9,ok,2,4,2,True,True,17115,25,51,2,5.0712
136,10,ok,4,9,5,True,True,4478,14,41,4,0.2883
137,10,ok,5,12,7,True,True,4516,15,38,5,0.2844
139,10,ok,7,18,11,True,True,4590,18,33,7,0.2951
138,10,ok,2,5,3,True,True,4553,11,69,2,0.3185
140,10,ok,3,10,7,True,True,4628,12,39,3,0.3154
142,10,ok,4,10,6,True,True,4703,17,38,4,0.3093
143,10,ok,5,15,10,True,True,4740,16,36,5,0.3113
141,10,ok,3,8,5,True,True,4665,15,42,3,0.3501
485,9,ok,5,15,10,True,True,17234,20,52,5,4.9827
145,10,ok,7,22,15,True,True,4815,14,34,7,0.3237
146,10,ok,3,8,5,True,True,4853,21,38,3,0.3401
148,10,ok,4,16,12,True,True,4928,12,36,4,0.3382
144,10,ok,2,5,3,True,True,4778,12,77,2,0.4017
149,10,ok,5,11,6,True,True,4966,20,38,5,0.3458
150,10,ok,2,7,5,True,True,5003,9,71,2,0.3589
147,10,ok,3,10,7,True,True,4890,14,47,3,0.3834
151,10,ok,7,20,13,True,True,5041,12,43,7,0.3781
152,10,ok,3,9,6,True,True,5079,17,38,3,0.3639
487,9,ok,5,18,13,True,True,17313,33,55,5,4.9851
484,9,ok,2,6,4,True,True,17194,28,53,2,5.2903
153,10,ok,3,6,3,True,True,5117,12,43,3,0.4101
154,10,ok,4,15,11,True,True,5155,15,37,4,0.3859
155,10,ok,5,16,11,True,True,5192,31,37,5,0.3781
156,10,ok,2,5,3,True,True,5230,13,72,2,0.3779
158,10,ok,3,8,5,True,True,5306,14,40,3,0.3909
157,10,ok,7,15,8,True,True,5268,15,45,7,0.4725
159,10,ok,3,8,5,True,True,5344,15,38,3,0.3973
486,9,ok,2,10,8,True,True,17273,26,56,2,5.3798
160,10,ok,4,10,6,True,True,5382,15,40,4,0.4151
161,10,ok,5,13,8,True,True,5420,20,37,5,0.403
163,10,ok,7,22,15,True,True,5496,17,43,7,0.4424
162,10,ok,2,5,3,True,True,5458,17,71,2,0.4618
164,10,ok,3,8,5,True,True,5534,17,38,3,0.4424
166,10,ok,4,13,9,True,True,5610,13,39,4,0.4439
167,10,ok,5,14,9,True,True,5649,16,41,5,0.443
490,9,ok,2,8,6,True,True,17432,17,54,2,4.8738
165,10,ok,3,8,5,True,True,5572,13,42,3,0.5174
168,10,ok,2,6,4,True,True,5687,11,73,2,0.4743
169,10,ok,7,24,17,True,True,5725,13,36,7,0.4789
171,10,ok,3,8,5,True,True,5802,20,42,3,0.4798
173,10,ok,5,12,7,True,True,5878,20,39,5,0.4797
172,10,ok,4,14,10,True,True,5840,13,39,4,0.4839
170,10,ok,3,7,4,True,True,5763,17,35,3,0.5364
174,10,ok,2,6,4,True,True,5916,12,71,2,0.4884
176,10,ok,3,11,8,True,True,5993,21,39,3,0.4897
175,10,ok,7,24,17,True,True,5955,21,44,7,0.5219
488,9,ok,2,8,6,True,True,17353,24,52,2,5.5839
178,10,ok,4,11,7,True,True,6070,23,42,4,0.5343
179,10,ok,5,14,9,True,True,6109,21,37,5,0.5279
177,10,ok,3,12,9,True,True,6032,13,47,3,0.5775
180,10,ok,2,5,3,True,True,6147,12,77,2,0.5357
182,10,ok,3,6,3,True,True,6224,18,42,3,0.5284
492,9,ok,2,6,4,True,True,17511,23,52,2,5.1874
183,10,ok,3,12,9,True,True,6263,13,47,3,0.5614
181,10,ok,7,19,12,True,True,6186,18,38,7,0.5934
184,10,ok,4,10,6,True,True,6301,23,39,4,0.5512
489,9,ok,5,19,14,True,True,17392,34,47,5,5.5723
185,10,ok,5,12,7,True,True,6340,13,37,5,0.5504
186,10,ok,2,3,1,True,True,6379,16,66,2,0.5857
491,9,ok,5,23,18,True,True,17471,35,51,5,5.4096
187,10,ok,7,22,15,True,True,6417,19,41,7,0.5846
494,9,ok,2,7,5,True,True,17590,28,54,2,4.9656
493,9,ok,5,19,14,True,True,17551,25,49,5,5.2243
188,10,ok,3,7,4,True,True,6456,14,38,3,0.613
189,10,ok,3,10,7,True,True,6495,12,50,3,0.6108
190,10,ok,4,12,8,True,True,6533,13,41,4,0.5868
191,10,ok,5,18,13,True,True,6572,20,41,5,0.6053
192,10,ok,2,6,4,True,True,6611,12,74,2,0.619
193,10,ok,7,18,11,True,True,6650,16,47,7,0.6242
194,10,ok,3,5,2,True,True,6688,18,39,3,0.6094
195,10,ok,3,10,7,True,True,6727,21,42,3,0.6995
196,10,ok,4,12,8,True,True,6766,17,44,4,0.6815
198,10,ok,2,5,3,True,True,6844,22,78,2,0.6451
197,10,ok,5,13,8,True,True,6805,22,42,5,0.6781
495,9,ok,5,18,13,True,True,17630,32,51,5,5.2394
199,10,ok,7,22,15,True,True,6883,14,41,7,0.7162
496,9,ok,2,7,5,True,True,17670,30,56,2,5.1996
201,10,ok,3,7,4,True,True,6961,12,47,3,0.6856
200,10,ok,3,5,2,True,True,6922,17,48,3,0.7175
202,10,ok,4,9,5,True,True,7000,13,40,4,0.7356
203,10,ok,5,15,10,True,True,7039,22,41,5,0.6857
205,10,ok,7,22,15,True,True,7117,14,39,7,0.694
204,10,ok,2,5,3,True,True,7078,20,72,2,0.7244
206,10,ok,3,9,6,True,True,7156,16,43,3,0.7337
207,10,ok,3,11,8,True,True,7195,14,44,3,0.725
497,9,ok,5,14,9,True,True,17709,25,55,5,5.227
208,10,ok,4,10,6,True,True,7234,20,48,4,0.7387
209,10,ok,5,9,4,True,True,7273,26,41,5,0.7722
211,10,ok,7,19,12,True,True,7352,14,44,7,0.7563
212,10,ok,3,11,8,True,True,7391,14,44,3,0.7525
210,10,ok,2,8,6,True,True,7313,13,80,2,0.8053
213,10,ok,3,11,8,True,True,7430,13,46,3,0.8063
215,10,ok,5,14,9,True,True,7509,15,42,5,0.7763
498,9,ok,2,7,5,True,True,17749,25,50,2,5.1241
214,10,ok,4,11,7,True,True,7469,19,39,4,0.8115
216,10,ok,2,4,2,True,True,7548,14,74,2,0.7912
217,10,ok,7,20,13,True,True,7587,25,46,7,0.8564
499,9,ok,5,25,20,True,True,17789,27,52,5,5.0722
218,10,ok,3,10,7,True,True,7627,16,37,3,0.818
219,10,ok,3,8,5,True,True,7666,19,48,3,0.8004
500,9,ok,2,4,2,True,True,17828,27,53,2,5.1482
221,10,ok,5,12,7,True,True,7745,20,46,5,0.8856
220,10,ok,4,13,9,True,True,7705,14,44,4,0.9202
222,10,ok,2,10,8,True,True,7784,12,78,2,0.8827
223,10,ok,7,20,13,True,True,7824,18,44,7,0.8934
224,10,ok,3,10,7,True,True,7863,17,45,3,0.9089
227,10,ok,5,20,15,True,True,7981,16,45,5,0.8945
226,10,ok,4,9,5,True,True,7942,17,42,4,0.9112
225,10,ok,3,12,9,True,True,7902,12,50,3,0.9718
228,10,ok,2,5,3,True,True,8021,21,77,2,0.9265
231,10,ok,3,5,2,True,True,8140,21,46,3,0.9003
230,10,ok,3,10,7,True,True,8100,15,42,3,0.9812
229,10,ok,7,24,17,True,True,8060,14,41,7,0.9952
234,10,ok,2,5,3,True,True,8258,17,79,2,0.9414
235,10,ok,7,20,13,True,True,8298,21,44,7,0.9851
232,10,ok,4,14,10,True,True,8179,12,40,4,1.0797
233,10,ok,5,15,10,True,True,8219,23,46,5,1.0637
238,10,ok,4,11,7,True,True,8417,18,38,4,0.9913
236,10,ok,3,7,4,True,True,8338,24,40,3,1.0907
239,10,ok,5,11,6,True,True,8457,28,43,5,1.0426
242,10,ok,3,9,6,True,True,8576,20,46,3,1.0024
243,10,ok,3,6,3,True,True,8616,15,51,3,1.0166
240,10,ok,2,5,3,True,True,8497,13,86,2,1.1159
245,10,ok,5,18,13,True,True,8696,14,44,5,1.0592
237,10,ok,3,8,5,True,True,8377,14,46,3,1.2038
241,10,ok,7,21,14,True,True,8536,16,48,7,1.1834
244,10,ok,4,14,10,True,True,8656,14,46,4,1.1893
247,10,ok,7,22,15,True,True,8775,16,47,7,1.0951
248,10,ok,3,6,3,True,True,8815,21,42,3,1.1281
249,10,ok,3,10,7,True,True,8855,19,45,3,1.144
246,10,ok,2,9,7,True,True,8735,14,87,2,1.2178
253,10,ok,7,15,8,True,True,9015,20,45,7,1.1276
251,10,ok,5,13,8,True,True,8935,14,49,5,1.1701
250,10,ok,4,11,7,True,True,8895,19,45,4,1.2583
252,10,ok,2,4,2,True,True,8975,18,79,2,1.1982
254,10,ok,3,8,5,True,True,9055,22,42,3,1.2227
255,10,ok,3,17,14,True,True,9095,18,47,3,1.2165
257,10,ok,5,12,7,True,True,9175,16,45,5,1.1746
256,10,ok,4,11,7,True,True,9135,19,46,4,1.274
260,10,ok,3,9,6,True,True,9295,19,46,3,1.2261
258,10,ok,2,4,2,True,True,9215,17,82,2,1.3219
261,10,ok,3,12,9,True,True,9335,14,49,3,1.2434
262,10,ok,4,12,8,True,True,9375,17,41,4,1.2542
259,10,ok,7,24,17,True,True,9255,23,45,7,1.3557
263,10,ok,5,13,8,True,True,9416,18,49,5,1.2364
264,10,ok,2,11,9,True,True,9456,12,89,2,1.2676
265,10,ok,7,23,16,True,True,9496,24,51,7,1.2672
267,10,ok,3,12,9,True,True,9576,15,49,3,1.2708
266,10,ok,3,10,7,True,True,9536,18,41,3,1.3462
269,10,ok,5,14,9,True,True,9657,26,44,5,1.2876
268,10,ok,4,14,10,True,True,9616,13,43,4,1.3416
270,10,ok,2,3,1,True,True,9697,18,85,2,1.3095
273,10,ok,3,8,5,True,True,9818,18,46,3,1.3072
271,10,ok,7,21,14,True,True,9737,16,48,7,1.3935
272,10,ok,3,10,7,True,True,9778,19,44,3,1.4146
274,10,ok,4,13,9,True,True,9858,24,56,4,1.4138
275,10,ok,5,10,5,True,True,9898,24,44,5,1.4231
278,10,ok,3,8,5,True,True,10020,22,47,3,1.3673
277,10,ok,7,21,14,True,True,9979,16,49,7,1.4711
276,10,ok,2,8,6,True,True,9939,16,86,2,1.5363
279,10,ok,3,9,6,True,True,10060,17,53,3,1.4952
280,10,ok,4,13,9,True,True,10100,14,44,4,1.513
281,10,ok,5,11,6,True,True,10141,23,50,5,1.4381
282,10,ok,2,5,3,True,True,10181,11,89,2,1.5842
286,10,ok,4,10,6,True,True,10343,18,48,4,1.4672
283,10,ok,7,18,11,True,True,10222,20,45,7,1.6036
284,10,ok,3,11,8,True,True,10262,26,45,3,1.5714
287,10,ok,5,14,9,True,True,10384,22,48,5,1.4871
285,10,ok,3,5,2,True,True,10303,19,45,3,1.5968
289,10,ok,7,26,19,True,True,10465,16,44,7,1.512
288,10,ok,2,7,5,True,True,10424,14,84,2,1.6597
290,10,ok,3,6,3,True,True,10505,22,48,3,1.5765
291,10,ok,3,8,5,True,True,10546,14,48,3,1.5975
292,10,ok,4,11,7,True,True,10586,20,45,4,1.5964
294,10,ok,2,5,3,True,True,10668,17,83,2,1.5936
293,10,ok,5,21,16,True,True,10627,22,51,5,1.7536
296,10,ok,3,8,5,True,True,10749,16,44,3,1.6236
295,10,ok,7,14,7,True,True,10708,25,49,7,1.6378
297,10,ok,3,11,8,True,True,10790,14,49,3,1.6356
299,10,ok,5,12,7,True,True,10871,21,44,5,1.6557
300,10,ok,2,9,7,True,True,10912,11,85,2,1.6787
298,10,ok,4,15,11,True,True,10830,16,47,4,1.7669
301,10,ok,7,20,13,True,True,10952,22,42,7,1.6742
303,10,ok,3,12,9,True,True,11034,21,46,3,1.7013
302,10,ok,3,5,2,True,True,10993,25,58,3,1.7158
305,10,ok,5,12,7,True,True,11116,25,53,5,1.8216
304,10,ok,4,13,9,True,True,11075,18,48,4,1.8793
306,10,ok,2,6,4,True,True,11156,15,85,2,1.7882
307,10,ok,7,24,17,True,True,11197,18,47,7,1.7695
308,10,ok,3,12,9,True,True,11238,17,45,3,1.767
311,10,ok,5,13,8,True,True,11361,24,49,5,1.8282
309,10,ok,3,6,3,True,True,11279,15,51,3,1.9712
310,10,ok,4,10,6,True,True,11320,19,48,4,1.9487
312,10,ok,2,9,7,True,True,11401,12,85,2,1.841
314,10,ok,3,7,4,True,True,11483,18,47,3,1.8922
313,10,ok,7,20,13,True,True,11442,21,46,7,1.9368
317,10,ok,5,15,10,True,True,11606,21,43,5,1.9344
316,10,ok,4,12,8,True,True,11565,20,49,4,1.9901
315,10,ok,3,12,9,True,True,11524,17,47,3,2.0559
318,10,ok,2,4,2,True,True,11647,20,83,2,2.0707
319,10,ok,7,26,19,True,True,11688,13,45,7,1.9611
321,10,ok,3,6,3,True,True,11770,15,51,3,2.0903
324,10,ok,2,7,5,True,True,11893,13,86,2,2.0271
320,10,ok,3,11,8,True,True,11729,17,50,3,2.1484
322,10,ok,4,14,10,True,True,11811,17,49,4,2.1033
323,10,ok,5,12,7,True,True,11852,20,50,5,2.1168
326,10,ok,3,10,7,True,True,11975,15,50,3,1.9979
327,10,ok,3,8,5,True,True,12016,15,49,3,2.1156
328,10,ok,4,13,9,True,True,12057,19,47,4,2.1208
325,10,ok,7,20,13,True,True,11934,24,44,7,2.2542
329,10,ok,5,17,12,True,True,12098,24,45,5,2.0775
330,10,ok,2,6,4,True,True,12140,15,85,2,2.2
331,10,ok,7,19,12,True,True,12181,24,45,7,2.2446
332,10,ok,3,7,4,True,True,12222,14,51,3,2.2047
333,10,ok,3,8,5,True,True,12263,10,57,3,2.2585
334,10,ok,4,17,13,True,True,12304,18,46,4,2.344
338,10,ok,3,6,3,True,True,12469,18,48,3,2.1594
336,10,ok,2,6,4,True,True,12387,17,103,2,2.3515
335,10,ok,5,15,10,True,True,12345,25,48,5,2.3822
337,10,ok,7,25,18,True,True,12428,18,44,7,2.3552
339,10,ok,3,9,6,True,True,12510,14,50,3,2.3697
341,10,ok,5,15,10,True,True,12593,20,44,5,2.26
342,10,ok,2,4,2,True,True,12634,15,86,2,2.2742
340,10,ok,4,16,12,True,True,12551,25,48,4,2.4478
343,10,ok,7,18,11,True,True,12675,22,45,7,2.3386
344,10,ok,3,10,7,True,True,12717,20,50,3,2.2683
345,10,ok,3,8,5,True,True,12758,15,51,3,2.4154
348,10,ok,2,4,2,True,True,12882,13,92,2,2.3884
347,10,ok,5,12,7,True,True,12841,17,48,5,2.5172
349,10,ok,7,21,14,True,True,12923,21,50,7,2.3981
346,10,ok,4,12,8,True,True,12799,20,47,4,2.5888
350,10,ok,3,6,3,True,True,12965,30,53,3,2.4297
352,10,ok,4,14,10,True,True,13047,16,49,4,2.468
353,10,ok,5,15,10,True,True,13089,26,52,5,2.4791
351,10,ok,3,12,9,True,True,13006,13,55,3,2.596
356,10,ok,3,10,7,True,True,13213,31,46,3,2.4586
354,10,ok,2,7,5,True,True,13130,20,95,2,2.6073
355,10,ok,7,22,15,True,True,13172,21,46,7,2.6299
357,10,ok,3,9,6,True,True,13255,30,49,3,2.5072
358,10,ok,4,14,10,True,True,13296,19,45,4,2.6645
359,10,ok,5,18,13,True,True,13338,21,46,5,2.7351
360,10,ok,2,9,7,True,True,13379,14,84,2,2.7247
361,10,ok,7,18,11,True,True,13421,25,48,7,2.7325
362,10,ok,3,15,12,True,True,13462,14,48,3,2.713
363,10,ok,3,9,6,True,True,13504,19,50,3,2.7808
365,10,ok,5,14,9,True,True,13587,22,51,5,2.6656
364,10,ok,4,11,7,True,True,13545,21,48,4,2.9113
366,10,ok,2,8,6,True,True,13628,13,96,2,2.7358
368,10,ok,3,12,9,True,True,13711,20,51,3,2.7901
367,10,ok,7,19,12,True,True,13670,19,54,7,2.844
369,10,ok,3,15,12,True,True,13753,16,50,3,2.8172
370,10,ok,4,13,9,True,True,13795,21,46,4,2.869
371,10,ok,5,16,11,True,True,13836,23,48,5,2.8101
372,10,ok,2,6,4,True,True,13878,27,98,2,2.7976
373,10,ok,7,19,12,True,True,13920,16,46,7,2.7935
374,10,ok,3,10,7,True,True,13961,20,49,3,2.7878
375,10,ok,3,5,2,True,True,14003,21,52,3,2.7987
376,10,ok,4,14,10,True,True,14045,14,46,4,2.9566
378,10,ok,2,8,6,True,True,14128,11,85,2,2.8105
380,10,ok,3,9,6,True,True,14211,15,58,3,2.8591
377,10,ok,5,14,9,True,True,14086,35,55,5,3.0144
379,10,ok,7,24,17,True,True,14170,22,51,7,2.9567
381,10,ok,3,11,8,True,True,14253,21,51,3,2.9537
383,10,ok,5,13,8,True,True,14337,21,49,5,2.9286
385,10,ok,7,26,19,True,True,14420,18,45,7,2.9646
382,10,ok,4,10,6,True,True,14295,21,50,4,3.1193
384,10,ok,2,7,5,True,True,14379,22,86,2,3.0218
386,10,ok,3,7,4,True,True,14462,19,48,3,3.1264
388,10,ok,4,15,11,True,True,14546,23,47,4,3.1403
387,10,ok,3,8,5,True,True,14504,21,51,3,3.2035
389,10,ok,5,13,8,True,True,14588,25,55,5,3.3155
391,10,ok,7,23,16,True,True,14671,19,53,7,3.2418
390,10,ok,2,6,4,True,True,14629,26,85,2,3.4096
393,10,ok,3,10,7,True,True,14755,19,48,3,3.2566
392,10,ok,3,10,7,True,True,14713,24,51,3,3.2991
394,10,ok,4,15,11,True,True,14797,27,47,4,3.4523
395,10,ok,5,13,8,True,True,14839,26,54,5,3.3748
396,10,ok,2,6,4,True,True,14881,22,94,2,3.3693
397,10,ok,7,23,16,True,True,14923,21,52,7,3.6412
399,10,ok,3,8,5,True,True,15006,21,51,3,3.6571
398,10,ok,3,9,6,True,True,14965,29,52,3,3.7242
400,10,ok,4,9,5,True,True,15048,22,54,4,3.7799
401,10,ok,5,17,12,True,True,15090,18,49,5,3.7162
405,10,ok,3,8,5,True,True,15258,25,54,3,3.5452
404,10,ok,3,10,7,True,True,15216,23,51,3,3.617
402,10,ok,2,4,2,True,True,15132,14,88,2,3.8216
403,10,ok,7,17,10,True,True,15174,20,51,7,3.783
408,10,ok,2,6,4,True,True,15384,15,92,2,3.4323
406,10,ok,4,14,10,True,True,15300,21,48,4,4.098
410,10,ok,3,8,5,True,True,15469,23,49,3,3.6271
407,10,ok,5,14,9,True,True,15342,25,51,5,3.8443
409,10,ok,7,18,11,True,True,15426,33,54,7,3.9143
412,10,ok,4,10,6,True,True,15553,19,51,4,3.8003
413,10,ok,5,20,15,True,True,15595,21,47,5,3.8753
411,10,ok,3,9,6,True,True,15511,17,55,3,4.3191
417,10,ok,3,15,12,True,True,15763,16,55,3,3.712
414,10,ok,2,9,7,True,True,15637,14,90,2,3.9709
416,10,ok,3,5,2,True,True,15721,27,57,3,4.0342
415,10,ok,7,17,10,True,True,15679,18,46,7,4.2316
418,10,ok,4,15,11,True,True,15805,20,51,4,4.2335
419,10,ok,5,13,8,True,True,15848,19,49,5,4.3124
420,10,ok,2,7,5,True,True,15890,15,92,2,3.9574
422,10,ok,3,7,4,True,True,15974,25,48,3,3.8012
423,10,ok,3,8,5,True,True,16016,20,49,3,3.7527
421,10,ok,7,19,12,True,True,15932,20,50,7,4.0251
424,10,ok,4,11,7,True,True,16058,20,49,4,4.0055
425,10,ok,5,13,8,True,True,16101,22,51,5,4.0371
426,10,ok,2,7,5,True,True,16143,24,101,2,4.1891
427,10,ok,7,22,15,True,True,16185,25,53,7,4.4898
429,10,ok,3,9,6,True,True,16270,17,50,3,4.1501
428,10,ok,3,13,10,True,True,16227,20,49,3,4.4388
430,10,ok,4,15,11,True,True,16312,15,52,4,4.3634
431,10,ok,5,13,8,True,True,16354,22,49,5,4.2763
434,10,ok,3,9,6,True,True,16481,23,52,3,4.1469
432,10,ok,2,4,2,True,True,16396,20,88,2,4.3009
433,10,ok,7,20,13,True,True,16439,27,50,7,4.2405
436,10,ok,4,11,7,True,True,16566,14,47,4,4.3259
435,10,ok,3,11,8,True,True,16523,18,53,3,4.5921
438,10,ok,2,9,7,True,True,16650,15,88,2,4.0934
437,10,ok,5,17,12,True,True,16608,21,50,5,4.3747
440,10,ok,3,8,5,True,True,16735,24,50,3,4.4741
439,10,ok,7,20,13,True,True,16693,25,48,7,4.6168
441,10,ok,3,9,6,True,True,16777,14,53,3,4.4006
442,10,ok,4,15,11,True,True,16820,23,54,4,4.5945
443,10,ok,5,19,14,True,True,16862,18,53,5,4.3158
445,10,ok,7,20,13,True,True,16947,25,53,7,4.2955
446,10,ok,3,9,6,True,True,16989,28,52,3,4.4908
444,10,ok,2,6,4,True,True,16905,15,100,2,4.7019
447,10,ok,3,7,4,True,True,17032,17,59,3,4.6102
448,10,ok,4,15,11,True,True,17074,20,48,4,4.8017
449,10,ok,5,16,11,True,True,17117,24,46,5,4.5505
450,10,ok,2,7,5,True,True,17159,18,97,2,4.5428
454,10,ok,4,12,8,True,True,17329,17,50,4,4.4862
451,10,ok,7,27,20,True,True,17202,28,51,7,4.6914
452,10,ok,3,11,8,True,True,17244,31,52,3,4.7579
453,10,ok,3,9,6,True,True,17287,22,53,3,4.9178
456,10,ok,2,4,2,True,True,17414,17,102,2,4.3684
455,10,ok,5,14,9,True,True,17372,26,52,5,4.8404
457,10,ok,7,21,14,True,True,17457,20,49,7,4.9216
458,10,ok,3,9,6,True,True,17499,27,55,3,4.6454
460,10,ok,4,14,10,True,True,17584,19,50,4,4.619
459,10,ok,3,12,9,True,True,17542,21,54,3,4.7291
462,10,ok,2,8,6,True,True,17669,21,97,2,4.893
463,10,ok,7,24,17,True,True,17712,27,52,7,4.8626
465,10,ok,3,9,6,True,True,17797,15,63,3,4.8303
461,10,ok,5,16,11,True,True,17627,19,51,5,5.1295
464,10,ok,3,13,10,True,True,17755,26,61,3,5.2579
468,10,ok,2,4,2,True,True,17925,21,94,2,4.7561
466,10,ok,4,11,7,True,True,17840,21,50,4,5.1306
467,10,ok,5,13,8,True,True,17882,22,53,5,5.0188
472,10,ok,4,15,11,True,True,18096,15,48,4,4.7781
471,10,ok,3,7,4,True,True,18053,17,57,3,4.9016
1,11,ok,10,10,0,True,True,24,2,3,10,0.0004
2,11,ok,4,5,1,True,True,41,3,8,4,0.0004
3,11,ok,8,11,3,True,True,62,4,5,8,0.0005
4,11,ok,4,10,6,True,True,84,4,13,4,0.0005
5,11,ok,10,19,9,True,True,108,5,5,10,0.0009
6,11,ok,4,7,3,True,True,133,4,11,4,0.0008
7,11,ok,8,16,8,True,True,158,5,6,8,0.0012
8,11,ok,4,7,3,True,True,184,4,21,4,0.0057
9,11,ok,10,17,7,True,True,211,7,9,10,0.0026
10,11,ok,4,11,7,True,True,239,5,11,4,0.0017
11,11,ok,8,16,8,True,True,267,8,8,8,0.0021
12,11,ok,4,8,4,True,True,295,5,17,4,0.0027
13,11,ok,10,30,20,True,True,324,6,13,10,0.0032
470,10,ok,3,12,9,True,True,18010,17,50,3,5.0274
14,11,ok,4,9,5,True,True,353,7,15,4,0.0034
15,11,ok,8,12,4,True,True,382,7,9,8,0.0037
17,11,ok,10,24,14,True,True,442,7,9,10,0.0047
16,11,ok,4,7,3,True,True,412,5,23,4,0.0072
18,11,ok,4,7,3,True,True,473,8,16,4,0.0043
19,11,ok,8,15,7,True,True,503,9,10,8,0.0061
20,11,ok,4,9,5,True,True,534,6,25,4,0.0056
21,11,ok,10,24,14,True,True,565,10,9,10,0.0069
22,11,ok,4,13,9,True,True,597,7,16,4,0.0085
23,11,ok,8,18,10,True,True,628,12,10,8,0.0093
24,11,ok,4,14,10,True,True,660,7,26,4,0.0104
25,11,ok,10,21,11,True,True,692,8,11,10,0.0105
26,11,ok,4,12,8,True,True,724,10,15,4,0.0095
28,11,ok,4,10,6,True,True,789,10,37,4,0.0175
27,11,ok,8,20,12,True,True,757,9,12,8,0.0243
29,11,ok,10,20,10,True,True,822,9,15,10,0.0129
30,11,ok,4,11,7,True,True,855,8,23,4,0.0168
469,10,ok,7,26,19,True,True,17968,21,55,7,5.5769
31,11,ok,8,21,13,True,True,888,14,12,8,0.0186
32,11,ok,4,12,8,True,True,921,8,30,4,0.017
33,11,ok,10,29,19,True,True,955,10,13,10,0.0163
34,11,ok,4,8,4,True,True,988,11,19,4,0.0227
35,11,ok,8,16,8,True,True,1022,13,11,8,0.0208
36,11,ok,4,10,6,True,True,1056,8,34,4,0.0185
38,11,ok,4,10,6,True,True,1124,7,19,4,0.0196
37,11,ok,10,20,10,True,True,1090,9,13,10,0.0256
39,11,ok,8,19,11,True,True,1158,13,14,8,0.0214
40,11,ok,4,8,4,True,True,1192,10,35,4,0.0207
41,11,ok,10,21,11,True,True,1226,13,13,10,0.0243
42,11,ok,4,13,9,True,True,1261,11,25,4,0.0238
43,11,ok,8,20,12,True,True,1296,11,18,8,0.0292
44,11,ok,4,10,6,True,True,1330,8,43,4,0.0332
45,11,ok,10,35,25,True,True,1365,9,11,10,0.0318
46,11,ok,4,11,7,True,True,1400,9,26,4,0.0342
48,11,ok,4,10,6,True,True,1470,8,40,4,0.0341
47,11,ok,8,14,6,True,True,1435,11,14,8,0.037
49,11,ok,10,22,12,True,True,1506,9,14,10,0.0397
51,11,ok,8,25,17,True,True,1576,13,12,8,0.0367
50,11,ok,4,12,8,True,True,1541,6,20,4,0.0427
52,11,ok,4,5,1,True,True,1612,9,44,4,0.0423
53,11,ok,10,28,18,True,True,1648,11,14,10,0.0439
54,11,ok,4,12,8,True,True,1683,12,22,4,0.05
55,11,ok,8,23,15,True,True,1719,11,13,8,0.0494
56,11,ok,4,14,10,True,True,1755,10,42,4,0.0575
57,11,ok,10,20,10,True,True,1791,14,13,10,0.0581
58,11,ok,4,9,5,True,True,1827,10,25,4,0.0527
59,11,ok,8,21,13,True,True,1863,12,13,8,0.0538
60,11,ok,4,10,6,True,True,1899,15,37,4,0.0518
61,11,ok,10,26,16,True,True,1936,12,14,10,0.0816
62,11,ok,4,11,7,True,True,1972,11,20,4,0.0806
63,11,ok,8,18,10,True,True,2009,12,15,8,0.0739
473,10,ok,5,21,16,True,True,18138,20,50,5,5.2025
64,11,ok,4,8,4,True,True,2045,16,36,4,0.0616
475,10,ok,7,27,20,True,True,18224,19,50,7,4.9897
67,11,ok,8,21,13,True,True,2155,14,18,8,0.0644
65,11,ok,10,24,14,True,True,2082,12,14,10,0.0935
66,11,ok,4,12,8,True,True,2118,9,26,4,0.1024
474,10,ok,2,5,3,True,True,18181,18,99,2,5.1904
68,11,ok,4,9,5,True,True,2192,11,47,4,0.0723
69,11,ok,10,27,17,True,True,2229,14,14,10,0.0703
70,11,ok,4,12,8,True,True,2266,11,25,4,0.068
71,11,ok,8,22,14,True,True,2303,14,14,8,0.0936
72,11,ok,4,10,6,True,True,2340,11,39,4,0.0952
74,11,ok,4,6,2,True,True,2414,10,23,4,0.0884
73,11,ok,10,26,16,True,True,2377,12,16,10,0.0991
75,11,ok,8,18,10,True,True,2451,14,15,8,0.0814
76,11,ok,4,11,7,True,True,2489,9,41,4,0.0848
77,11,ok,10,32,22,True,True,2526,12,17,10,0.1022
80,11,ok,4,9,5,True,True,2639,9,44,4,0.0995
78,11,ok,4,9,5,True,True,2564,15,25,4,0.105
79,11,ok,8,20,12,True,True,2601,14,16,8,0.1045
81,11,ok,10,26,16,True,True,2676,12,15,10,0.1013
82,11,ok,4,12,8,True,True,2714,13,25,4,0.0969
84,11,ok,4,10,6,True,True,2790,13,47,4,0.1088
83,11,ok,8,20,12,True,True,2752,15,14,8,0.1159
85,11,ok,10,30,20,True,True,2828,12,16,10,0.1211
87,11,ok,8,17,9,True,True,2903,17,19,8,0.1251
88,11,ok,4,10,6,True,True,2941,12,44,4,0.1151
86,11,ok,4,8,4,True,True,2865,12,23,4,0.1374
89,11,ok,10,26,16,True,True,2980,13,18,10,0.1315
90,11,ok,4,10,6,True,True,3018,12,28,4,0.1375
91,11,ok,8,16,8,True,True,3056,20,16,8,0.1276
92,11,ok,4,8,4,True,True,3094,14,46,4,0.1244
93,11,ok,10,23,13,True,True,3132,13,15,10,0.1339
478,10,ok,4,16,12,True,True,18352,23,54,4,5.0703
94,11,ok,4,11,7,True,True,3171,14,25,4,0.1564
476,10,ok,3,10,7,True,True,18266,43,49,3,5.3212
95,11,ok,8,25,17,True,True,3209,13,16,8,0.1477
96,11,ok,4,11,7,True,True,3248,8,46,4,0.1455
97,11,ok,10,25,15,True,True,3286,14,18,10,0.1468
98,11,ok,4,9,5,True,True,3325,12,27,4,0.1428
99,11,ok,8,21,13,True,True,3363,15,16,8,0.1511
100,11,ok,4,13,9,True,True,3402,15,50,4,0.1656
102,11,ok,4,11,7,True,True,3479,11,29,4,0.1666
101,11,ok,10,32,22,True,True,3440,11,18,10,0.2611
103,11,ok,8,17,9,True,True,3518,14,17,8,0.1735
106,11,ok,4,8,4,True,True,3635,10,26,4,0.1673
104,11,ok,4,13,9,True,True,3557,14,46,4,0.1881
105,11,ok,10,23,13,True,True,3596,14,18,10,0.1845
107,11,ok,8,22,14,True,True,3673,15,18,8,0.1747
109,11,ok,10,29,19,True,True,3751,15,17,10,0.1899
108,11,ok,4,16,12,True,True,3712,13,44,4,0.2228
477,10,ok,3,13,10,True,True,18309,16,50,3,5.6099
479,10,ok,5,16,11,True,True,18395,25,55,5,5.1235
112,11,ok,4,12,8,True,True,3869,13,52,4,0.1954
111,11,ok,8,24,16,True,True,3830,17,15,8,0.2036
114,11,ok,4,11,7,True,True,3947,12,29,4,0.2154
115,11,ok,8,22,14,True,True,3987,21,20,8,0.2078
113,11,ok,10,24,14,True,True,3908,15,19,10,0.2287
110,11,ok,4,17,13,True,True,3791,11,28,4,0.2808
116,11,ok,4,12,8,True,True,4026,11,45,4,0.226
117,11,ok,10,25,15,True,True,4065,12,17,10,0.2238
118,11,ok,4,13,9,True,True,4105,16,25,4,0.2315
119,11,ok,8,26,18,True,True,4144,18,17,8,0.2292
120,11,ok,4,15,11,True,True,4184,11,50,4,0.2231
121,11,ok,10,27,17,True,True,4223,17,19,10,0.2533
482,10,ok,3,12,9,True,True,18523,32,54,3,5.1713
123,11,ok,8,23,15,True,True,4302,15,18,8,0.2394
124,11,ok,4,12,8,True,True,4342,14,49,4,0.265
122,11,ok,4,15,11,True,True,4263,10,29,4,0.2853
481,10,ok,7,31,24,True,True,18480,25,50,7,5.3718
480,10,ok,2,7,5,True,True,18437,16,101,2,5.4992
126,11,ok,4,11,7,True,True,4421,12,29,4,0.2723
127,11,ok,8,23,15,True,True,4461,18,18,8,0.2666
125,11,ok,10,26,16,True,True,4382,18,19,10,0.3467
129,11,ok,10,26,16,True,True,4541,15,17,10,0.2709
128,11,ok,4,7,3,True,True,4501,17,49,4,0.3174
130,11,ok,4,10,6,True,True,4580,15,29,4,0.3103
131,11,ok,8,28,20,True,True,4620,21,19,8,0.3279
132,11,ok,4,11,7,True,True,4660,11,54,4,0.3277
133,11,ok,10,30,20,True,True,4700,15,18,10,0.3757
484,10,ok,4,13,9,True,True,18608,25,48,4,5.3735
134,11,ok,4,8,4,True,True,4740,16,27,4,0.3727
135,11,ok,8,18,10,True,True,4780,16,21,8,0.3954
137,11,ok,10,27,17,True,True,4860,11,18,10,0.3189
136,11,ok,4,11,7,True,True,4820,18,54,4,0.3786
141,11,ok,10,31,21,True,True,5021,15,18,10,0.324
138,11,ok,4,12,8,True,True,4901,16,27,4,0.379
140,11,ok,4,14,10,True,True,4981,12,49,4,0.3834
485,10,ok,5,15,10,True,True,18651,24,52,5,5.3627
139,11,ok,8,16,8,True,True,4941,20,19,8,0.4652
487,10,ok,7,25,18,True,True,18737,20,51,7,5.2407
142,11,ok,4,13,9,True,True,5061,15,33,4,0.4221
143,11,ok,8,17,9,True,True,5102,24,18,8,0.4341
145,11,ok,10,26,16,True,True,5182,16,18,10,0.3774
144,11,ok,4,17,13,True,True,5142,9,51,4,0.4153
146,11,ok,4,16,12,True,True,5223,16,27,4,0.3718
147,11,ok,8,24,16,True,True,5263,20,19,8,0.39
150,11,ok,4,9,5,True,True,5385,12,29,4,0.3838
483,10,ok,3,10,7,True,True,18566,21,59,3,5.915
148,11,ok,4,13,9,True,True,5304,14,53,4,0.4639
152,11,ok,4,9,5,True,True,5466,18,50,4,0.3885
149,11,ok,10,26,16,True,True,5344,13,17,10,0.4848
151,11,ok,8,21,13,True,True,5425,15,19,8,0.4783
153,11,ok,10,25,15,True,True,5506,10,17,10,0.4393
155,11,ok,8,18,10,True,True,5588,18,16,8,0.4237
154,11,ok,4,10,6,True,True,5547,12,33,4,0.465
156,11,ok,4,13,9,True,True,5629,15,51,4,0.4209
157,11,ok,10,24,14,True,True,5669,16,18,10,0.4264
158,11,ok,4,8,4,True,True,5710,18,29,4,0.4831
159,11,ok,8,18,10,True,True,5751,21,18,8,0.4458
160,11,ok,4,10,6,True,True,5792,14,52,4,0.4525
486,10,ok,2,6,4,True,True,18694,19,99,2,5.9915
161,11,ok,10,30,20,True,True,5832,16,17,10,0.4675
162,11,ok,4,14,10,True,True,5873,15,31,4,0.458
163,11,ok,8,25,17,True,True,5914,17,21,8,0.4617
488,10,ok,3,8,5,True,True,18779,14,53,3,5.2912
164,11,ok,4,11,7,True,True,5955,14,50,4,0.4693
165,11,ok,10,26,16,True,True,5996,18,21,10,0.5344
166,11,ok,4,12,8,True,True,6037,12,32,4,0.4981
167,11,ok,8,23,15,True,True,6078,23,18,8,0.4816
169,11,ok,10,23,13,True,True,6160,15,20,10,0.508
168,11,ok,4,11,7,True,True,6119,20,58,4,0.5223
170,11,ok,4,12,8,True,True,6201,18,30,4,0.5123
171,11,ok,8,27,19,True,True,6243,18,18,8,0.5092
174,11,ok,4,13,9,True,True,6366,20,30,4,0.5144
172,11,ok,4,8,4,True,True,6284,15,48,4,0.5676
173,11,ok,10,33,23,True,True,6325,13,19,10,0.5559
176,11,ok,4,12,8,True,True,6449,12,56,4,0.5253
175,11,ok,8,21,13,True,True,6407,24,20,8,0.542
177,11,ok,10,34,24,True,True,6490,15,21,10,0.5513
178,11,ok,4,13,9,True,True,6531,14,31,4,0.5402
179,11,ok,8,24,16,True,True,6573,13,22,8,0.5716
180,11,ok,4,14,10,True,True,6614,17,53,4,0.5836
181,11,ok,10,26,16,True,True,6655,16,20,10,0.569
489,10,ok,3,7,4,True,True,18822,21,58,3,5.6909
182,11,ok,4,10,6,True,True,6697,13,33,4,0.5761
183,11,ok,8,12,4,True,True,6738,20,20,8,0.5744
490,10,ok,4,10,6,True,True,18865,13,50,4,5.5995
186,11,ok,4,12,8,True,True,6863,13,35,4,0.6099
185,11,ok,10,31,21,True,True,6821,14,26,10,0.6355
184,11,ok,4,25,21,True,True,6780,10,55,4,0.672
187,11,ok,8,21,13,True,True,6904,17,18,8,0.6645
188,11,ok,4,13,9,True,True,6946,10,60,4,0.6642
189,11,ok,10,21,11,True,True,6987,19,19,10,0.6475
190,11,ok,4,12,8,True,True,7029,14,30,4,0.6275
191,11,ok,8,18,10,True,True,7071,21,18,8,0.642
193,11,ok,10,27,17,True,True,7154,18,23,10,0.6744
192,11,ok,4,14,10,True,True,7112,17,53,4,0.7097
194,11,ok,4,17,13,True,True,7196,16,32,4,0.6598
491,10,ok,5,9,4,True,True,18908,17,50,5,5.8922
492,10,ok,2,7,5,True,True,18951,23,92,2,5.5001
196,11,ok,4,13,9,True,True,7279,15,57,4,0.6799
195,11,ok,8,24,16,True,True,7237,14,20,8,0.7254
197,11,ok,10,24,14,True,True,7321,15,21,10,0.7008
200,11,ok,4,9,5,True,True,7447,15,55,4,0.7061
198,11,ok,4,12,8,True,True,7363,17,31,4,0.7596
202,11,ok,4,11,7,True,True,7530,11,33,4,0.7298
201,11,ok,10,32,22,True,True,7488,19,23,10,0.753
199,11,ok,8,26,18,True,True,7405,16,18,8,0.8094
203,11,ok,8,27,19,True,True,7572,23,18,8,0.7351
496,10,ok,4,14,10,True,True,19122,22,55,4,5.3863
205,11,ok,10,28,18,True,True,7656,17,23,10,0.7618
204,11,ok,4,12,8,True,True,7614,11,53,4,0.7891
206,11,ok,4,12,8,True,True,7698,13,31,4,0.8393
207,11,ok,8,21,13,True,True,7740,15,21,8,0.8168
493,10,ok,7,18,11,True,True,18994,21,49,7,5.969
211,11,ok,8,25,17,True,True,7909,23,21,8,0.8077
210,11,ok,4,9,5,True,True,7866,20,34,4,0.8219
208,11,ok,4,14,10,True,True,7782,16,56,4,0.8702
209,11,ok,10,27,17,True,True,7824,16,21,10,0.8865
497,10,ok,5,20,15,True,True,19165,26,55,5,5.6344
212,11,ok,4,12,8,True,True,7951,13,54,4,0.8417
494,10,ok,3,14,11,True,True,19036,25,52,3,6.1918
213,11,ok,10,28,18,True,True,7993,18,23,10,0.8689
214,11,ok,4,10,6,True,True,8035,18,38,4,0.8734
215,11,ok,8,29,21,True,True,8077,18,22,8,0.8705
216,11,ok,4,9,5,True,True,8119,15,56,4,0.899
217,11,ok,10,26,16,True,True,8162,21,20,10,0.8881
218,11,ok,4,10,6,True,True,8204,11,32,4,0.8717
219,11,ok,8,24,16,True,True,8246,25,20,8,0.9003
495,10,ok,3,10,7,True,True,19079,18,52,3,6.2025
498,10,ok,2,7,5,True,True,19208,22,100,2,5.8821
220,11,ok,4,14,10,True,True,8288,12,60,4,0.9246
222,11,ok,4,15,11,True,True,8373,18,37,4,0.8882
223,11,ok,8,18,10,True,True,8415,23,19,8,0.899
221,11,ok,10,28,18,True,True,8331,20,18,10,0.9839
224,11,ok,4,12,8,True,True,8458,19,59,4,0.9426
225,11,ok,10,30,20,True,True,8500,19,20,10,0.9398
226,11,ok,4,12,8,True,True,8543,16,33,4,1.0585
227,11,ok,8,26,18,True,True,8585,19,25,8,0.959
500,10,ok,3,9,6,True,True,19294,22,50,3,5.688
228,11,ok,4,9,5,True,True,8628,15,57,4,0.9951
229,11,ok,10,27,17,True,True,8670,18,21,10,0.9756
499,10,ok,7,20,13,True,True,19251,20,53,7,6.1918
231,11,ok,8,24,16,True,True,8755,17,23,8,0.998
232,11,ok,4,15,11,True,True,8798,15,55,4,1.0097
230,11,ok,4,11,7,True,True,8713,14,33,4,1.0524
233,11,ok,10,37,27,True,True,8840,17,22,10,1.0274
234,11,ok,4,12,8,True,True,8883,16,38,4,1.0451
235,11,ok,8,22,14,True,True,8925,18,21,8,1.1488
236,11,ok,4,10,6,True,True,8968,14,60,4,1.1296
238,11,ok,4,15,11,True,True,9053,14,32,4,1.0884
237,11,ok,10,25,15,True,True,9011,15,22,10,1.1886
239,11,ok,8,27,19,True,True,9096,18,21,8,1.1226
240,11,ok,4,13,9,True,True,9139,13,59,4,1.1399
242,11,ok,4,15,11,True,True,9224,14,36,4,1.0944
244,11,ok,4,16,12,True,True,9310,14,58,4,1.0933
243,11,ok,8,18,10,True,True,9267,21,22,8,1.1393
245,11,ok,10,28,18,True,True,9353,22,19,10,1.1412
241,11,ok,10,23,13,True,True,9181,22,22,10,1.2976
246,11,ok,4,16,12,True,True,9395,16,35,4,1.209
248,11,ok,4,12,8,True,True,9481,22,54,4,1.1916
247,11,ok,8,22,14,True,True,9438,15,18,8,1.2389
250,11,ok,4,12,8,True,True,9567,14,36,4,1.2202
249,11,ok,10,27,17,True,True,9524,16,19,10,1.2922
251,11,ok,8,23,15,True,True,9610,24,19,8,1.1876
252,11,ok,4,11,7,True,True,9653,21,68,4,1.2516
253,11,ok,10,28,18,True,True,9696,17,21,10,1.336
256,11,ok,4,9,5,True,True,9825,18,61,4,1.235
254,11,ok,4,8,4,True,True,9739,14,35,4,1.3707
259,11,ok,8,25,17,True,True,9954,16,21,8,1.2863
260,11,ok,4,8,4,True,True,9997,25,64,4,1.3116
258,11,ok,4,10,6,True,True,9911,14,35,4,1.3487
255,11,ok,8,23,15,True,True,9782,18,21,8,1.4846
261,11,ok,10,25,15,True,True,10040,28,21,10,1.3233
257,11,ok,10,35,25,True,True,9868,17,23,10,1.4663
262,11,ok,4,13,9,True,True,10083,22,34,4,1.3337
264,11,ok,4,13,9,True,True,10169,19,64,4,1.3413
263,11,ok,8,25,17,True,True,10126,16,20,8,1.5094
265,11,ok,10,26,16,True,True,10212,23,20,10,1.4417
266,11,ok,4,12,8,True,True,10256,14,36,4,1.4032
267,11,ok,8,23,15,True,True,10299,38,25,8,1.49
270,11,ok,4,17,13,True,True,10428,16,32,4,1.417
268,11,ok,4,11,7,True,True,10342,19,58,4,1.561
271,11,ok,8,20,12,True,True,10472,30,20,8,1.4389
269,11,ok,10,27,17,True,True,10385,18,25,10,1.471
273,11,ok,10,25,15,True,True,10558,16,24,10,1.4546
274,11,ok,4,10,6,True,True,10602,13,34,4,1.4799
275,11,ok,8,18,10,True,True,10645,22,20,8,1.4818
272,11,ok,4,10,6,True,True,10515,17,63,4,1.704
277,11,ok,10,30,20,True,True,10732,18,24,10,1.553
276,11,ok,4,12,8,True,True,10688,15,58,4,1.6274
278,11,ok,4,13,9,True,True,10775,20,37,4,1.5569
279,11,ok,8,16,8,True,True,10818,20,20,8,1.649
280,11,ok,4,14,10,True,True,10862,16,59,4,1.5852
282,11,ok,4,12,8,True,True,10949,16,33,4,1.5592
283,11,ok,8,20,12,True,True,10992,26,20,8,1.5944
281,11,ok,10,21,11,True,True,10905,20,23,10,1.7385
285,11,ok,10,32,22,True,True,11079,18,22,10,1.5813
284,11,ok,4,11,7,True,True,11036,20,65,4,1.7485
287,11,ok,8,28,20,True,True,11166,15,22,8,1.6235
288,11,ok,4,10,6,True,True,11210,18,61,4,1.6278
286,11,ok,4,10,6,True,True,11123,18,36,4,1.8046
289,11,ok,10,26,16,True,True,11253,19,21,10,1.7738
291,11,ok,8,22,14,True,True,11340,18,22,8,1.728
290,11,ok,4,11,7,True,True,11297,18,35,4,1.7841
293,11,ok,10,26,16,True,True,11428,16,23,10,1.7302
294,11,ok,4,12,8,True,True,11471,17,35,4,1.7458
292,11,ok,4,17,13,True,True,11384,15,68,4,1.9176
296,11,ok,4,11,7,True,True,11559,23,57,4,1.7463
295,11,ok,8,16,8,True,True,11515,24,25,8,1.853
297,11,ok,10,35,25,True,True,11602,18,24,10,1.8201
299,11,ok,8,19,11,True,True,11690,22,21,8,1.7824
298,11,ok,4,12,8,True,True,11646,24,39,4,1.9177
301,11,ok,10,34,24,True,True,11777,18,22,10,1.9027
303,11,ok,8,25,17,True,True,11865,25,22,8,1.8132
304,11,ok,4,12,8,True,True,11909,17,64,4,1.8993
300,11,ok,4,13,9,True,True,11733,14,60,4,2.0588
302,11,ok,4,9,5,True,True,11821,17,34,4,2.0863
306,11,ok,4,13,9,True,True,11996,22,35,4,1.9683
305,11,ok,10,25,15,True,True,11952,19,23,10,2.0875
307,11,ok,8,26,18,True,True,12040,14,21,8,1.9657
308,11,ok,4,8,4,True,True,12084,19,61,4,1.9543
309,11,ok,10,27,17,True,True,12128,20,24,10,1.9971
312,11,ok,4,11,7,True,True,12259,16,65,4,1.9694
311,11,ok,8,22,14,True,True,12216,24,21,8,2.0679
310,11,ok,4,12,8,True,True,12172,16,36,4,2.1054
314,11,ok,4,11,7,True,True,12347,18,38,4,2.0351
313,11,ok,10,32,22,True,True,12303,14,24,10,2.1106
315,11,ok,8,26,18,True,True,12391,20,24,8,1.9962
317,11,ok,10,31,21,True,True,12479,21,23,10,2.0283
318,11,ok,4,14,10,True,True,12523,16,35,4,2.0914
316,11,ok,4,11,7,True,True,12435,19,59,4,2.283
320,11,ok,4,11,7,True,True,12611,17,61,4,2.2318
321,11,ok,10,30,20,True,True,12655,23,25,10,2.2071
323,11,ok,8,26,18,True,True,12743,20,23,8,2.2102
324,11,ok,4,13,9,True,True,12788,26,70,4,2.196
319,11,ok,8,21,13,True,True,12567,21,21,8,2.5373
322,11,ok,4,20,16,True,True,12699,17,36,4,2.4266
326,11,ok,4,8,4,True,True,12876,28,38,4,2.2415
325,11,ok,10,33,23,True,True,12832,19,21,10,2.5054
327,11,ok,8,23,15,True,True,12920,20,25,8,2.3543
328,11,ok,4,14,10,True,True,12964,17,71,4,2.2875
329,11,ok,10,29,19,True,True,13008,23,21,10,2.2521
332,11,ok,4,12,8,True,True,13141,13,65,4,2.2346
331,11,ok,8,23,15,True,True,13097,21,25,8,2.27
330,11,ok,4,11,7,True,True,13052,15,33,4,2.3778
333,11,ok,10,37,27,True,True,13185,18,23,10,2.3707
334,11,ok,4,9,5,True,True,13229,19,34,4,2.4808
336,11,ok,4,8,4,True,True,13318,20,69,4,2.3113
335,11,ok,8,22,14,True,True,13273,17,24,8,2.5108
339,11,ok,8,21,13,True,True,13451,26,23,8,2.4436
338,11,ok,4,11,7,True,True,13406,27,33,4,2.4971
340,11,ok,4,12,8,True,True,13495,21,64,4,2.4809
337,11,ok,10,28,18,True,True,13362,24,23,10,2.6186
341,11,ok,10,35,25,True,True,13539,18,21,10,2.4154
342,11,ok,4,11,7,True,True,13584,18,41,4,2.4444
343,11,ok,8,26,18,True,True,13628,26,23,8,2.6088
344,11,ok,4,10,6,True,True,13672,16,59,4,2.5148
346,11,ok,4,9,5,True,True,13761,23,37,4,2.4497
345,11,ok,10,26,16,True,True,13717,18,22,10,2.5375
347,11,ok,8,21,13,True,True,13805,19,22,8,2.4531
348,11,ok,4,8,4,True,True,13850,15,67,4,2.5342
349,11,ok,10,32,22,True,True,13894,22,22,10,2.7876
351,11,ok,8,23,15,True,True,13983,22,22,8,2.6806
352,11,ok,4,10,6,True,True,14028,14,71,4,2.6823
350,11,ok,4,9,5,True,True,13939,18,38,4,2.7808
353,11,ok,10,28,18,True,True,14072,21,22,10,2.6852
354,11,ok,4,14,10,True,True,14117,15,37,4,2.7686
356,11,ok,4,10,6,True,True,14206,20,65,4,2.7284
355,11,ok,8,21,13,True,True,14161,28,21,8,2.8699
357,11,ok,10,24,14,True,True,14250,22,23,10,2.7533
359,11,ok,8,19,11,True,True,14339,18,22,8,2.7855
360,11,ok,4,13,9,True,True,14384,16,67,4,2.7876
361,11,ok,10,27,17,True,True,14428,29,25,10,2.6943
358,11,ok,4,10,6,True,True,14295,18,36,4,2.9299
362,11,ok,4,12,8,True,True,14473,21,38,4,3.0484
364,11,ok,4,11,7,True,True,14562,18,67,4,2.8318
363,11,ok,8,23,15,True,True,14518,30,24,8,3.0659
366,11,ok,4,20,16,True,True,14652,21,42,4,2.8622
365,11,ok,10,29,19,True,True,14607,16,24,10,3.0156
367,11,ok,8,28,20,True,True,14696,24,24,8,3.0164
368,11,ok,4,8,4,True,True,14741,21,70,4,2.9295
369,11,ok,10,31,21,True,True,14786,23,21,10,3.0316
372,11,ok,4,11,7,True,True,14920,21,62,4,3.0047
370,11,ok,4,16,12,True,True,14830,18,36,4,3.0553
373,11,ok,10,25,15,True,True,14964,19,27,10,3.1352
371,11,ok,8,21,13,True,True,14875,23,22,8,3.307
376,11,ok,4,11,7,True,True,15099,20,67,4,2.9897
374,11,ok,4,14,10,True,True,15009,20,38,4,3.1179
375,11,ok,8,26,18,True,True,15054,20,22,8,3.1441
378,11,ok,4,14,10,True,True,15188,25,42,4,3.1099
377,11,ok,10,39,29,True,True,15144,21,26,10,3.2614
379,11,ok,8,20,12,True,True,15233,28,24,8,3.3569
380,11,ok,4,14,10,True,True,15278,19,72,4,3.077
381,11,ok,10,34,24,True,True,15323,28,24,10,3.3266
384,11,ok,4,17,13,True,True,15457,19,67,4,3.2322
383,11,ok,8,20,12,True,True,15412,32,21,8,3.3282
385,11,ok,10,32,22,True,True,15502,16,22,10,3.1945
382,11,ok,4,13,9,True,True,15368,17,45,4,3.382
386,11,ok,4,13,9,True,True,15547,22,35,4,3.3095
387,11,ok,8,22,14,True,True,15592,28,22,8,3.447
389,11,ok,10,30,20,True,True,15682,19,25,10,3.3252
390,11,ok,4,11,7,True,True,15727,26,37,4,3.3178
388,11,ok,4,11,7,True,True,15637,16,74,4,3.439
391,11,ok,8,14,6,True,True,15772,22,21,8,3.4015
392,11,ok,4,11,7,True,True,15817,15,65,4,3.4465
394,11,ok,4,12,8,True,True,15907,21,42,4,3.4228
395,11,ok,8,22,14,True,True,15952,19,23,8,3.4713
393,11,ok,10,39,29,True,True,15862,22,21,10,3.6274
396,11,ok,4,12,8,True,True,15997,15,62,4,3.4943
397,11,ok,10,35,25,True,True,16042,14,21,10,3.5745
399,11,ok,8,19,11,True,True,16132,30,24,8,3.4854
398,11,ok,4,13,9,True,True,16087,14,38,4,3.6571
400,11,ok,4,11,7,True,True,16177,20,65,4,3.6031
401,11,ok,10,35,25,True,True,16222,20,23,10,3.5849
402,11,ok,4,13,9,True,True,16267,24,37,4,3.6175
403,11,ok,8,25,17,True,True,16312,29,22,8,3.5975
404,11,ok,4,8,4,True,True,16357,26,69,4,3.6714
406,11,ok,4,13,9,True,True,16447,15,40,4,3.5845
405,11,ok,10,31,21,True,True,16402,22,25,10,3.6779
407,11,ok,8,23,15,True,True,16493,21,24,8,3.7183
408,11,ok,4,11,7,True,True,16538,26,63,4,3.7547
409,11,ok,10,30,20,True,True,16583,24,21,10,3.8121
410,11,ok,4,15,11,True,True,16628,27,37,4,3.7071
411,11,ok,8,20,12,True,True,16673,20,24,8,3.7403
412,11,ok,4,11,7,True,True,16718,23,67,4,3.7701
413,11,ok,10,32,22,True,True,16764,21,21,10,3.9121
414,11,ok,4,10,6,True,True,16809,25,38,4,3.8837
415,11,ok,8,19,11,True,True,16854,34,27,8,3.8928
416,11,ok,4,14,10,True,True,16899,17,66,4,3.9735
417,11,ok,10,27,17,True,True,16945,22,21,10,4.001
420,11,ok,4,17,13,True,True,17080,19,69,4,3.8996
418,11,ok,4,13,9,True,True,16990,16,39,4,4.0104
421,11,ok,10,32,22,True,True,17126,20,23,10,3.9992
419,11,ok,8,25,17,True,True,17035,21,21,8,4.0814
422,11,ok,4,11,7,True,True,17171,21,37,4,4.1205
423,11,ok,8,25,17,True,True,17216,24,23,8,4.0938
424,11,ok,4,9,5,True,True,17262,18,72,4,4.0207
425,11,ok,10,27,17,True,True,17307,25,24,10,4.1843
426,11,ok,4,14,10,True,True,17352,16,37,4,4.1362
427,11,ok,8,19,11,True,True,17398,33,25,8,4.2286
428,11,ok,4,15,11,True,True,17443,18,68,4,4.216
430,11,ok,4,16,12,True,True,17534,27,40,4,4.1098
429,11,ok,10,36,26,True,True,17488,20,20,10,4.3207
432,11,ok,4,16,12,True,True,17625,21,74,4,4.2393
431,11,ok,8,20,12,True,True,17579,21,28,8,4.3468
433,11,ok,10,34,24,True,True,17670,24,24,10,4.3681
436,11,ok,4,10,6,True,True,17806,21,66,4,4.3112
434,11,ok,4,17,13,True,True,17715,16,38,4,4.4629
435,11,ok,8,19,11,True,True,17761,22,25,8,4.4237
438,11,ok,4,14,10,True,True,17897,15,40,4,4.3229
437,11,ok,10,24,14,True,True,17852,22,23,10,4.549
439,11,ok,8,20,12,True,True,17943,26,25,8,4.4323
440,11,ok,4,14,10,True,True,17988,26,64,4,4.3788
441,11,ok,10,32,22,True,True,18034,26,25,10,4.4875
442,11,ok,4,14,10,True,True,18079,19,37,4,4.4445
443,11,ok,8,26,18,True,True,18125,20,24,8,4.554
445,11,ok,10,28,18,True,True,18216,23,23,10,4.573
444,11,ok,4,12,8,True,True,18170,18,75,4,4.6877
446,11,ok,4,10,6,True,True,18261,13,37,4,4.7245
447,11,ok,8,23,15,True,True,18307,22,23,8,4.7294
448,11,ok,4,12,8,True,True,18353,18,67,4,4.6646
450,11,ok,4,12,8,True,True,18444,23,39,4,4.6333
449,11,ok,10,28,18,True,True,18398,22,24,10,4.6559
452,11,ok,4,17,13,True,True,18535,16,67,4,4.6773
451,11,ok,8,20,12,True,True,18489,22,24,8,4.7458
453,11,ok,10,24,14,True,True,18581,23,23,10,4.61
454,11,ok,4,12,8,True,True,18626,21,36,4,4.6333
455,11,ok,8,22,14,True,True,18672,22,23,8,4.8307
457,11,ok,10,31,21,True,True,18763,19,26,10,4.8087
456,11,ok,4,11,7,True,True,18718,18,76,4,4.8547
458,11,ok,4,8,4,True,True,18809,16,41,4,4.8145
459,11,ok,8,26,18,True,True,18855,22,24,8,4.9774
460,11,ok,4,9,5,True,True,18900,18,74,4,4.9753
461,11,ok,10,29,19,True,True,18946,28,25,10,4.9841
463,11,ok,8,27,19,True,True,19037,27,25,8,4.8544
462,11,ok,4,9,5,True,True,18992,26,40,4,5.0416
464,11,ok,4,20,16,True,True,19083,15,77,4,5.1294
466,11,ok,4,10,6,True,True,19175,18,39,4,5.0692
465,11,ok,10,30,20,True,True,19129,25,25,10,5.1565
467,11,ok,8,23,15,True,True,19220,27,21,8,5.1828
468,11,ok,4,16,12,True,True,19266,18,69,4,5.1362
469,11,ok,10,30,20,True,True,19312,26,25,10,5.2321
470,11,ok,4,8,4,True,True,19358,17,37,4,5.1335
1,12,ok,11,11,0,True,True,26,2,3,11,0.0003
2,12,ok,3,3,0,True,True,45,4,7,3,0.0003
3,12,ok,5,9,4,True,True,67,3,5,5,0.0004
4,12,ok,4,5,1,True,True,91,4,7,4,0.0005
5,12,ok,3,6,3,True,True,117,4,19,3,0.0007
6,12,ok,6,11,5,True,True,143,4,9,6,0.0009
7,12,ok,5,11,6,True,True,171,6,5,5,0.0012
8,12,ok,3,6,3,True,True,199,8,11,3,0.0012
9,12,ok,7,13,6,True,True,228,6,8,7,0.0016
10,12,ok,2,4,2,True,True,257,6,37,2,0.0017
11,12,ok,11,22,11,True,True,287,7,7,11,0.0028
12,12,ok,3,7,4,True,True,317,17,13,3,0.0023
13,12,ok,5,10,5,True,True,348,12,9,5,0.0028
14,12,ok,4,7,3,True,True,379,8,19,4,0.0029
15,12,ok,3,6,3,True,True,411,5,29,3,0.0034
16,12,ok,6,10,4,True,True,443,7,12,6,0.0039
17,12,ok,5,12,7,True,True,475,8,10,5,0.0044
18,12,ok,3,7,4,True,True,508,12,18,3,0.0046
19,12,ok,7,14,7,True,True,541,10,10,7,0.0056
20,12,ok,2,4,2,True,True,574,8,53,2,0.0052
21,12,ok,11,21,10,True,True,607,9,10,11,0.0078
22,12,ok,3,7,4,True,True,641,9,19,3,0.0066
471,11,ok,8,23,15,True,True,19404,28,25,8,5.1849
23,12,ok,5,13,8,True,True,675,19,11,5,0.0077
24,12,ok,4,9,5,True,True,709,7,18,4,0.0089
25,12,ok,3,13,10,True,True,743,7,30,3,0.009
26,12,ok,6,15,9,True,True,778,9,16,6,0.0106
27,12,ok,5,11,6,True,True,812,13,10,5,0.0103
28,12,ok,3,7,4,True,True,847,11,19,3,0.0107
29,12,ok,7,13,6,True,True,882,10,13,7,0.0124
30,12,ok,2,7,5,True,True,917,7,61,2,0.0149
31,12,ok,11,29,18,True,True,953,9,11,11,0.015
32,12,ok,3,9,6,True,True,988,16,19,3,0.0146
33,12,ok,5,14,9,True,True,1024,16,10,5,0.0151
34,12,ok,4,10,6,True,True,1060,12,16,4,0.0159
35,12,ok,3,11,8,True,True,1096,7,35,3,0.0168
36,12,ok,6,14,8,True,True,1132,9,18,6,0.0192
37,12,ok,5,12,7,True,True,1168,22,12,5,0.0189
38,12,ok,3,6,3,True,True,1205,17,17,3,0.02
39,12,ok,7,16,9,True,True,1241,13,11,7,0.0218
40,12,ok,2,5,3,True,True,1278,7,73,2,0.0225
41,12,ok,11,22,11,True,True,1315,9,12,11,0.0247
42,12,ok,3,7,4,True,True,1352,13,19,3,0.0247
43,12,ok,5,13,8,True,True,1389,17,13,5,0.0292
44,12,ok,4,10,6,True,True,1426,13,18,4,0.0272
45,12,ok,3,4,1,True,True,1463,9,41,3,0.0313
46,12,ok,6,16,10,True,True,1501,9,18,6,0.031
47,12,ok,5,13,8,True,True,1538,17,13,5,0.0363
48,12,ok,3,9,6,True,True,1576,28,18,3,0.0341
49,12,ok,7,13,6,True,True,1614,14,13,7,0.0345
50,12,ok,2,7,5,True,True,1651,9,74,2,0.0315
52,12,ok,3,8,5,True,True,1727,11,21,3,0.0372
51,12,ok,11,24,13,True,True,1689,10,13,11,0.04
53,12,ok,5,14,9,True,True,1765,16,14,5,0.0385
54,12,ok,4,12,8,True,True,1804,10,19,4,0.0427
55,12,ok,3,7,4,True,True,1842,11,43,3,0.042
56,12,ok,6,9,3,True,True,1880,11,20,6,0.0459
472,11,ok,4,12,8,True,True,19449,21,70,4,5.1956
57,12,ok,5,13,8,True,True,1919,32,13,5,0.0486
58,12,ok,3,7,4,True,True,1957,18,24,3,0.0494
59,12,ok,7,15,8,True,True,1996,12,16,7,0.0499
60,12,ok,2,5,3,True,True,2035,8,82,2,0.0598
61,12,ok,11,24,13,True,True,2074,15,12,11,0.0525
62,12,ok,3,9,6,True,True,2113,19,23,3,0.0548
64,12,ok,4,14,10,True,True,2191,20,21,4,0.0599
63,12,ok,5,14,9,True,True,2152,25,14,5,0.0711
65,12,ok,3,9,6,True,True,2230,13,49,3,0.0664
66,12,ok,6,18,12,True,True,2269,16,24,6,0.0649
67,12,ok,5,13,8,True,True,2308,20,13,5,0.0698
68,12,ok,3,7,4,True,True,2348,17,29,3,0.0656
473,11,ok,10,29,19,True,True,19495,18,23,10,5.3819
69,12,ok,7,16,9,True,True,2387,15,14,7,0.0749
70,12,ok,2,5,3,True,True,2427,11,88,2,0.0731
71,12,ok,11,24,13,True,True,2466,10,14,11,0.0707
72,12,ok,3,8,5,True,True,2506,15,26,3,0.0753
73,12,ok,5,13,8,True,True,2546,12,16,5,0.077
74,12,ok,4,9,5,True,True,2585,16,25,4,0.085
75,12,ok,3,9,6,True,True,2625,9,46,3,0.0843
76,12,ok,6,17,11,True,True,2665,14,21,6,0.0877
77,12,ok,5,18,13,True,True,2705,21,13,5,0.0907
78,12,ok,3,10,7,True,True,2745,12,25,3,0.0942
79,12,ok,7,18,11,True,True,2785,14,14,7,0.094
80,12,ok,2,9,7,True,True,2826,9,94,2,0.098
81,12,ok,11,27,16,True,True,2866,11,16,11,0.1009
82,12,ok,3,8,5,True,True,2906,17,24,3,0.1054
83,12,ok,5,14,9,True,True,2947,14,14,5,0.1118
84,12,ok,4,8,4,True,True,2987,12,22,4,0.1073
474,11,ok,4,10,6,True,True,19541,16,39,4,5.2737
85,12,ok,3,6,3,True,True,3027,12,52,3,0.1099
86,12,ok,6,17,11,True,True,3068,18,23,6,0.1129
87,12,ok,5,17,12,True,True,3109,26,16,5,0.1174
88,12,ok,3,13,10,True,True,3149,17,26,3,0.1192
89,12,ok,7,16,9,True,True,3190,21,18,7,0.1227
90,12,ok,2,10,8,True,True,3231,14,90,2,0.1217
91,12,ok,11,28,17,True,True,3272,15,15,11,0.1389
92,12,ok,3,7,4,True,True,3312,17,24,3,0.1409
93,12,ok,5,17,12,True,True,3353,23,19,5,0.1438
94,12,ok,4,12,8,True,True,3394,13,26,4,0.1499
95,12,ok,3,12,9,True,True,3435,9,52,3,0.1524
475,11,ok,8,22,14,True,True,19587,23,22,8,5.3803
96,12,ok,6,15,9,True,True,3477,11,25,6,0.1451
97,12,ok,5,14,9,True,True,3518,19,16,5,0.1524
98,12,ok,3,9,6,True,True,3559,15,25,3,0.1546
476,11,ok,4,13,9,True,True,19633,20,65,4,5.3822
100,12,ok,2,5,3,True,True,3641,17,86,2,0.1538
99,12,ok,7,15,8,True,True,3600,22,14,7,0.1772
102,12,ok,3,6,3,True,True,3724,22,23,3,0.1733
103,12,ok,5,14,9,True,True,3766,19,15,5,0.1785
101,12,ok,11,24,13,True,True,3683,16,16,11,0.2415
104,12,ok,4,7,3,True,True,3807,14,26,4,0.1816
105,12,ok,3,12,9,True,True,3849,10,53,3,0.2016
106,12,ok,6,14,8,True,True,3890,15,25,6,0.1887
107,12,ok,5,15,10,True,True,3932,29,14,5,0.2055
477,11,ok,10,28,18,True,True,19679,27,26,10,5.5732
108,12,ok,3,6,3,True,True,3974,12,29,3,0.2203
109,12,ok,7,23,16,True,True,4015,19,17,7,0.1928
111,12,ok,11,24,13,True,True,4099,19,16,11,0.2061
478,11,ok,4,12,8,True,True,19725,28,38,4,5.594
110,12,ok,2,7,5,True,True,4057,9,95,2,0.2529
112,12,ok,3,9,6,True,True,4141,30,27,3,0.1995
113,12,ok,5,10,5,True,True,4183,19,17,5,0.2232
114,12,ok,4,14,10,True,True,4225,15,24,4,0.2276
115,12,ok,3,10,7,True,True,4267,11,54,3,0.2311
479,11,ok,8,20,12,True,True,19770,24,23,8,5.5438
116,12,ok,6,18,12,True,True,4309,16,25,6,0.2279
117,12,ok,5,13,8,True,True,4351,22,18,5,0.2299
118,12,ok,3,9,6,True,True,4393,20,28,3,0.2265
119,12,ok,7,17,10,True,True,4435,25,18,7,0.2494
120,12,ok,2,6,4,True,True,4477,9,101,2,0.2497
480,11,ok,4,13,9,True,True,19816,15,67,4,5.4932
121,12,ok,11,32,21,True,True,4519,16,16,11,0.2764
122,12,ok,3,7,4,True,True,4562,17,26,3,0.2791
125,12,ok,3,14,11,True,True,4689,15,56,3,0.2682
126,12,ok,6,19,13,True,True,4731,16,25,6,0.2715
123,12,ok,5,13,8,True,True,4604,24,17,5,0.3844
124,12,ok,4,14,10,True,True,4646,17,30,4,0.3855
482,11,ok,4,14,10,True,True,19908,12,36,4,5.5516
129,12,ok,7,19,12,True,True,4859,20,19,7,0.2975
130,12,ok,2,5,3,True,True,4901,13,96,2,0.312
127,12,ok,5,16,11,True,True,4774,19,20,5,0.4138
481,11,ok,10,33,23,True,True,19862,20,24,10,5.7627
128,12,ok,3,7,4,True,True,4816,18,27,3,0.3908
131,12,ok,11,35,24,True,True,4944,16,16,11,0.3203
132,12,ok,3,8,5,True,True,4987,25,25,3,0.3569
484,11,ok,4,15,11,True,True,20000,18,77,4,5.508
483,11,ok,8,24,16,True,True,19954,26,30,8,5.6671
135,12,ok,3,10,7,True,True,5115,12,56,3,0.299
134,12,ok,4,12,8,True,True,5072,19,26,4,0.3218
133,12,ok,5,14,9,True,True,5029,30,17,5,0.4103
138,12,ok,3,10,7,True,True,5244,22,28,3,0.3649
139,12,ok,7,13,6,True,True,5286,22,18,7,0.4183
141,12,ok,11,31,20,True,True,5372,14,18,11,0.422
140,12,ok,2,7,5,True,True,5329,14,107,2,0.4511
136,12,ok,6,16,10,True,True,5158,13,28,6,0.5891
145,12,ok,3,9,6,True,True,5545,14,57,3,0.4127
143,12,ok,5,15,10,True,True,5459,19,16,5,0.4563
485,11,ok,10,31,21,True,True,20046,25,23,10,5.8876
148,12,ok,3,5,2,True,True,5674,22,29,3,0.3886
146,12,ok,6,18,12,True,True,5588,17,27,6,0.4461
137,12,ok,5,14,9,True,True,5201,29,16,5,0.6381
144,12,ok,4,11,7,True,True,5502,18,29,4,0.5473
150,12,ok,2,5,3,True,True,5761,10,109,2,0.4244
149,12,ok,7,18,11,True,True,5718,21,17,7,0.4522
147,12,ok,5,12,7,True,True,5631,19,16,5,0.5825
142,12,ok,3,7,4,True,True,5415,24,25,3,0.6959
151,12,ok,11,26,15,True,True,5804,15,16,11,0.4375
486,11,ok,4,15,11,True,True,20092,18,37,4,5.7182
153,12,ok,5,14,9,True,True,5891,22,19,5,0.43
152,12,ok,3,7,4,True,True,5848,24,29,3,0.5309
154,12,ok,4,15,11,True,True,5935,32,27,4,0.4796
158,12,ok,3,8,5,True,True,6109,21,29,3,0.4525
157,12,ok,5,13,8,True,True,6065,28,17,5,0.4901
159,12,ok,7,21,14,True,True,6152,20,15,7,0.4539
160,12,ok,2,5,3,True,True,6196,11,107,2,0.4668
155,12,ok,3,9,6,True,True,5978,13,67,3,0.5661
156,12,ok,6,20,14,True,True,6022,22,28,6,0.5666
162,12,ok,3,9,6,True,True,6283,29,29,3,0.4848
163,12,ok,5,12,7,True,True,6327,24,16,5,0.4848
488,11,ok,4,11,7,True,True,20184,26,66,4,5.6944
164,12,ok,4,11,7,True,True,6371,18,28,4,0.4839
161,12,ok,11,33,22,True,True,6240,17,17,11,0.6038
165,12,ok,3,11,8,True,True,6414,12,67,3,0.4972
166,12,ok,6,19,13,True,True,6458,13,30,6,0.5412
167,12,ok,5,14,9,True,True,6502,42,17,5,0.5038
168,12,ok,3,6,3,True,True,6546,30,29,3,0.5546
169,12,ok,7,16,9,True,True,6590,24,18,7,0.6013
171,12,ok,11,33,22,True,True,6678,19,19,11,0.5416
487,11,ok,8,17,9,True,True,20138,29,23,8,6.1157
174,12,ok,4,10,6,True,True,6810,14,30,4,0.5356
170,12,ok,2,10,8,True,True,6634,17,116,2,0.6029
175,12,ok,3,12,9,True,True,6854,13,68,3,0.5616
172,12,ok,3,10,7,True,True,6722,17,28,3,0.6641
173,12,ok,5,13,8,True,True,6766,19,18,5,0.6633
178,12,ok,3,5,2,True,True,6986,34,28,3,0.582
180,12,ok,2,7,5,True,True,7075,17,111,2,0.5789
177,12,ok,5,8,3,True,True,6942,29,18,5,0.6136
176,12,ok,6,18,12,True,True,6898,18,33,6,0.6303
489,11,ok,10,29,19,True,True,20230,26,23,10,6.1273
491,11,ok,8,26,18,True,True,20322,29,24,8,5.8134
179,12,ok,7,15,8,True,True,7030,19,20,7,0.7352
181,12,ok,11,20,9,True,True,7119,16,17,11,0.7385
183,12,ok,5,16,11,True,True,7207,19,18,5,0.6969
185,12,ok,3,9,6,True,True,7296,14,72,3,0.7215
492,11,ok,4,10,6,True,True,20368,20,76,4,5.901
182,12,ok,3,6,3,True,True,7163,30,30,3,0.856
184,12,ok,4,13,9,True,True,7252,18,30,4,0.8208
186,12,ok,6,20,14,True,True,7340,12,28,6,0.7202
189,12,ok,7,16,9,True,True,7474,20,20,7,0.6556
188,12,ok,3,10,7,True,True,7429,30,30,3,0.6913
190,12,ok,2,6,4,True,True,7518,16,122,2,0.6497
187,12,ok,5,11,6,True,True,7385,23,21,5,0.7324
493,11,ok,10,31,21,True,True,20414,24,26,10,5.9862
191,12,ok,11,34,23,True,True,7563,16,18,11,0.7731
196,12,ok,6,21,15,True,True,7785,16,32,6,0.7183
194,12,ok,4,14,10,True,True,7696,18,29,4,0.7839
197,12,ok,5,14,9,True,True,7830,40,18,5,0.767
193,12,ok,5,13,8,True,True,7652,25,20,5,0.8216
198,12,ok,3,6,3,True,True,7875,29,31,3,0.8038
195,12,ok,3,6,3,True,True,7741,20,75,3,0.8461
192,12,ok,3,7,4,True,True,7607,21,28,3,0.9532
200,12,ok,2,7,5,True,True,7964,13,117,2,0.7507
199,12,ok,7,22,15,True,True,7920,24,22,7,0.9507
202,12,ok,3,11,8,True,True,8054,21,28,3,0.8331
203,12,ok,5,15,10,True,True,8099,32,18,5,0.7885
201,12,ok,11,27,16,True,True,8009,17,18,11,0.9074
494,11,ok,4,16,12,True,True,20460,22,40,4,6.4868
207,12,ok,5,19,14,True,True,8278,25,18,5,0.8055
490,11,ok,4,10,6,True,True,20276,23,38,4,6.9676
495,11,ok,8,32,24,True,True,20506,30,24,8,6.2601
211,12,ok,11,30,19,True,True,8458,20,19,11,0.8387
204,12,ok,4,13,9,True,True,8143,19,31,4,1.0479
210,12,ok,2,6,4,True,True,8413,10,116,2,0.9596
205,12,ok,3,9,6,True,True,8188,15,64,3,1.1326
213,12,ok,5,15,10,True,True,8548,20,18,5,0.9023
208,12,ok,3,7,4,True,True,8323,18,34,3,1.0797
497,11,ok,10,40,30,True,True,20598,26,23,10,6.2427
206,12,ok,6,18,12,True,True,8233,17,33,6,1.1866
212,12,ok,3,11,8,True,True,8503,32,32,3,1.0325
209,12,ok,7,18,11,True,True,8368,26,19,7,1.0674
215,12,ok,3,10,7,True,True,8638,22,70,3,0.8781
499,11,ok,8,24,16,True,True,20690,20,23,8,6.1074
214,12,ok,4,8,4,True,True,8593,26,33,4,0.9914
222,12,ok,3,7,4,True,True,8954,19,28,3,0.9297
218,12,ok,3,9,6,True,True,8773,24,34,3,1.0198
217,12,ok,5,18,13,True,True,8728,21,19,5,1.0516
219,12,ok,7,18,11,True,True,8819,25,21,7,1.015
216,12,ok,6,18,12,True,True,8683,20,33,6,1.0955
498,11,ok,4,11,7,True,True,20644,19,36,4,6.4712
220,12,ok,2,6,4,True,True,8864,16,115,2,1.0951
224,12,ok,4,11,7,True,True,9045,16,32,4,0.9627
223,12,ok,5,13,8,True,True,8999,22,19,5,1.0496
225,12,ok,3,10,7,True,True,9090,12,65,3,1.1051
226,12,ok,6,13,7,True,True,9135,14,32,6,1.1099
221,12,ok,11,29,18,True,True,8909,17,17,11,1.3639
227,12,ok,5,14,9,True,True,9181,35,22,5,1.0742
500,11,ok,4,13,9,True,True,20736,15,67,4,6.6508
229,12,ok,7,20,13,True,True,9271,19,24,7,1.1197
496,11,ok,4,13,9,True,True,20552,20,66,4,7.1329
230,12,ok,2,8,6,True,True,9317,19,138,2,1.1449
231,12,ok,11,33,22,True,True,9362,16,20,11,1.0712
232,12,ok,3,6,3,True,True,9408,28,30,3,1.1396
234,12,ok,4,12,8,True,True,9499,19,36,4,1.1097
228,12,ok,3,13,10,True,True,9226,19,31,3,1.4093
235,12,ok,3,11,8,True,True,9544,19,67,3,1.1495
236,12,ok,6,13,7,True,True,9590,20,29,6,1.1353
242,12,ok,3,10,7,True,True,9863,20,30,3,1.1638
237,12,ok,5,16,11,True,True,9635,30,18,5,1.2298
240,12,ok,2,7,5,True,True,9772,19,115,2,1.2391
241,12,ok,11,42,31,True,True,9818,22,18,11,1.2245
239,12,ok,7,20,13,True,True,9727,25,18,7,1.2647
243,12,ok,5,14,9,True,True,9909,36,19,5,1.3178
233,12,ok,5,12,7,True,True,9453,30,19,5,1.4983
244,12,ok,4,10,6,True,True,9955,31,31,4,1.1829
238,12,ok,3,8,5,True,True,9681,24,33,3,1.4307
245,12,ok,3,12,9,True,True,10001,12,68,3,1.2439
249,12,ok,7,19,12,True,True,10184,27,18,7,1.2278
246,12,ok,6,12,6,True,True,10046,22,36,6,1.3092
247,12,ok,5,13,8,True,True,10092,39,21,5,1.3337
250,12,ok,2,8,6,True,True,10229,13,124,2,1.2585
248,12,ok,3,9,6,True,True,10138,16,31,3,1.3539
251,12,ok,11,38,27,True,True,10275,19,20,11,1.2643
252,12,ok,3,7,4,True,True,10321,34,34,3,1.3074
253,12,ok,5,10,5,True,True,10367,49,18,5,1.3436
254,12,ok,4,9,5,True,True,10413,25,30,4,1.3729
255,12,ok,3,12,9,True,True,10459,15,73,3,1.3582
257,12,ok,5,15,10,True,True,10551,21,19,5,1.3264
258,12,ok,3,6,3,True,True,10597,32,32,3,1.36
259,12,ok,7,19,12,True,True,10643,25,20,7,1.3749
256,12,ok,6,18,12,True,True,10505,24,31,6,1.4771
261,12,ok,11,29,18,True,True,10735,16,20,11,1.3717
260,12,ok,2,7,5,True,True,10689,17,119,2,1.5444
262,12,ok,3,5,2,True,True,10781,36,37,3,1.4989
265,12,ok,3,9,6,True,True,10919,21,73,3,1.4293
266,12,ok,6,16,10,True,True,10965,18,37,6,1.4095
263,12,ok,5,12,7,True,True,10827,17,22,5,1.5357
264,12,ok,4,8,4,True,True,10873,21,33,4,1.5331
267,12,ok,5,10,5,True,True,11011,21,19,5,1.4046
268,12,ok,3,8,5,True,True,11058,30,31,3,1.532
269,12,ok,7,20,13,True,True,11104,28,19,7,1.6112
270,12,ok,2,6,4,True,True,11150,17,133,2,1.6109
274,12,ok,4,13,9,True,True,11335,23,35,4,1.4771
272,12,ok,3,9,6,True,True,11242,20,37,3,1.5156
271,12,ok,11,33,22,True,True,11196,24,22,11,1.661
276,12,ok,6,17,11,True,True,11427,25,32,6,1.5722
273,12,ok,5,12,7,True,True,11289,30,22,5,1.7219
277,12,ok,5,13,8,True,True,11474,36,19,5,1.5835
278,12,ok,3,11,8,True,True,11520,34,32,3,1.6345
282,12,ok,3,12,9,True,True,11706,24,34,3,1.592
279,12,ok,7,22,15,True,True,11566,25,20,7,1.7015
275,12,ok,3,14,11,True,True,11381,11,70,3,1.9147
281,12,ok,11,32,21,True,True,11659,20,19,11,1.7023
280,12,ok,2,6,4,True,True,11613,17,124,2,1.7546
283,12,ok,5,15,10,True,True,11752,41,22,5,1.7266
284,12,ok,4,9,5,True,True,11799,32,33,4,1.7646
285,12,ok,3,9,6,True,True,11845,18,65,3,1.7278
287,12,ok,5,13,8,True,True,11938,33,22,5,1.6712
286,12,ok,6,24,18,True,True,11891,20,35,6,1.7722
291,12,ok,11,29,18,True,True,12124,24,19,11,1.7392
290,12,ok,2,5,3,True,True,12078,24,132,2,1.8062
289,12,ok,7,25,18,True,True,12031,27,22,7,1.8397
295,12,ok,3,6,3,True,True,12311,20,82,3,1.79
288,12,ok,3,5,2,True,True,11984,22,33,3,2.2632
294,12,ok,4,7,3,True,True,12264,21,32,4,1.9316
296,12,ok,6,12,6,True,True,12357,19,34,6,1.9169
298,12,ok,3,9,6,True,True,12451,19,36,3,1.9805
292,12,ok,3,7,4,True,True,12171,40,34,3,2.2501
293,12,ok,5,12,7,True,True,12217,42,21,5,2.1893
297,12,ok,5,16,11,True,True,12404,30,23,5,2.0664
302,12,ok,3,10,7,True,True,12637,24,38,3,1.8811
301,12,ok,11,32,21,True,True,12591,22,19,11,1.9843
299,12,ok,7,19,12,True,True,12497,28,21,7,2.2138
300,12,ok,2,6,4,True,True,12544,12,127,2,2.2014
304,12,ok,4,14,10,True,True,12731,30,36,4,2.1843
303,12,ok,5,10,5,True,True,12684,48,23,5,2.2766
307,12,ok,5,12,7,True,True,12871,32,22,5,2.0619
306,12,ok,6,21,15,True,True,12825,18,36,6,2.0927
309,12,ok,7,19,12,True,True,12965,25,23,7,1.9601
308,12,ok,3,8,5,True,True,12918,20,35,3,2.0455
305,12,ok,3,9,6,True,True,12778,16,73,3,2.2199
313,12,ok,5,11,6,True,True,13153,33,20,5,2.0823
310,12,ok,2,7,5,True,True,13012,13,129,2,2.2521
312,12,ok,3,10,7,True,True,13106,24,35,3,2.2369
311,12,ok,11,39,28,True,True,13059,25,21,11,2.3059
314,12,ok,4,16,12,True,True,13200,19,34,4,2.2145
317,12,ok,5,19,14,True,True,13341,42,20,5,2.1416
315,12,ok,3,13,10,True,True,13247,13,69,3,2.2002
316,12,ok,6,19,13,True,True,13294,21,35,6,2.2918
318,12,ok,3,9,6,True,True,13388,26,35,3,2.2935
319,12,ok,7,11,4,True,True,13435,27,22,7,2.1986
320,12,ok,2,7,5,True,True,13482,19,139,2,2.2295
321,12,ok,11,33,22,True,True,13529,28,21,11,2.3084
322,12,ok,3,5,2,True,True,13576,23,36,3,2.1551
325,12,ok,3,11,8,True,True,13717,14,73,3,2.3484
323,12,ok,5,14,9,True,True,13623,20,21,5,2.4413
324,12,ok,4,12,8,True,True,13670,23,33,4,2.4529
326,12,ok,6,13,7,True,True,13764,14,32,6,2.3674
327,12,ok,5,16,11,True,True,13811,30,20,5,2.435
328,12,ok,3,9,6,True,True,13858,36,35,3,2.4248
331,12,ok,11,29,18,True,True,14000,21,20,11,2.3416
329,12,ok,7,26,19,True,True,13905,29,20,7,2.672
330,12,ok,2,5,3,True,True,13953,16,137,2,2.5851
332,12,ok,3,8,5,True,True,14047,31,35,3,2.5465
333,12,ok,5,13,8,True,True,14094,37,22,5,2.5713
338,12,ok,3,10,7,True,True,14331,29,35,3,2.4199
336,12,ok,6,18,12,True,True,14236,22,36,6,2.45
334,12,ok,4,12,8,True,True,14142,37,33,4,2.6174
339,12,ok,7,19,12,True,True,14378,25,20,7,2.5453
335,12,ok,3,9,6,True,True,14189,20,79,3,2.7052
340,12,ok,2,7,5,True,True,14425,19,130,2,2.6513
337,12,ok,5,16,11,True,True,14283,45,22,5,2.8186
344,12,ok,4,11,7,True,True,14615,30,33,4,2.6983
341,12,ok,11,31,20,True,True,14473,24,20,11,2.9164
343,12,ok,5,16,11,True,True,14567,48,21,5,2.854
345,12,ok,3,8,5,True,True,14662,20,71,3,2.7329
342,12,ok,3,12,9,True,True,14520,20,35,3,2.9111
347,12,ok,5,13,8,True,True,14757,31,22,5,2.7818
346,12,ok,6,21,15,True,True,14710,31,41,6,2.8143
348,12,ok,3,9,6,True,True,14804,29,34,3,2.7798
349,12,ok,7,25,18,True,True,14852,35,22,7,2.7091
352,12,ok,3,8,5,True,True,14994,31,37,3,2.7983
353,12,ok,5,14,9,True,True,15042,18,23,5,2.6793
350,12,ok,2,9,7,True,True,14899,16,125,2,3.0397
351,12,ok,11,32,21,True,True,14947,27,21,11,3.0395
354,12,ok,4,10,6,True,True,15089,27,33,4,3.0015
359,12,ok,7,23,16,True,True,15327,22,24,7,2.7636
357,12,ok,5,12,7,True,True,15232,43,22,5,2.8886
355,12,ok,3,8,5,True,True,15137,21,73,3,3.0026
356,12,ok,6,17,11,True,True,15184,18,39,6,3.1454
360,12,ok,2,4,2,True,True,15375,18,135,2,2.8972
358,12,ok,3,11,8,True,True,15280,21,34,3,3.1219
363,12,ok,5,17,12,True,True,15518,23,21,5,2.9107
361,12,ok,11,34,23,True,True,15422,23,21,11,3.1249
362,12,ok,3,9,6,True,True,15470,31,34,3,3.265
366,12,ok,6,19,13,True,True,15661,18,38,6,3.0579
365,12,ok,3,16,13,True,True,15613,11,84,3,3.1156
364,12,ok,4,17,13,True,True,15565,19,35,4,3.2259
367,12,ok,5,16,11,True,True,15708,33,22,5,3.201
369,12,ok,7,18,11,True,True,15804,28,21,7,3.1843
370,12,ok,2,9,7,True,True,15851,20,151,2,3.2589
371,12,ok,11,36,25,True,True,15899,21,23,11,3.1949
368,12,ok,3,10,7,True,True,15756,29,33,3,3.5469
372,12,ok,3,9,6,True,True,15947,41,33,3,3.1097
376,12,ok,6,16,10,True,True,16138,22,35,6,3.2559
375,12,ok,3,6,3,True,True,16090,26,82,3,3.3691
373,12,ok,5,13,8,True,True,15995,41,22,5,3.5331
374,12,ok,4,8,4,True,True,16043,27,34,4,3.5265
377,12,ok,5,10,5,True,True,16186,38,21,5,3.3546
379,12,ok,7,14,7,True,True,16282,33,23,7,3.2604
380,12,ok,2,6,4,True,True,16330,18,140,2,3.4658
382,12,ok,3,11,8,True,True,16425,29,38,3,3.3526
378,12,ok,3,13,10,True,True,16234,22,38,3,3.8608
383,12,ok,5,17,12,True,True,16473,45,23,5,3.5532
381,12,ok,11,26,15,True,True,16377,23,28,11,3.772
384,12,ok,4,9,5,True,True,16521,30,34,4,3.6689
387,12,ok,5,13,8,True,True,16665,33,22,5,3.5905
385,12,ok,3,4,1,True,True,16569,19,70,3,3.6372
388,12,ok,3,10,7,True,True,16713,23,36,3,3.6503
386,12,ok,6,22,16,True,True,16617,22,36,6,3.7144
391,12,ok,11,33,22,True,True,16857,25,21,11,3.6808
390,12,ok,2,8,6,True,True,16809,19,146,2,3.9679
389,12,ok,7,16,9,True,True,16761,28,21,7,4.1614
393,12,ok,5,7,2,True,True,16953,43,22,5,3.763
395,12,ok,3,9,6,True,True,17049,16,71,3,3.5709
394,12,ok,4,13,9,True,True,17001,21,36,4,3.6682
396,12,ok,6,17,11,True,True,17097,31,36,6,3.7267
392,12,ok,3,10,7,True,True,16905,30,34,3,4.0719
398,12,ok,3,10,7,True,True,17193,18,33,3,3.6609
397,12,ok,5,11,6,True,True,17145,30,23,5,3.8536
399,12,ok,7,18,11,True,True,17241,22,22,7,3.7757
400,12,ok,2,11,9,True,True,17290,17,140,2,3.8306
401,12,ok,11,41,30,True,True,17338,21,25,11,3.878
403,12,ok,5,19,14,True,True,17434,35,23,5,3.9258
402,12,ok,3,8,5,True,True,17386,34,32,3,4.1343
404,12,ok,4,10,6,True,True,17482,24,36,4,4.0969
407,12,ok,5,16,11,True,True,17627,38,22,5,3.8826
406,12,ok,6,16,10,True,True,17579,34,36,6,3.99
405,12,ok,3,8,5,True,True,17530,22,74,3,4.1192
408,12,ok,3,12,9,True,True,17675,21,43,3,4.1773
409,12,ok,7,22,15,True,True,17723,32,25,7,4.2213
412,12,ok,3,14,11,True,True,17868,22,34,3,3.9658
410,12,ok,2,4,2,True,True,17771,22,155,2,4.4846
414,12,ok,4,8,4,True,True,17965,21,36,4,3.912
413,12,ok,5,14,9,True,True,17916,32,23,5,4.1196
411,12,ok,11,36,25,True,True,17820,19,20,11,4.5911
415,12,ok,3,9,6,True,True,18013,18,77,3,4.2172
416,12,ok,6,18,12,True,True,18061,19,35,6,4.2874
417,12,ok,5,17,12,True,True,18109,33,22,5,4.5064
418,12,ok,3,10,7,True,True,18158,33,35,3,4.8137
421,12,ok,11,41,30,True,True,18303,28,23,11,4.3038
419,12,ok,7,21,14,True,True,18206,30,21,7,4.8915
425,12,ok,3,11,8,True,True,18496,17,80,3,4.3189
423,12,ok,5,12,7,True,True,18400,42,20,5,4.4047
420,12,ok,2,8,6,True,True,18254,14,141,2,4.8588
424,12,ok,4,16,12,True,True,18448,24,35,4,4.5148
422,12,ok,3,11,8,True,True,18351,31,38,3,4.6386
428,12,ok,3,10,7,True,True,18642,29,37,3,4.3741
427,12,ok,5,20,15,True,True,18593,36,23,5,4.7062
430,12,ok,2,6,4,True,True,18739,16,130,2,4.4337
431,12,ok,11,32,21,True,True,18787,27,21,11,4.4064
432,12,ok,3,9,6,True,True,18836,23,32,3,4.3598
426,12,ok,6,14,8,True,True,18545,24,33,6,5.1733
429,12,ok,7,17,10,True,True,18690,25,25,7,5.0887
433,12,ok,5,15,10,True,True,18884,40,24,5,4.5183
435,12,ok,3,7,4,True,True,18981,19,83,3,4.3983
438,12,ok,3,9,6,True,True,19127,33,34,3,4.4853
436,12,ok,6,24,18,True,True,19030,18,37,6,4.6099
437,12,ok,5,15,10,True,True,19078,38,21,5,4.5885
434,12,ok,4,9,5,True,True,18933,31,36,4,5.2216
440,12,ok,2,8,6,True,True,19224,16,132,2,4.6777
439,12,ok,7,19,12,True,True,19175,28,20,7,4.8533
441,12,ok,11,28,17,True,True,19273,21,24,11,4.6029
444,12,ok,4,8,4,True,True,19418,35,35,4,4.6056
443,12,ok,5,12,7,True,True,19370,57,23,5,4.7752
442,12,ok,3,12,9,True,True,19321,34,39,3,5.2075
445,12,ok,3,13,10,True,True,19467,18,78,3,5.015
446,12,ok,6,22,16,True,True,19516,25,36,6,4.9715
447,12,ok,5,14,9,True,True,19564,25,22,5,4.7997
448,12,ok,3,12,9,True,True,19613,23,36,3,5.0085
450,12,ok,2,5,3,True,True,19710,25,139,2,4.8659
449,12,ok,7,19,12,True,True,19662,26,24,7,5.0288
452,12,ok,3,10,7,True,True,19808,20,38,3,4.8799
451,12,ok,11,40,29,True,True,19759,20,27,11,5.0863
453,12,ok,5,14,9,True,True,19857,34,24,5,4.9155
455,12,ok,3,6,3,True,True,19954,18,78,3,4.8774
456,12,ok,6,21,15,True,True,20003,20,37,6,4.9051
454,12,ok,4,10,6,True,True,19905,34,38,4,5.0511
457,12,ok,5,13,8,True,True,20052,39,22,5,5.2414
458,12,ok,3,6,3,True,True,20100,28,37,3,5.0657
460,12,ok,2,7,5,True,True,20198,18,141,2,5.0105
459,12,ok,7,18,11,True,True,20149,24,26,7,5.1987
461,12,ok,11,36,25,True,True,20247,23,23,11,5.2752
462,12,ok,3,9,6,True,True,20296,42,36,3,5.2722
463,12,ok,5,14,9,True,True,20344,37,23,5,5.2399
464,12,ok,4,13,9,True,True,20393,30,40,4,5.197
465,12,ok,3,12,9,True,True,20442,26,89,3,5.4446
467,12,ok,5,14,9,True,True,20540,26,24,5,5.294
466,12,ok,6,21,15,True,True,20491,18,43,6,5.344
468,12,ok,3,7,4,True,True,20589,50,36,3,5.3311
469,12,ok,7,18,11,True,True,20638,21,26,7,5.2905
470,12,ok,2,7,5,True,True,20686,19,141,2,5.5008
1,13,ok,12,12,0,True,True,28,2,3,12,0.0004
2,13,ok,4,6,2,True,True,49,3,11,4,0.0004
3,13,ok,9,15,6,True,True,73,3,9,9,0.0006
4,13,ok,4,7,3,True,True,98,3,14,4,0.0006
5,13,ok,9,16,7,True,True,125,4,8,9,0.0009
6,13,ok,4,8,4,True,True,154,3,15,4,0.0009
7,13,ok,9,17,8,True,True,183,4,8,9,0.0013
8,13,ok,4,8,4,True,True,213,4,19,4,0.0014
9,13,ok,9,20,11,True,True,244,5,11,9,0.0019
10,13,ok,4,8,4,True,True,275,4,23,4,0.0042
11,13,ok,9,18,9,True,True,307,5,10,9,0.0026
12,13,ok,4,8,4,True,True,340,7,23,4,0.0026
13,13,ok,9,19,10,True,True,372,6,14,9,0.0034
471,12,ok,11,45,34,True,True,20735,29,23,11,5.4153
14,13,ok,4,8,4,True,True,406,6,22,4,0.0062
15,13,ok,9,18,9,True,True,439,6,10,9,0.0042
16,13,ok,4,10,6,True,True,474,7,23,4,0.0051
17,13,ok,9,18,9,True,True,508,7,11,9,0.0051
18,13,ok,4,9,5,True,True,543,6,26,4,0.0057
19,13,ok,9,18,9,True,True,578,9,13,9,0.006
20,13,ok,4,11,7,True,True,613,8,27,4,0.0075
21,13,ok,9,18,9,True,True,649,7,17,9,0.0078
22,13,ok,4,9,5,True,True,684,10,30,4,0.008
23,13,ok,9,21,12,True,True,720,7,16,9,0.0089
24,13,ok,4,9,5,True,True,757,7,27,4,0.01
25,13,ok,9,21,12,True,True,793,10,17,9,0.0113
26,13,ok,4,9,5,True,True,830,7,30,4,0.0116
27,13,ok,9,25,16,True,True,867,8,15,9,0.0131
28,13,ok,4,13,9,True,True,904,7,29,4,0.0139
29,13,ok,9,22,13,True,True,941,7,16,9,0.0138
30,13,ok,4,8,4,True,True,979,10,33,4,0.0137
31,13,ok,9,21,12,True,True,1017,10,17,9,0.0153
32,13,ok,4,12,8,True,True,1055,6,35,4,0.0181
33,13,ok,9,21,12,True,True,1093,9,20,9,0.0189
34,13,ok,4,8,4,True,True,1131,7,34,4,0.0201
35,13,ok,9,20,11,True,True,1169,11,21,9,0.0238
36,13,ok,4,9,5,True,True,1208,9,43,4,0.0189
37,13,ok,9,24,15,True,True,1246,11,18,9,0.0221
38,13,ok,4,11,7,True,True,1285,10,33,4,0.0236
39,13,ok,9,18,9,True,True,1324,10,20,9,0.0234
40,13,ok,4,7,3,True,True,1363,8,33,4,0.0228
41,13,ok,9,24,15,True,True,1402,10,19,9,0.0266
42,13,ok,4,14,10,True,True,1442,9,38,4,0.0322
43,13,ok,9,25,16,True,True,1481,12,20,9,0.0324
44,13,ok,4,12,8,True,True,1521,9,38,4,0.0379
45,13,ok,9,20,11,True,True,1560,9,20,9,0.0313
472,12,ok,3,7,4,True,True,20784,35,39,3,5.6302
46,13,ok,4,12,8,True,True,1600,10,37,4,0.0311
47,13,ok,9,28,19,True,True,1640,9,21,9,0.0354
48,13,ok,4,13,9,True,True,1680,7,36,4,0.0497
49,13,ok,9,25,16,True,True,1720,11,21,9,0.0415
50,13,ok,4,10,6,True,True,1761,9,34,4,0.0382
51,13,ok,9,20,11,True,True,1801,11,19,9,0.0406
52,13,ok,4,7,3,True,True,1841,11,37,4,0.0423
53,13,ok,9,24,15,True,True,1882,10,22,9,0.0531
54,13,ok,4,14,10,True,True,1923,8,38,4,0.0474
473,12,ok,5,12,7,True,True,20833,38,25,5,5.3983
55,13,ok,9,13,4,True,True,1964,14,21,9,0.0596
56,13,ok,4,11,7,True,True,2004,8,40,4,0.047
57,13,ok,9,19,10,True,True,2045,9,22,9,0.0637
58,13,ok,4,11,7,True,True,2086,7,43,4,0.0607
60,13,ok,4,7,3,True,True,2169,9,38,4,0.0532
59,13,ok,9,28,19,True,True,2128,12,23,9,0.0904
62,13,ok,4,10,6,True,True,2252,9,42,4,0.0624
61,13,ok,9,15,6,True,True,2210,12,27,9,0.0705
474,12,ok,4,9,5,True,True,20882,24,39,4,5.4263
63,13,ok,9,19,10,True,True,2293,13,24,9,0.0653
64,13,ok,4,9,5,True,True,2335,11,40,4,0.0896
65,13,ok,9,25,16,True,True,2376,13,23,9,0.0734
66,13,ok,4,15,11,True,True,2418,9,37,4,0.0762
68,13,ok,4,8,4,True,True,2502,11,40,4,0.07
67,13,ok,9,27,18,True,True,2460,12,24,9,0.0765
70,13,ok,4,14,10,True,True,2586,9,39,4,0.0837
72,13,ok,4,14,10,True,True,2670,8,46,4,0.0832
71,13,ok,9,20,11,True,True,2628,10,26,9,0.0968
69,13,ok,9,23,14,True,True,2544,14,27,9,0.1157
73,13,ok,9,16,7,True,True,2712,13,23,9,0.0938
74,13,ok,4,14,10,True,True,2755,10,46,4,0.101
75,13,ok,9,25,16,True,True,2797,12,27,9,0.1066
76,13,ok,4,12,8,True,True,2840,11,39,4,0.1056
78,13,ok,4,10,6,True,True,2925,10,44,4,0.1118
77,13,ok,9,23,14,True,True,2882,10,22,9,0.1723
79,13,ok,9,18,9,True,True,2968,12,27,9,0.1111
80,13,ok,4,10,6,True,True,3010,9,44,4,0.1202
82,13,ok,4,8,4,True,True,3096,12,42,4,0.1153
81,13,ok,9,15,6,True,True,3053,12,27,9,0.1275
84,13,ok,4,11,7,True,True,3182,10,40,4,0.113
85,13,ok,9,23,14,True,True,3225,12,23,9,0.1219
86,13,ok,4,10,6,True,True,3268,14,48,4,0.1198
83,13,ok,9,23,14,True,True,3139,12,27,9,0.194
87,13,ok,9,23,14,True,True,3311,12,21,9,0.1475
476,12,ok,6,21,15,True,True,20980,20,36,6,5.5069
88,13,ok,4,14,10,True,True,3355,12,47,4,0.1297
89,13,ok,9,19,10,True,True,3398,13,27,9,0.1428
90,13,ok,4,9,5,True,True,3441,12,44,4,0.1373
92,13,ok,4,9,5,True,True,3528,12,47,4,0.1625
475,12,ok,3,7,4,True,True,20931,21,79,3,5.8158
94,13,ok,4,10,6,True,True,3616,11,47,4,0.1502
91,13,ok,9,22,13,True,True,3485,17,29,9,0.2403
96,13,ok,4,10,6,True,True,3703,13,48,4,0.1514
93,13,ok,9,23,14,True,True,3572,11,25,9,0.2082
95,13,ok,9,22,13,True,True,3659,16,29,9,0.2101
97,13,ok,9,25,16,True,True,3747,12,29,9,0.2056
99,13,ok,9,27,18,True,True,3834,13,29,9,0.1753
98,13,ok,4,9,5,True,True,3791,11,52,4,0.1857
101,13,ok,9,23,14,True,True,3922,14,25,9,0.1819
478,12,ok,3,7,4,True,True,21078,39,36,3,5.4872
477,12,ok,5,9,4,True,True,21029,32,24,5,5.9303
102,13,ok,4,9,5,True,True,3966,13,44,4,0.2338
100,13,ok,4,12,8,True,True,3878,9,51,4,0.2703
103,13,ok,9,22,13,True,True,4010,13,29,9,0.2246
104,13,ok,4,11,7,True,True,4055,9,49,4,0.2091
105,13,ok,9,22,13,True,True,4099,11,27,9,0.2071
106,13,ok,4,7,3,True,True,4143,16,47,4,0.2123
107,13,ok,9,21,12,True,True,4187,13,30,9,0.2071
108,13,ok,4,12,8,True,True,4232,12,49,4,0.2034
109,13,ok,9,24,15,True,True,4276,16,28,9,0.2095
110,13,ok,4,9,5,True,True,4320,10,49,4,0.2299
112,13,ok,4,13,9,True,True,4409,14,48,4,0.2496
111,13,ok,9,21,12,True,True,4365,13,26,9,0.2926
114,13,ok,4,11,7,True,True,4499,12,47,4,0.2329
113,13,ok,9,16,7,True,True,4454,10,27,9,0.2529
115,13,ok,9,19,10,True,True,4543,14,33,9,0.2585
116,13,ok,4,10,6,True,True,4588,12,45,4,0.2333
117,13,ok,9,22,13,True,True,4633,13,29,9,0.2402
118,13,ok,4,11,7,True,True,4678,11,57,4,0.2405
119,13,ok,9,27,18,True,True,4722,18,29,9,0.2598
120,13,ok,4,10,6,True,True,4767,11,50,4,0.2638
479,12,ok,7,22,15,True,True,21127,26,23,7,5.6798
121,13,ok,9,25,16,True,True,4812,15,33,9,0.3142
122,13,ok,4,11,7,True,True,4857,13,46,4,0.29
123,13,ok,9,23,14,True,True,4902,14,29,9,0.329
126,13,ok,4,14,10,True,True,5038,10,48,4,0.2788
124,13,ok,4,12,8,True,True,4947,13,55,4,0.3178
125,13,ok,9,27,18,True,True,4992,13,30,9,0.3129
127,13,ok,9,22,13,True,True,5083,14,28,9,0.3824
128,13,ok,4,11,7,True,True,5128,9,48,4,0.3764
132,13,ok,4,11,7,True,True,5309,11,56,4,0.3478
130,13,ok,4,11,7,True,True,5219,15,53,4,0.3761
129,13,ok,9,22,13,True,True,5173,15,26,9,0.4178
131,13,ok,9,23,14,True,True,5264,12,30,9,0.3667
134,13,ok,4,11,7,True,True,5400,16,49,4,0.3422
133,13,ok,9,24,15,True,True,5355,13,30,9,0.4061
136,13,ok,4,12,8,True,True,5491,12,50,4,0.3962
480,12,ok,2,7,5,True,True,21176,21,144,2,5.918
135,13,ok,9,21,12,True,True,5446,12,32,9,0.449
483,12,ok,5,15,10,True,True,21323,40,21,5,5.767
138,13,ok,4,11,7,True,True,5583,11,49,4,0.4193
137,13,ok,9,26,17,True,True,5537,13,32,9,0.4626
481,12,ok,11,28,17,True,True,21225,24,22,11,6.0278
139,13,ok,9,25,16,True,True,5628,16,27,9,0.3741
142,13,ok,4,13,9,True,True,5765,9,52,4,0.405
143,13,ok,9,24,15,True,True,5811,15,29,9,0.3754
140,13,ok,4,9,5,True,True,5674,17,51,4,0.4613
141,13,ok,9,24,15,True,True,5720,14,30,9,0.4632
146,13,ok,4,11,7,True,True,5949,12,53,4,0.4136
486,12,ok,6,20,14,True,True,21470,25,37,6,5.8483
485,12,ok,3,12,9,True,True,21421,21,76,3,5.9366
144,13,ok,4,11,7,True,True,5857,14,55,4,0.4815
145,13,ok,9,23,14,True,True,5903,17,33,9,0.4856
148,13,ok,4,9,5,True,True,6041,11,54,4,0.4446
147,13,ok,9,31,22,True,True,5995,16,32,9,0.616
151,13,ok,9,32,23,True,True,6179,15,29,9,0.4462
150,13,ok,4,12,8,True,True,6133,10,52,4,0.5068
152,13,ok,4,10,6,True,True,6225,15,53,4,0.4765
154,13,ok,4,7,3,True,True,6317,14,51,4,0.4634
149,13,ok,9,27,18,True,True,6087,12,31,9,0.6155
153,13,ok,9,25,16,True,True,6271,16,27,9,0.5275
157,13,ok,9,25,16,True,True,6456,12,31,9,0.4792
156,13,ok,4,9,5,True,True,6410,14,57,4,0.5832
159,13,ok,9,19,10,True,True,6549,20,31,9,0.4831
487,12,ok,5,17,12,True,True,21519,29,24,5,6.3471
160,13,ok,4,11,7,True,True,6595,14,54,4,0.5327
155,13,ok,9,25,16,True,True,6364,18,32,9,0.7
158,13,ok,4,11,7,True,True,6503,14,52,4,0.6114
162,13,ok,4,12,8,True,True,6688,16,51,4,0.5116
161,13,ok,9,19,10,True,True,6642,20,27,9,0.6068
482,12,ok,3,11,8,True,True,21274,30,39,3,6.7638
163,13,ok,9,21,12,True,True,6735,16,33,9,0.5026
164,13,ok,4,10,6,True,True,6781,12,53,4,0.5084
489,12,ok,7,19,12,True,True,21618,35,22,7,6.0867
484,12,ok,4,11,7,True,True,21372,22,41,4,6.8334
166,13,ok,4,10,6,True,True,6874,19,54,4,0.5203
165,13,ok,9,23,14,True,True,6828,12,30,9,0.6081
169,13,ok,9,23,14,True,True,7014,12,30,9,0.5729
167,13,ok,9,24,15,True,True,6921,17,35,9,0.6612
170,13,ok,4,9,5,True,True,7061,13,56,4,0.5642
172,13,ok,4,12,8,True,True,7155,10,57,4,0.5415
490,12,ok,2,8,6,True,True,21667,18,135,2,6.2512
171,13,ok,9,23,14,True,True,7108,13,32,9,0.6246
168,13,ok,4,14,10,True,True,6968,10,49,4,0.7514
174,13,ok,4,7,3,True,True,7248,20,63,4,0.6268
177,13,ok,9,25,16,True,True,7389,12,31,9,0.6416
179,13,ok,9,30,21,True,True,7483,13,33,9,0.6433
176,13,ok,4,12,8,True,True,7342,14,49,4,0.7042
493,12,ok,5,13,8,True,True,21814,45,22,5,5.9763
180,13,ok,4,12,8,True,True,7530,14,59,4,0.6188
492,12,ok,3,7,4,True,True,21765,26,41,3,6.1837
173,13,ok,9,25,16,True,True,7201,19,30,9,0.8271
178,13,ok,4,11,7,True,True,7436,10,60,4,0.6915
175,13,ok,9,23,14,True,True,7295,20,31,9,0.7711
181,13,ok,9,28,19,True,True,7577,14,32,9,0.6602
184,13,ok,4,9,5,True,True,7718,15,56,4,0.6639
182,13,ok,4,9,5,True,True,7624,14,52,4,0.7113
495,12,ok,3,13,10,True,True,21912,18,76,3,6.0042
183,13,ok,9,28,19,True,True,7671,18,31,9,0.8178
186,13,ok,4,14,10,True,True,7812,11,53,4,0.7376
189,13,ok,9,22,13,True,True,7954,16,33,9,0.6839
187,13,ok,9,23,14,True,True,7860,14,31,9,0.739
185,13,ok,9,27,18,True,True,7765,14,30,9,0.8602
188,13,ok,4,15,11,True,True,7907,18,56,4,0.7373
491,12,ok,11,44,33,True,True,21716,20,22,11,6.8962
488,12,ok,3,8,5,True,True,21568,25,37,3,7.1959
190,13,ok,4,13,9,True,True,8001,17,57,4,0.7258
191,13,ok,9,24,15,True,True,8049,22,34,9,0.8207
192,13,ok,4,7,3,True,True,8096,14,59,4,0.8535
193,13,ok,9,26,17,True,True,8143,13,32,9,0.836
194,13,ok,4,14,10,True,True,8191,9,54,4,0.7803
197,13,ok,9,23,14,True,True,8333,22,34,9,0.788
195,13,ok,9,23,14,True,True,8238,20,35,9,0.8239
198,13,ok,4,12,8,True,True,8381,16,51,4,0.8141
199,13,ok,9,26,17,True,True,8428,21,33,9,0.8227
196,13,ok,4,10,6,True,True,8286,13,63,4,0.856
203,13,ok,9,20,11,True,True,8619,17,34,9,0.856
202,13,ok,4,13,9,True,True,8571,15,54,4,0.9117
200,13,ok,4,10,6,True,True,8476,15,59,4,0.9581
494,12,ok,4,12,8,True,True,21863,40,38,4,6.8942
206,13,ok,4,9,5,True,True,8762,19,61,4,0.8519
204,13,ok,4,7,3,True,True,8666,14,54,4,0.8986
201,13,ok,9,20,11,True,True,8523,15,35,9,1.0773
205,13,ok,9,24,15,True,True,8714,19,36,9,1.129
209,13,ok,9,20,11,True,True,8905,20,37,9,0.8957
496,12,ok,6,16,10,True,True,21962,24,38,6,6.5534
208,13,ok,4,12,8,True,True,8857,19,62,4,0.9625
210,13,ok,4,10,6,True,True,8953,17,59,4,0.9248
207,13,ok,9,26,17,True,True,8809,15,32,9,1.0796
213,13,ok,9,33,24,True,True,9096,17,35,9,0.9491
214,13,ok,4,13,9,True,True,9144,16,57,4,0.936
211,13,ok,9,25,16,True,True,9001,17,32,9,1.0135
212,13,ok,4,13,9,True,True,9048,11,58,4,1.0524
216,13,ok,4,11,7,True,True,9240,15,56,4,0.9471
499,12,ok,7,18,11,True,True,22109,42,24,7,6.6633
497,12,ok,5,12,7,True,True,22011,35,24,5,6.8129
215,13,ok,9,21,12,True,True,9192,15,31,9,1.1667
220,13,ok,4,8,4,True,True,9432,15,57,4,0.966
217,13,ok,9,27,18,True,True,9288,15,31,9,1.0981
218,13,ok,4,11,7,True,True,9336,13,60,4,1.0733
221,13,ok,9,28,19,True,True,9480,16,32,9,0.9889
219,13,ok,9,28,19,True,True,9384,17,35,9,1.0443
500,12,ok,2,6,4,True,True,22158,14,146,2,6.7491
222,13,ok,4,10,6,True,True,9528,16,60,4,1.0116
223,13,ok,9,32,23,True,True,9576,14,33,9,1.049
225,13,ok,9,23,14,True,True,9673,17,34,9,1.1204
227,13,ok,9,28,19,True,True,9769,18,34,9,1.0747
224,13,ok,4,15,11,True,True,9625,18,54,4,1.2309
228,13,ok,4,13,9,True,True,9817,11,61,4,1.0665
229,13,ok,9,21,12,True,True,9866,17,32,9,1.0652
226,13,ok,4,13,9,True,True,9721,23,56,4,1.2011
230,13,ok,4,13,9,True,True,9914,15,58,4,1.112
498,12,ok,3,10,7,True,True,22060,41,38,3,7.4091
231,13,ok,9,32,23,True,True,9962,14,30,9,1.2977
233,13,ok,9,26,17,True,True,10059,19,38,9,1.1231
236,13,ok,4,9,5,True,True,10204,12,61,4,1.1255
234,13,ok,4,10,6,True,True,10107,13,58,4,1.1517
238,13,ok,4,12,8,True,True,10301,13,58,4,1.1773
232,13,ok,4,7,3,True,True,10011,18,55,4,1.345
235,13,ok,9,19,10,True,True,10156,16,30,9,1.3018
239,13,ok,9,21,12,True,True,10349,17,32,9,1.2198
241,13,ok,9,25,16,True,True,10446,16,31,9,1.2553
240,13,ok,4,12,8,True,True,10398,13,57,4,1.3316
237,13,ok,9,23,14,True,True,10252,16,34,9,1.421
242,13,ok,4,16,12,True,True,10495,13,63,4,1.2251
243,13,ok,9,22,13,True,True,10544,21,34,9,1.2545
244,13,ok,4,13,9,True,True,10592,14,62,4,1.2579
246,13,ok,4,16,12,True,True,10689,13,61,4,1.2063
249,13,ok,9,21,12,True,True,10835,17,34,9,1.2526
245,13,ok,9,30,21,True,True,10641,13,33,9,1.4435
250,13,ok,4,12,8,True,True,10884,14,58,4,1.3604
252,13,ok,4,12,8,True,True,10982,17,68,4,1.3268
247,13,ok,9,28,19,True,True,10738,20,33,9,1.4388
248,13,ok,4,10,6,True,True,10787,20,63,4,1.4568
251,13,ok,9,28,19,True,True,10933,17,35,9,1.4142
253,13,ok,9,27,18,True,True,11030,20,34,9,1.3767
255,13,ok,9,26,17,True,True,11128,18,37,9,1.3886
258,13,ok,4,12,8,True,True,11275,21,59,4,1.3661
254,13,ok,4,11,7,True,True,11079,17,57,4,1.4389
257,13,ok,9,23,14,True,True,11226,17,32,9,1.4038
256,13,ok,4,10,6,True,True,11177,15,61,4,1.5572
259,13,ok,9,26,17,True,True,11323,16,32,9,1.4957
260,13,ok,4,11,7,True,True,11372,14,64,4,1.5428
263,13,ok,9,25,16,True,True,11519,26,39,9,1.4215
264,13,ok,4,10,6,True,True,11568,12,61,4,1.4758
261,13,ok,9,24,15,True,True,11421,18,36,9,1.7102
265,13,ok,9,27,18,True,True,11617,19,32,9,1.5428
262,13,ok,4,12,8,True,True,11470,22,69,4,1.6623
266,13,ok,4,16,12,True,True,11666,15,71,4,1.5043
269,13,ok,9,21,12,True,True,11813,16,35,9,1.5164
270,13,ok,4,13,9,True,True,11863,18,55,4,1.5734
268,13,ok,4,11,7,True,True,11764,13,67,4,1.7291
267,13,ok,9,19,10,True,True,11715,19,38,9,1.7469
273,13,ok,9,28,19,True,True,12010,13,34,9,1.619
274,13,ok,4,14,10,True,True,12059,18,59,4,1.6369
272,13,ok,4,13,9,True,True,11961,13,65,4,1.7364
276,13,ok,4,9,5,True,True,12158,18,60,4,1.5816
271,13,ok,9,27,18,True,True,11912,15,33,9,1.7776
275,13,ok,9,31,22,True,True,12108,12,40,9,1.6618
277,13,ok,9,23,14,True,True,12207,21,34,9,1.6346
280,13,ok,4,11,7,True,True,12355,14,71,4,1.7057
278,13,ok,4,13,9,True,True,12256,27,59,4,1.7953
283,13,ok,9,26,17,True,True,12503,19,38,9,1.7655
279,13,ok,9,25,16,True,True,12305,18,36,9,1.954
281,13,ok,9,25,16,True,True,12404,19,36,9,1.9553
282,13,ok,4,16,12,True,True,12453,14,62,4,1.9365
284,13,ok,4,11,7,True,True,12552,15,64,4,1.9156
286,13,ok,4,12,8,True,True,12651,18,65,4,1.8508
288,13,ok,4,14,10,True,True,12750,20,59,4,1.8495
287,13,ok,9,25,16,True,True,12700,23,34,9,1.8752
285,13,ok,9,23,14,True,True,12601,22,34,9,1.9329
290,13,ok,4,16,12,True,True,12849,15,62,4,1.9032
289,13,ok,9,32,23,True,True,12799,16,38,9,2.0312
292,13,ok,4,16,12,True,True,12948,16,67,4,1.9067
291,13,ok,9,30,21,True,True,12898,18,36,9,2.0976
293,13,ok,9,24,15,True,True,12997,22,33,9,1.9245
295,13,ok,9,24,15,True,True,13096,19,35,9,1.9503
297,13,ok,9,26,17,True,True,13196,21,38,9,1.996
298,13,ok,4,17,13,True,True,13245,16,65,4,1.9853
294,13,ok,4,14,10,True,True,13047,13,62,4,2.2486
296,13,ok,4,10,6,True,True,13146,15,62,4,2.2461
299,13,ok,9,29,20,True,True,13295,16,41,9,2.0558
303,13,ok,9,31,22,True,True,13494,14,34,9,2.1072
302,13,ok,4,14,10,True,True,13444,24,65,4,2.2096
300,13,ok,4,13,9,True,True,13344,15,68,4,2.2572
305,13,ok,9,23,14,True,True,13593,20,41,9,2.0856
301,13,ok,9,20,11,True,True,13394,20,38,9,2.3216
308,13,ok,4,11,7,True,True,13742,16,66,4,2.1581
307,13,ok,9,29,20,True,True,13692,19,36,9,2.2976
304,13,ok,4,14,10,True,True,13543,15,63,4,2.3938
306,13,ok,4,14,10,True,True,13643,11,60,4,2.4136
309,13,ok,9,22,13,True,True,13792,22,34,9,2.1295
311,13,ok,9,21,12,True,True,13892,20,39,9,2.2182
312,13,ok,4,14,10,True,True,13942,15,67,4,2.1758
310,13,ok,4,13,9,True,True,13842,24,66,4,2.3978
313,13,ok,9,24,15,True,True,13991,17,39,9,2.267
315,13,ok,9,33,24,True,True,14091,17,34,9,2.2555
316,13,ok,4,16,12,True,True,14141,15,70,4,2.159
314,13,ok,4,11,7,True,True,14041,17,60,4,2.4575
317,13,ok,9,29,20,True,True,14191,21,38,9,2.3724
319,13,ok,9,28,19,True,True,14291,22,36,9,2.3526
318,13,ok,4,16,12,True,True,14241,16,65,4,2.5116
322,13,ok,4,9,5,True,True,14441,16,64,4,2.2759
321,13,ok,9,26,17,True,True,14391,18,36,9,2.3961
320,13,ok,4,12,8,True,True,14341,18,59,4,2.5862
324,13,ok,4,12,8,True,True,14541,22,66,4,2.3226
326,13,ok,4,12,8,True,True,14641,17,68,4,2.3177
325,13,ok,9,33,24,True,True,14591,22,34,9,2.4859
323,13,ok,9,30,21,True,True,14491,17,35,9,2.7254
327,13,ok,9,28,19,True,True,14691,20,34,9,2.3997
330,13,ok,4,13,9,True,True,14842,17,66,4,2.5221
328,13,ok,4,15,11,True,True,14742,18,63,4,2.7162
334,13,ok,4,8,4,True,True,15043,22,66,4,2.4719
329,13,ok,9,27,18,True,True,14792,21,37,9,2.7895
332,13,ok,4,15,11,True,True,14942,19,63,4,2.557
333,13,ok,9,26,17,True,True,14992,20,43,9,2.6531
331,13,ok,9,26,17,True,True,14892,17,36,9,2.7614
336,13,ok,4,12,8,True,True,15143,15,62,4,2.5009
337,13,ok,9,31,22,True,True,15193,21,39,9,2.6444
335,13,ok,9,22,13,True,True,15093,21,36,9,2.8794
340,13,ok,4,14,10,True,True,15344,13,66,4,2.5958
338,13,ok,4,9,5,True,True,15244,16,68,4,2.9938
339,13,ok,9,27,18,True,True,15294,19,35,9,3.0773
342,13,ok,4,11,7,True,True,15445,18,63,4,2.7797
346,13,ok,4,10,6,True,True,15646,17,68,4,2.6585
344,13,ok,4,14,10,True,True,15546,15,62,4,2.7974
345,13,ok,9,28,19,True,True,15596,17,37,9,2.815
343,13,ok,9,30,21,True,True,15495,18,39,9,3.0991
341,13,ok,9,32,23,True,True,15394,19,43,9,3.191
349,13,ok,9,26,17,True,True,15798,17,35,9,2.8461
348,13,ok,4,12,8,True,True,15747,17,62,4,2.9648
347,13,ok,9,27,18,True,True,15697,18,41,9,3.1428
350,13,ok,4,14,10,True,True,15848,14,61,4,2.9267
351,13,ok,9,32,23,True,True,15898,20,35,9,2.7814
354,13,ok,4,10,6,True,True,16050,17,63,4,2.8657
352,13,ok,4,13,9,True,True,15949,18,62,4,3.0227
355,13,ok,9,29,20,True,True,16100,17,34,9,2.9147
356,13,ok,4,12,8,True,True,16151,13,72,4,3.0665
358,13,ok,4,11,7,True,True,16252,19,69,4,2.9586
353,13,ok,9,30,21,True,True,15999,19,35,9,3.3885
359,13,ok,9,26,17,True,True,16303,21,42,9,3.1271
357,13,ok,9,27,18,True,True,16202,24,38,9,3.5448
361,13,ok,9,23,14,True,True,16404,21,41,9,2.9918
363,13,ok,9,25,16,True,True,16505,21,36,9,3.166
360,13,ok,4,11,7,True,True,16353,13,66,4,3.4102
366,13,ok,4,10,6,True,True,16657,18,71,4,3.0871
364,13,ok,4,12,8,True,True,16556,15,64,4,3.2439
362,13,ok,4,10,6,True,True,16455,16,70,4,3.4467
367,13,ok,9,29,20,True,True,16708,22,36,9,3.2638
369,13,ok,9,30,21,True,True,16809,14,38,9,3.2242
365,13,ok,9,35,26,True,True,16606,20,41,9,3.499
368,13,ok,4,13,9,True,True,16759,22,62,4,3.6747
373,13,ok,9,30,21,True,True,17012,20,35,9,3.2257
372,13,ok,4,12,8,True,True,16962,15,64,4,3.3527
370,13,ok,4,14,10,True,True,16860,20,66,4,3.5941
375,13,ok,9,27,18,True,True,17114,21,37,9,3.3679
374,13,ok,4,12,8,True,True,17063,21,67,4,3.5363
371,13,ok,9,28,19,True,True,16911,19,38,9,3.8543
378,13,ok,4,13,9,True,True,17266,15,64,4,3.4073
376,13,ok,4,10,6,True,True,17165,24,64,4,3.7607
382,13,ok,4,11,7,True,True,17470,22,61,4,3.4134
379,13,ok,9,34,25,True,True,17317,25,38,9,3.5639
381,13,ok,9,35,26,True,True,17419,17,38,9,3.5694
377,13,ok,9,27,18,True,True,17216,16,34,9,4.0158
383,13,ok,9,32,23,True,True,17521,20,37,9,3.5082
380,13,ok,4,14,10,True,True,17368,14,69,4,3.872
384,13,ok,4,16,12,True,True,17572,16,62,4,3.619
385,13,ok,9,30,21,True,True,17623,26,37,9,3.5457
387,13,ok,9,27,18,True,True,17725,21,41,9,3.5709
386,13,ok,4,13,9,True,True,17674,13,68,4,3.6922
391,13,ok,9,31,22,True,True,17929,21,39,9,4.6194
388,13,ok,4,10,6,True,True,17776,19,67,4,5.2093
389,13,ok,9,27,18,True,True,17827,21,40,9,4.7188
392,13,ok,4,17,13,True,True,17980,16,66,4,4.6939
394,13,ok,4,12,8,True,True,18082,20,70,4,4.6462
393,13,ok,9,24,15,True,True,18031,19,38,9,4.8825
397,13,ok,9,30,21,True,True,18235,18,40,9,4.7822
398,13,ok,4,12,8,True,True,18286,15,70,4,4.7608
390,13,ok,4,12,8,True,True,17878,22,69,4,5.6783
396,13,ok,4,16,12,True,True,18184,16,69,4,5.2425
399,13,ok,9,21,12,True,True,18337,17,35,9,5.0557
395,13,ok,9,26,17,True,True,18133,19,37,9,5.6664
401,13,ok,9,24,15,True,True,18440,16,39,9,4.8837
402,13,ok,4,12,8,True,True,18491,15,72,4,4.9105
400,13,ok,4,17,13,True,True,18388,14,72,4,5.2805
404,13,ok,4,13,9,True,True,18593,22,71,4,5.0066
403,13,ok,9,23,14,True,True,18542,18,41,9,5.3669
407,13,ok,9,27,18,True,True,18747,21,38,9,5.1053
409,13,ok,9,21,12,True,True,18849,19,36,9,5.0565
408,13,ok,4,17,13,True,True,18798,25,68,4,5.1254
410,13,ok,4,13,9,True,True,18901,26,67,4,5.212
411,13,ok,9,33,24,True,True,18952,17,36,9,5.2107
413,13,ok,9,22,13,True,True,19054,22,40,9,5.0716
412,13,ok,4,13,9,True,True,19003,28,70,4,5.2164
414,13,ok,4,14,10,True,True,19106,13,67,4,5.2813
415,13,ok,9,27,18,True,True,19157,20,37,9,5.3196
416,13,ok,4,15,11,True,True,19208,18,70,4,5.1641
405,13,ok,9,21,12,True,True,18644,23,37,9,6.2857
406,13,ok,4,7,3,True,True,18696,15,70,4,6.315
417,13,ok,9,25,16,True,True,19260,18,39,9,5.214
418,13,ok,4,9,5,True,True,19311,15,70,4,5.4491
419,13,ok,9,29,20,True,True,19362,22,36,9,4.2709
421,13,ok,9,25,16,True,True,19465,17,39,9,4.4811
422,13,ok,4,12,8,True,True,19517,17,68,4,4.3856
423,13,ok,9,26,17,True,True,19568,27,37,9,4.4478
420,13,ok,4,10,6,True,True,19414,16,68,4,4.8573
424,13,ok,4,16,12,True,True,19620,13,62,4,4.4436
426,13,ok,4,15,11,True,True,19722,16,69,4,4.4435
425,13,ok,9,34,25,True,True,19671,17,41,9,4.5235
428,13,ok,4,14,10,True,True,19825,21,76,4,4.6707
429,13,ok,9,25,16,True,True,19877,20,38,9,4.5824
431,13,ok,9,31,22,True,True,19980,17,37,9,4.6873
427,13,ok,9,25,16,True,True,19774,18,41,9,5.1972
432,13,ok,4,14,10,True,True,20031,16,73,4,4.6682
434,13,ok,4,14,10,True,True,20135,22,69,4,4.6508
430,13,ok,4,13,9,True,True,19928,17,65,4,5.4356
437,13,ok,9,28,19,True,True,20289,18,41,9,4.7227
433,13,ok,9,22,13,True,True,20083,19,42,9,5.5225
435,13,ok,9,23,14,True,True,20186,25,42,9,5.3149
436,13,ok,4,16,12,True,True,20238,17,69,4,5.2561
439,13,ok,9,24,15,True,True,20393,29,38,9,4.9304
441,13,ok,9,32,23,True,True,20496,23,40,9,4.8396
440,13,ok,4,12,8,True,True,20444,20,68,4,4.9663
438,13,ok,4,10,6,True,True,20341,16,66,4,5.4026
443,13,ok,9,24,15,True,True,20599,23,42,9,5.0381
445,13,ok,9,21,12,True,True,20703,21,39,9,4.9575
442,13,ok,4,11,7,True,True,20547,17,65,4,5.382
446,13,ok,4,13,9,True,True,20754,19,67,4,5.0807
448,13,ok,4,13,9,True,True,20858,22,70,4,4.9495
444,13,ok,4,10,6,True,True,20651,23,72,4,5.5506
447,13,ok,9,25,16,True,True,20806,22,39,9,5.8229
450,13,ok,4,12,8,True,True,20961,23,69,4,5.5258
452,13,ok,4,15,11,True,True,21065,21,69,4,6.1766
449,13,ok,9,25,16,True,True,20909,16,46,9,7.0395
453,13,ok,9,21,12,True,True,21116,22,42,9,6.1705
455,13,ok,9,29,20,True,True,21220,22,36,9,6.1532
456,13,ok,4,9,5,True,True,21272,19,68,4,6.202
454,13,ok,4,12,8,True,True,21168,15,67,4,6.6712
451,13,ok,9,23,14,True,True,21013,20,39,9,7.4109
457,13,ok,9,26,17,True,True,21324,25,39,9,6.6206
458,13,ok,4,11,7,True,True,21375,19,74,4,6.3763
459,13,ok,9,28,19,True,True,21427,22,40,9,6.5178
460,13,ok,4,11,7,True,True,21479,15,65,4,6.5591
461,13,ok,9,22,13,True,True,21531,21,36,9,6.6725
463,13,ok,9,30,21,True,True,21635,23,37,9,6.4146
465,13,ok,9,26,17,True,True,21739,19,38,9,6.3851
462,13,ok,4,12,8,True,True,21583,18,72,4,7.7104
464,13,ok,4,13,9,True,True,21687,19,70,4,7.0974
470,13,ok,4,14,10,True,True,21998,17,78,4,6.5041
466,13,ok,4,13,9,True,True,21791,14,71,4,7.0815
469,13,ok,9,27,18,True,True,21946,22,38,9,6.919
467,13,ok,9,29,20,True,True,21843,21,39,9,7.2841
468,13,ok,4,10,6,True,True,21894,16,73,4,7.1583
1,14,ok,13,13,0,True,True,30,2,3,13,0.0004
2,14,ok,3,3,0,True,True,52,3,6,3,0.0003
3,14,ok,4,6,2,True,True,78,4,9,4,0.0005
4,14,ok,4,7,3,True,True,105,4,11,4,0.0007
5,14,ok,9,14,5,True,True,134,6,6,9,0.0014
6,14,ok,2,5,3,True,True,164,4,24,2,0.0009
7,14,ok,10,18,8,True,True,195,5,5,10,0.0014
8,14,ok,3,7,4,True,True,227,4,21,3,0.002
9,14,ok,5,11,6,True,True,260,4,19,5,0.0022
10,14,ok,4,7,3,True,True,293,4,14,4,0.0019
11,14,ok,8,11,3,True,True,327,7,6,8,0.004
12,14,ok,2,6,4,True,True,362,5,56,2,0.0026
13,14,ok,13,26,13,True,True,397,6,8,13,0.0045
14,14,ok,3,6,3,True,True,432,5,15,3,0.0052
15,14,ok,4,9,5,True,True,468,7,20,4,0.0041
16,14,ok,4,7,3,True,True,504,5,25,4,0.0042
17,14,ok,9,21,12,True,True,540,8,9,9,0.0058
18,14,ok,2,5,3,True,True,577,5,35,2,0.005
19,14,ok,10,19,9,True,True,614,11,10,10,0.0064
20,14,ok,3,8,5,True,True,652,8,36,3,0.0062
21,14,ok,5,11,6,True,True,690,13,21,5,0.0072
22,14,ok,4,6,2,True,True,728,6,16,4,0.0074
23,14,ok,8,14,6,True,True,766,10,12,8,0.0087
24,14,ok,2,6,4,True,True,804,5,76,2,0.0086
25,14,ok,13,29,16,True,True,843,9,13,13,0.0146
26,14,ok,3,9,6,True,True,882,8,19,3,0.0119
27,14,ok,4,8,4,True,True,921,12,23,4,0.0118
28,14,ok,4,16,12,True,True,961,6,31,4,0.0125
474,13,ok,4,15,11,True,True,22206,21,68,4,6.6678
29,14,ok,9,14,5,True,True,1000,13,11,9,0.014
30,14,ok,2,6,4,True,True,1040,6,43,2,0.0136
31,14,ok,10,18,8,True,True,1080,8,12,10,0.0191
32,14,ok,3,6,3,True,True,1120,16,37,3,0.0152
33,14,ok,5,8,3,True,True,1161,12,26,5,0.0188
34,14,ok,4,9,5,True,True,1201,7,19,4,0.0175
36,14,ok,2,6,4,True,True,1283,6,83,2,0.0193
35,14,ok,8,18,10,True,True,1242,11,12,8,0.0222
37,14,ok,13,33,20,True,True,1324,10,13,13,0.0242
38,14,ok,3,7,4,True,True,1365,19,18,3,0.0231
39,14,ok,4,9,5,True,True,1406,8,27,4,0.0234
40,14,ok,4,13,9,True,True,1447,9,34,4,0.0249
41,14,ok,9,15,6,True,True,1489,12,14,9,0.0268
42,14,ok,2,5,3,True,True,1531,7,56,2,0.0303
43,14,ok,10,23,13,True,True,1573,12,12,10,0.0311
44,14,ok,3,7,4,True,True,1614,9,40,3,0.0355
45,14,ok,5,18,13,True,True,1657,8,28,5,0.0322
46,14,ok,4,11,7,True,True,1699,10,23,4,0.038
47,14,ok,8,20,12,True,True,1741,14,16,8,0.0361
48,14,ok,2,6,4,True,True,1784,8,96,2,0.0389
49,14,ok,13,31,18,True,True,1826,9,15,13,0.0409
50,14,ok,3,8,5,True,True,1869,10,22,3,0.0429
51,14,ok,4,16,12,True,True,1912,16,29,4,0.0413
477,13,ok,9,30,21,True,True,22362,16,38,9,6.7379
471,13,ok,9,30,21,True,True,22050,22,39,9,7.4361
473,13,ok,9,32,23,True,True,22154,21,42,9,7.0365
52,14,ok,4,9,5,True,True,1955,7,42,4,0.0473
53,14,ok,9,18,9,True,True,1998,15,16,9,0.0459
54,14,ok,2,5,3,True,True,2041,10,65,2,0.0452
56,14,ok,3,8,5,True,True,2127,9,43,3,0.0513
55,14,ok,10,23,13,True,True,2084,12,17,10,0.0623
57,14,ok,5,10,5,True,True,2171,11,31,5,0.0589
58,14,ok,4,10,6,True,True,2214,9,26,4,0.0531
59,14,ok,8,18,10,True,True,2258,16,15,8,0.0577
60,14,ok,2,7,5,True,True,2301,8,127,2,0.06
475,13,ok,9,28,19,True,True,22258,17,40,9,7.0745
61,14,ok,13,32,19,True,True,2345,10,16,13,0.07
62,14,ok,3,9,6,True,True,2389,10,27,3,0.0685
63,14,ok,4,12,8,True,True,2433,14,31,4,0.0641
64,14,ok,4,12,8,True,True,2477,9,48,4,0.0664
472,13,ok,4,12,8,True,True,22102,26,70,4,7.4785
66,14,ok,2,5,3,True,True,2566,11,56,2,0.0707
65,14,ok,9,23,14,True,True,2521,10,15,9,0.0795
476,13,ok,4,10,6,True,True,22310,13,66,4,7.0769
67,14,ok,10,29,19,True,True,2610,13,15,10,0.089
69,14,ok,5,12,7,True,True,2699,11,35,5,0.0776
68,14,ok,3,10,7,True,True,2654,11,45,3,0.0973
70,14,ok,4,12,8,True,True,2743,11,27,4,0.086
72,14,ok,2,7,5,True,True,2833,8,119,2,0.0854
71,14,ok,8,14,6,True,True,2788,17,15,8,0.0937
73,14,ok,13,33,20,True,True,2878,10,17,13,0.1004
74,14,ok,3,9,6,True,True,2922,14,24,3,0.0961
75,14,ok,4,10,6,True,True,2967,14,36,4,0.1113
76,14,ok,4,11,7,True,True,3012,11,45,4,0.105
78,14,ok,2,4,2,True,True,3103,13,67,2,0.1016
77,14,ok,9,25,16,True,True,3057,14,17,9,0.1285
79,14,ok,10,32,22,True,True,3148,14,15,10,0.1118
81,14,ok,5,19,14,True,True,3239,8,36,5,0.1148
82,14,ok,4,10,6,True,True,3284,9,24,4,0.1136
80,14,ok,3,10,7,True,True,3193,11,43,3,0.1374
84,14,ok,2,5,3,True,True,3375,11,117,2,0.1197
85,14,ok,13,33,20,True,True,3421,14,19,13,0.1307
83,14,ok,8,20,12,True,True,3330,12,15,8,0.1528
87,14,ok,4,10,6,True,True,3512,16,36,4,0.1295
86,14,ok,3,12,9,True,True,3466,11,27,3,0.1497
88,14,ok,4,12,8,True,True,3558,11,52,4,0.1422
89,14,ok,9,18,9,True,True,3604,16,17,9,0.1458
90,14,ok,2,8,6,True,True,3650,9,66,2,0.1574
91,14,ok,10,22,12,True,True,3696,13,17,10,0.1488
92,14,ok,3,8,5,True,True,3742,15,42,3,0.1486
93,14,ok,5,14,9,True,True,3788,9,34,5,0.1688
94,14,ok,4,9,5,True,True,3834,13,26,4,0.1598
95,14,ok,8,20,12,True,True,3881,33,17,8,0.1798
96,14,ok,2,6,4,True,True,3927,6,117,2,0.1588
97,14,ok,13,34,21,True,True,3973,11,18,13,0.204
99,14,ok,4,7,3,True,True,4066,11,39,4,0.1697
480,13,ok,4,12,8,True,True,22519,17,72,4,6.2554
98,14,ok,3,8,5,True,True,4020,17,26,3,0.2241
100,14,ok,4,15,11,True,True,4113,11,49,4,0.1725
101,14,ok,9,22,13,True,True,4159,15,18,9,0.2245
102,14,ok,2,4,2,True,True,4206,11,67,2,0.2139
104,14,ok,3,6,3,True,True,4300,11,51,3,0.1946
103,14,ok,10,22,12,True,True,4253,20,16,10,0.2089
105,14,ok,5,16,11,True,True,4346,10,34,5,0.2028
106,14,ok,4,12,8,True,True,4393,10,27,4,0.1974
107,14,ok,8,17,9,True,True,4440,15,17,8,0.2081
109,14,ok,13,40,27,True,True,4534,15,18,13,0.2217
108,14,ok,2,6,4,True,True,4487,8,123,2,0.2258
110,14,ok,3,7,4,True,True,4581,17,27,3,0.2461
111,14,ok,4,13,9,True,True,4628,15,44,4,0.2364
112,14,ok,4,9,5,True,True,4675,8,48,4,0.2313
113,14,ok,9,18,9,True,True,4723,17,17,9,0.263
114,14,ok,2,5,3,True,True,4770,15,70,2,0.2285
115,14,ok,10,26,16,True,True,4817,18,16,10,0.2444
116,14,ok,3,8,5,True,True,4865,16,58,3,0.2376
117,14,ok,5,13,8,True,True,4912,14,36,5,0.2495
118,14,ok,4,11,7,True,True,4959,13,33,4,0.2838
478,13,ok,4,10,6,True,True,22415,20,65,4,7.7491
120,14,ok,2,8,6,True,True,5055,11,127,2,0.266
119,14,ok,8,16,8,True,True,5007,18,20,8,0.2841
121,14,ok,13,33,20,True,True,5102,16,18,13,0.2965
122,14,ok,3,10,7,True,True,5150,16,29,3,0.3039
123,14,ok,4,11,7,True,True,5197,14,43,4,0.2824
124,14,ok,4,9,5,True,True,5245,13,50,4,0.2846
125,14,ok,9,21,12,True,True,5293,15,21,9,0.2947
126,14,ok,2,6,4,True,True,5341,14,71,2,0.2986
481,13,ok,9,25,16,True,True,22571,18,43,9,6.009
127,14,ok,10,23,13,True,True,5389,15,19,10,0.3619
128,14,ok,3,5,2,True,True,5437,13,50,3,0.3471
129,14,ok,5,9,4,True,True,5484,12,43,5,0.3093
484,13,ok,4,14,10,True,True,22727,16,79,4,5.9122
131,14,ok,8,17,9,True,True,5581,16,17,8,0.3348
483,13,ok,9,25,16,True,True,22675,20,43,9,6.0643
130,14,ok,4,13,9,True,True,5532,16,28,4,0.3687
132,14,ok,2,5,3,True,True,5629,12,141,2,0.3513
479,13,ok,9,21,12,True,True,22467,21,42,9,7.7873
134,14,ok,3,9,6,True,True,5725,15,29,3,0.3321
133,14,ok,13,38,25,True,True,5677,12,18,13,0.3656
135,14,ok,4,11,7,True,True,5773,10,43,4,0.3571
136,14,ok,4,15,11,True,True,5821,15,55,4,0.3462
137,14,ok,9,23,14,True,True,5870,17,19,9,0.3636
138,14,ok,2,9,7,True,True,5918,12,80,2,1.4214
139,14,ok,10,21,11,True,True,5966,15,21,10,1.4265
140,14,ok,3,7,4,True,True,6015,11,50,3,1.4147
141,14,ok,5,15,10,True,True,6063,14,42,5,1.3879
143,14,ok,8,22,14,True,True,6160,22,17,8,1.4438
144,14,ok,2,5,3,True,True,6209,10,133,2,1.4597
485,13,ok,9,30,21,True,True,22779,19,38,9,7.0146
147,14,ok,4,9,5,True,True,6355,15,54,4,1.436
142,14,ok,4,13,9,True,True,6112,10,31,4,1.5014
148,14,ok,4,9,5,True,True,6403,11,54,4,1.4412
146,14,ok,3,8,5,True,True,6306,13,29,3,1.4827
149,14,ok,9,24,15,True,True,6452,17,20,9,1.4482
145,14,ok,13,33,20,True,True,6257,14,20,13,1.5051
150,14,ok,2,6,4,True,True,6501,14,70,2,1.4479
486,13,ok,4,18,14,True,True,22831,19,78,4,7.1689
151,14,ok,10,28,18,True,True,6550,14,16,10,1.4835
154,14,ok,4,12,8,True,True,6696,10,32,4,0.4743
155,14,ok,8,24,16,True,True,6745,22,17,8,0.4649
152,14,ok,3,9,6,True,True,6598,16,51,3,0.5275
153,14,ok,5,12,7,True,True,6647,14,42,5,0.5513
156,14,ok,2,4,2,True,True,6794,15,137,2,0.4721
158,14,ok,3,6,3,True,True,6892,13,31,3,0.4773
159,14,ok,4,16,12,True,True,6941,19,42,4,0.489
157,14,ok,13,29,16,True,True,6843,19,20,13,0.5777
162,14,ok,2,6,4,True,True,7089,15,77,2,0.5121
161,14,ok,9,21,12,True,True,7040,18,20,9,0.54
482,13,ok,4,11,7,True,True,22623,21,67,4,8.1323
163,14,ok,10,25,15,True,True,7138,22,22,10,0.5158
165,14,ok,5,13,8,True,True,7237,15,46,5,0.518
164,14,ok,3,8,5,True,True,7187,12,58,3,0.5743
160,14,ok,4,13,9,True,True,6990,13,53,4,0.6526
166,14,ok,4,10,6,True,True,7286,15,34,4,0.5559
167,14,ok,8,19,11,True,True,7335,22,20,8,0.5673
489,13,ok,9,21,12,True,True,22988,19,44,9,7.2376
168,14,ok,2,6,4,True,True,7385,15,145,2,0.5802
169,14,ok,13,30,17,True,True,7434,15,18,13,0.5777
172,14,ok,4,8,4,True,True,7583,12,57,4,0.5946
170,14,ok,3,8,5,True,True,7484,14,33,3,0.6688
173,14,ok,9,21,12,True,True,7632,23,19,9,0.592
171,14,ok,4,13,9,True,True,7533,26,46,4,0.6721
174,14,ok,2,5,3,True,True,7682,16,86,2,0.5922
490,13,ok,4,16,12,True,True,23040,18,71,4,7.4567
177,14,ok,5,14,9,True,True,7831,12,42,5,0.6435
179,14,ok,8,18,10,True,True,7930,24,19,8,0.6409
176,14,ok,3,8,5,True,True,7781,22,54,3,0.6583
180,14,ok,2,8,6,True,True,7980,14,157,2,0.6355
178,14,ok,4,12,8,True,True,7880,13,34,4,0.7097
488,13,ok,4,16,12,True,True,22936,14,68,4,7.8143
175,14,ok,10,27,17,True,True,7731,23,20,10,0.7329
181,14,ok,13,37,24,True,True,8030,14,21,13,0.7672
183,14,ok,4,14,10,True,True,8130,13,51,4,0.6874
184,14,ok,4,10,6,True,True,8179,12,63,4,0.6886
182,14,ok,3,11,8,True,True,8080,14,35,3,0.8125
185,14,ok,9,25,16,True,True,8229,26,20,9,0.7319
487,13,ok,9,29,20,True,True,22883,21,40,9,8.174
186,14,ok,2,3,1,True,True,8279,18,77,2,0.721
187,14,ok,10,25,15,True,True,8329,18,22,10,0.7161
493,13,ok,9,22,13,True,True,23197,27,47,9,7.2322
188,14,ok,3,9,6,True,True,8379,12,57,3,0.7132
190,14,ok,4,11,7,True,True,8479,15,35,4,0.7235
491,13,ok,9,28,19,True,True,23092,18,42,9,7.558
192,14,ok,2,6,4,True,True,8580,18,142,2,0.7293
492,13,ok,4,11,7,True,True,23144,21,69,4,7.5068
189,14,ok,5,12,7,True,True,8429,19,47,5,0.8548
193,14,ok,13,32,19,True,True,8630,17,21,13,0.7804
191,14,ok,8,24,16,True,True,8529,17,23,8,0.9111
195,14,ok,4,9,5,True,True,8730,12,57,4,0.783
197,14,ok,9,18,9,True,True,8831,20,20,9,0.7773
196,14,ok,4,11,7,True,True,8780,10,58,4,0.8169
194,14,ok,3,11,8,True,True,8680,19,32,3,0.8392
199,14,ok,10,23,13,True,True,8931,25,21,10,0.937
494,13,ok,4,9,5,True,True,23249,19,71,4,7.1309
198,14,ok,2,9,7,True,True,8881,13,82,2,1.0019
200,14,ok,3,7,4,True,True,8982,12,58,3,0.9923
202,14,ok,4,10,6,True,True,9082,16,33,4,0.8711
201,14,ok,5,15,10,True,True,9032,14,50,5,0.9131
203,14,ok,8,28,20,True,True,9133,16,19,8,0.8793
205,14,ok,13,29,16,True,True,9234,18,22,13,0.9108
204,14,ok,2,8,6,True,True,9183,9,155,2,1.0419
208,14,ok,4,11,7,True,True,9385,13,64,4,0.9037
207,14,ok,4,15,11,True,True,9335,15,46,4,0.9292
209,14,ok,9,34,25,True,True,9436,14,19,9,0.9232
206,14,ok,3,11,8,True,True,9284,12,34,3,1.0493
210,14,ok,2,5,3,True,True,9487,13,79,2,0.9265
211,14,ok,10,26,16,True,True,9537,19,19,10,0.9426
213,14,ok,5,19,14,True,True,9639,18,48,5,0.9361
212,14,ok,3,8,5,True,True,9588,15,64,3,0.9564
214,14,ok,4,14,10,True,True,9689,13,33,4,1.0061
216,14,ok,2,6,4,True,True,9791,19,159,2,1.0046
218,14,ok,3,7,4,True,True,9893,25,32,3,0.992
497,13,ok,9,24,15,True,True,23406,27,39,9,7.289
219,14,ok,4,10,6,True,True,9943,19,45,4,1.0022
215,14,ok,8,21,13,True,True,9740,21,21,8,1.19
220,14,ok,4,13,9,True,True,9994,14,66,4,1.0711
221,14,ok,9,20,11,True,True,10045,19,25,9,1.0869
217,14,ok,13,44,31,True,True,9842,17,22,13,1.2264
222,14,ok,2,8,6,True,True,10096,10,88,2,1.1216
223,14,ok,10,20,10,True,True,10147,23,21,10,1.0791
226,14,ok,4,12,8,True,True,10300,17,35,4,1.1074
496,13,ok,4,12,8,True,True,23353,19,69,4,7.9977
228,14,ok,2,3,1,True,True,10402,18,156,2,1.1413
227,14,ok,8,21,13,True,True,10351,18,21,8,1.2335
498,13,ok,4,9,5,True,True,23458,25,76,4,7.6868
225,14,ok,5,13,8,True,True,10249,17,46,5,1.301
229,14,ok,13,30,17,True,True,10453,20,24,13,1.1555
224,14,ok,3,14,11,True,True,10198,16,63,3,1.3836
231,14,ok,4,8,4,True,True,10555,27,45,4,1.1423
499,13,ok,9,38,29,True,True,23510,18,35,9,7.6589
233,14,ok,9,28,19,True,True,10658,17,25,9,1.1623
232,14,ok,4,14,10,True,True,10607,18,59,4,1.228
236,14,ok,3,10,7,True,True,10812,18,66,3,1.1687
235,14,ok,10,29,19,True,True,10760,16,22,10,1.2473
237,14,ok,5,16,11,True,True,10863,20,45,5,1.1961
230,14,ok,3,7,4,True,True,10504,15,34,3,1.4683
234,14,ok,2,6,4,True,True,10709,10,86,2,1.3759
238,14,ok,4,11,7,True,True,10914,17,37,4,1.3015
495,13,ok,9,25,16,True,True,23301,23,36,9,8.6347
239,14,ok,8,19,11,True,True,10965,20,24,8,1.3175
241,14,ok,13,37,24,True,True,11068,20,19,13,1.2605
242,14,ok,3,7,4,True,True,11120,13,35,3,1.244
240,14,ok,2,6,4,True,True,11017,19,143,2,1.3004
243,14,ok,4,11,7,True,True,11171,13,46,4,1.2554
500,13,ok,4,13,9,True,True,23562,16,69,4,8.168
245,14,ok,9,13,4,True,True,11274,23,22,9,1.36
246,14,ok,2,5,3,True,True,11325,13,83,2,1.4026
244,14,ok,4,10,6,True,True,11222,15,60,4,1.5236
249,14,ok,5,11,6,True,True,11480,12,49,5,1.3237
247,14,ok,10,24,14,True,True,11377,26,21,10,1.5229
250,14,ok,4,11,7,True,True,11531,18,40,4,1.4075
248,14,ok,3,10,7,True,True,11428,12,64,3,1.566
252,14,ok,2,6,4,True,True,11635,13,167,2,1.4322
256,14,ok,4,13,9,True,True,11841,19,63,4,1.4352
254,14,ok,3,12,9,True,True,11738,19,33,3,1.5098
251,14,ok,8,23,15,True,True,11583,14,20,8,1.6464
258,14,ok,2,8,6,True,True,11945,18,92,2,1.4348
255,14,ok,4,12,8,True,True,11790,12,48,4,1.6465
253,14,ok,13,38,25,True,True,11686,14,23,13,1.6871
260,14,ok,3,12,9,True,True,12048,15,71,3,1.4979
259,14,ok,10,27,17,True,True,11997,26,22,10,1.6073
257,14,ok,9,26,17,True,True,11893,20,23,9,1.694
262,14,ok,4,15,11,True,True,12152,14,34,4,1.5127
263,14,ok,8,22,14,True,True,12204,22,20,8,1.5641
264,14,ok,2,7,5,True,True,12256,12,160,2,1.525
261,14,ok,5,9,4,True,True,12100,25,52,5,1.735
267,14,ok,4,13,9,True,True,12411,20,50,4,1.6803
270,14,ok,2,6,4,True,True,12567,8,93,2,1.5796
266,14,ok,3,7,4,True,True,12359,17,35,3,1.8528
271,14,ok,10,31,21,True,True,12619,21,22,10,1.6332
273,14,ok,5,15,10,True,True,12723,15,50,5,1.6686
269,14,ok,9,21,12,True,True,12515,18,23,9,1.7801
272,14,ok,3,8,5,True,True,12671,14,59,3,1.7311
265,14,ok,13,35,22,True,True,12308,23,22,13,2.0618
275,14,ok,8,21,13,True,True,12828,24,20,8,1.7758
268,14,ok,4,20,16,True,True,12463,14,65,4,2.1692
278,14,ok,3,9,6,True,True,12984,24,40,3,1.671
274,14,ok,4,11,7,True,True,12775,17,35,4,2.0208
279,14,ok,4,7,3,True,True,13036,16,49,4,1.8633
280,14,ok,4,12,8,True,True,13088,13,64,4,1.8083
277,14,ok,13,35,22,True,True,12932,15,23,13,2.0574
282,14,ok,2,5,3,True,True,13193,26,98,2,1.84
283,14,ok,10,23,13,True,True,13245,19,25,10,1.8312
286,14,ok,4,13,9,True,True,13402,18,38,4,1.8387
284,14,ok,3,9,6,True,True,13297,14,63,3,1.9133
281,14,ok,9,23,14,True,True,13141,25,20,9,3.2734
276,14,ok,2,5,3,True,True,12880,13,160,2,3.6703
289,14,ok,13,34,21,True,True,13559,24,22,13,3.0852
285,14,ok,5,13,8,True,True,13350,21,47,5,3.3069
290,14,ok,3,9,6,True,True,13611,15,36,3,3.1045
291,14,ok,4,15,11,True,True,13664,15,50,4,3.0915
287,14,ok,8,19,11,True,True,13454,22,23,8,3.2477
292,14,ok,4,15,11,True,True,13716,17,67,4,3.0938
288,14,ok,2,4,2,True,True,13506,13,162,2,3.3093
294,14,ok,2,10,8,True,True,13821,13,88,2,3.1369
293,14,ok,9,29,20,True,True,13768,20,20,9,3.1824
295,14,ok,10,33,23,True,True,13873,18,24,10,3.4226
297,14,ok,5,13,8,True,True,13978,16,47,5,3.1239
296,14,ok,3,9,6,True,True,13926,22,63,3,3.2545
299,14,ok,8,18,10,True,True,14083,21,24,8,3.1504
300,14,ok,2,4,2,True,True,14136,18,164,2,3.2001
298,14,ok,4,10,6,True,True,14031,17,41,4,3.4647
301,14,ok,13,36,23,True,True,14189,18,23,13,3.3626
302,14,ok,3,13,10,True,True,14241,15,37,3,3.3501
306,14,ok,2,7,5,True,True,14452,13,105,2,3.2758
304,14,ok,4,14,10,True,True,14346,17,65,4,3.4135
308,14,ok,3,7,4,True,True,14557,14,64,3,3.3704
309,14,ok,5,17,12,True,True,14610,20,52,5,3.4829
307,14,ok,10,27,17,True,True,14504,30,21,10,3.759
311,14,ok,8,19,11,True,True,14715,21,23,8,3.5411
310,14,ok,4,9,5,True,True,14663,22,37,4,3.7024
313,14,ok,13,40,27,True,True,14821,18,25,13,3.4106
312,14,ok,2,8,6,True,True,14768,13,163,2,3.522
314,14,ok,3,7,4,True,True,14874,15,35,3,3.4993
303,14,ok,4,9,5,True,True,14294,27,55,4,4.5068
317,14,ok,9,28,19,True,True,15032,20,22,9,2.3477
305,14,ok,9,29,20,True,True,14399,20,25,9,4.4767
322,14,ok,4,10,6,True,True,15297,18,37,4,2.41
315,14,ok,4,9,5,True,True,14927,19,54,4,2.7375
320,14,ok,3,9,6,True,True,15191,21,62,3,2.4912
319,14,ok,10,21,11,True,True,15138,23,24,10,2.5523
324,14,ok,2,5,3,True,True,15403,14,167,2,2.4496
318,14,ok,2,11,9,True,True,15085,12,98,2,2.7453
321,14,ok,5,18,13,True,True,15244,13,47,5,2.7364
325,14,ok,13,37,24,True,True,15456,19,22,13,2.5951
323,14,ok,8,17,9,True,True,15350,23,23,8,2.7573
327,14,ok,4,14,10,True,True,15562,14,52,4,2.5055
316,14,ok,4,10,6,True,True,14979,22,63,4,3.3165
329,14,ok,9,29,20,True,True,15668,30,22,9,2.5199
328,14,ok,4,11,7,True,True,15615,25,68,4,2.7295
330,14,ok,2,9,7,True,True,15721,8,96,2,2.5747
326,14,ok,3,7,4,True,True,15509,21,38,3,2.9155
332,14,ok,3,8,5,True,True,15827,23,70,3,2.7706
333,14,ok,5,16,11,True,True,15880,14,58,5,2.7822
334,14,ok,4,13,9,True,True,15934,19,39,4,2.5848
331,14,ok,10,23,13,True,True,15774,22,26,10,2.9911
335,14,ok,8,17,9,True,True,15987,20,24,8,2.9885
336,14,ok,2,9,7,True,True,16040,14,173,2,2.7425
337,14,ok,13,35,22,True,True,16093,17,22,13,2.8327
341,14,ok,9,26,17,True,True,16306,28,22,9,2.7707
339,14,ok,4,14,10,True,True,16199,15,56,4,2.8947
338,14,ok,3,6,3,True,True,16146,18,38,3,3.1152
342,14,ok,2,7,5,True,True,16359,16,95,2,2.9162
343,14,ok,10,30,20,True,True,16413,23,22,10,2.9488
340,14,ok,4,17,13,True,True,16253,17,63,4,3.127
345,14,ok,5,17,12,True,True,16519,19,56,5,2.8344
347,14,ok,8,19,11,True,True,16626,39,24,8,2.8802
349,14,ok,13,48,35,True,True,16733,25,26,13,3.067
351,14,ok,4,10,6,True,True,16839,31,59,4,2.9594
350,14,ok,3,9,6,True,True,16786,19,37,3,3.053
344,14,ok,3,10,7,True,True,16466,24,67,3,3.5282
348,14,ok,2,6,4,True,True,16679,15,177,2,3.3808
346,14,ok,4,17,13,True,True,16573,16,38,4,3.6053
356,14,ok,3,9,6,True,True,17107,23,67,3,3.0416
354,14,ok,2,7,5,True,True,17000,15,106,2,3.3053
353,14,ok,9,26,17,True,True,16946,27,29,9,3.4102
358,14,ok,4,15,11,True,True,17214,22,39,4,3.0772
352,14,ok,4,13,9,True,True,16893,22,66,4,3.4855
355,14,ok,10,24,14,True,True,17053,24,24,10,3.4679
360,14,ok,2,7,5,True,True,17321,15,172,2,3.1058
359,14,ok,8,22,14,True,True,17267,22,25,8,4.1495
357,14,ok,5,13,8,True,True,17160,15,60,5,4.8852
364,14,ok,4,14,10,True,True,17535,20,71,4,4.2486
361,14,ok,13,40,27,True,True,17374,20,25,13,4.6472
362,14,ok,3,9,6,True,True,17428,31,41,3,4.4291
363,14,ok,4,7,3,True,True,17482,17,54,4,4.4456
365,14,ok,9,27,18,True,True,17589,29,23,9,4.8387
366,14,ok,2,7,5,True,True,17642,22,94,2,4.6192
367,14,ok,10,28,18,True,True,17696,25,23,10,4.572
368,14,ok,3,12,9,True,True,17750,19,66,3,4.4643
369,14,ok,5,13,8,True,True,17803,20,52,5,4.3392
370,14,ok,4,14,10,True,True,17857,21,38,4,4.5462
372,14,ok,2,4,2,True,True,17965,19,180,2,4.4891
371,14,ok,8,32,24,True,True,17911,27,26,8,4.5652
375,14,ok,4,10,6,True,True,18126,21,55,4,4.5122
373,14,ok,13,38,25,True,True,18018,18,24,13,4.6067
376,14,ok,4,11,7,True,True,18180,20,68,4,4.5216
374,14,ok,3,9,6,True,True,18072,35,40,3,4.8386
378,14,ok,2,6,4,True,True,18287,14,93,2,4.5518
377,14,ok,9,21,12,True,True,18234,19,23,9,4.7208
379,14,ok,10,21,11,True,True,18341,22,25,10,4.7995
381,14,ok,5,15,10,True,True,18449,18,55,5,4.9538
383,14,ok,8,24,16,True,True,18557,21,27,8,4.8212
386,14,ok,3,9,6,True,True,18718,19,44,3,4.6991
380,14,ok,3,8,5,True,True,18395,38,73,3,5.3569
382,14,ok,4,11,7,True,True,18503,20,45,4,5.2974
389,14,ok,9,25,16,True,True,18880,33,23,9,4.87
387,14,ok,4,9,5,True,True,18772,15,62,4,5.0733
384,14,ok,2,4,2,True,True,18611,19,175,2,5.2448
388,14,ok,4,12,8,True,True,18826,17,70,4,5.1221
390,14,ok,2,5,3,True,True,18934,19,96,2,4.2021
385,14,ok,13,36,23,True,True,18664,18,26,13,5.4622
392,14,ok,3,10,7,True,True,19042,18,76,3,3.7642
393,14,ok,5,15,10,True,True,19096,19,57,5,4.045
395,14,ok,8,21,13,True,True,19204,25,24,8,4.148
394,14,ok,4,14,10,True,True,19150,16,41,4,4.3823
391,14,ok,10,27,17,True,True,18988,22,23,10,4.6414
399,14,ok,4,8,4,True,True,19421,21,58,4,3.9442
396,14,ok,2,6,4,True,True,19258,13,173,2,4.2202
398,14,ok,3,10,7,True,True,19367,12,40,3,4.4592
402,14,ok,2,8,6,True,True,19583,14,99,2,4.0178
397,14,ok,13,30,17,True,True,19313,17,28,13,4.6152
403,14,ok,10,26,16,True,True,19637,21,24,10,4.1877
400,14,ok,4,13,9,True,True,19475,13,69,4,4.9742
404,14,ok,3,9,6,True,True,19691,25,68,3,5.0055
401,14,ok,9,21,12,True,True,19529,30,26,9,5.6997
405,14,ok,5,16,11,True,True,19746,17,51,5,5.3932
406,14,ok,4,11,7,True,True,19800,13,45,4,5.2547
408,14,ok,2,7,5,True,True,19908,14,185,2,5.2839
407,14,ok,8,26,18,True,True,19854,31,23,8,5.6391
409,14,ok,13,33,20,True,True,19963,29,27,13,5.5361
410,14,ok,3,7,4,True,True,20017,28,41,3,5.445
413,14,ok,9,30,21,True,True,20180,22,23,9,5.3282
411,14,ok,4,15,11,True,True,20071,20,59,4,5.4227
412,14,ok,4,14,10,True,True,20125,12,70,4,5.5502
416,14,ok,3,10,7,True,True,20343,21,67,3,5.4512
417,14,ok,5,13,8,True,True,20397,17,60,5,5.5641
414,14,ok,2,7,5,True,True,20234,15,100,2,6.1236
419,14,ok,8,21,13,True,True,20506,30,23,8,5.6782
415,14,ok,10,32,22,True,True,20288,20,22,10,6.0146
422,14,ok,3,12,9,True,True,20669,16,41,3,5.553
418,14,ok,4,14,10,True,True,20451,12,40,4,6.0317
420,14,ok,2,5,3,True,True,20560,22,180,2,5.7936
421,14,ok,13,38,25,True,True,20615,23,25,13,6.6257
423,14,ok,4,15,11,True,True,20723,30,65,4,6.2978
424,14,ok,4,9,5,True,True,20778,17,66,4,6.2347
427,14,ok,10,35,25,True,True,20941,21,25,10,5.7662
428,14,ok,3,9,6,True,True,20996,16,76,3,5.9538
426,14,ok,2,5,3,True,True,20887,18,98,2,6.3921
430,14,ok,4,11,7,True,True,21105,21,43,4,5.722
425,14,ok,9,25,16,True,True,20832,25,24,9,6.7035
431,14,ok,8,21,13,True,True,21159,25,22,8,6.0355
432,14,ok,2,7,5,True,True,21214,13,180,2,5.9351
434,14,ok,3,6,3,True,True,21323,18,40,3,4.9733
437,14,ok,9,25,16,True,True,21487,24,24,9,4.9472
433,14,ok,13,40,27,True,True,21268,24,25,13,6.115
429,14,ok,5,13,8,True,True,21050,18,53,5,6.8469
436,14,ok,4,7,3,True,True,21432,25,68,4,5.2298
438,14,ok,2,7,5,True,True,21541,20,103,2,5.9646
435,14,ok,4,11,7,True,True,21377,21,59,4,6.506
439,14,ok,10,25,15,True,True,21596,23,23,10,6.3188
440,14,ok,3,10,7,True,True,21651,28,75,3,6.265
441,14,ok,5,17,12,True,True,21705,21,62,5,6.2986
442,14,ok,4,14,10,True,True,21760,16,41,4,6.0233
443,14,ok,8,21,13,True,True,21815,19,26,8,6.2481
444,14,ok,2,4,2,True,True,21869,24,187,2,6.3506
445,14,ok,13,39,26,True,True,21924,21,25,13,6.2213
446,14,ok,3,9,6,True,True,21979,12,49,3,6.2587
450,14,ok,2,5,3,True,True,22198,17,105,2,6.1935
448,14,ok,4,12,8,True,True,22088,27,71,4,6.3942
452,14,ok,3,10,7,True,True,22307,26,74,3,6.5644
447,14,ok,4,9,5,True,True,22033,26,61,4,6.9927
451,14,ok,10,29,19,True,True,22252,23,27,10,7.1478
449,14,ok,9,27,18,True,True,22143,19,25,9,7.8506
456,14,ok,2,6,4,True,True,22526,19,181,2,6.6107
453,14,ok,5,17,12,True,True,22362,22,57,5,7.0434
454,14,ok,4,15,11,True,True,22417,27,37,4,7.2163
457,14,ok,13,46,33,True,True,22581,25,24,13,6.8329
459,14,ok,4,19,15,True,True,22691,22,58,4,6.6579
455,14,ok,8,22,14,True,True,22472,22,25,8,7.3293
460,14,ok,4,13,9,True,True,22746,15,69,4,7.1655
463,14,ok,10,25,15,True,True,22911,28,24,10,6.8293
458,14,ok,3,11,8,True,True,22636,17,38,3,7.4208
462,14,ok,2,6,4,True,True,22856,15,101,2,7.0176
461,14,ok,9,27,18,True,True,22801,28,24,9,7.1011
464,14,ok,3,7,4,True,True,22966,33,74,3,7.8764
468,14,ok,2,6,4,True,True,23185,23,187,2,6.9736
467,14,ok,8,18,10,True,True,23130,32,25,8,8.1976
470,14,ok,3,10,7,True,True,23295,28,41,3,7.2193
471,14,ok,4,13,9,True,True,23350,19,54,4,7.1477
466,14,ok,4,12,8,True,True,23075,19,39,4,9.2038
465,14,ok,5,20,15,True,True,23020,20,56,5,9.2284
1,15,ok,14,14,0,True,True,32,2,3,14,0.0004
2,15,ok,6,7,1,True,True,56,3,7,6,0.0004
3,15,ok,6,11,5,True,True,83,2,11,6,0.0005
4,15,ok,8,22,14,True,True,112,4,8,8,0.0009
5,15,ok,10,15,5,True,True,143,5,6,10,0.001
6,15,ok,4,6,2,True,True,175,4,24,4,0.0013
7,15,ok,14,26,12,True,True,207,4,6,14,0.002
8,15,ok,6,9,3,True,True,241,5,11,6,0.0015
9,15,ok,6,13,7,True,True,276,7,17,6,0.0029
10,15,ok,8,16,8,True,True,311,5,15,8,0.0028
11,15,ok,10,16,6,True,True,347,6,8,10,0.0038
12,15,ok,4,10,6,True,True,383,6,32,4,0.0028
13,15,ok,14,26,12,True,True,420,6,10,14,0.0047
14,15,ok,6,10,4,True,True,458,8,14,6,0.004
15,15,ok,6,16,10,True,True,496,5,17,6,0.0051
473,14,ok,9,19,10,True,True,23460,29,25,9,7.1655
16,15,ok,8,18,10,True,True,534,7,14,8,0.005
17,15,ok,10,20,10,True,True,573,8,8,10,0.0057
18,15,ok,4,11,7,True,True,611,6,34,4,0.006
19,15,ok,14,32,18,True,True,651,8,11,14,0.0077
20,15,ok,6,14,8,True,True,690,11,17,6,0.0074
21,15,ok,6,14,8,True,True,730,6,22,6,0.0077
22,15,ok,8,13,5,True,True,770,8,17,8,0.0084
23,15,ok,10,21,11,True,True,811,11,12,10,0.0097
24,15,ok,4,10,6,True,True,852,5,47,4,0.0109
25,15,ok,14,26,12,True,True,893,7,12,14,0.0118
26,15,ok,6,11,5,True,True,934,7,18,6,0.0132
27,15,ok,6,16,10,True,True,975,6,25,6,0.0124
28,15,ok,8,13,5,True,True,1017,8,21,8,0.0199
29,15,ok,10,20,10,True,True,1059,11,11,10,0.016
30,15,ok,4,10,6,True,True,1101,9,49,4,0.0159
31,15,ok,14,28,14,True,True,1143,9,14,14,0.0191
32,15,ok,6,15,9,True,True,1185,8,22,6,0.02
33,15,ok,6,13,7,True,True,1228,9,28,6,0.0179
35,15,ok,10,20,10,True,True,1314,14,13,10,0.0211
34,15,ok,8,16,8,True,True,1271,10,18,8,0.0263
36,15,ok,4,8,4,True,True,1357,10,64,4,0.021
37,15,ok,14,37,23,True,True,1400,12,12,14,0.0349
38,15,ok,6,20,14,True,True,1444,10,23,6,0.0266
39,15,ok,6,14,8,True,True,1487,9,31,6,0.0306
40,15,ok,8,19,11,True,True,1531,10,23,8,0.0297
41,15,ok,10,19,9,True,True,1575,14,15,10,0.0334
42,15,ok,4,11,7,True,True,1619,6,49,4,0.0288
44,15,ok,6,13,7,True,True,1707,11,19,6,0.033
43,15,ok,14,37,23,True,True,1663,9,15,14,0.0405
45,15,ok,6,14,8,True,True,1752,9,29,6,0.0347
46,15,ok,8,19,11,True,True,1796,9,21,8,0.0457
47,15,ok,10,24,14,True,True,1841,9,15,10,0.0417
48,15,ok,4,13,9,True,True,1886,9,53,4,0.0421
469,14,ok,13,40,27,True,True,23240,23,24,13,8.3077
49,15,ok,14,35,21,True,True,1931,9,15,14,0.0482
50,15,ok,6,14,8,True,True,1976,12,22,6,0.0554
52,15,ok,8,19,11,True,True,2067,10,26,8,0.0492
51,15,ok,6,13,7,True,True,2021,10,32,6,0.0611
53,15,ok,10,28,18,True,True,2112,14,14,10,0.0716
474,14,ok,2,6,4,True,True,23515,20,109,2,7.4176
54,15,ok,4,10,6,True,True,2158,11,59,4,0.0567
55,15,ok,14,37,23,True,True,2203,9,15,14,0.0769
57,15,ok,6,13,7,True,True,2295,10,31,6,0.0592
56,15,ok,6,10,4,True,True,2249,11,21,6,0.0673
58,15,ok,8,27,19,True,True,2341,10,26,8,0.0619
59,15,ok,10,21,11,True,True,2387,13,15,10,0.0711
60,15,ok,4,9,5,True,True,2433,9,55,4,0.0642
62,15,ok,6,17,11,True,True,2525,14,27,6,0.074
61,15,ok,14,38,24,True,True,2479,11,17,14,0.0845
63,15,ok,6,13,7,True,True,2572,10,35,6,0.0799
64,15,ok,8,18,10,True,True,2618,14,25,8,0.0774
65,15,ok,10,22,12,True,True,2665,17,15,10,0.0763
66,15,ok,4,9,5,True,True,2712,8,67,4,0.0811
67,15,ok,14,36,22,True,True,2759,12,15,14,0.0903
68,15,ok,6,12,6,True,True,2805,18,27,6,0.083
69,15,ok,6,22,16,True,True,2852,11,37,6,0.0852
70,15,ok,8,21,13,True,True,2899,13,24,8,0.1295
72,15,ok,4,9,5,True,True,2994,9,61,4,0.0988
71,15,ok,10,24,14,True,True,2947,13,15,10,0.1228
73,15,ok,14,37,23,True,True,3041,12,16,14,0.103
476,14,ok,3,10,7,True,True,23626,22,75,3,7.4253
74,15,ok,6,12,6,True,True,3089,12,25,6,0.1119
75,15,ok,6,21,15,True,True,3136,10,34,6,0.1008
77,15,ok,10,23,13,True,True,3231,12,19,10,0.1132
76,15,ok,8,22,14,True,True,3183,14,26,8,0.124
472,14,ok,4,19,15,True,True,23405,23,71,4,8.3202
78,15,ok,4,11,7,True,True,3279,8,64,4,0.1167
79,15,ok,14,40,26,True,True,3327,12,20,14,0.1324
80,15,ok,6,17,11,True,True,3374,11,28,6,0.1234
81,15,ok,6,13,7,True,True,3422,10,35,6,0.1157
477,14,ok,5,16,11,True,True,23681,15,56,5,7.4539
82,15,ok,8,18,10,True,True,3470,13,26,8,0.1296
84,15,ok,4,14,10,True,True,3566,9,59,4,0.1505
86,15,ok,6,15,9,True,True,3663,15,26,6,0.1339
83,15,ok,10,21,11,True,True,3518,11,18,10,0.1895
85,15,ok,14,28,14,True,True,3615,12,20,14,0.1535
475,14,ok,10,33,23,True,True,23570,25,25,10,7.8777
87,15,ok,6,14,8,True,True,3711,11,36,6,0.1353
88,15,ok,8,21,13,True,True,3760,10,26,8,0.1472
89,15,ok,10,22,12,True,True,3808,16,17,10,0.166
91,15,ok,14,37,23,True,True,3905,14,17,14,0.1655
90,15,ok,4,9,5,True,True,3856,13,61,4,0.176
92,15,ok,6,14,8,True,True,3954,17,30,6,0.1762
94,15,ok,8,22,14,True,True,4051,13,29,8,0.1707
93,15,ok,6,16,10,True,True,4002,12,40,6,0.1772
95,15,ok,10,27,17,True,True,4100,16,18,10,0.1739
96,15,ok,4,9,5,True,True,4149,9,68,4,0.1773
478,14,ok,4,12,8,True,True,23736,18,36,4,7.386
97,15,ok,14,28,14,True,True,4198,14,18,14,0.2095
98,15,ok,6,13,7,True,True,4247,14,28,6,0.1846
100,15,ok,8,22,14,True,True,4345,13,29,8,0.2007
101,15,ok,10,19,9,True,True,4394,15,18,10,0.2023
99,15,ok,6,14,8,True,True,4296,12,34,6,0.2369
103,15,ok,14,36,22,True,True,4493,11,16,14,0.2121
102,15,ok,4,12,8,True,True,4443,12,71,4,0.231
479,14,ok,8,25,17,True,True,23791,32,27,8,7.5427
104,15,ok,6,20,14,True,True,4542,14,32,6,0.2036
105,15,ok,6,15,9,True,True,4592,14,42,6,0.2046
106,15,ok,8,28,20,True,True,4641,17,29,8,0.2552
107,15,ok,10,32,22,True,True,4691,16,19,10,0.2424
109,15,ok,14,50,36,True,True,4790,12,16,14,0.2482
108,15,ok,4,10,6,True,True,4740,13,64,4,0.2641
111,15,ok,6,14,8,True,True,4889,15,41,6,0.247
110,15,ok,6,19,13,True,True,4839,21,29,6,0.2785
113,15,ok,10,28,18,True,True,4989,21,17,10,0.2551
114,15,ok,4,8,4,True,True,5039,14,73,4,0.2494
112,15,ok,8,20,12,True,True,4939,16,28,8,0.2695
115,15,ok,14,38,24,True,True,5089,12,20,14,0.2592
117,15,ok,6,13,7,True,True,5189,12,49,6,0.2608
116,15,ok,6,19,13,True,True,5139,16,27,6,0.308
118,15,ok,8,24,16,True,True,5239,14,29,8,0.2784
122,15,ok,6,14,8,True,True,5439,15,30,6,0.3128
120,15,ok,4,13,9,True,True,5339,7,70,4,0.343
123,15,ok,6,13,7,True,True,5490,10,43,6,0.328
125,15,ok,10,23,13,True,True,5591,14,20,10,0.3243
121,15,ok,14,34,20,True,True,5389,17,19,14,0.3843
119,15,ok,10,18,8,True,True,5289,18,19,10,0.444
124,15,ok,8,20,12,True,True,5540,12,32,8,0.3942
480,14,ok,2,6,4,True,True,23846,18,185,2,7.783
126,15,ok,4,9,5,True,True,5641,13,70,4,0.3621
481,14,ok,13,39,26,True,True,23901,23,26,13,7.8636
128,15,ok,6,20,14,True,True,5742,20,33,6,0.4267
129,15,ok,6,16,10,True,True,5793,16,44,6,0.377
127,15,ok,14,34,20,True,True,5692,17,22,14,0.5367
131,15,ok,10,23,13,True,True,5894,14,18,10,0.3999
132,15,ok,4,10,6,True,True,5945,11,70,4,0.3774
130,15,ok,8,24,16,True,True,5843,15,29,8,0.4279
133,15,ok,14,37,23,True,True,5996,12,19,14,0.4332
136,15,ok,8,16,8,True,True,6148,16,34,8,0.3866
135,15,ok,6,14,8,True,True,6097,15,45,6,0.5105
134,15,ok,6,13,7,True,True,6046,20,31,6,0.6212
139,15,ok,14,32,18,True,True,6301,12,21,14,0.4577
140,15,ok,6,16,10,True,True,6352,14,34,6,0.4252
137,15,ok,10,25,15,True,True,6199,19,22,10,1.7023
142,15,ok,8,22,14,True,True,6454,14,32,8,1.5117
141,15,ok,6,15,9,True,True,6403,13,41,6,1.566
144,15,ok,4,11,7,True,True,6557,11,72,4,1.5807
138,15,ok,4,9,5,True,True,6250,15,76,4,1.7054
146,15,ok,6,13,7,True,True,6659,16,32,6,1.5495
143,15,ok,10,32,22,True,True,6506,20,23,10,1.7339
484,14,ok,4,17,13,True,True,24066,18,69,4,8.5241
145,15,ok,14,37,23,True,True,6608,15,20,14,1.6761
149,15,ok,10,19,9,True,True,6814,14,21,10,1.5195
150,15,ok,4,8,4,True,True,6865,13,85,4,1.5708
147,15,ok,6,13,7,True,True,6711,14,43,6,1.7788
152,15,ok,6,16,10,True,True,6968,21,33,6,0.5215
148,15,ok,8,15,7,True,True,6762,12,37,8,1.78
153,15,ok,6,14,8,True,True,7020,13,47,6,0.5898
151,15,ok,14,42,28,True,True,6917,14,21,14,0.6369
154,15,ok,8,21,13,True,True,7071,18,33,8,0.6083
156,15,ok,4,13,9,True,True,7175,12,88,4,0.6154
158,15,ok,6,15,9,True,True,7278,19,30,6,0.5784
485,14,ok,9,25,16,True,True,24122,23,28,9,9.1098
155,15,ok,10,22,12,True,True,7123,16,20,10,0.769
482,14,ok,3,7,4,True,True,23956,22,41,3,9.9442
159,15,ok,6,18,12,True,True,7330,14,41,6,0.6705
160,15,ok,8,15,7,True,True,7382,15,30,8,0.5313
488,14,ok,3,8,5,True,True,24287,23,69,3,8.7514
157,15,ok,14,40,26,True,True,7226,14,19,14,0.7302
161,15,ok,10,20,10,True,True,7434,17,19,10,0.5786
483,14,ok,4,8,4,True,True,24011,17,59,4,9.5457
163,15,ok,14,32,18,True,True,7538,14,20,14,0.5981
487,14,ok,10,35,25,True,True,24232,32,28,10,9.0072
162,15,ok,4,14,10,True,True,7486,10,71,4,0.6975
164,15,ok,6,15,9,True,True,7590,14,33,6,0.656
165,15,ok,6,20,14,True,True,7642,13,46,6,0.623
486,14,ok,2,5,3,True,True,24177,16,102,2,9.2479
167,15,ok,10,31,21,True,True,7746,16,21,10,0.6256
166,15,ok,8,23,15,True,True,7694,12,35,8,0.7192
168,15,ok,4,10,6,True,True,7798,17,82,4,0.6009
169,15,ok,14,35,21,True,True,7850,14,20,14,0.6268
174,15,ok,4,7,3,True,True,8111,13,82,4,0.6291
172,15,ok,8,22,14,True,True,8007,11,32,8,0.6591
175,15,ok,14,35,21,True,True,8164,19,24,14,0.6661
173,15,ok,10,20,10,True,True,8059,19,20,10,0.7276
170,15,ok,6,16,10,True,True,7902,18,40,6,0.8206
177,15,ok,6,16,10,True,True,8268,13,46,6,0.6826
171,15,ok,6,22,16,True,True,7954,12,46,6,0.8661
178,15,ok,8,21,13,True,True,8321,21,33,8,0.7552
179,15,ok,10,20,10,True,True,8373,19,20,10,0.6803
176,15,ok,6,14,8,True,True,8216,14,33,6,0.851
180,15,ok,4,8,4,True,True,8426,10,80,4,0.7393
183,15,ok,6,18,12,True,True,8584,14,42,6,0.7451
181,15,ok,14,45,31,True,True,8478,13,20,14,0.8635
491,14,ok,8,21,13,True,True,24453,35,25,8,9.2182
493,14,ok,13,40,27,True,True,24563,17,23,13,9.0995
182,15,ok,6,19,13,True,True,8531,24,30,6,0.8616
184,15,ok,8,21,13,True,True,8636,16,33,8,0.7738
185,15,ok,10,19,9,True,True,8689,23,19,10,0.8024
489,14,ok,5,12,7,True,True,24342,25,59,5,9.8372
187,15,ok,14,39,25,True,True,8794,15,20,14,0.8028
490,14,ok,4,13,9,True,True,24398,16,48,4,9.4377
188,15,ok,6,15,9,True,True,8847,17,29,6,0.7865
186,15,ok,4,11,7,True,True,8742,10,82,4,0.9499
189,15,ok,6,22,16,True,True,8900,13,46,6,0.7913
190,15,ok,8,19,11,True,True,8953,13,35,8,0.8048
495,14,ok,4,10,6,True,True,24674,24,57,4,7.9944
191,15,ok,10,23,13,True,True,9006,21,21,10,0.7708
194,15,ok,6,16,10,True,True,9164,24,40,6,0.8657
192,15,ok,4,11,7,True,True,9058,17,75,4,0.9913
197,15,ok,10,24,14,True,True,9323,21,18,10,0.8868
496,14,ok,4,10,6,True,True,24729,18,70,4,7.9127
199,15,ok,14,34,20,True,True,9429,18,20,14,0.8979
196,15,ok,8,20,12,True,True,9270,15,35,8,1.064
198,15,ok,4,11,7,True,True,9376,15,82,4,1.0738
200,15,ok,6,15,9,True,True,9483,18,36,6,0.9397
203,15,ok,10,29,19,True,True,9642,18,19,10,0.8911
497,14,ok,9,24,15,True,True,24785,28,28,9,8.1299
202,15,ok,8,18,10,True,True,9589,17,35,8,0.9423
193,15,ok,14,40,26,True,True,9111,15,20,14,1.3348
195,15,ok,6,14,8,True,True,9217,14,47,6,1.2742
205,15,ok,14,41,27,True,True,9749,14,21,14,0.9478
201,15,ok,6,11,5,True,True,9536,17,47,6,1.0468
207,15,ok,6,17,11,True,True,9855,20,51,6,0.944
206,15,ok,6,19,13,True,True,9802,18,44,6,0.9836
204,15,ok,4,12,8,True,True,9695,13,83,4,1.0352
492,14,ok,2,10,8,True,True,24508,12,190,2,10.2772
208,15,ok,8,27,19,True,True,9909,13,33,8,1.0329
209,15,ok,10,25,15,True,True,9962,16,21,10,1.0193
210,15,ok,4,11,7,True,True,10015,14,86,4,1.0825
212,15,ok,6,16,10,True,True,10122,31,35,6,0.9961
214,15,ok,8,35,27,True,True,10229,17,31,8,0.9949
215,15,ok,10,26,16,True,True,10283,18,23,10,1.0148
211,15,ok,14,38,24,True,True,10069,13,20,14,1.1415
213,15,ok,6,17,11,True,True,10176,14,47,6,1.0903
216,15,ok,4,12,8,True,True,10336,11,86,4,1.0593
499,14,ok,10,26,16,True,True,24895,24,26,10,7.9794
219,15,ok,6,17,11,True,True,10497,18,47,6,1.0279
218,15,ok,6,14,8,True,True,10443,18,35,6,1.0562
217,15,ok,14,40,26,True,True,10390,20,21,14,1.1375
220,15,ok,8,26,18,True,True,10551,14,40,8,1.1062
498,14,ok,2,9,7,True,True,24840,12,104,2,8.4345
224,15,ok,6,14,8,True,True,10766,15,33,6,1.0792
223,15,ok,14,39,25,True,True,10712,20,22,14,1.1125
222,15,ok,4,11,7,True,True,10658,13,84,4,1.1985
221,15,ok,10,22,12,True,True,10604,22,22,10,1.2375
226,15,ok,8,22,14,True,True,10873,16,35,8,1.1319
225,15,ok,6,11,5,True,True,10820,18,44,6,1.164
229,15,ok,14,33,19,True,True,11035,22,20,14,1.2493
232,15,ok,8,20,12,True,True,11197,18,36,8,1.1975
231,15,ok,6,14,8,True,True,11143,17,47,6,1.2436
228,15,ok,4,12,8,True,True,10981,18,87,4,1.3221
227,15,ok,10,31,21,True,True,10927,21,20,10,1.3426
230,15,ok,6,15,9,True,True,11089,17,36,6,1.3422
233,15,ok,10,26,16,True,True,11251,28,22,10,1.3562
234,15,ok,4,13,9,True,True,11305,13,84,4,1.3467
236,15,ok,6,20,14,True,True,11413,20,34,6,1.2585
235,15,ok,14,44,30,True,True,11359,18,23,14,1.3246
500,14,ok,3,8,5,True,True,24950,15,78,3,8.8052
494,14,ok,3,7,4,True,True,24619,22,41,3,11.5822
239,15,ok,10,23,13,True,True,11575,19,21,10,1.2665
240,15,ok,4,14,10,True,True,11629,12,88,4,1.2784
238,15,ok,8,20,12,True,True,11521,19,35,8,1.3431
241,15,ok,14,33,19,True,True,11684,22,22,14,1.3135
237,15,ok,6,16,10,True,True,11467,19,52,6,1.4838
243,15,ok,6,19,13,True,True,11792,16,49,6,2.0785
242,15,ok,6,14,8,True,True,11738,20,35,6,2.3647
244,15,ok,8,23,15,True,True,11846,17,37,8,2.4534
245,15,ok,10,28,18,True,True,11901,20,21,10,2.3782
246,15,ok,4,15,11,True,True,11955,14,87,4,2.4331
247,15,ok,14,34,20,True,True,12009,16,19,14,2.5796
249,15,ok,6,10,4,True,True,12118,14,49,6,2.4462
248,15,ok,6,15,9,True,True,12064,16,39,6,2.5467
250,15,ok,8,24,16,True,True,12172,20,37,8,2.4445
251,15,ok,10,27,17,True,True,12227,20,23,10,2.5227
254,15,ok,6,12,6,True,True,12390,21,35,6,2.5414
255,15,ok,6,17,11,True,True,12445,15,48,6,2.5462
253,15,ok,14,36,22,True,True,12336,22,23,14,2.6751
252,15,ok,4,13,9,True,True,12281,17,86,4,2.7574
256,15,ok,8,25,17,True,True,12499,15,35,8,2.6399
258,15,ok,4,12,8,True,True,12608,14,94,4,2.6063
257,15,ok,10,29,19,True,True,12554,19,23,10,2.6362
264,15,ok,4,12,8,True,True,12936,12,85,4,2.6765
265,15,ok,14,43,29,True,True,12991,22,26,14,2.7196
261,15,ok,6,20,14,True,True,12772,16,50,6,2.8772
268,15,ok,8,23,15,True,True,13155,20,39,8,2.6476
266,15,ok,6,19,13,True,True,13046,23,36,6,2.718
262,15,ok,8,25,17,True,True,12827,22,36,8,2.855
269,15,ok,10,33,23,True,True,13210,17,21,10,2.6923
260,15,ok,6,19,13,True,True,12718,23,38,6,3.0445
270,15,ok,4,10,6,True,True,13265,17,88,4,2.7347
259,15,ok,14,33,19,True,True,12663,25,22,14,3.1154
271,15,ok,14,42,28,True,True,13320,17,23,14,2.8387
267,15,ok,6,19,13,True,True,13101,19,48,6,3.0329
263,15,ok,10,28,18,True,True,12882,20,21,10,3.2497
273,15,ok,6,15,9,True,True,13430,12,49,6,2.0391
276,15,ok,4,12,8,True,True,13594,15,86,4,1.7294
275,15,ok,10,24,14,True,True,13539,21,21,10,1.8005
272,15,ok,6,19,13,True,True,13375,17,39,6,3.2442
274,15,ok,8,26,18,True,True,13485,14,36,8,2.2309
277,15,ok,14,45,31,True,True,13649,20,23,14,1.909
279,15,ok,6,15,9,True,True,13759,18,48,6,1.8506
280,15,ok,8,25,17,True,True,13814,12,42,8,1.8286
281,15,ok,10,22,12,True,True,13870,26,23,10,1.8285
282,15,ok,4,13,9,True,True,13925,16,91,4,1.8448
283,15,ok,14,30,16,True,True,13980,16,24,14,1.9294
278,15,ok,6,17,11,True,True,13704,18,37,6,2.2589
284,15,ok,6,12,6,True,True,14035,24,40,6,1.9792
288,15,ok,4,10,6,True,True,14256,13,88,4,2.0111
287,15,ok,10,27,17,True,True,14200,21,22,10,2.0453
289,15,ok,14,43,29,True,True,14311,20,25,14,2.0461
286,15,ok,8,25,17,True,True,14145,12,35,8,2.1738
290,15,ok,6,16,10,True,True,14366,23,39,6,2.9232
293,15,ok,10,25,15,True,True,14532,21,21,10,2.8676
285,15,ok,6,13,7,True,True,14090,13,46,6,3.4235
291,15,ok,6,20,14,True,True,14421,25,53,6,2.9562
296,15,ok,6,17,11,True,True,14698,20,37,6,2.9179
298,15,ok,8,23,15,True,True,14809,19,38,8,3.0636
299,15,ok,10,23,13,True,True,14864,21,22,10,3.078
294,15,ok,4,16,12,True,True,14587,12,89,4,3.2643
292,15,ok,8,22,14,True,True,14477,17,38,8,3.303
300,15,ok,4,9,5,True,True,14920,24,89,4,3.0316
297,15,ok,6,17,11,True,True,14753,14,49,6,3.4111
295,15,ok,14,45,31,True,True,14643,20,22,14,3.4804
303,15,ok,6,26,20,True,True,15086,13,50,6,3.1739
304,15,ok,8,25,17,True,True,15142,13,37,8,3.1154
305,15,ok,10,29,19,True,True,15197,32,22,10,3.1625
301,15,ok,14,36,22,True,True,14975,17,22,14,3.5256
302,15,ok,6,17,11,True,True,15030,14,35,6,3.5868
308,15,ok,6,14,8,True,True,15364,18,39,6,3.2291
309,15,ok,6,17,11,True,True,15419,15,51,6,3.2116
311,15,ok,10,23,13,True,True,15531,21,27,10,3.2187
310,15,ok,8,30,22,True,True,15475,19,40,8,3.3164
307,15,ok,14,41,27,True,True,15308,20,24,14,3.5512
312,15,ok,4,12,8,True,True,15586,17,87,4,3.2548
306,15,ok,4,12,8,True,True,15253,14,91,4,3.6846
313,15,ok,14,47,33,True,True,15642,18,21,14,3.3072
315,15,ok,6,16,10,True,True,15753,21,52,6,3.3572
316,15,ok,8,27,19,True,True,15809,16,38,8,3.3371
318,15,ok,4,11,7,True,True,15921,11,93,4,3.3293
317,15,ok,10,31,21,True,True,15865,19,23,10,3.387
314,15,ok,6,20,14,True,True,15698,17,39,6,3.7539
321,15,ok,6,15,9,True,True,16088,18,53,6,2.4741
320,15,ok,6,15,9,True,True,16032,20,43,6,2.528
319,15,ok,14,38,24,True,True,15976,22,23,14,3.7709
323,15,ok,10,22,12,True,True,16200,27,24,10,2.5962
324,15,ok,4,12,8,True,True,16256,20,92,4,2.539
325,15,ok,14,38,24,True,True,16312,16,21,14,2.6375
326,15,ok,6,13,7,True,True,16367,19,38,6,2.6166
329,15,ok,10,26,16,True,True,16535,20,25,10,2.6532
322,15,ok,8,15,7,True,True,16144,21,40,8,3.2056
328,15,ok,8,27,19,True,True,16479,16,39,8,3.0064
333,15,ok,6,20,14,True,True,16759,16,50,6,2.6564
332,15,ok,6,14,8,True,True,16703,19,37,6,2.7665
334,15,ok,8,20,12,True,True,16815,24,40,8,2.8203
327,15,ok,6,20,14,True,True,16423,20,50,6,3.3509
330,15,ok,4,13,9,True,True,16591,23,92,4,4.2988
331,15,ok,14,46,32,True,True,16647,19,26,14,4.2979
337,15,ok,14,36,22,True,True,16984,26,26,14,3.8361
335,15,ok,10,26,16,True,True,16871,28,23,10,4.0779
339,15,ok,6,25,19,True,True,17096,27,55,6,3.7441
338,15,ok,6,14,8,True,True,17040,22,42,6,3.891
342,15,ok,4,14,10,True,True,17264,15,105,4,3.8107
340,15,ok,8,27,19,True,True,17152,19,38,8,4.0733
336,15,ok,4,10,6,True,True,16928,15,94,4,4.3767
341,15,ok,10,24,14,True,True,17208,24,22,10,4.0974
344,15,ok,6,19,13,True,True,17377,21,37,6,3.8986
347,15,ok,10,24,14,True,True,17546,23,24,10,3.9246
345,15,ok,6,18,12,True,True,17433,17,56,6,4.2072
343,15,ok,14,40,26,True,True,17321,21,23,14,4.6328
346,15,ok,8,27,19,True,True,17489,15,40,8,4.173
348,15,ok,4,13,9,True,True,17602,19,95,4,4.1556
350,15,ok,6,26,20,True,True,17714,18,40,6,3.9719
351,15,ok,6,18,12,True,True,17771,18,51,6,4.1518
354,15,ok,4,12,8,True,True,17940,21,110,4,4.0195
349,15,ok,14,36,22,True,True,17658,26,25,14,4.6401
353,15,ok,10,34,24,True,True,17883,25,23,10,4.2258
352,15,ok,8,25,17,True,True,17827,22,36,8,4.4306
356,15,ok,6,19,13,True,True,18053,16,38,6,4.2517
357,15,ok,6,17,11,True,True,18109,15,52,6,4.1837
360,15,ok,4,12,8,True,True,18278,13,93,4,4.1609
355,15,ok,14,37,23,True,True,17996,17,23,14,4.6449
361,15,ok,14,42,28,True,True,18335,23,25,14,4.3304
359,15,ok,10,27,17,True,True,18222,31,23,10,4.5292
358,15,ok,8,17,9,True,True,18166,20,47,8,4.7572
362,15,ok,6,17,11,True,True,18391,36,37,6,4.2953
363,15,ok,6,20,14,True,True,18448,16,54,6,5.4291
364,15,ok,8,18,10,True,True,18505,19,37,8,4.3014
366,15,ok,4,10,6,True,True,18618,15,93,4,4.332
368,15,ok,6,15,9,True,True,18731,24,38,6,4.2526
369,15,ok,6,16,10,True,True,18787,19,53,6,4.3863
370,15,ok,8,25,17,True,True,18844,21,39,8,4.3777
365,15,ok,10,31,21,True,True,18561,19,23,10,4.8344
367,15,ok,14,48,34,True,True,18674,20,22,14,4.8376
371,15,ok,10,26,16,True,True,18901,25,24,10,4.5841
374,15,ok,6,14,8,True,True,19071,25,37,6,4.4636
372,15,ok,4,13,9,True,True,18957,23,95,4,5.0189
375,15,ok,6,21,15,True,True,19128,17,60,6,4.4636
373,15,ok,14,43,29,True,True,19014,17,22,14,5.1566
376,15,ok,8,23,15,True,True,19184,20,42,8,4.7776
380,15,ok,6,15,9,True,True,19411,17,38,6,4.5173
379,15,ok,14,48,34,True,True,19355,14,24,14,4.825
382,15,ok,8,24,16,True,True,19525,18,42,8,4.6256
381,15,ok,6,19,13,True,True,19468,17,55,6,4.7632
384,15,ok,4,16,12,True,True,19639,17,96,4,4.7717
377,15,ok,10,30,20,True,True,19241,22,23,10,5.4808
378,15,ok,4,17,13,True,True,19298,21,113,4,5.4
383,15,ok,10,29,19,True,True,19582,21,22,10,5.0153
387,15,ok,6,18,12,True,True,19809,18,58,6,4.6893
388,15,ok,8,26,18,True,True,19866,15,45,8,5.6353
386,15,ok,6,11,5,True,True,19752,18,39,6,6.3256
389,15,ok,10,30,20,True,True,19923,21,26,10,6.0081
385,15,ok,14,36,22,True,True,19695,19,24,14,6.5652
390,15,ok,4,17,13,True,True,19980,15,94,4,5.7854
393,15,ok,6,16,10,True,True,20151,15,53,6,5.8733
392,15,ok,6,17,11,True,True,20094,25,42,6,6.0716
395,15,ok,10,26,16,True,True,20265,26,24,10,5.0409
397,15,ok,14,34,20,True,True,20379,22,26,14,4.9431
396,15,ok,4,13,9,True,True,20322,12,96,4,5.1103
391,15,ok,14,41,27,True,True,20037,25,23,14,6.492
394,15,ok,8,20,12,True,True,20208,15,40,8,5.4627
398,15,ok,6,18,12,True,True,20436,23,38,6,5.1874
403,15,ok,14,38,24,True,True,20721,25,26,14,5.1328
399,15,ok,6,18,12,True,True,20493,21,63,6,5.5716
402,15,ok,4,13,9,True,True,20664,19,99,4,5.2285
400,15,ok,8,17,9,True,True,20550,20,38,8,5.6688
401,15,ok,10,30,20,True,True,20607,31,24,10,5.6857
405,15,ok,6,25,19,True,True,20836,14,56,6,5.1267
408,15,ok,4,13,9,True,True,21007,15,93,4,5.1485
404,15,ok,6,13,7,True,True,20779,20,38,6,5.7356
407,15,ok,10,30,20,True,True,20950,29,23,10,5.5336
410,15,ok,6,15,9,True,True,21122,23,45,6,5.2816
411,15,ok,6,17,11,True,True,21179,17,57,6,6.3285
406,15,ok,8,26,18,True,True,20893,19,39,8,7.0196
412,15,ok,8,21,13,True,True,21236,21,38,8,6.4066
409,15,ok,14,43,29,True,True,21064,19,23,14,7.0414
415,15,ok,14,39,25,True,True,21408,17,24,14,6.3501
416,15,ok,6,12,6,True,True,21465,20,42,6,6.3065
414,15,ok,4,12,8,True,True,21351,21,97,4,6.8978
417,15,ok,6,20,14,True,True,21522,16,56,6,5.4214
413,15,ok,10,22,12,True,True,21293,21,25,10,7.0205
421,15,ok,14,40,26,True,True,21752,21,27,14,5.9041
422,15,ok,6,14,8,True,True,21809,20,42,6,5.7594
419,15,ok,10,24,14,True,True,21637,21,24,10,6.1733
420,15,ok,4,9,5,True,True,21695,13,105,4,6.2799
418,15,ok,8,24,16,True,True,21580,17,37,8,6.4519
423,15,ok,6,15,9,True,True,21867,23,52,6,5.957
425,15,ok,10,27,17,True,True,21981,36,25,10,5.7405
424,15,ok,8,17,9,True,True,21924,17,40,8,5.8352
426,15,ok,4,12,8,True,True,22039,18,106,4,5.8946
427,15,ok,14,36,22,True,True,22096,19,26,14,6.1747
429,15,ok,6,24,18,True,True,22211,13,61,6,6.2872
430,15,ok,8,25,17,True,True,22269,19,39,8,5.8456
428,15,ok,6,13,7,True,True,22154,23,42,6,6.6869
435,15,ok,6,14,8,True,True,22556,18,55,6,6.8268
431,15,ok,10,26,16,True,True,22326,24,28,10,7.3563
432,15,ok,4,12,8,True,True,22384,22,95,4,7.3824
434,15,ok,6,17,11,True,True,22499,22,43,6,7.1237
436,15,ok,8,24,16,True,True,22614,21,42,8,6.9614
433,15,ok,14,34,20,True,True,22441,19,25,14,7.7737
438,15,ok,4,12,8,True,True,22729,18,102,4,7.2125
439,15,ok,14,47,33,True,True,22787,21,27,14,7.1037
437,15,ok,10,29,19,True,True,22672,22,24,10,7.7568
440,15,ok,6,16,10,True,True,22844,18,43,6,6.3966
444,15,ok,4,12,8,True,True,23075,15,101,4,6.1562
442,15,ok,8,28,20,True,True,22960,23,43,8,6.3771
445,15,ok,14,43,29,True,True,23133,20,24,14,6.3109
441,15,ok,6,20,14,True,True,22902,20,54,6,6.8652
447,15,ok,6,16,10,True,True,23248,19,63,6,6.2807
448,15,ok,8,26,18,True,True,23306,19,41,8,6.4452
443,15,ok,10,28,18,True,True,23017,21,26,10,7.1332
446,15,ok,6,18,12,True,True,23190,26,42,6,6.9938
449,15,ok,10,18,8,True,True,23364,28,24,10,6.419
450,15,ok,4,14,10,True,True,23421,21,100,4,7.4796
455,15,ok,10,29,19,True,True,23710,40,24,10,7.3899
451,15,ok,14,38,24,True,True,23479,18,24,14,7.7602
454,15,ok,8,17,9,True,True,23652,23,43,8,7.6404
456,15,ok,4,17,13,True,True,23768,18,93,4,7.6002
452,15,ok,6,22,16,True,True,23537,22,44,6,7.9979
457,15,ok,14,43,29,True,True,23826,21,24,14,7.7586
453,15,ok,6,15,9,True,True,23595,19,55,6,8.2688
458,15,ok,6,17,11,True,True,23884,38,44,6,7.7645
460,15,ok,8,20,12,True,True,23999,22,40,8,7.5331
462,15,ok,4,15,11,True,True,24115,15,98,4,6.7035
461,15,ok,10,29,19,True,True,24057,21,25,10,8.1598
459,15,ok,6,18,12,True,True,23942,19,57,6,8.7799
466,15,ok,8,25,17,True,True,24347,19,40,8,6.821
465,15,ok,6,17,11,True,True,24289,20,60,6,7.3369
463,15,ok,14,33,19,True,True,24173,20,25,14,7.7683
467,15,ok,10,32,22,True,True,24405,24,24,10,7.9177
469,15,ok,14,46,32,True,True,24521,19,25,14,7.8311
464,15,ok,6,15,9,True,True,24231,31,38,6,8.8925
471,15,ok,6,21,15,True,True,24637,17,56,6,8.1008
472,15,ok,8,26,18,True,True,24695,20,43,8,7.8977
1,16,ok,15,15,0,True,True,35,2,3,15,0.0004
2,16,ok,4,5,1,True,True,60,3,12,4,0.0004
3,16,ok,12,17,5,True,True,88,4,5,12,0.0007
4,16,ok,4,6,2,True,True,119,3,24,4,0.0006
5,16,ok,15,32,17,True,True,151,5,5,15,0.0014
6,16,ok,4,8,4,True,True,185,4,16,4,0.0011
7,16,ok,12,28,16,True,True,220,6,5,12,0.0018
8,16,ok,4,11,7,True,True,255,6,32,4,0.0016
9,16,ok,15,35,20,True,True,292,6,7,15,0.0028
10,16,ok,4,10,6,True,True,329,7,19,4,0.0022
11,16,ok,12,25,13,True,True,367,7,7,12,0.0032
12,16,ok,4,7,3,True,True,405,9,32,4,0.0028
13,16,ok,15,36,21,True,True,444,6,8,15,0.0046
14,16,ok,4,12,8,True,True,484,7,20,4,0.0039
15,16,ok,12,30,18,True,True,523,7,8,12,0.0053
16,16,ok,4,8,4,True,True,564,6,41,4,0.0046
17,16,ok,15,39,24,True,True,604,7,10,15,0.007
18,16,ok,4,10,6,True,True,645,8,22,4,0.0057
19,16,ok,12,24,12,True,True,687,12,8,12,0.0074
468,15,ok,4,11,7,True,True,24463,17,102,4,8.7235
20,16,ok,4,13,9,True,True,729,5,38,4,0.0071
22,16,ok,4,8,4,True,True,813,7,25,4,0.0082
23,16,ok,12,27,15,True,True,856,13,9,12,0.0106
24,16,ok,4,9,5,True,True,898,9,49,4,0.0096
21,16,ok,15,38,23,True,True,771,9,9,15,0.0382
25,16,ok,15,36,21,True,True,942,8,8,15,0.013
26,16,ok,4,12,8,True,True,985,8,26,4,0.0119
27,16,ok,12,31,19,True,True,1029,10,10,12,0.0144
28,16,ok,4,14,10,True,True,1072,6,44,4,0.0147
29,16,ok,15,45,30,True,True,1116,10,10,15,0.0179
30,16,ok,4,10,6,True,True,1161,10,29,4,0.0243
31,16,ok,12,27,15,True,True,1205,14,11,12,0.0178
32,16,ok,4,12,8,True,True,1250,9,46,4,0.0175
33,16,ok,15,44,29,True,True,1295,13,11,15,0.0219
35,16,ok,12,31,19,True,True,1385,12,12,12,0.0232
34,16,ok,4,13,9,True,True,1340,10,26,4,0.0356
36,16,ok,4,12,8,True,True,1431,6,55,4,0.0216
38,16,ok,4,16,12,True,True,1522,9,28,4,0.0241
37,16,ok,15,41,26,True,True,1476,10,12,15,0.0531
474,15,ok,4,13,9,True,True,24811,21,96,4,7.9298
39,16,ok,12,25,13,True,True,1568,14,13,12,0.0276
40,16,ok,4,13,9,True,True,1614,6,50,4,0.0304
41,16,ok,15,42,27,True,True,1660,10,11,15,0.0324
42,16,ok,4,12,8,True,True,1706,13,33,4,0.0292
44,16,ok,4,17,13,True,True,1800,10,55,4,0.0324
45,16,ok,15,37,22,True,True,1846,14,11,15,0.0385
43,16,ok,12,32,20,True,True,1753,15,11,12,0.0557
46,16,ok,4,12,8,True,True,1893,15,32,4,0.0353
47,16,ok,12,34,22,True,True,1940,12,11,12,0.0413
48,16,ok,4,10,6,True,True,1988,11,51,4,0.0523
49,16,ok,15,40,25,True,True,2035,13,12,15,0.0465
50,16,ok,4,11,7,True,True,2082,11,30,4,0.0424
52,16,ok,4,12,8,True,True,2178,14,57,4,0.0461
51,16,ok,12,26,14,True,True,2130,14,11,12,0.0686
53,16,ok,15,38,23,True,True,2226,14,11,15,0.0543
54,16,ok,4,10,6,True,True,2273,8,33,4,0.05
55,16,ok,12,36,24,True,True,2321,17,10,12,0.0645
56,16,ok,4,11,7,True,True,2370,11,61,4,0.0541
57,16,ok,15,43,28,True,True,2418,18,13,15,0.0636
58,16,ok,4,9,5,True,True,2466,11,31,4,0.0621
59,16,ok,12,31,19,True,True,2515,21,12,12,0.0658
60,16,ok,4,11,7,True,True,2563,13,56,4,0.0598
62,16,ok,4,14,10,True,True,2661,12,32,4,0.0659
61,16,ok,15,37,22,True,True,2612,15,12,15,0.0937
63,16,ok,12,29,17,True,True,2710,19,14,12,0.0709
476,15,ok,6,18,12,True,True,24927,15,49,6,8.0664
64,16,ok,4,10,6,True,True,2759,15,60,4,0.0716
66,16,ok,4,15,11,True,True,2857,12,34,4,0.0764
65,16,ok,15,39,24,True,True,2808,18,12,15,0.0949
67,16,ok,12,39,27,True,True,2906,19,13,12,0.0869
68,16,ok,4,15,11,True,True,2955,16,60,4,0.0868
69,16,ok,15,43,28,True,True,3005,15,14,15,0.0936
70,16,ok,4,14,10,True,True,3054,13,32,4,0.0991
473,15,ok,10,27,17,True,True,24753,25,26,10,8.7525
470,15,ok,6,14,8,True,True,24579,18,40,6,9.1422
71,16,ok,12,32,20,True,True,3104,18,12,12,0.0982
72,16,ok,4,11,7,True,True,3154,12,69,4,0.0953
73,16,ok,15,47,32,True,True,3203,14,10,15,0.1052
74,16,ok,4,11,7,True,True,3253,16,32,4,0.101
76,16,ok,4,11,7,True,True,3353,16,75,4,0.1052
78,16,ok,4,13,9,True,True,3453,12,36,4,0.1127
77,16,ok,15,41,26,True,True,3403,19,14,15,0.1171
75,16,ok,12,40,28,True,True,3303,20,12,12,0.1631
79,16,ok,12,35,23,True,True,3504,13,16,12,0.1246
477,15,ok,6,21,15,True,True,24985,17,55,6,8.2357
80,16,ok,4,11,7,True,True,3554,12,58,4,0.1487
82,16,ok,4,14,10,True,True,3655,10,33,4,0.1297
81,16,ok,15,41,26,True,True,3604,16,14,15,0.1507
83,16,ok,12,41,29,True,True,3705,18,14,12,0.1349
84,16,ok,4,9,5,True,True,3756,14,68,4,0.1878
86,16,ok,4,13,9,True,True,3858,12,31,4,0.1378
85,16,ok,15,54,39,True,True,3807,19,13,15,0.1523
87,16,ok,12,34,22,True,True,3908,18,14,12,0.1632
88,16,ok,4,11,7,True,True,3959,15,60,4,0.1397
90,16,ok,4,15,11,True,True,4061,17,35,4,0.1572
89,16,ok,15,44,29,True,True,4010,16,19,15,0.1958
92,16,ok,4,11,7,True,True,4164,17,65,4,0.1537
475,15,ok,14,41,27,True,True,24869,24,25,14,9.0669
93,16,ok,15,43,28,True,True,4215,16,13,15,0.1713
94,16,ok,4,15,11,True,True,4266,17,37,4,0.1692
91,16,ok,12,42,30,True,True,4112,22,15,12,0.221
95,16,ok,12,30,18,True,True,4318,16,14,12,0.175
96,16,ok,4,10,6,True,True,4369,15,75,4,0.172
98,16,ok,4,11,7,True,True,4472,20,33,4,0.174
97,16,ok,15,51,36,True,True,4420,19,16,15,0.218
100,16,ok,4,13,9,True,True,4575,12,57,4,0.1939
479,15,ok,10,26,16,True,True,25101,25,26,10,8.3534
99,16,ok,12,27,15,True,True,4524,19,14,12,0.2568
101,16,ok,15,48,33,True,True,4627,16,13,15,0.229
103,16,ok,12,34,22,True,True,4731,19,13,12,0.2338
104,16,ok,4,10,6,True,True,4783,19,76,4,0.2201
102,16,ok,4,8,4,True,True,4679,17,35,4,0.2581
105,16,ok,15,48,33,True,True,4835,18,12,15,0.2416
106,16,ok,4,16,12,True,True,4887,11,31,4,0.2429
107,16,ok,12,31,19,True,True,4939,30,14,12,0.2324
108,16,ok,4,9,5,True,True,4991,11,66,4,0.2334
112,16,ok,4,11,7,True,True,5200,28,73,4,1.0823
110,16,ok,4,8,4,True,True,5095,18,34,4,1.1415
111,16,ok,12,41,29,True,True,5148,21,14,12,1.1845
109,16,ok,15,50,35,True,True,5043,23,14,15,1.308
480,15,ok,4,13,9,True,True,25159,14,101,4,9.3038
114,16,ok,4,12,8,True,True,5305,11,32,4,1.1896
115,16,ok,12,36,24,True,True,5357,20,14,12,1.1926
478,15,ok,8,31,23,True,True,25043,17,39,8,9.9741
116,16,ok,4,11,7,True,True,5410,14,73,4,1.2508
113,16,ok,15,40,25,True,True,5252,20,13,15,1.4242
118,16,ok,4,10,6,True,True,5515,16,39,4,0.3533
117,16,ok,15,48,33,True,True,5463,21,14,15,1.2778
119,16,ok,12,31,19,True,True,5568,21,15,12,0.3345
120,16,ok,4,10,6,True,True,5621,15,61,4,0.3711
124,16,ok,4,10,6,True,True,5833,17,67,4,0.3228
122,16,ok,4,14,10,True,True,5727,18,32,4,0.342
482,15,ok,6,18,12,True,True,25276,17,39,6,8.1792
123,16,ok,12,39,27,True,True,5780,22,13,12,0.366
125,16,ok,15,56,41,True,True,5886,19,13,15,0.3796
126,16,ok,4,13,9,True,True,5939,15,36,4,0.3288
121,16,ok,15,59,44,True,True,5674,20,13,15,0.4918
128,16,ok,4,13,9,True,True,6045,20,73,4,0.3384
130,16,ok,4,12,8,True,True,6151,16,35,4,0.3389
481,15,ok,14,33,19,True,True,25217,22,26,14,8.6814
129,16,ok,15,48,33,True,True,6098,20,14,15,0.3751
127,16,ok,12,41,29,True,True,5992,20,16,12,0.4555
131,16,ok,12,34,22,True,True,6205,25,15,12,0.3889
134,16,ok,4,12,8,True,True,6365,19,38,4,0.355
132,16,ok,4,10,6,True,True,6258,26,70,4,0.397
133,16,ok,15,47,32,True,True,6312,22,14,15,0.4183
137,16,ok,15,50,35,True,True,6526,19,14,15,0.3921
136,16,ok,4,12,8,True,True,6472,12,71,4,0.4054
135,16,ok,12,34,22,True,True,6419,22,17,12,0.4692
140,16,ok,4,17,13,True,True,6687,19,75,4,0.3857
142,16,ok,4,14,10,True,True,6794,20,39,4,0.4008
138,16,ok,4,16,12,True,True,6579,16,38,4,0.5008
141,16,ok,15,42,27,True,True,6740,27,12,15,0.4376
139,16,ok,12,36,24,True,True,6633,20,20,12,0.5539
144,16,ok,4,11,7,True,True,6902,22,79,4,0.4635
145,16,ok,15,49,34,True,True,6956,17,16,15,0.4294
143,16,ok,12,31,19,True,True,6848,24,15,12,0.533
146,16,ok,4,12,8,True,True,7010,24,39,4,0.4651
147,16,ok,12,34,22,True,True,7064,28,13,12,0.4532
148,16,ok,4,13,9,True,True,7118,17,76,4,0.4307
484,15,ok,8,23,15,True,True,25392,23,46,8,8.8632
149,16,ok,15,47,32,True,True,7172,26,14,15,0.512
151,16,ok,12,40,28,True,True,7280,34,16,12,0.4621
152,16,ok,4,13,9,True,True,7335,17,70,4,0.4625
150,16,ok,4,11,7,True,True,7226,20,35,4,0.5762
154,16,ok,4,13,9,True,True,7443,20,37,4,0.4731
483,15,ok,6,17,11,True,True,25334,19,57,6,9.1975
153,16,ok,15,47,32,True,True,7389,17,15,15,0.5731
155,16,ok,12,35,23,True,True,7497,29,15,12,0.5512
487,15,ok,14,51,37,True,True,25566,23,24,14,8.7848
156,16,ok,4,11,7,True,True,7552,18,71,4,0.4958
157,16,ok,15,41,26,True,True,7606,25,14,15,0.5072
158,16,ok,4,12,8,True,True,7661,21,36,4,0.5573
160,16,ok,4,13,9,True,True,7770,20,76,4,0.5151
488,15,ok,6,20,14,True,True,25625,17,43,6,8.7661
161,16,ok,15,47,32,True,True,7824,20,15,15,0.5461
485,15,ok,10,29,19,True,True,25450,34,27,10,9.3896
162,16,ok,4,16,12,True,True,7879,18,38,4,0.5957
159,16,ok,12,34,22,True,True,7715,25,13,12,0.6565
164,16,ok,4,11,7,True,True,7988,17,71,4,0.5471
163,16,ok,12,37,25,True,True,7933,30,15,12,0.6285
165,16,ok,15,48,33,True,True,8043,24,15,15,0.5799
166,16,ok,4,12,8,True,True,8098,20,37,4,0.6166
167,16,ok,12,43,31,True,True,8152,27,17,12,0.6012
168,16,ok,4,12,8,True,True,8207,14,68,4,0.5841
486,15,ok,4,14,10,True,True,25508,15,102,4,9.4741
172,16,ok,4,14,10,True,True,8427,16,72,4,0.6044
171,16,ok,12,32,20,True,True,8372,29,14,12,0.634
169,16,ok,15,46,31,True,True,8262,21,15,15,0.6993
173,16,ok,15,44,29,True,True,8482,26,16,15,0.6367
170,16,ok,4,15,11,True,True,8317,14,38,4,0.7519
175,16,ok,12,36,24,True,True,8592,31,15,12,0.6458
174,16,ok,4,14,10,True,True,8537,21,40,4,0.6999
176,16,ok,4,7,3,True,True,8647,21,75,4,0.6499
177,16,ok,15,56,41,True,True,8702,23,16,15,0.6727
490,15,ok,8,26,18,True,True,25741,22,45,8,9.2101
491,15,ok,10,28,18,True,True,25799,23,27,10,8.6306
489,15,ok,6,15,9,True,True,25683,15,67,6,9.4857
178,16,ok,4,12,8,True,True,8757,22,39,4,0.7883
181,16,ok,15,50,35,True,True,8923,22,14,15,0.7321
179,16,ok,12,44,32,True,True,8812,22,14,12,0.7885
182,16,ok,4,12,8,True,True,8978,24,39,4,0.7267
183,16,ok,12,39,27,True,True,9034,35,16,12,0.7138
180,16,ok,4,13,9,True,True,8868,19,78,4,0.8847
185,16,ok,15,51,36,True,True,9144,26,13,15,0.7517
187,16,ok,12,37,25,True,True,9255,25,15,12,0.7225
184,16,ok,4,9,5,True,True,9089,28,72,4,0.8335
186,16,ok,4,13,9,True,True,9200,19,37,4,0.857
188,16,ok,4,16,12,True,True,9311,17,72,4,0.7181
189,16,ok,15,45,30,True,True,9366,21,16,15,0.7781
492,15,ok,4,13,9,True,True,25858,18,101,4,8.8024
191,16,ok,12,31,19,True,True,9477,19,14,12,0.7613
190,16,ok,4,11,7,True,True,9422,22,35,4,0.8322
193,16,ok,15,47,32,True,True,9589,37,14,15,0.7941
192,16,ok,4,13,9,True,True,9533,14,73,4,0.8712
194,16,ok,4,13,9,True,True,9644,22,38,4,0.8707
196,16,ok,4,10,6,True,True,9756,23,71,4,0.8058
195,16,ok,12,44,32,True,True,9700,26,17,12,0.873
198,16,ok,4,11,7,True,True,9867,22,38,4,0.8094
197,16,ok,15,48,33,True,True,9811,25,16,15,0.8802
202,16,ok,4,10,6,True,True,10091,26,43,4,0.9116
201,16,ok,15,53,38,True,True,10035,25,18,15,0.9175
200,16,ok,4,14,10,True,True,9979,25,70,4,0.9322
199,16,ok,12,33,21,True,True,9923,36,14,12,0.9593
204,16,ok,4,11,7,True,True,10203,29,74,4,0.8897
493,15,ok,14,36,22,True,True,25916,25,26,14,9.0715
203,16,ok,12,35,23,True,True,10147,27,15,12,0.9937
206,16,ok,4,14,10,True,True,10315,29,38,4,0.9409
207,16,ok,12,34,22,True,True,10371,40,16,12,0.933
494,15,ok,6,17,11,True,True,25974,24,47,6,9.1635
205,16,ok,15,46,31,True,True,10259,25,15,15,1.3305
210,16,ok,4,12,8,True,True,10539,27,39,4,1.1812
208,16,ok,4,13,9,True,True,10427,29,75,4,1.3647
209,16,ok,15,59,44,True,True,10483,22,14,15,1.9132
497,15,ok,10,28,18,True,True,26149,23,26,10,8.9771
211,16,ok,12,47,35,True,True,10595,29,16,12,1.9302
213,16,ok,15,53,38,True,True,10708,25,18,15,1.9135
212,16,ok,4,15,11,True,True,10652,21,74,4,2.0195
498,15,ok,4,16,12,True,True,26207,16,104,4,8.7863
215,16,ok,12,36,24,True,True,10820,24,14,12,1.9375
214,16,ok,4,11,7,True,True,10764,21,41,4,2.0501
218,16,ok,4,12,8,True,True,10989,21,41,4,1.9198
496,15,ok,8,23,15,True,True,26091,24,41,8,10.1162
495,15,ok,6,18,12,True,True,26032,20,58,6,10.4778
216,16,ok,4,16,12,True,True,10877,16,75,4,2.0712
219,16,ok,12,37,25,True,True,11046,34,15,12,2.0033
220,16,ok,4,13,9,True,True,11102,19,84,4,1.9374
217,16,ok,15,47,32,True,True,10933,22,16,15,2.106
221,16,ok,15,55,40,True,True,11159,31,15,15,2.0439
499,15,ok,14,40,26,True,True,26266,23,26,14,9.2598
223,16,ok,12,42,30,True,True,11272,29,15,12,2.0335
222,16,ok,4,13,9,True,True,11215,27,40,4,2.0346
226,16,ok,4,11,7,True,True,11441,19,39,4,2.0607
224,16,ok,4,12,8,True,True,11328,22,76,4,2.1859
225,16,ok,15,56,41,True,True,11385,38,16,15,2.199
230,16,ok,4,9,5,True,True,11668,20,48,4,2.0572
227,16,ok,12,42,30,True,True,11498,24,16,12,2.237
228,16,ok,4,15,11,True,True,11555,29,74,4,2.1662
229,16,ok,15,50,35,True,True,11611,24,15,15,2.1166
232,16,ok,4,10,6,True,True,11782,18,77,4,1.9271
233,16,ok,15,57,42,True,True,11838,41,16,15,1.9002
231,16,ok,12,35,23,True,True,11725,34,14,12,2.2517
236,16,ok,4,17,13,True,True,12009,23,74,4,1.2362
234,16,ok,4,16,12,True,True,11895,18,40,4,1.8929
235,16,ok,12,46,34,True,True,11952,36,16,12,1.3051
500,15,ok,6,14,8,True,True,26324,20,42,6,9.2107
238,16,ok,4,14,10,True,True,12123,24,38,4,1.2336
237,16,ok,15,42,27,True,True,12066,33,16,15,1.2771
240,16,ok,4,13,9,True,True,12236,20,95,4,1.247
241,16,ok,15,48,33,True,True,12293,25,17,15,1.3227
239,16,ok,12,34,22,True,True,12180,37,16,12,1.4227
243,16,ok,12,35,23,True,True,12407,21,15,12,1.3238
244,16,ok,4,14,10,True,True,12465,26,74,4,1.3076
242,16,ok,4,15,11,True,True,12350,21,44,4,1.4395
248,16,ok,4,12,8,True,True,12693,23,75,4,1.3389
247,16,ok,12,48,36,True,True,12636,22,17,12,1.4109
245,16,ok,15,53,38,True,True,12522,19,17,15,1.6041
250,16,ok,4,14,10,True,True,12807,25,41,4,1.4136
246,16,ok,4,13,9,True,True,12579,15,40,4,1.6065
249,16,ok,15,43,28,True,True,12750,31,16,15,1.5965
251,16,ok,12,42,30,True,True,12865,27,16,12,1.4743
252,16,ok,4,8,4,True,True,12922,21,93,4,1.5243
253,16,ok,15,54,39,True,True,12979,34,15,15,1.5453
254,16,ok,4,19,15,True,True,13036,25,44,4,1.4884
257,16,ok,15,59,44,True,True,13208,23,15,15,1.4989
256,16,ok,4,8,4,True,True,13151,30,79,4,1.624
260,16,ok,4,11,7,True,True,13381,20,74,4,1.5416
255,16,ok,12,37,25,True,True,13094,37,16,12,1.6576
259,16,ok,12,44,32,True,True,13323,27,15,12,1.6294
262,16,ok,4,16,12,True,True,13496,21,45,4,1.5191
258,16,ok,4,12,8,True,True,13266,14,45,4,1.7872
261,16,ok,15,59,44,True,True,13438,25,17,15,1.6236
264,16,ok,4,16,12,True,True,13611,26,76,4,1.5824
263,16,ok,12,32,20,True,True,13553,30,18,12,1.7255
268,16,ok,4,18,14,True,True,13841,26,70,4,1.6094
267,16,ok,12,34,22,True,True,13783,28,14,12,1.6471
266,16,ok,4,13,9,True,True,13726,27,39,4,1.7604
270,16,ok,4,8,4,True,True,13956,25,42,4,1.6392
269,16,ok,15,49,34,True,True,13899,26,17,15,1.7359
265,16,ok,15,49,34,True,True,13668,26,15,15,1.9496
271,16,ok,12,37,25,True,True,14014,28,15,12,1.6532
274,16,ok,4,17,13,True,True,14187,18,40,4,1.6971
273,16,ok,15,52,37,True,True,14129,25,18,15,1.7211
276,16,ok,4,13,9,True,True,14303,17,81,4,1.7115
272,16,ok,4,13,9,True,True,14072,26,84,4,1.9149
275,16,ok,12,36,24,True,True,14245,41,18,12,1.8924
277,16,ok,15,44,29,True,True,14360,36,15,15,1.8182
279,16,ok,12,37,25,True,True,14476,30,17,12,1.8353
278,16,ok,4,12,8,True,True,14418,22,42,4,2.0387
282,16,ok,4,12,8,True,True,14650,20,44,4,1.9638
280,16,ok,4,7,3,True,True,14534,30,76,4,2.1322
281,16,ok,15,56,41,True,True,14592,29,16,15,2.0668
284,16,ok,4,14,10,True,True,14766,26,76,4,2.0427
283,16,ok,12,42,30,True,True,14708,42,16,12,2.9873
285,16,ok,15,51,36,True,True,14824,31,18,15,2.9755
286,16,ok,4,16,12,True,True,14882,30,43,4,2.8489
288,16,ok,4,13,9,True,True,14998,20,73,4,2.8993
291,16,ok,12,38,26,True,True,15172,37,17,12,2.9468
287,16,ok,12,33,21,True,True,14940,30,17,12,3.1995
289,16,ok,15,56,41,True,True,15056,26,14,15,3.1825
294,16,ok,4,11,7,True,True,15346,23,41,4,3.006
290,16,ok,4,14,10,True,True,15114,28,38,4,3.2008
293,16,ok,15,57,42,True,True,15288,28,16,15,3.1421
296,16,ok,4,14,10,True,True,15463,20,74,4,2.9897
292,16,ok,4,8,4,True,True,15230,21,73,4,3.164
297,16,ok,15,65,50,True,True,15521,24,20,15,3.1394
298,16,ok,4,12,8,True,True,15579,40,40,4,3.07
299,16,ok,12,38,26,True,True,15638,41,20,12,3.0819
295,16,ok,12,30,18,True,True,15405,36,17,12,3.2935
300,16,ok,4,13,9,True,True,15696,20,80,4,3.0998
302,16,ok,4,12,8,True,True,15812,21,48,4,3.0791
304,16,ok,4,15,11,True,True,15929,21,88,4,3.0691
303,16,ok,12,39,27,True,True,15871,26,19,12,3.1215
301,16,ok,15,51,36,True,True,15754,25,16,15,3.3653
305,16,ok,15,52,37,True,True,15988,33,16,15,3.1696
306,16,ok,4,12,8,True,True,16046,23,43,4,3.3791
308,16,ok,4,20,16,True,True,16163,18,77,4,3.2424
307,16,ok,12,38,26,True,True,16104,23,16,12,3.501
309,16,ok,15,46,31,True,True,16221,29,17,15,3.3045
310,16,ok,4,17,13,True,True,16280,24,40,4,3.4906
311,16,ok,12,43,31,True,True,16338,30,19,12,3.4072
314,16,ok,4,14,10,True,True,16514,25,45,4,3.2966
312,16,ok,4,12,8,True,True,16397,27,86,4,3.4762
316,16,ok,4,15,11,True,True,16631,38,89,4,2.4187
315,16,ok,12,42,30,True,True,16572,39,18,12,2.511
317,16,ok,15,51,36,True,True,16690,30,17,15,2.4793
313,16,ok,15,54,39,True,True,16455,36,17,15,3.6651
318,16,ok,4,8,4,True,True,16748,23,40,4,2.4285
319,16,ok,12,38,26,True,True,16807,34,18,12,2.4829
322,16,ok,4,12,8,True,True,16983,19,45,4,2.5434
324,16,ok,4,11,7,True,True,17100,21,79,4,2.5356
325,16,ok,15,47,32,True,True,17159,32,15,15,2.5341
320,16,ok,4,12,8,True,True,16866,20,77,4,2.8347
321,16,ok,15,48,33,True,True,16924,28,16,15,2.8435
323,16,ok,12,46,34,True,True,17042,39,16,12,2.8961
327,16,ok,12,39,27,True,True,17277,34,19,12,2.6853
328,16,ok,4,16,12,True,True,17336,23,76,4,2.7064
329,16,ok,15,62,47,True,True,17394,33,16,15,2.6718
326,16,ok,4,12,8,True,True,17218,28,46,4,2.9777
331,16,ok,12,39,27,True,True,17512,45,19,12,2.7629
332,16,ok,4,15,11,True,True,17571,29,82,4,2.7119
333,16,ok,15,55,40,True,True,17630,27,19,15,3.6823
330,16,ok,4,8,4,True,True,17453,27,42,4,3.9552
334,16,ok,4,17,13,True,True,17689,20,40,4,3.7086
336,16,ok,4,17,13,True,True,17807,24,82,4,3.6405
335,16,ok,12,35,23,True,True,17748,32,17,12,4.084
338,16,ok,4,16,12,True,True,17925,23,42,4,3.7547
340,16,ok,4,12,8,True,True,18043,20,81,4,3.8711
337,16,ok,15,50,35,True,True,17866,28,16,15,4.1625
339,16,ok,12,38,26,True,True,17984,34,16,12,4.3418
342,16,ok,4,11,7,True,True,18161,28,41,4,3.9147
343,16,ok,12,32,20,True,True,18220,33,16,12,3.9933
345,16,ok,15,53,38,True,True,18338,26,15,15,3.9882
346,16,ok,4,14,10,True,True,18397,38,46,4,4.0445
347,16,ok,12,36,24,True,True,18457,33,17,12,4.0608
349,16,ok,15,53,38,True,True,18575,31,15,15,4.0347
341,16,ok,15,51,36,True,True,18102,28,17,15,4.3947
344,16,ok,4,11,7,True,True,18279,27,80,4,4.3118
350,16,ok,4,15,11,True,True,18634,35,43,4,4.0775
348,16,ok,4,10,6,True,True,18516,28,80,4,4.4282
352,16,ok,4,25,21,True,True,18753,21,82,4,3.9895
351,16,ok,12,42,30,True,True,18693,41,17,12,4.0967
353,16,ok,15,53,38,True,True,18812,35,17,15,4.0252
355,16,ok,12,47,35,True,True,18930,37,16,12,4.5311
354,16,ok,4,11,7,True,True,18871,32,44,4,4.6014
357,16,ok,15,54,39,True,True,19049,28,17,15,4.3953
356,16,ok,4,14,10,True,True,18990,25,80,4,4.4878
361,16,ok,15,56,41,True,True,19286,28,16,15,4.3118
360,16,ok,4,16,12,True,True,19227,25,80,4,5.3004
362,16,ok,4,14,10,True,True,19346,29,43,4,5.1947
359,16,ok,12,43,31,True,True,19168,35,18,12,5.4587
358,16,ok,4,13,9,True,True,19108,20,45,4,5.509
363,16,ok,12,39,27,True,True,19405,37,17,12,4.1942
364,16,ok,4,19,15,True,True,19465,25,80,4,4.458
365,16,ok,15,53,38,True,True,19524,31,19,15,4.4236
366,16,ok,4,17,13,True,True,19584,36,50,4,4.6169
370,16,ok,4,13,9,True,True,19822,31,41,4,4.4173
367,16,ok,12,41,29,True,True,19643,37,17,12,5.045
368,16,ok,4,14,10,True,True,19703,21,77,4,5.0578
369,16,ok,15,62,47,True,True,19762,34,17,15,4.7069
372,16,ok,4,10,6,True,True,19941,33,73,4,4.4575
371,16,ok,12,39,27,True,True,19881,27,18,12,4.606
373,16,ok,15,57,42,True,True,20000,33,16,15,4.47
374,16,ok,4,11,7,True,True,20060,26,40,4,4.4865
375,16,ok,12,47,35,True,True,20120,29,17,12,4.8382
378,16,ok,4,14,10,True,True,20299,27,45,4,4.9474
382,16,ok,4,15,11,True,True,20537,20,44,4,4.5529
379,16,ok,12,46,34,True,True,20358,40,16,12,5.0721
384,16,ok,4,14,10,True,True,20657,26,73,4,4.5779
381,16,ok,15,58,43,True,True,20478,29,16,15,4.8945
383,16,ok,12,40,28,True,True,20597,33,16,12,4.7307
377,16,ok,15,39,24,True,True,20239,33,18,15,5.3721
386,16,ok,4,11,7,True,True,20776,20,44,4,5.7881
385,16,ok,15,62,47,True,True,20717,29,16,15,5.8842
376,16,ok,4,16,12,True,True,20179,22,78,4,7.1629
387,16,ok,12,43,31,True,True,20836,31,20,12,5.8489
389,16,ok,15,61,46,True,True,20956,40,15,15,5.7894
390,16,ok,4,15,11,True,True,21016,20,44,4,4.8634
380,16,ok,4,13,9,True,True,20418,32,85,4,7.0138
388,16,ok,4,14,10,True,True,20896,21,90,4,6.0289
391,16,ok,12,41,29,True,True,21076,27,16,12,5.0879
394,16,ok,4,14,10,True,True,21255,29,43,4,4.9973
396,16,ok,4,10,6,True,True,21375,29,88,4,5.1197
393,16,ok,15,56,41,True,True,21195,26,20,15,6.0872
398,16,ok,4,13,9,True,True,21495,30,49,4,5.2884
404,16,ok,4,12,8,True,True,21855,23,82,4,5.1883
401,16,ok,15,51,36,True,True,21675,32,19,15,5.5283
402,16,ok,4,11,7,True,True,21735,23,45,4,5.4919
403,16,ok,12,38,26,True,True,21795,37,18,12,5.5318
399,16,ok,12,41,29,True,True,21555,42,16,12,5.8771
392,16,ok,4,10,6,True,True,21135,31,87,4,7.3629
405,16,ok,15,55,40,True,True,21915,40,18,15,5.5348
395,16,ok,12,43,31,True,True,21315,31,16,12,8.334
400,16,ok,4,12,8,True,True,21615,27,96,4,7.2886
408,16,ok,4,11,7,True,True,22096,37,85,4,6.2933
406,16,ok,4,16,12,True,True,21975,28,41,4,6.7568
409,16,ok,15,51,36,True,True,22156,36,16,15,6.3844
397,16,ok,15,45,30,True,True,21435,40,16,15,8.6639
407,16,ok,12,43,31,True,True,22035,35,16,12,6.754
412,16,ok,4,10,6,True,True,22336,34,79,4,6.7321
410,16,ok,4,16,12,True,True,22216,37,40,4,6.8544
411,16,ok,12,42,30,True,True,22276,41,16,12,6.8293
415,16,ok,12,48,36,True,True,22517,38,17,12,5.7534
414,16,ok,4,13,9,True,True,22457,29,43,4,5.9664
419,16,ok,12,45,33,True,True,22758,43,17,12,5.8628
413,16,ok,15,57,42,True,True,22396,32,16,15,7.6841
418,16,ok,4,14,10,True,True,22698,26,45,4,6.1275
420,16,ok,4,11,7,True,True,22818,20,77,4,6.0117
417,16,ok,15,52,37,True,True,22637,35,16,15,6.2163
422,16,ok,4,10,6,True,True,22939,23,45,4,6.2035
423,16,ok,12,44,32,True,True,22999,31,17,12,6.2533
421,16,ok,15,49,34,True,True,22878,35,20,15,6.3651
425,16,ok,15,57,42,True,True,23120,32,18,15,7.2475
426,16,ok,4,17,13,True,True,23180,23,45,4,7.0758
427,16,ok,12,45,33,True,True,23241,39,18,12,6.821
424,16,ok,4,17,13,True,True,23059,27,78,4,8.5897
431,16,ok,12,35,23,True,True,23482,34,17,12,7.228
416,16,ok,4,11,7,True,True,22577,21,82,4,9.9702
433,16,ok,15,57,42,True,True,23603,29,17,15,7.3637
430,16,ok,4,17,13,True,True,23422,23,45,4,7.6108
429,16,ok,15,51,36,True,True,23361,33,19,15,7.8202
436,16,ok,4,14,10,True,True,23785,29,85,4,6.1049
438,16,ok,4,13,9,True,True,23906,29,44,4,6.1363
434,16,ok,4,17,13,True,True,23664,31,45,4,6.9745
435,16,ok,12,46,34,True,True,23724,38,19,12,7.0812
437,16,ok,15,56,41,True,True,23845,43,17,15,6.9874
440,16,ok,4,15,11,True,True,24027,29,79,4,6.8253
439,16,ok,12,40,28,True,True,23966,30,16,12,6.9942
442,16,ok,4,16,12,True,True,24148,38,45,4,6.7836
441,16,ok,15,60,45,True,True,24087,34,19,15,6.8145
428,16,ok,4,20,16,True,True,23301,22,91,4,10.4678
443,16,ok,12,43,31,True,True,24209,36,19,12,7.9116
444,16,ok,4,12,8,True,True,24269,28,91,4,7.5047
446,16,ok,4,14,10,True,True,24391,26,43,4,7.8182
445,16,ok,15,59,44,True,True,24330,37,16,15,7.8476
449,16,ok,15,51,36,True,True,24573,28,16,15,7.6984
432,16,ok,4,15,11,True,True,23543,41,82,4,11.4967
451,16,ok,12,41,29,True,True,24694,46,17,12,7.7004
452,16,ok,4,16,12,True,True,24755,37,80,4,7.6779
448,16,ok,4,12,8,True,True,24512,31,95,4,8.1602
450,16,ok,4,16,12,True,True,24633,35,47,4,8.2106
447,16,ok,12,44,32,True,True,24451,40,17,12,8.5434
453,16,ok,15,44,29,True,True,24815,56,17,15,8.1022
454,16,ok,4,14,10,True,True,24876,34,47,4,6.8231
456,16,ok,4,12,8,True,True,24998,23,92,4,6.5685
455,16,ok,12,45,33,True,True,24937,49,19,12,7.1226
458,16,ok,4,11,7,True,True,25119,27,44,4,8.1059
460,16,ok,4,16,12,True,True,25241,27,88,4,8.115
463,16,ok,12,36,24,True,True,25424,44,18,12,7.8483
464,16,ok,4,15,11,True,True,25484,25,97,4,7.8428
461,16,ok,15,48,33,True,True,25302,36,16,15,8.3344
457,16,ok,15,57,42,True,True,25059,30,16,15,9.1776
462,16,ok,4,22,18,True,True,25363,29,50,4,8.6622
466,16,ok,4,13,9,True,True,25606,29,42,4,8.005
459,16,ok,12,29,17,True,True,25180,34,20,12,9.4696
465,16,ok,15,54,39,True,True,25545,36,17,15,8.8757
468,16,ok,4,12,8,True,True,25728,46,91,4,8.6496
467,16,ok,12,43,31,True,True,25667,49,18,12,8.742
471,16,ok,12,46,34,True,True,25911,29,19,12,9.7254
469,16,ok,15,61,46,True,True,25789,47,17,15,10.0084
1,17,ok,16,16,0,True,True,37,2,3,16,0.0005
2,17,ok,2,2,0,True,True,63,4,10,2,0.0003
3,17,ok,7,10,3,True,True,93,3,16,7,0.0006
4,17,ok,2,5,3,True,True,126,3,24,2,0.0007
5,17,ok,9,13,4,True,True,160,4,31,9,0.0011
6,17,ok,2,3,1,True,True,195,4,29,2,0.001
7,17,ok,7,13,6,True,True,232,6,33,7,0.0015
8,17,ok,2,4,2,True,True,269,4,31,2,0.0016
9,17,ok,9,15,6,True,True,308,6,38,9,0.0023
10,17,ok,2,4,2,True,True,347,5,39,2,0.0021
11,17,ok,7,12,5,True,True,386,6,33,7,0.0029
12,17,ok,2,3,1,True,True,427,5,41,2,0.0028
13,17,ok,9,20,11,True,True,468,5,41,9,0.0042
14,17,ok,2,5,3,True,True,509,7,41,2,0.0037
15,17,ok,7,14,7,True,True,551,7,46,7,0.0048
16,17,ok,2,7,5,True,True,593,4,54,2,0.0048
17,17,ok,9,19,10,True,True,636,8,48,9,0.0063
18,17,ok,2,4,2,True,True,679,7,49,2,0.0058
19,17,ok,7,14,7,True,True,723,8,47,7,0.0072
20,17,ok,2,4,2,True,True,767,5,53,2,0.0069
21,17,ok,9,21,12,True,True,811,8,50,9,0.0093
22,17,ok,2,3,1,True,True,855,6,49,2,0.0083
23,17,ok,7,15,8,True,True,900,9,52,7,0.012
24,17,ok,2,5,3,True,True,945,5,57,2,0.0101
25,17,ok,9,18,9,True,True,990,6,53,9,0.0124
26,17,ok,2,4,2,True,True,1036,7,52,2,0.0118
27,17,ok,7,15,8,True,True,1082,9,58,7,0.0138
28,17,ok,2,4,2,True,True,1128,8,64,2,0.0134
29,17,ok,9,21,12,True,True,1174,9,54,9,0.0169
30,17,ok,2,7,5,True,True,1220,9,49,2,0.0212
31,17,ok,7,17,10,True,True,1267,12,60,7,0.0183
32,17,ok,2,5,3,True,True,1314,7,62,2,0.0174
33,17,ok,9,21,12,True,True,1361,12,59,9,0.0488
474,16,ok,4,17,13,True,True,26094,24,44,4,8.6608
34,17,ok,2,5,3,True,True,1409,8,54,2,0.0433
35,17,ok,7,19,12,True,True,1456,8,66,7,0.0249
37,17,ok,9,23,14,True,True,1552,10,63,9,0.029
36,17,ok,2,5,3,True,True,1504,7,62,2,0.0465
38,17,ok,2,6,4,True,True,1600,9,63,2,0.0258
39,17,ok,7,18,11,True,True,1648,9,60,7,0.0298
40,17,ok,2,8,6,True,True,1696,9,60,2,0.0331
41,17,ok,9,25,16,True,True,1745,9,65,9,0.0509
42,17,ok,2,5,3,True,True,1793,6,64,2,0.0303
44,17,ok,2,5,3,True,True,1891,6,70,2,0.0334
43,17,ok,7,13,6,True,True,1842,11,59,7,0.0398
473,16,ok,15,57,42,True,True,26033,37,19,15,9.206
45,17,ok,9,22,13,True,True,1940,8,67,9,0.0385
46,17,ok,2,6,4,True,True,1990,9,58,2,0.0366
47,17,ok,7,16,9,True,True,2039,16,66,7,0.045
48,17,ok,2,8,6,True,True,2089,7,72,2,0.0416
49,17,ok,9,15,6,True,True,2138,10,66,9,0.044
50,17,ok,2,6,4,True,True,2188,7,70,2,0.0467
51,17,ok,7,17,10,True,True,2238,13,66,7,0.0482
52,17,ok,2,5,3,True,True,2288,9,68,2,0.0478
54,17,ok,2,6,4,True,True,2388,8,80,2,0.0514
53,17,ok,9,21,12,True,True,2338,13,70,9,0.0572
55,17,ok,7,12,5,True,True,2439,7,68,7,0.0554
56,17,ok,2,6,4,True,True,2489,7,70,2,0.0553
58,17,ok,2,5,3,True,True,2591,11,77,2,0.0615
57,17,ok,9,23,14,True,True,2540,10,72,9,0.0732
59,17,ok,7,16,9,True,True,2642,14,70,7,0.0643
60,17,ok,2,6,4,True,True,2693,9,80,2,0.0742
61,17,ok,9,22,13,True,True,2744,12,72,9,0.0942
62,17,ok,2,6,4,True,True,2795,11,70,2,0.0682
63,17,ok,7,15,8,True,True,2846,12,74,7,0.1237
64,17,ok,2,4,2,True,True,2898,11,81,2,0.0995
65,17,ok,9,24,15,True,True,2949,12,73,9,0.0815
68,17,ok,2,3,1,True,True,3104,11,77,2,0.0852
66,17,ok,2,4,2,True,True,3001,8,80,2,0.0981
67,17,ok,7,15,8,True,True,3052,14,82,7,0.099
475,16,ok,12,48,36,True,True,26155,26,17,12,8.8855
476,16,ok,4,15,11,True,True,26216,32,87,4,8.8878
69,17,ok,9,24,15,True,True,3156,9,71,9,0.0962
70,17,ok,2,4,2,True,True,3208,6,73,2,0.0933
71,17,ok,7,16,9,True,True,3260,15,84,7,0.1024
72,17,ok,2,6,4,True,True,3312,7,86,2,0.0974
73,17,ok,9,20,11,True,True,3364,10,76,9,0.1069
74,17,ok,2,6,4,True,True,3417,7,84,2,0.1003
75,17,ok,7,19,12,True,True,3469,10,80,7,0.115
76,17,ok,2,4,2,True,True,3522,8,85,2,0.1099
77,17,ok,9,17,8,True,True,3574,13,81,9,0.1269
78,17,ok,2,4,2,True,True,3627,10,79,2,0.1139
79,17,ok,7,16,9,True,True,3679,14,82,7,0.1209
81,17,ok,9,30,21,True,True,3785,15,78,9,0.1308
80,17,ok,2,6,4,True,True,3732,10,82,2,0.1455
82,17,ok,2,6,4,True,True,3838,10,79,2,0.1295
83,17,ok,7,19,12,True,True,3891,16,95,7,0.1364
84,17,ok,2,7,5,True,True,3944,9,83,2,0.133
470,16,ok,4,11,7,True,True,25850,31,46,4,11.4276
87,17,ok,7,17,10,True,True,4104,19,84,7,0.1554
85,17,ok,9,25,16,True,True,3997,13,77,9,0.1779
88,17,ok,2,5,3,True,True,4157,9,82,2,0.1632
86,17,ok,2,4,2,True,True,4051,7,79,2,0.2248
89,17,ok,9,25,16,True,True,4211,12,87,9,0.1673
91,17,ok,7,15,8,True,True,4318,16,81,7,0.1842
92,17,ok,2,5,3,True,True,4372,10,94,2,0.1851
90,17,ok,2,6,4,True,True,4264,9,88,2,0.21
93,17,ok,9,26,17,True,True,4426,14,85,9,0.1771
95,17,ok,7,18,11,True,True,4533,11,83,7,0.1829
94,17,ok,2,6,4,True,True,4479,10,82,2,0.2144
479,16,ok,12,52,40,True,True,26399,39,18,12,9.2185
482,16,ok,4,15,11,True,True,26582,32,44,4,8.992
96,17,ok,2,4,2,True,True,4587,15,93,2,0.1839
98,17,ok,2,4,2,True,True,4695,8,86,2,0.1887
97,17,ok,9,24,15,True,True,4641,12,83,9,0.2091
99,17,ok,7,13,6,True,True,4750,12,81,7,0.2
100,17,ok,2,8,6,True,True,4804,10,91,2,0.1963
101,17,ok,9,29,20,True,True,4858,14,82,9,0.2164
481,16,ok,15,52,37,True,True,26521,35,18,15,9.2937
103,17,ok,7,17,10,True,True,4967,19,88,7,0.2239
102,17,ok,2,5,3,True,True,4912,8,89,2,0.2756
104,17,ok,2,4,2,True,True,5021,12,93,2,0.2239
105,17,ok,9,16,7,True,True,5076,16,88,9,0.2249
106,17,ok,2,8,6,True,True,5130,8,87,2,0.238
107,17,ok,7,16,9,True,True,5185,12,99,7,0.2417
483,16,ok,12,40,28,True,True,26644,37,16,12,9.3063
108,17,ok,2,4,2,True,True,5240,10,91,2,0.2356
109,17,ok,9,22,13,True,True,5294,11,97,9,0.2916
111,17,ok,7,23,16,True,True,5404,13,93,7,0.2832
110,17,ok,2,4,2,True,True,5349,8,98,2,0.3293
113,17,ok,9,20,11,True,True,5514,12,100,9,0.3129
115,17,ok,7,18,11,True,True,5624,11,99,7,0.2942
116,17,ok,2,5,3,True,True,5679,10,93,2,0.2928
114,17,ok,2,5,3,True,True,5569,15,96,2,0.3424
112,17,ok,2,6,4,True,True,5459,14,84,2,0.4237
117,17,ok,9,24,15,True,True,5735,13,89,9,0.3367
118,17,ok,2,4,2,True,True,5790,10,92,2,0.2997
484,16,ok,4,18,14,True,True,26705,37,85,4,9.4499
486,16,ok,4,11,7,True,True,26827,38,48,4,8.5578
120,17,ok,2,7,5,True,True,5901,12,90,2,0.2991
119,17,ok,7,17,10,True,True,5845,17,96,7,0.3196
472,16,ok,4,11,7,True,True,25972,22,85,4,11.5196
121,17,ok,9,24,15,True,True,5956,13,86,9,0.3172
122,17,ok,2,6,4,True,True,6011,7,93,2,0.309
480,16,ok,4,15,11,True,True,26460,34,82,4,10.1296
124,17,ok,2,5,3,True,True,6123,10,104,2,0.3192
123,17,ok,7,19,12,True,True,6067,15,92,7,0.391
128,17,ok,2,6,4,True,True,6345,13,96,2,0.3399
125,17,ok,9,23,14,True,True,6178,12,89,9,0.4181
126,17,ok,2,3,1,True,True,6234,12,85,2,0.3901
485,16,ok,15,65,50,True,True,26766,42,16,15,9.0451
127,17,ok,7,17,10,True,True,6290,14,92,7,0.3821
129,17,ok,9,19,10,True,True,6401,13,92,9,0.4004
478,16,ok,4,17,13,True,True,26338,27,48,4,10.4201
130,17,ok,2,8,6,True,True,6457,11,93,2,0.3577
131,17,ok,7,19,12,True,True,6513,12,92,7,0.4231
132,17,ok,2,5,3,True,True,6569,10,96,2,0.4203
133,17,ok,9,30,21,True,True,6625,12,87,9,0.4452
134,17,ok,2,5,3,True,True,6681,9,108,2,0.4684
135,17,ok,7,21,14,True,True,6737,14,90,7,0.4014
136,17,ok,2,6,4,True,True,6793,9,101,2,0.4368
137,17,ok,9,25,16,True,True,6850,14,95,9,0.4353
138,17,ok,2,6,4,True,True,6906,14,92,2,0.475
139,17,ok,7,23,16,True,True,6962,16,93,7,0.4639
142,17,ok,2,8,6,True,True,7131,10,100,2,0.4377
140,17,ok,2,6,4,True,True,7018,11,98,2,0.4579
141,17,ok,9,29,20,True,True,7075,15,96,9,0.4635
143,17,ok,7,19,12,True,True,7188,15,97,7,0.4556
144,17,ok,2,5,3,True,True,7244,16,94,2,0.4473
146,17,ok,2,6,4,True,True,7357,10,101,2,0.468
145,17,ok,9,20,11,True,True,7301,15,104,9,0.4709
148,17,ok,2,5,3,True,True,7471,9,103,2,1.4196
150,17,ok,2,6,4,True,True,7584,11,111,2,1.4097
151,17,ok,7,16,9,True,True,7641,14,101,7,1.4121
147,17,ok,7,15,8,True,True,7414,16,106,7,1.5156
149,17,ok,9,21,12,True,True,7527,15,103,9,1.4927
152,17,ok,2,9,7,True,True,7698,12,99,2,1.4441
477,16,ok,15,57,42,True,True,26277,31,17,15,12.4144
153,17,ok,9,24,15,True,True,7755,14,94,9,1.5444
156,17,ok,2,5,3,True,True,7926,13,98,2,1.4582
155,17,ok,7,16,9,True,True,7869,19,93,7,1.4759
154,17,ok,2,4,2,True,True,7812,12,97,2,1.5206
158,17,ok,2,4,2,True,True,8040,9,106,2,1.4976
157,17,ok,9,21,12,True,True,7983,15,95,9,1.5081
159,17,ok,7,18,11,True,True,8097,12,112,7,1.5202
161,17,ok,9,19,10,True,True,8211,15,101,9,1.4716
487,16,ok,12,41,29,True,True,26888,36,17,12,10.5642
162,17,ok,2,7,5,True,True,8269,8,93,2,1.5055
160,17,ok,2,6,4,True,True,8154,12,99,2,1.5407
163,17,ok,7,18,11,True,True,8326,14,116,7,0.7042
164,17,ok,2,8,6,True,True,8383,15,107,2,0.6288
488,16,ok,4,12,8,True,True,26949,24,85,4,8.8778
165,17,ok,9,24,15,True,True,8441,16,107,9,0.6458
166,17,ok,2,6,4,True,True,8498,8,90,2,0.7197
168,17,ok,2,5,3,True,True,8613,14,113,2,0.6683
170,17,ok,2,7,5,True,True,8728,8,110,2,0.7233
172,17,ok,2,7,5,True,True,8843,11,100,2,0.678
171,17,ok,7,14,7,True,True,8786,13,100,7,0.7005
167,17,ok,7,23,16,True,True,8556,18,103,7,0.9181
173,17,ok,9,24,15,True,True,8901,19,102,9,0.7187
174,17,ok,2,9,7,True,True,8959,16,101,2,0.7644
175,17,ok,7,20,13,True,True,9016,16,118,7,0.7629
177,17,ok,9,26,17,True,True,9132,12,101,9,0.7569
176,17,ok,2,5,3,True,True,9074,15,102,2,0.7649
490,16,ok,4,10,6,True,True,27072,30,43,4,9.084
180,17,ok,2,7,5,True,True,9306,11,106,2,0.7939
491,16,ok,12,42,30,True,True,27133,56,18,12,8.9598
178,17,ok,2,6,4,True,True,9190,12,106,2,0.8343
179,17,ok,7,21,14,True,True,9248,16,110,7,0.8332
169,17,ok,9,26,17,True,True,8671,15,110,9,1.0688
184,17,ok,2,4,2,True,True,9538,14,104,2,0.7638
183,17,ok,7,20,13,True,True,9480,12,103,7,0.782
182,17,ok,2,6,4,True,True,9422,11,104,2,0.8295
181,17,ok,9,28,19,True,True,9364,17,104,9,0.8452
186,17,ok,2,6,4,True,True,9654,9,99,2,0.8274
185,17,ok,9,26,17,True,True,9596,12,106,9,0.8936
495,16,ok,12,41,29,True,True,27378,34,20,12,8.7846
188,17,ok,2,5,3,True,True,9770,10,101,2,0.8131
189,17,ok,9,27,18,True,True,9829,14,104,9,0.8824
492,16,ok,4,10,6,True,True,27194,25,80,4,9.521
187,17,ok,7,19,12,True,True,9712,15,106,7,0.9584
191,17,ok,7,18,11,True,True,9945,22,108,7,0.9136
194,17,ok,2,4,2,True,True,10120,12,107,2,0.8734
196,17,ok,2,4,2,True,True,10237,13,111,2,0.8832
195,17,ok,7,13,6,True,True,10179,18,102,7,0.9549
192,17,ok,2,5,3,True,True,10003,11,110,2,1.0023
193,17,ok,9,26,17,True,True,10062,18,102,9,1.0363
198,17,ok,2,5,3,True,True,10354,11,105,2,0.9556
493,16,ok,15,66,51,True,True,27255,40,18,15,9.8035
197,17,ok,9,24,15,True,True,10296,15,99,9,0.9902
190,17,ok,2,3,1,True,True,9887,17,113,2,1.2191
199,17,ok,7,16,9,True,True,10413,18,100,7,0.9992
200,17,ok,2,5,3,True,True,10471,8,107,2,1.0964
203,17,ok,7,20,13,True,True,10647,19,106,7,0.9566
494,16,ok,4,12,8,True,True,27317,23,45,4,9.6819
496,16,ok,4,10,6,True,True,27439,36,82,4,9.1326
202,17,ok,2,4,2,True,True,10588,13,102,2,1.0124
204,17,ok,2,6,4,True,True,10706,12,108,2,1.0608
489,16,ok,15,62,47,True,True,27011,34,18,15,10.526
205,17,ok,9,22,13,True,True,10765,17,109,9,1.1515
206,17,ok,2,6,4,True,True,10823,11,102,2,1.0375
201,17,ok,9,21,12,True,True,10530,12,107,9,1.4285
207,17,ok,7,22,15,True,True,10882,16,105,7,1.1216
208,17,ok,2,3,1,True,True,10941,14,114,2,1.0705
209,17,ok,9,21,12,True,True,11000,19,107,9,1.1036
210,17,ok,2,4,2,True,True,11059,13,102,2,1.1025
213,17,ok,9,21,12,True,True,11235,22,119,9,1.1106
214,17,ok,2,5,3,True,True,11294,14,105,2,1.0816
212,17,ok,2,4,2,True,True,11176,14,110,2,1.3183
215,17,ok,7,21,14,True,True,11353,13,113,7,1.9838
216,17,ok,2,5,3,True,True,11413,16,111,2,2.0659
497,16,ok,15,50,35,True,True,27500,29,19,15,10.5119
211,17,ok,7,18,11,True,True,11118,19,97,7,2.3326
217,17,ok,9,21,12,True,True,11472,16,110,9,2.1428
218,17,ok,2,10,8,True,True,11531,10,117,2,2.1312
221,17,ok,9,23,14,True,True,11708,15,110,9,2.0818
499,16,ok,12,36,24,True,True,27623,43,18,12,10.3103
220,17,ok,2,4,2,True,True,11649,11,114,2,2.112
219,17,ok,7,15,8,True,True,11590,16,110,7,2.1353
222,17,ok,2,7,5,True,True,11767,13,115,2,2.1451
500,16,ok,4,15,11,True,True,27684,32,89,4,9.0822
223,17,ok,7,17,10,True,True,11827,22,105,7,2.2648
228,17,ok,2,3,1,True,True,12123,13,109,2,2.1091
498,16,ok,4,12,8,True,True,27562,30,44,4,10.6246
227,17,ok,7,25,18,True,True,12064,27,107,7,2.1685
225,17,ok,9,23,14,True,True,11945,16,111,9,2.2966
226,17,ok,2,8,6,True,True,12005,13,103,2,2.3019
229,17,ok,9,24,15,True,True,12183,14,101,9,2.3036
232,17,ok,2,8,6,True,True,12361,11,108,2,2.2008
224,17,ok,2,8,6,True,True,11886,9,112,2,2.5862
230,17,ok,2,7,5,True,True,12242,16,106,2,2.3961
231,17,ok,7,16,9,True,True,12302,23,114,7,2.3038
235,17,ok,7,20,13,True,True,12540,18,111,7,2.239
234,17,ok,2,5,3,True,True,12480,10,107,2,2.3662
236,17,ok,2,7,5,True,True,12600,11,112,2,2.4412
238,17,ok,2,7,5,True,True,12719,12,106,2,2.2915
237,17,ok,9,25,16,True,True,12659,18,107,9,2.4474
233,17,ok,9,25,16,True,True,12421,14,104,9,2.753
241,17,ok,9,25,16,True,True,12898,17,105,9,1.4277
239,17,ok,7,17,10,True,True,12779,16,110,7,2.5739
242,17,ok,2,7,5,True,True,12958,13,105,2,1.6126
247,17,ok,7,20,13,True,True,13257,18,108,7,1.4917
240,17,ok,2,4,2,True,True,12838,15,108,2,2.5769
243,17,ok,7,17,10,True,True,13018,14,113,7,1.6714
249,17,ok,9,24,15,True,True,13377,16,113,9,1.5855
248,17,ok,2,6,4,True,True,13317,11,111,2,1.6344
250,17,ok,2,6,4,True,True,13437,11,120,2,1.6322
245,17,ok,9,30,21,True,True,13137,18,119,9,1.7101
246,17,ok,2,7,5,True,True,13197,8,118,2,1.687
252,17,ok,2,8,6,True,True,13557,11,120,2,1.6343
251,17,ok,7,22,15,True,True,13497,18,123,7,1.6945
254,17,ok,2,7,5,True,True,13677,10,114,2,1.5975
253,17,ok,9,24,15,True,True,13617,15,106,9,1.7298
255,17,ok,7,28,21,True,True,13737,15,113,7,1.6543
256,17,ok,2,6,4,True,True,13797,17,118,2,1.6273
244,17,ok,2,8,6,True,True,13077,11,123,2,2.0574
258,17,ok,2,5,3,True,True,13918,12,120,2,1.6581
262,17,ok,2,10,8,True,True,14158,11,110,2,1.7225
257,17,ok,9,26,17,True,True,13857,14,118,9,1.989
259,17,ok,7,26,19,True,True,13978,24,109,7,1.8442
264,17,ok,2,6,4,True,True,14279,15,123,2,1.7164
260,17,ok,2,5,3,True,True,14038,19,131,2,1.9457
265,17,ok,9,26,17,True,True,14339,19,123,9,2.6964
263,17,ok,7,15,8,True,True,14219,23,113,7,2.937
261,17,ok,9,20,11,True,True,14098,20,122,9,3.0811
267,17,ok,7,20,13,True,True,14460,18,111,7,2.649
270,17,ok,2,5,3,True,True,14641,12,113,2,2.6569
266,17,ok,2,3,1,True,True,14400,16,126,2,2.9852
269,17,ok,9,22,13,True,True,14581,15,109,9,2.9974
268,17,ok,2,6,4,True,True,14521,10,111,2,3.0271
273,17,ok,9,24,15,True,True,14823,15,118,9,2.7278
271,17,ok,7,19,12,True,True,14702,12,115,7,2.8954
272,17,ok,2,7,5,True,True,14762,17,113,2,2.9041
276,17,ok,2,6,4,True,True,15005,12,114,2,2.8481
278,17,ok,2,6,4,True,True,15126,17,110,2,2.8686
274,17,ok,2,6,4,True,True,14883,10,121,2,3.0024
275,17,ok,7,22,15,True,True,14944,20,120,7,3.0919
281,17,ok,9,23,14,True,True,15308,15,116,9,2.9582
283,17,ok,7,22,15,True,True,15429,16,104,7,2.8887
279,17,ok,7,16,9,True,True,15187,23,128,7,3.1412
277,17,ok,9,28,19,True,True,15065,18,121,9,3.3216
284,17,ok,2,6,4,True,True,15490,15,122,2,3.0332
286,17,ok,2,6,4,True,True,15612,13,113,2,3.0254
285,17,ok,9,27,18,True,True,15551,12,120,9,3.1166
280,17,ok,2,9,7,True,True,15247,9,120,2,3.472
288,17,ok,2,5,3,True,True,15733,16,110,2,3.1059
282,17,ok,2,7,5,True,True,15369,14,110,2,3.4831
289,17,ok,9,21,12,True,True,15794,21,104,9,3.0283
287,17,ok,7,16,9,True,True,15673,18,114,7,3.4473
292,17,ok,2,7,5,True,True,15977,9,120,2,3.0235
291,17,ok,7,28,21,True,True,15916,13,113,7,3.183
290,17,ok,2,4,2,True,True,15855,17,110,2,3.2114
293,17,ok,9,23,14,True,True,16038,16,118,9,3.2781
294,17,ok,2,6,4,True,True,16099,10,123,2,2.4431
298,17,ok,2,7,5,True,True,16343,14,116,2,2.2739
295,17,ok,7,20,13,True,True,16160,17,113,7,2.5477
302,17,ok,2,4,2,True,True,16588,22,119,2,2.3081
299,17,ok,7,20,13,True,True,16404,21,118,7,2.5823
300,17,ok,2,6,4,True,True,16465,13,114,2,2.5209
303,17,ok,7,15,8,True,True,16649,29,124,7,2.6228
304,17,ok,2,7,5,True,True,16710,12,123,2,2.5537
306,17,ok,2,7,5,True,True,16832,14,115,2,2.471
305,17,ok,9,23,14,True,True,16771,19,112,9,2.5657
296,17,ok,2,9,7,True,True,16221,16,122,2,3.4498
308,17,ok,2,4,2,True,True,16955,16,114,2,2.7845
309,17,ok,9,29,20,True,True,17016,21,117,9,2.7499
310,17,ok,2,5,3,True,True,17078,17,125,2,2.7853
297,17,ok,9,21,12,True,True,16282,17,124,9,3.9148
311,17,ok,7,18,11,True,True,17139,20,115,7,3.6047
307,17,ok,7,21,14,True,True,16894,28,119,7,4.0583
312,17,ok,2,5,3,True,True,17200,10,130,2,3.7236
313,17,ok,9,25,16,True,True,17262,16,122,9,3.7888
315,17,ok,7,15,8,True,True,17384,25,127,7,3.7308
314,17,ok,2,9,7,True,True,17323,13,116,2,3.8378
316,17,ok,2,3,1,True,True,17446,10,144,2,3.7116
301,17,ok,9,22,13,True,True,16526,17,120,9,4.7239
317,17,ok,9,24,15,True,True,17507,20,118,9,3.8571
319,17,ok,7,20,13,True,True,17630,19,115,7,3.77
321,17,ok,9,22,13,True,True,17753,20,117,9,3.7079
320,17,ok,2,4,2,True,True,17692,13,129,2,3.7833
322,17,ok,2,7,5,True,True,17815,18,123,2,3.7759
323,17,ok,7,18,11,True,True,17876,15,116,7,3.8883
324,17,ok,2,8,6,True,True,17938,11,127,2,3.8085
318,17,ok,2,6,4,True,True,17569,15,120,2,4.6397
325,17,ok,9,28,19,True,True,18000,17,123,9,3.9363
327,17,ok,7,16,9,True,True,18123,27,132,7,3.871
326,17,ok,2,5,3,True,True,18061,14,117,2,4.0119
328,17,ok,2,8,6,True,True,18185,13,123,2,3.7718
330,17,ok,2,6,4,True,True,18308,17,126,2,3.8827
329,17,ok,9,27,18,True,True,18246,18,123,9,4.0713
334,17,ok,2,5,3,True,True,18555,14,120,2,4.0043
331,17,ok,7,21,14,True,True,18370,17,125,7,4.1253
333,17,ok,9,29,20,True,True,18493,20,120,9,4.2354
336,17,ok,2,7,5,True,True,18679,9,120,2,4.2396
332,17,ok,2,9,7,True,True,18431,11,124,2,5.2903
338,17,ok,2,9,7,True,True,18802,12,116,2,4.7156
339,17,ok,7,24,17,True,True,18864,19,115,7,4.6705
337,17,ok,9,24,15,True,True,18740,17,118,9,4.9811
340,17,ok,2,9,7,True,True,18926,17,123,2,4.2597
335,17,ok,7,25,18,True,True,18617,23,136,7,5.6135
344,17,ok,2,6,4,True,True,19174,11,128,2,4.1915
343,17,ok,7,20,13,True,True,19112,22,114,7,4.3297
345,17,ok,9,27,18,True,True,19236,19,120,9,4.362
341,17,ok,9,23,14,True,True,18988,18,125,9,4.6669
342,17,ok,2,8,6,True,True,19050,17,112,2,4.6912
350,17,ok,2,6,4,True,True,19546,17,121,2,4.1827
346,17,ok,2,6,4,True,True,19298,13,120,2,4.5562
347,17,ok,7,22,15,True,True,19360,21,120,7,4.5821
349,17,ok,9,24,15,True,True,19484,16,123,9,4.34
348,17,ok,2,8,6,True,True,19422,18,127,2,4.6946
352,17,ok,2,11,9,True,True,19670,11,120,2,4.6358
354,17,ok,2,4,2,True,True,19794,19,119,2,4.6385
351,17,ok,7,20,13,True,True,19608,23,121,7,5.0176
355,17,ok,7,19,12,True,True,19856,21,125,7,4.3778
356,17,ok,2,3,1,True,True,19919,23,134,2,4.6602
353,17,ok,9,27,18,True,True,19732,20,119,9,5.1022
359,17,ok,7,25,18,True,True,20105,24,128,7,4.6335
358,17,ok,2,11,9,True,True,20043,15,120,2,4.8147
357,17,ok,9,23,14,True,True,19981,17,126,9,4.9412
361,17,ok,9,22,13,True,True,20230,18,124,9,4.8991
362,17,ok,2,7,5,True,True,20292,10,120,2,4.8428
365,17,ok,9,21,12,True,True,20479,16,125,9,4.2089
363,17,ok,7,29,22,True,True,20354,19,129,7,4.8643
360,17,ok,2,7,5,True,True,20167,10,129,2,5.405
367,17,ok,7,26,19,True,True,20604,14,117,7,4.0386
364,17,ok,2,6,4,True,True,20417,15,139,2,5.1101
368,17,ok,2,7,5,True,True,20666,15,132,2,4.8089
366,17,ok,2,9,7,True,True,20541,18,120,2,4.9151
370,17,ok,2,10,8,True,True,20791,15,126,2,4.7898
369,17,ok,9,33,24,True,True,20728,16,133,9,5.1949
373,17,ok,9,32,23,True,True,20978,16,118,9,4.8575
372,17,ok,2,7,5,True,True,20916,15,125,2,5.0759
374,17,ok,2,7,5,True,True,21041,18,129,2,4.9701
377,17,ok,9,23,14,True,True,21228,20,123,9,4.9008
375,17,ok,7,18,11,True,True,21103,20,119,7,5.12
371,17,ok,7,17,10,True,True,20853,25,115,7,5.8158
380,17,ok,2,7,5,True,True,21416,27,130,2,5.0819
379,17,ok,7,22,15,True,True,21353,26,127,7,5.149
376,17,ok,2,5,3,True,True,21166,16,132,2,5.3734
382,17,ok,2,5,3,True,True,21541,16,124,2,4.9689
381,17,ok,9,26,17,True,True,21478,17,119,9,5.2535
385,17,ok,9,25,16,True,True,21729,16,121,9,5.0911
384,17,ok,2,8,6,True,True,21666,15,123,2,5.2349
378,17,ok,2,7,5,True,True,21291,12,116,2,6.0869
386,17,ok,2,5,3,True,True,21792,21,128,2,5.066
387,17,ok,7,17,10,True,True,21854,19,120,7,5.2559
383,17,ok,7,27,20,True,True,21604,22,122,7,5.99
389,17,ok,9,24,15,True,True,21980,21,130,9,5.3389
390,17,ok,2,4,2,True,True,22043,13,132,2,5.3724
388,17,ok,2,6,4,True,True,21917,12,124,2,6.5158
391,17,ok,7,17,10,True,True,22105,24,128,7,6.1283
392,17,ok,2,5,3,True,True,22168,11,123,2,6.2211
393,17,ok,9,21,12,True,True,22231,20,128,9,6.3485
396,17,ok,2,5,3,True,True,22419,17,133,2,6.0236
397,17,ok,9,25,16,True,True,22482,16,119,9,6.1504
399,17,ok,7,21,14,True,True,22608,20,126,7,5.4307
394,17,ok,2,5,3,True,True,22294,17,123,2,6.7231
398,17,ok,2,7,5,True,True,22545,23,125,2,5.5702
395,17,ok,7,17,10,True,True,22356,18,122,7,6.8238
400,17,ok,2,10,8,True,True,22671,12,127,2,5.4765
401,17,ok,9,30,21,True,True,22734,18,131,9,5.8288
402,17,ok,2,7,5,True,True,22797,14,133,2,5.6875
404,17,ok,2,8,6,True,True,22923,13,125,2,5.6611
403,17,ok,7,24,17,True,True,22860,16,140,7,5.814
405,17,ok,9,25,16,True,True,22985,22,127,9,5.8663
406,17,ok,2,4,2,True,True,23048,14,130,2,6.064
408,17,ok,2,6,4,True,True,23174,13,136,2,5.9325
410,17,ok,2,6,4,True,True,23301,11,121,2,5.7959
409,17,ok,9,31,22,True,True,23238,18,121,9,6.0008
407,17,ok,7,23,16,True,True,23111,15,128,7,6.0155
412,17,ok,2,10,8,True,True,23427,8,132,2,7.1227
411,17,ok,7,24,17,True,True,23364,27,125,7,7.1935
413,17,ok,9,29,20,True,True,23490,20,132,9,6.9684
414,17,ok,2,6,4,True,True,23553,23,124,2,6.8907
415,17,ok,7,16,9,True,True,23616,18,127,7,6.9202
416,17,ok,2,5,3,True,True,23679,12,140,2,6.8101
418,17,ok,2,6,4,True,True,23806,17,133,2,7.163
420,17,ok,2,5,3,True,True,23932,21,146,2,7.1401
417,17,ok,9,27,18,True,True,23742,17,149,9,7.7377
419,17,ok,7,23,16,True,True,23869,18,123,7,7.4796
421,17,ok,9,25,16,True,True,23995,22,139,9,6.5919
423,17,ok,7,13,6,True,True,24122,27,127,7,6.2696
422,17,ok,2,5,3,True,True,24058,16,129,2,6.7261
426,17,ok,2,11,9,True,True,24311,8,125,2,6.1753
428,17,ok,2,10,8,True,True,24438,22,130,2,6.4926
430,17,ok,2,8,6,True,True,24565,19,126,2,6.3561
425,17,ok,9,19,10,True,True,24248,18,129,9,6.8527
424,17,ok,2,5,3,True,True,24185,17,123,2,7.0115
427,17,ok,7,19,12,True,True,24375,15,126,7,6.6729
431,17,ok,7,17,10,True,True,24628,20,132,7,7.6963
432,17,ok,2,6,4,True,True,24691,13,121,2,7.57
429,17,ok,9,22,13,True,True,24501,14,134,9,8.3605
433,17,ok,9,27,18,True,True,24755,17,128,9,7.7686
434,17,ok,2,7,5,True,True,24818,17,131,2,7.7007
435,17,ok,7,23,16,True,True,24882,24,125,7,7.8862
438,17,ok,2,5,3,True,True,25072,20,138,2,7.4885
436,17,ok,2,7,5,True,True,24945,15,130,2,7.8589
439,17,ok,7,17,10,True,True,25135,27,129,7,7.636
437,17,ok,9,22,13,True,True,25008,17,122,9,7.8281
440,17,ok,2,6,4,True,True,25199,16,139,2,7.9112
441,17,ok,9,28,19,True,True,25262,14,125,9,8.0318
443,17,ok,7,21,14,True,True,25389,18,126,7,6.8013
444,17,ok,2,7,5,True,True,25453,11,129,2,6.7289
447,17,ok,7,19,12,True,True,25644,17,142,7,6.8161
446,17,ok,2,7,5,True,True,25580,15,125,2,6.9142
442,17,ok,2,9,7,True,True,25326,16,119,2,7.2051
445,17,ok,9,23,14,True,True,25517,24,138,9,7.2169
448,17,ok,2,4,2,True,True,25707,10,133,2,7.7167
450,17,ok,2,6,4,True,True,25835,17,127,2,7.9494
451,17,ok,7,20,13,True,True,25898,26,129,7,8.0525
449,17,ok,9,32,23,True,True,25771,23,125,9,8.3939
452,17,ok,2,6,4,True,True,25962,17,144,2,8.2
454,17,ok,2,8,6,True,True,26089,16,132,2,8.1063
453,17,ok,9,26,17,True,True,26026,20,130,9,8.4871
455,17,ok,7,18,11,True,True,26153,31,136,7,8.3212
456,17,ok,2,6,4,True,True,26217,16,133,2,8.0258
457,17,ok,9,31,22,True,True,26280,20,126,9,8.2407
458,17,ok,2,7,5,True,True,26344,15,134,2,8.2082
459,17,ok,7,26,19,True,True,26408,22,132,7,8.1873
460,17,ok,2,7,5,True,True,26472,11,129,2,8.4069
461,17,ok,9,24,15,True,True,26535,18,130,9,8.4331
463,17,ok,7,21,14,True,True,26663,27,138,7,8.418
462,17,ok,2,9,7,True,True,26599,14,126,2,8.4487
464,17,ok,2,5,3,True,True,26727,19,137,2,8.5333
466,17,ok,2,8,6,True,True,26854,14,137,2,8.4184
465,17,ok,9,35,26,True,True,26791,19,133,9,8.6791
468,17,ok,2,7,5,True,True,26982,18,142,2,8.426
469,17,ok,9,29,20,True,True,27046,23,126,9,8.5924
471,17,ok,7,15,8,True,True,27174,25,137,7,8.4097
470,17,ok,2,9,7,True,True,27110,14,128,2,8.706
1,18,ok,17,17,0,True,True,39,2,3,17,0.0006
2,18,ok,2,2,0,True,True,67,5,6,2,0.0004
3,18,ok,8,9,1,True,True,98,7,5,8,0.0007
4,18,ok,2,4,2,True,True,132,3,13,2,0.0008
5,18,ok,9,15,6,True,True,168,7,6,9,0.0014
6,18,ok,2,7,5,True,True,205,4,11,2,0.0011
7,18,ok,10,14,4,True,True,244,4,6,10,0.0017
8,18,ok,2,3,1,True,True,283,4,32,2,0.0016
9,18,ok,13,23,10,True,True,323,7,8,13,0.0027
10,18,ok,2,5,3,True,True,364,6,16,2,0.0023
11,18,ok,8,13,5,True,True,406,9,9,8,0.0032
12,18,ok,2,5,3,True,True,448,5,25,2,0.0034
13,18,ok,9,17,8,True,True,491,7,9,9,0.0046
14,18,ok,2,4,2,True,True,535,8,16,2,0.0041
15,18,ok,10,15,5,True,True,579,10,8,10,0.0051
16,18,ok,2,3,1,True,True,623,7,71,2,0.0052
17,18,ok,17,38,21,True,True,668,8,11,17,0.0081
18,18,ok,2,6,4,True,True,713,8,14,2,0.0062
19,18,ok,8,17,9,True,True,758,13,12,8,0.0078
20,18,ok,2,5,3,True,True,804,4,26,2,0.008
21,18,ok,9,13,4,True,True,851,11,12,9,0.0093
22,18,ok,2,6,4,True,True,897,6,16,2,0.0091
23,18,ok,10,24,14,True,True,944,11,11,10,0.0121
24,18,ok,2,6,4,True,True,991,6,61,2,0.0108
25,18,ok,13,25,12,True,True,1039,12,13,13,0.0136
26,18,ok,2,6,4,True,True,1086,9,19,2,0.0121
27,18,ok,8,15,7,True,True,1134,15,14,8,0.0143
28,18,ok,2,4,2,True,True,1183,7,31,2,0.0134
29,18,ok,9,18,9,True,True,1231,13,12,9,0.0163
30,18,ok,2,5,3,True,True,1280,9,23,2,0.0171
31,18,ok,10,17,7,True,True,1329,10,13,10,0.0187
32,18,ok,2,2,0,True,True,1378,9,95,2,0.0182
33,18,ok,17,42,25,True,True,1427,10,12,17,0.0254
34,18,ok,2,4,2,True,True,1477,7,21,2,0.0204
35,18,ok,8,14,6,True,True,1527,20,13,8,0.0231
36,18,ok,2,6,4,True,True,1576,9,32,2,0.0228
37,18,ok,9,20,11,True,True,1627,11,11,9,0.0268
38,18,ok,2,7,5,True,True,1677,7,21,2,0.0253
39,18,ok,10,21,11,True,True,1727,14,11,10,0.0294
40,18,ok,2,7,5,True,True,1778,7,64,2,0.0285
41,18,ok,13,33,20,True,True,1829,15,12,13,0.036
42,18,ok,2,6,4,True,True,1880,8,20,2,0.0325
43,18,ok,8,17,9,True,True,1931,19,14,8,0.0364
44,18,ok,2,6,4,True,True,1982,7,37,2,0.0354
45,18,ok,9,20,11,True,True,2034,23,12,9,0.0403
46,18,ok,2,3,1,True,True,2085,11,20,2,0.037
473,17,ok,9,39,30,True,True,27302,16,134,9,8.6978
47,18,ok,10,23,13,True,True,2137,12,14,10,0.0425
467,17,ok,7,17,10,True,True,26918,33,131,7,9.6799
48,18,ok,2,7,5,True,True,2189,8,111,2,0.0417
49,18,ok,17,40,23,True,True,2241,13,13,17,0.051
51,18,ok,8,18,10,True,True,2345,18,13,8,0.0498
50,18,ok,2,4,2,True,True,2293,13,20,2,0.0544
52,18,ok,2,5,3,True,True,2398,10,36,2,0.0483
53,18,ok,9,22,13,True,True,2450,23,15,9,0.0544
54,18,ok,2,6,4,True,True,2503,8,21,2,0.0639
55,18,ok,10,23,13,True,True,2556,11,16,10,0.0596
56,18,ok,2,5,3,True,True,2608,11,70,2,0.0561
57,18,ok,13,35,22,True,True,2661,15,13,13,0.0752
58,18,ok,2,4,2,True,True,2715,8,24,2,0.0609
59,18,ok,8,16,8,True,True,2768,19,12,8,0.067
61,18,ok,9,20,11,True,True,2875,20,12,9,0.0719
60,18,ok,2,5,3,True,True,2821,11,36,2,0.0841
62,18,ok,2,5,3,True,True,2928,12,24,2,0.0703
63,18,ok,10,15,5,True,True,2982,13,13,10,0.0768
64,18,ok,2,10,8,True,True,3036,6,138,2,0.0826
65,18,ok,17,46,29,True,True,3090,14,15,17,0.4671
66,18,ok,2,5,3,True,True,3144,11,24,2,0.9783
68,18,ok,2,6,4,True,True,3252,8,39,2,0.5989
67,18,ok,8,19,11,True,True,3198,15,15,8,1.0107
472,17,ok,2,6,4,True,True,27238,17,137,2,10.475
69,18,ok,9,17,8,True,True,3306,19,13,9,0.0948
70,18,ok,2,4,2,True,True,3360,10,25,2,0.0896
71,18,ok,10,21,11,True,True,3415,17,15,10,0.1284
72,18,ok,2,6,4,True,True,3470,10,65,2,0.0976
477,17,ok,9,27,18,True,True,27558,21,135,9,9.8908
73,18,ok,13,36,23,True,True,3524,16,14,13,0.1144
74,18,ok,2,3,1,True,True,3579,14,24,2,0.1024
474,17,ok,2,7,5,True,True,27366,13,131,2,10.2393
478,17,ok,2,4,2,True,True,27622,17,135,2,9.7231
76,18,ok,2,8,6,True,True,3689,11,44,2,0.1084
75,18,ok,8,19,11,True,True,3634,21,14,8,0.1236
77,18,ok,9,24,15,True,True,3744,16,14,9,0.1199
78,18,ok,2,4,2,True,True,3799,15,21,2,0.1216
476,17,ok,2,5,3,True,True,27494,17,133,2,10.061
79,18,ok,10,25,15,True,True,3854,21,16,10,0.1263
80,18,ok,2,5,3,True,True,3909,9,131,2,0.1225
81,18,ok,17,38,21,True,True,3965,14,16,17,0.1394
82,18,ok,2,6,4,True,True,4020,15,25,2,0.1343
83,18,ok,8,15,7,True,True,4075,30,15,8,0.1615
85,18,ok,9,27,18,True,True,4187,18,19,9,0.1497
84,18,ok,2,5,3,True,True,4131,12,47,2,0.1598
86,18,ok,2,7,5,True,True,4242,16,26,2,0.1491
87,18,ok,10,22,12,True,True,4298,19,15,10,0.1525
88,18,ok,2,6,4,True,True,4354,11,77,2,0.15
89,18,ok,13,28,15,True,True,4410,16,15,13,0.1649
90,18,ok,2,6,4,True,True,4466,11,23,2,0.1708
91,18,ok,8,22,14,True,True,4522,29,16,8,0.1852
92,18,ok,2,5,3,True,True,4578,11,42,2,0.1691
93,18,ok,9,20,11,True,True,4635,15,15,9,0.184
94,18,ok,2,6,4,True,True,4691,16,28,2,0.1818
95,18,ok,10,26,16,True,True,4747,18,17,10,0.1874
96,18,ok,2,7,5,True,True,4804,7,147,2,0.1824
475,17,ok,7,21,14,True,True,27430,20,131,7,10.512
98,18,ok,2,10,8,True,True,4917,10,27,2,0.1909
97,18,ok,17,38,21,True,True,4860,14,16,17,0.2028
100,18,ok,2,4,2,True,True,5030,9,46,2,0.2029
99,18,ok,8,17,9,True,True,4974,21,17,8,0.2338
101,18,ok,9,20,11,True,True,5087,23,19,9,0.2176
102,18,ok,2,8,6,True,True,5144,14,23,2,0.2128
103,18,ok,10,28,18,True,True,5201,16,16,10,0.2213
104,18,ok,2,5,3,True,True,5258,11,78,2,0.2144
479,17,ok,7,16,9,True,True,27686,20,128,7,8.9236
106,18,ok,2,5,3,True,True,5372,16,30,2,0.2307
107,18,ok,8,20,12,True,True,5429,27,18,8,0.2369
105,18,ok,13,33,20,True,True,5315,19,18,13,0.2872
108,18,ok,2,4,2,True,True,5487,8,50,2,0.2407
110,18,ok,2,6,4,True,True,5601,10,29,2,0.2657
109,18,ok,9,23,14,True,True,5544,25,15,9,0.2891
111,18,ok,10,26,16,True,True,5659,15,17,10,0.267
112,18,ok,2,9,7,True,True,5716,12,154,2,0.255
113,18,ok,17,41,24,True,True,5774,15,18,17,0.2788
114,18,ok,2,8,6,True,True,5831,11,26,2,0.2776
116,18,ok,2,7,5,True,True,5947,15,46,2,0.2832
115,18,ok,8,21,13,True,True,5889,29,15,8,0.3094
118,18,ok,2,3,1,True,True,6062,19,27,2,0.3061
117,18,ok,9,19,10,True,True,6005,20,17,9,0.38
122,18,ok,2,8,6,True,True,6294,12,27,2,0.3047
119,18,ok,10,21,11,True,True,6120,20,17,10,0.3511
121,18,ok,13,28,15,True,True,6236,20,18,13,0.3484
123,18,ok,8,19,11,True,True,6352,27,18,8,0.3253
120,18,ok,2,4,2,True,True,6178,16,90,2,0.4225
124,18,ok,2,6,4,True,True,6410,12,48,2,0.3486
125,18,ok,9,19,10,True,True,6469,27,19,9,0.3345
480,17,ok,2,4,2,True,True,27750,20,137,2,9.1607
482,17,ok,2,6,4,True,True,27878,25,128,2,8.8401
126,18,ok,2,6,4,True,True,6527,10,26,2,0.3636
127,18,ok,10,25,15,True,True,6585,17,17,10,0.377
129,18,ok,17,42,25,True,True,6702,19,16,17,0.3671
128,18,ok,2,4,2,True,True,6644,13,162,2,0.4349
130,18,ok,2,7,5,True,True,6760,12,30,2,0.3698
132,18,ok,2,5,3,True,True,6877,17,50,2,0.3701
131,18,ok,8,13,5,True,True,6819,16,17,8,0.4021
134,18,ok,2,4,2,True,True,6995,14,27,2,0.3923
135,18,ok,10,26,16,True,True,7053,28,20,10,0.4053
136,18,ok,2,6,4,True,True,7112,12,83,2,0.4081
137,18,ok,13,32,19,True,True,7171,21,21,13,0.4259
133,18,ok,9,23,14,True,True,6936,26,17,9,0.5286
138,18,ok,2,10,8,True,True,7230,14,28,2,0.44
481,17,ok,9,22,13,True,True,27814,26,131,9,9.389
139,18,ok,8,15,7,True,True,7289,32,16,8,0.4312
140,18,ok,2,5,3,True,True,7348,17,55,2,0.4098
142,18,ok,2,5,3,True,True,7466,15,31,2,0.427
143,18,ok,10,28,18,True,True,7525,22,16,10,0.4603
144,18,ok,2,4,2,True,True,7584,9,165,2,0.4533
141,18,ok,9,18,9,True,True,7407,23,19,9,0.5526
483,17,ok,7,15,8,True,True,27942,22,138,7,9.2159
146,18,ok,2,5,3,True,True,7702,13,29,2,0.4486
145,18,ok,17,50,33,True,True,7643,15,17,17,0.4836
147,18,ok,8,22,14,True,True,7762,19,20,8,0.4771
148,18,ok,2,5,3,True,True,7821,10,46,2,0.4744
150,18,ok,2,8,6,True,True,7940,15,28,2,0.5038
484,17,ok,2,5,3,True,True,28006,14,134,2,9.1959
152,18,ok,2,5,3,True,True,8059,13,87,2,0.5023
149,18,ok,9,25,16,True,True,7880,29,20,9,0.5939
151,18,ok,10,23,13,True,True,7999,22,21,10,0.5959
153,18,ok,13,34,21,True,True,8118,23,21,13,0.5269
154,18,ok,2,5,3,True,True,8178,16,31,2,0.514
155,18,ok,8,19,11,True,True,8237,19,21,8,0.5418
156,18,ok,2,5,3,True,True,8297,15,49,2,0.5407
486,17,ok,2,4,2,True,True,28134,17,134,2,9.0491
158,18,ok,2,4,2,True,True,8416,16,36,2,0.6028
159,18,ok,10,27,17,True,True,8476,20,20,10,0.5787
157,18,ok,9,26,17,True,True,8357,23,19,9,0.6785
160,18,ok,2,6,4,True,True,8536,14,168,2,0.5811
162,18,ok,2,7,5,True,True,8656,13,29,2,0.5895
161,18,ok,17,52,35,True,True,8596,18,18,17,0.6614
163,18,ok,8,16,8,True,True,8716,31,18,8,0.649
165,18,ok,9,18,9,True,True,8836,25,20,9,0.6294
488,17,ok,2,11,9,True,True,28262,15,130,2,9.6469
168,18,ok,2,8,6,True,True,9016,9,94,2,1.2233
164,18,ok,2,5,3,True,True,8776,15,54,2,1.6431
169,18,ok,13,33,20,True,True,9076,19,23,13,1.5612
166,18,ok,2,8,6,True,True,8896,14,34,2,1.6938
170,18,ok,2,5,3,True,True,9136,21,33,2,1.5485
167,18,ok,10,20,10,True,True,8956,29,18,10,1.6802
171,18,ok,8,17,9,True,True,9197,27,18,8,1.6287
172,18,ok,2,4,2,True,True,9257,14,51,2,1.604
487,17,ok,7,13,6,True,True,28198,31,129,7,10.5289
173,18,ok,9,24,15,True,True,9317,32,19,9,1.6054
174,18,ok,2,7,5,True,True,9378,14,28,2,1.5994
176,18,ok,2,3,1,True,True,9498,12,172,2,1.6281
177,18,ok,17,47,30,True,True,9559,17,20,17,1.6515
178,18,ok,2,6,4,True,True,9619,11,36,2,1.6582
175,18,ok,10,25,15,True,True,9438,26,19,10,1.818
485,17,ok,9,29,20,True,True,28070,21,132,9,11.1489
179,18,ok,8,18,10,True,True,9680,27,18,8,1.6841
180,18,ok,2,8,6,True,True,9740,12,53,2,1.6585
489,17,ok,9,31,22,True,True,28326,26,129,9,10.6507
182,18,ok,2,7,5,True,True,9862,11,32,2,1.0533
181,18,ok,9,25,16,True,True,9801,26,19,9,1.1061
184,18,ok,2,9,7,True,True,9983,13,110,2,0.7574
183,18,ok,10,18,8,True,True,9922,25,19,10,0.8569
186,18,ok,2,4,2,True,True,10105,12,30,2,0.7759
187,18,ok,8,17,9,True,True,10166,41,20,8,0.8902
492,17,ok,2,8,6,True,True,28519,11,143,2,9.3349
185,18,ok,13,29,16,True,True,10044,23,20,13,0.9758
188,18,ok,2,7,5,True,True,10226,17,53,2,0.8744
189,18,ok,9,26,17,True,True,10287,27,19,9,0.8472
491,17,ok,7,21,14,True,True,28455,30,136,7,10.8432
190,18,ok,2,6,4,True,True,10348,11,32,2,0.8753
192,18,ok,2,9,7,True,True,10470,11,195,2,0.851
191,18,ok,10,26,16,True,True,10409,23,21,10,0.9195
193,18,ok,17,44,27,True,True,10531,18,17,17,0.9081
194,18,ok,2,4,2,True,True,10592,18,29,2,0.8644
490,17,ok,2,4,2,True,True,28391,17,142,2,11.3007
493,17,ok,9,26,17,True,True,28583,19,123,9,9.3239
195,18,ok,8,21,13,True,True,10653,26,18,8,0.9423
198,18,ok,2,4,2,True,True,10837,10,33,2,0.9214
199,18,ok,10,27,17,True,True,10898,22,22,10,0.9617
201,18,ok,13,39,26,True,True,11021,17,20,13,0.9631
196,18,ok,2,6,4,True,True,10715,18,55,2,1.1238
202,18,ok,2,6,4,True,True,11082,11,31,2,0.9584
197,18,ok,9,24,15,True,True,10776,23,19,9,1.1708
203,18,ok,8,19,11,True,True,11144,34,23,8,0.992
200,18,ok,2,7,5,True,True,10960,12,98,2,1.1482
205,18,ok,9,23,14,True,True,11266,22,19,9,0.9833
494,17,ok,2,4,2,True,True,28647,16,131,2,9.7885
204,18,ok,2,4,2,True,True,11205,18,55,2,1.0613
207,18,ok,10,29,19,True,True,11389,26,21,10,1.1085
206,18,ok,2,5,3,True,True,11328,14,31,2,1.2038
210,18,ok,2,7,5,True,True,11574,10,31,2,1.0927
209,18,ok,17,43,26,True,True,11512,22,19,17,1.1335
212,18,ok,2,4,2,True,True,11697,18,55,2,1.1449
211,18,ok,8,18,10,True,True,11636,25,20,8,1.1781
495,17,ok,7,19,12,True,True,28712,24,134,7,9.769
208,18,ok,2,10,8,True,True,11451,15,178,2,1.2955
213,18,ok,9,21,12,True,True,11759,34,21,9,1.1485
214,18,ok,2,8,6,True,True,11821,15,32,2,1.197
215,18,ok,10,26,16,True,True,11882,17,22,10,1.17
497,17,ok,9,24,15,True,True,28840,23,125,9,9.6564
216,18,ok,2,6,4,True,True,11944,12,99,2,1.178
218,18,ok,2,10,8,True,True,12068,11,30,2,1.1695
219,18,ok,8,20,12,True,True,12130,41,19,8,1.2514
220,18,ok,2,6,4,True,True,12192,14,52,2,1.2175
496,17,ok,2,9,7,True,True,28776,18,139,2,10.0058
217,18,ok,13,29,16,True,True,12006,26,19,13,1.4917
221,18,ok,9,21,12,True,True,12254,34,22,9,1.2761
224,18,ok,2,3,1,True,True,12439,14,192,2,1.242
222,18,ok,2,7,5,True,True,12315,10,31,2,1.2848
226,18,ok,2,6,4,True,True,12564,13,32,2,1.2483
500,17,ok,2,7,5,True,True,29033,13,143,2,9.5081
228,18,ok,2,4,2,True,True,12688,20,58,2,1.3434
223,18,ok,10,29,19,True,True,12377,25,19,10,2.0627
498,17,ok,2,6,4,True,True,28904,13,135,2,11.1826
227,18,ok,8,19,11,True,True,12626,38,19,8,2.4906
230,18,ok,2,7,5,True,True,12812,19,35,2,2.4186
229,18,ok,9,19,10,True,True,12750,35,19,9,2.4544
225,18,ok,17,42,25,True,True,12501,21,23,17,2.5982
231,18,ok,10,21,11,True,True,12874,19,20,10,2.2943
499,17,ok,7,19,12,True,True,28969,18,137,7,11.0645
233,18,ok,13,37,24,True,True,12999,22,20,13,2.2873
234,18,ok,2,7,5,True,True,13061,13,31,2,2.3089
232,18,ok,2,6,4,True,True,12937,19,105,2,2.3649
235,18,ok,8,18,10,True,True,13123,30,23,8,2.3391
237,18,ok,9,22,13,True,True,13248,28,20,9,2.3849
239,18,ok,10,25,15,True,True,13373,24,21,10,2.3761
236,18,ok,2,6,4,True,True,13186,22,63,2,2.4499
240,18,ok,2,6,4,True,True,13435,19,181,2,2.4009
241,18,ok,17,45,28,True,True,13498,21,20,17,2.4318
242,18,ok,2,7,5,True,True,13560,14,34,2,2.4584
243,18,ok,8,16,8,True,True,13623,27,20,8,2.4189
244,18,ok,2,6,4,True,True,13686,13,60,2,2.4132
238,18,ok,2,4,2,True,True,13311,17,36,2,2.6864
246,18,ok,2,8,6,True,True,13811,10,32,2,2.5394
245,18,ok,9,24,15,True,True,13748,23,20,9,2.6206
249,18,ok,13,31,18,True,True,13999,21,21,13,2.5192
247,18,ok,10,21,11,True,True,13873,24,21,10,2.6113
250,18,ok,2,6,4,True,True,14062,13,33,2,2.5018
251,18,ok,8,24,16,True,True,14124,25,21,8,2.5001
248,18,ok,2,8,6,True,True,13936,11,102,2,2.7345
253,18,ok,9,22,13,True,True,14250,30,22,9,2.5336
252,18,ok,2,8,6,True,True,14187,12,57,2,2.6893
254,18,ok,2,6,4,True,True,14313,17,37,2,2.5344
257,18,ok,17,40,23,True,True,14501,18,19,17,1.6898
256,18,ok,2,6,4,True,True,14438,15,194,2,1.77
255,18,ok,10,18,8,True,True,14376,22,19,10,2.3353
258,18,ok,2,12,10,True,True,14564,17,33,2,1.7974
259,18,ok,8,19,11,True,True,14627,29,20,8,1.9
262,18,ok,2,7,5,True,True,14816,20,34,2,1.8139
261,18,ok,9,22,13,True,True,14753,34,23,9,1.8583
263,18,ok,10,21,11,True,True,14879,25,20,10,1.8185
264,18,ok,2,7,5,True,True,14942,18,108,2,1.7971
265,18,ok,13,29,16,True,True,15005,21,20,13,1.7775
260,18,ok,2,7,5,True,True,14690,19,59,2,2.0169
266,18,ok,2,6,4,True,True,15069,17,38,2,1.9159
267,18,ok,8,18,10,True,True,15132,28,20,8,1.9472
270,18,ok,2,5,3,True,True,15321,18,33,2,1.9258
268,18,ok,2,8,6,True,True,15195,11,63,2,2.045
271,18,ok,10,25,15,True,True,15385,23,21,10,1.8844
269,18,ok,9,26,17,True,True,15258,41,19,9,2.0664
273,18,ok,17,42,25,True,True,15511,21,19,17,1.9513
274,18,ok,2,6,4,True,True,15574,16,37,2,1.9229
272,18,ok,2,5,3,True,True,15448,12,192,2,2.1453
276,18,ok,2,5,3,True,True,15701,11,58,2,1.9897
275,18,ok,8,16,8,True,True,15638,32,21,8,2.2888
278,18,ok,2,7,5,True,True,15828,13,32,2,2.258
280,18,ok,2,5,3,True,True,15955,11,102,2,2.8538
279,18,ok,10,24,14,True,True,15891,28,20,10,2.9054
277,18,ok,9,17,8,True,True,15765,23,20,9,3.0027
281,18,ok,13,38,25,True,True,16018,21,21,13,2.9699
283,18,ok,8,19,11,True,True,16145,25,23,8,2.917
282,18,ok,2,5,3,True,True,16082,15,34,2,3.0492
285,18,ok,9,22,13,True,True,16272,26,22,9,2.9639
284,18,ok,2,8,6,True,True,16209,13,58,2,3.0323
286,18,ok,2,8,6,True,True,16336,19,33,2,3.0006
288,18,ok,2,6,4,True,True,16463,15,214,2,3.0459
287,18,ok,10,32,22,True,True,16400,34,22,10,3.1637
289,18,ok,17,55,38,True,True,16527,19,21,17,3.172
294,18,ok,2,4,2,True,True,16846,26,38,2,3.0804
291,18,ok,8,19,11,True,True,16654,40,23,8,3.1514
290,18,ok,2,9,7,True,True,16591,18,33,2,3.2065
292,18,ok,2,7,5,True,True,16718,17,58,2,3.1712
295,18,ok,10,29,19,True,True,16909,23,21,10,3.1617
293,18,ok,9,23,14,True,True,16782,19,22,9,3.3546
296,18,ok,2,4,2,True,True,16973,15,107,2,3.4781
297,18,ok,13,35,22,True,True,17037,20,21,13,3.3426
298,18,ok,2,5,3,True,True,17101,12,35,2,3.3679
301,18,ok,9,26,17,True,True,17293,26,20,9,3.2683
299,18,ok,8,22,14,True,True,17165,40,21,8,3.3568
303,18,ok,10,25,15,True,True,17421,38,25,10,3.2492
302,18,ok,2,7,5,True,True,17357,12,33,2,3.3435
304,18,ok,2,7,5,True,True,17485,19,198,2,3.3111
300,18,ok,2,4,2,True,True,17229,14,56,2,3.7082
306,18,ok,2,8,6,True,True,17613,20,34,2,3.4222
309,18,ok,9,23,14,True,True,17805,50,21,9,2.4743
308,18,ok,2,8,6,True,True,17741,13,62,2,3.1458
310,18,ok,2,7,5,True,True,17869,13,35,2,2.5138
311,18,ok,10,27,17,True,True,17933,23,20,10,2.6273
312,18,ok,2,10,8,True,True,17997,14,120,2,2.5731
305,18,ok,17,47,30,True,True,17549,21,21,17,3.947
313,18,ok,13,30,17,True,True,18061,26,22,13,2.6124
307,18,ok,8,23,15,True,True,17677,35,23,8,3.8869
314,18,ok,2,6,4,True,True,18126,18,36,2,2.6694
315,18,ok,8,19,11,True,True,18190,31,21,8,2.6148
316,18,ok,2,9,7,True,True,18254,15,62,2,3.7738
317,18,ok,9,25,16,True,True,18318,26,21,9,3.576
319,18,ok,10,24,14,True,True,18447,29,23,10,3.5653
318,18,ok,2,5,3,True,True,18383,14,36,2,3.7237
321,18,ok,17,47,30,True,True,18576,22,26,17,3.6326
323,18,ok,8,27,19,True,True,18704,27,21,8,3.6226
320,18,ok,2,5,3,True,True,18511,22,206,2,3.9302
325,18,ok,9,29,20,True,True,18833,32,22,9,3.8025
322,18,ok,2,7,5,True,True,18640,18,36,2,3.9157
324,18,ok,2,10,8,True,True,18769,16,70,2,3.9379
326,18,ok,2,7,5,True,True,18898,18,36,2,3.9958
328,18,ok,2,5,3,True,True,19027,13,111,2,3.9693
330,18,ok,2,8,6,True,True,19156,14,34,2,3.8739
332,18,ok,2,6,4,True,True,19285,18,61,2,3.8576
329,18,ok,13,27,14,True,True,19091,22,23,13,3.9867
327,18,ok,10,32,22,True,True,18962,27,21,10,4.246
331,18,ok,8,26,18,True,True,19220,41,24,8,4.0553
333,18,ok,9,24,15,True,True,19349,26,26,9,4.0651
334,18,ok,2,4,2,True,True,19414,23,38,2,4.2546
336,18,ok,2,6,4,True,True,19543,19,200,2,3.9874
335,18,ok,10,28,18,True,True,19479,28,27,10,4.2431
338,18,ok,2,8,6,True,True,19673,17,43,2,3.9754
339,18,ok,8,21,13,True,True,19737,30,21,8,4.0977
337,18,ok,17,53,36,True,True,19608,25,21,17,4.2109
342,18,ok,2,8,6,True,True,19931,22,37,2,4.1974
343,18,ok,10,22,12,True,True,19996,27,25,10,4.2112
344,18,ok,2,7,5,True,True,20061,23,117,2,4.1597
340,18,ok,2,7,5,True,True,19802,14,60,2,4.3902
346,18,ok,2,7,5,True,True,20191,21,36,2,4.1243
345,18,ok,13,39,26,True,True,20126,29,25,13,4.2055
341,18,ok,9,27,18,True,True,19867,29,23,9,4.4855
347,18,ok,8,22,14,True,True,20256,28,20,8,4.2225
348,18,ok,2,6,4,True,True,20320,23,61,2,4.3217
349,18,ok,9,25,16,True,True,20385,35,25,9,4.5175
351,18,ok,10,24,14,True,True,20515,24,20,10,4.2915
354,18,ok,2,5,3,True,True,20710,22,36,2,4.2958
352,18,ok,2,7,5,True,True,20580,13,210,2,4.7209
350,18,ok,2,5,3,True,True,20450,17,38,2,4.9978
355,18,ok,8,19,11,True,True,20775,30,23,8,4.5192
353,18,ok,17,49,32,True,True,20645,20,23,17,4.8612
358,18,ok,2,6,4,True,True,20970,20,42,2,4.4196
356,18,ok,2,6,4,True,True,20840,13,59,2,5.0327
360,18,ok,2,7,5,True,True,21100,15,112,2,4.5096
359,18,ok,10,30,20,True,True,21035,23,22,10,4.598
361,18,ok,13,46,33,True,True,21165,31,20,13,4.6138
357,18,ok,9,28,19,True,True,20905,44,22,9,4.9983
362,18,ok,2,4,2,True,True,21230,23,36,2,4.6231
363,18,ok,8,23,15,True,True,21296,30,24,8,4.6553
364,18,ok,2,9,7,True,True,21361,21,64,2,4.6293
366,18,ok,2,6,4,True,True,21491,11,38,2,4.5817
368,18,ok,2,11,9,True,True,21622,13,209,2,4.6905
367,18,ok,10,26,16,True,True,21556,24,23,10,4.8339
370,18,ok,2,6,4,True,True,21752,19,35,2,4.7829
365,18,ok,9,22,13,True,True,21426,36,25,9,5.3875
371,18,ok,8,20,12,True,True,21817,51,22,8,4.8633
372,18,ok,2,7,5,True,True,21883,16,61,2,4.7663
373,18,ok,9,24,15,True,True,21948,29,24,9,4.7831
369,18,ok,17,51,34,True,True,21687,22,21,17,5.2192
375,18,ok,10,28,18,True,True,22079,21,21,10,4.8351
376,18,ok,2,11,9,True,True,22144,28,116,2,5.8559
374,18,ok,2,11,9,True,True,22013,17,38,2,6.1632
378,18,ok,2,7,5,True,True,22275,13,35,2,5.4537
377,18,ok,13,31,18,True,True,22209,24,23,13,6.7105
380,18,ok,2,6,4,True,True,22406,27,61,2,4.985
379,18,ok,8,24,16,True,True,22340,33,23,8,5.3909
381,18,ok,9,23,14,True,True,22471,26,23,9,4.9682
382,18,ok,2,7,5,True,True,22537,16,38,2,4.9921
383,18,ok,10,31,21,True,True,22602,33,23,10,5.5336
384,18,ok,2,6,4,True,True,22668,20,209,2,5.6111
387,18,ok,8,24,16,True,True,22864,28,22,8,5.1966
385,18,ok,17,46,29,True,True,22733,20,22,17,5.7137
386,18,ok,2,5,3,True,True,22799,15,40,2,5.6651
390,18,ok,2,5,3,True,True,23061,23,34,2,5.3337
389,18,ok,9,21,12,True,True,22995,49,20,9,5.5413
393,18,ok,13,44,31,True,True,23258,22,22,13,5.4642
391,18,ok,10,34,24,True,True,23127,29,23,10,5.6149
388,18,ok,2,8,6,True,True,22930,13,66,2,6.7817
394,18,ok,2,10,8,True,True,23324,14,35,2,6.4518
392,18,ok,2,6,4,True,True,23192,19,134,2,6.6146
395,18,ok,8,27,19,True,True,23389,32,25,8,6.5214
396,18,ok,2,11,9,True,True,23455,15,70,2,6.4125
397,18,ok,9,30,21,True,True,23521,36,26,9,6.4258
398,18,ok,2,6,4,True,True,23586,17,41,2,6.434
399,18,ok,10,28,18,True,True,23652,36,26,10,6.4862
402,18,ok,2,9,7,True,True,23849,15,36,2,6.5781
400,18,ok,2,6,4,True,True,23718,19,221,2,6.9213
405,18,ok,9,24,15,True,True,24047,29,25,9,6.5362
401,18,ok,17,48,31,True,True,23784,21,27,17,6.793
403,18,ok,8,26,18,True,True,23915,32,21,8,6.8506
404,18,ok,2,7,5,True,True,23981,19,61,2,6.9127
407,18,ok,10,34,24,True,True,24179,38,23,10,5.9448
406,18,ok,2,8,6,True,True,24113,16,34,2,6.1701
408,18,ok,2,11,9,True,True,24245,16,115,2,5.7378
412,18,ok,2,6,4,True,True,24508,13,66,2,5.8159
410,18,ok,2,7,5,True,True,24376,12,41,2,5.997
409,18,ok,13,36,23,True,True,24311,28,25,13,6.2795
411,18,ok,8,19,11,True,True,24442,31,25,8,7.2125
413,18,ok,9,25,16,True,True,24574,24,21,9,7.0458
414,18,ok,2,7,5,True,True,24640,13,39,2,7.1816
416,18,ok,2,5,3,True,True,24772,21,213,2,7.1553
415,18,ok,10,31,21,True,True,24706,40,26,10,7.4504
417,18,ok,17,52,35,True,True,24838,27,22,17,7.4153
418,18,ok,2,9,7,True,True,24904,16,38,2,7.2787
419,18,ok,8,24,16,True,True,24970,27,25,8,7.2603
420,18,ok,2,7,5,True,True,25037,19,62,2,7.0966
423,18,ok,10,24,14,True,True,25235,28,25,10,6.258
422,18,ok,2,7,5,True,True,25169,19,39,2,7.2728
421,18,ok,9,22,13,True,True,25103,32,23,9,7.4494
426,18,ok,2,7,5,True,True,25433,22,37,2,6.4511
424,18,ok,2,8,6,True,True,25301,18,117,2,6.5901
425,18,ok,13,45,32,True,True,25367,25,24,13,6.7809
427,18,ok,8,24,16,True,True,25500,34,26,8,6.462
428,18,ok,2,5,3,True,True,25566,24,62,2,6.5965
429,18,ok,9,30,21,True,True,25632,43,24,9,6.6937
430,18,ok,2,11,9,True,True,25698,15,43,2,6.4116
431,18,ok,10,28,18,True,True,25764,27,24,10,7.7087
435,18,ok,8,20,12,True,True,26030,39,22,8,7.5573
432,18,ok,2,7,5,True,True,25831,12,209,2,7.8522
434,18,ok,2,5,3,True,True,25963,20,39,2,8.0186
433,18,ok,17,54,37,True,True,25897,24,24,17,8.1245
438,18,ok,2,8,6,True,True,26229,25,35,2,7.7576
436,18,ok,2,6,4,True,True,26096,15,66,2,8.3073
437,18,ok,9,20,11,True,True,26162,28,24,9,8.4055
439,18,ok,10,27,17,True,True,26295,33,22,10,8.1115
440,18,ok,2,5,3,True,True,26361,24,116,2,8.5131
443,18,ok,8,26,18,True,True,26561,28,23,8,7.2897
441,18,ok,13,39,26,True,True,26428,27,26,13,8.6351
444,18,ok,2,8,6,True,True,26627,18,64,2,7.2653
442,18,ok,2,5,3,True,True,26494,24,37,2,8.5131
445,18,ok,9,25,16,True,True,26694,39,22,9,8.4317
446,18,ok,2,8,6,True,True,26760,25,36,2,8.3529
448,18,ok,2,6,4,True,True,26893,22,220,2,8.253
447,18,ok,10,29,19,True,True,26826,32,22,10,8.5203
451,18,ok,8,23,15,True,True,27093,42,25,8,8.4175
449,18,ok,17,52,35,True,True,26960,25,23,17,8.5449
450,18,ok,2,4,2,True,True,27026,16,39,2,8.52
453,18,ok,9,21,12,True,True,27226,41,24,9,8.2605
452,18,ok,2,6,4,True,True,27159,22,63,2,8.4144
455,18,ok,10,26,16,True,True,27359,33,23,10,8.3692
454,18,ok,2,4,2,True,True,27292,17,38,2,8.5572
456,18,ok,2,7,5,True,True,27426,21,122,2,8.7982
458,18,ok,2,8,6,True,True,27559,19,39,2,8.785
457,18,ok,13,51,38,True,True,27492,26,23,13,9.0623
459,18,ok,8,27,19,True,True,27625,53,22,8,8.9821
460,18,ok,2,8,6,True,True,27692,15,66,2,8.8426
461,18,ok,9,30,21,True,True,27759,44,22,9,10.1235
464,18,ok,2,10,8,True,True,27959,20,215,2,8.3937
462,18,ok,2,8,6,True,True,27825,13,38,2,8.9766
463,18,ok,10,28,18,True,True,27892,31,23,10,8.9966
465,18,ok,17,55,38,True,True,28026,23,23,17,8.9292
466,18,ok,2,11,9,True,True,28092,12,38,2,8.946
467,18,ok,8,20,12,True,True,28159,34,28,8,8.9404
468,18,ok,2,5,3,True,True,28226,19,66,2,9.0999
470,18,ok,2,7,5,True,True,28360,19,38,2,9.1874
469,18,ok,9,32,23,True,True,28293,26,23,9,9.4387
1,19,ok,18,18,0,True,True,41,2,3,18,0.0011
2,19,ok,6,6,0,True,True,70,3,9,6,0.0008
3,19,ok,6,10,4,True,True,103,2,12,6,0.0008
4,19,ok,8,16,8,True,True,139,3,13,8,0.0012
5,19,ok,10,16,6,True,True,177,5,15,10,0.002
6,19,ok,4,6,2,True,True,215,5,22,4,0.0012
7,19,ok,14,26,12,True,True,256,5,12,14,0.002
8,19,ok,6,13,7,True,True,297,4,13,6,0.002
9,19,ok,6,9,3,True,True,339,6,18,6,0.0023
10,19,ok,8,15,7,True,True,382,6,15,8,0.0029
11,19,ok,10,16,6,True,True,425,6,18,10,0.0035
12,19,ok,4,8,4,True,True,470,6,41,4,0.0032
13,19,ok,14,28,14,True,True,515,6,19,14,0.0131
14,19,ok,6,11,5,True,True,560,7,20,6,0.006
15,19,ok,6,15,9,True,True,606,7,18,6,0.0057
16,19,ok,8,23,15,True,True,652,8,17,8,0.0062
17,19,ok,10,21,11,True,True,699,7,22,10,0.0117
18,19,ok,4,8,4,True,True,746,4,39,4,0.012
19,19,ok,14,32,18,True,True,794,7,20,14,0.0114
20,19,ok,6,10,4,True,True,842,9,19,6,0.0084
21,19,ok,6,9,3,True,True,890,8,24,6,0.0092
22,19,ok,8,18,10,True,True,939,8,21,8,0.0118
23,19,ok,10,20,10,True,True,988,10,22,10,0.0148
24,19,ok,4,12,8,True,True,1037,7,45,4,0.0206
25,19,ok,14,30,16,True,True,1087,8,22,14,0.0198
26,19,ok,6,14,8,True,True,1137,6,24,6,0.0153
27,19,ok,6,15,9,True,True,1187,8,23,6,0.0164
28,19,ok,8,14,6,True,True,1237,8,26,8,0.016
29,19,ok,10,19,9,True,True,1288,10,26,10,0.0223
30,19,ok,4,9,5,True,True,1339,8,39,4,0.0194
31,19,ok,14,29,15,True,True,1390,7,23,14,0.0227
32,19,ok,6,11,5,True,True,1441,12,22,6,0.0197
33,19,ok,6,22,16,True,True,1493,8,27,6,0.0225
34,19,ok,8,18,10,True,True,1545,11,24,8,0.0239
35,19,ok,10,19,9,True,True,1597,13,27,10,0.0261
36,19,ok,4,12,8,True,True,1649,7,55,4,0.0255
37,19,ok,14,33,19,True,True,1701,8,27,14,0.0325
38,19,ok,6,16,10,True,True,1754,14,31,6,0.0303
39,19,ok,6,15,9,True,True,1806,8,31,6,0.03
40,19,ok,8,17,9,True,True,1859,8,25,8,0.1839
41,19,ok,10,26,16,True,True,1912,11,26,10,0.824
473,18,ok,13,33,20,True,True,28560,41,25,13,9.9842
42,19,ok,4,9,5,True,True,1966,12,62,4,0.0879
43,19,ok,14,36,22,True,True,2019,8,25,14,0.058
45,19,ok,6,10,4,True,True,2126,8,31,6,0.0523
44,19,ok,6,10,4,True,True,2073,13,32,6,0.0701
474,18,ok,2,7,5,True,True,28627,30,42,2,10.1203
46,19,ok,8,21,13,True,True,2180,9,26,8,0.0666
48,19,ok,4,10,6,True,True,2288,10,54,4,0.0461
47,19,ok,10,20,10,True,True,2234,10,27,10,0.1048
49,19,ok,14,31,17,True,True,2343,12,29,14,0.0516
50,19,ok,6,9,3,True,True,2397,13,31,6,0.051
52,19,ok,8,21,13,True,True,2506,13,28,8,0.0545
51,19,ok,6,18,12,True,True,2452,8,32,6,0.0772
53,19,ok,10,21,11,True,True,2561,12,31,10,0.0631
54,19,ok,4,9,5,True,True,2616,10,65,4,0.0564
55,19,ok,14,33,19,True,True,2671,10,27,14,0.0741
56,19,ok,6,16,10,True,True,2727,10,31,6,0.0749
57,19,ok,6,13,7,True,True,2782,9,38,6,0.0661
58,19,ok,8,17,9,True,True,2837,11,32,8,0.0815
471,18,ok,10,24,14,True,True,28426,28,22,10,10.7237
59,19,ok,10,19,9,True,True,2893,11,28,10,0.0874
60,19,ok,4,9,5,True,True,2949,10,52,4,0.1001
61,19,ok,14,32,18,True,True,3005,12,33,14,0.0904
62,19,ok,6,9,3,True,True,3061,14,35,6,0.0924
63,19,ok,6,23,17,True,True,3117,8,34,6,0.1034
64,19,ok,8,22,14,True,True,3173,12,32,8,0.1251
65,19,ok,10,26,16,True,True,3229,10,36,10,0.0896
475,18,ok,8,19,11,True,True,28694,49,25,8,10.5378
472,18,ok,2,5,3,True,True,28493,21,122,2,10.7467
66,19,ok,4,13,9,True,True,3285,9,62,4,0.1041
67,19,ok,14,35,21,True,True,3342,12,30,14,0.114
68,19,ok,6,14,8,True,True,3399,10,33,6,0.1019
69,19,ok,6,13,7,True,True,3455,9,42,6,0.101
70,19,ok,8,21,13,True,True,3512,9,38,8,0.1025
71,19,ok,10,21,11,True,True,3569,16,32,10,0.1186
72,19,ok,4,11,7,True,True,3626,13,59,4,0.1451
73,19,ok,14,27,13,True,True,3683,12,35,14,0.12
74,19,ok,6,20,14,True,True,3740,9,38,6,0.1207
75,19,ok,6,13,7,True,True,3797,11,38,6,0.1394
76,19,ok,8,14,6,True,True,3855,10,36,8,0.1276
77,19,ok,10,25,15,True,True,3912,12,34,10,0.1709
79,19,ok,14,35,21,True,True,4027,13,35,14,0.1628
78,19,ok,4,6,2,True,True,3970,11,62,4,0.1682
80,19,ok,6,10,4,True,True,4085,14,34,6,0.1479
82,19,ok,8,20,12,True,True,4201,10,34,8,0.1452
81,19,ok,6,20,14,True,True,4143,9,39,6,0.1653
83,19,ok,10,25,15,True,True,4259,12,37,10,0.1699
84,19,ok,4,11,7,True,True,4317,8,61,4,0.1619
85,19,ok,14,37,23,True,True,4375,13,43,14,0.1752
86,19,ok,6,14,8,True,True,4433,12,34,6,0.1674
87,19,ok,6,19,13,True,True,4491,10,45,6,0.1769
88,19,ok,8,21,13,True,True,4550,12,38,8,0.2186
90,19,ok,4,12,8,True,True,4667,11,64,4,0.1772
89,19,ok,10,26,16,True,True,4608,11,34,10,0.1899
91,19,ok,14,38,24,True,True,4725,16,35,14,0.1938
92,19,ok,6,22,16,True,True,4784,14,38,6,0.1985
93,19,ok,6,19,13,True,True,4843,8,41,6,0.1855
478,18,ok,2,5,3,True,True,28895,17,37,2,9.0646
94,19,ok,8,21,13,True,True,4901,16,37,8,0.1972
96,19,ok,4,9,5,True,True,5019,12,65,4,0.2216
95,19,ok,10,24,14,True,True,4960,12,35,10,0.2241
97,19,ok,14,30,16,True,True,5078,11,36,14,0.2175
99,19,ok,6,13,7,True,True,5196,10,39,6,0.2089
98,19,ok,6,13,7,True,True,5137,13,38,6,0.2442
100,19,ok,8,22,14,True,True,5256,9,36,8,0.2392
101,19,ok,10,22,12,True,True,5315,11,39,10,0.2252
102,19,ok,4,8,4,True,True,5374,14,71,4,0.2304
103,19,ok,14,39,25,True,True,5434,15,37,14,0.2662
104,19,ok,6,14,8,True,True,5493,15,35,6,0.2388
105,19,ok,6,12,6,True,True,5553,9,39,6,0.2329
106,19,ok,8,19,11,True,True,5612,13,37,8,0.2736
107,19,ok,10,21,11,True,True,5672,13,37,10,0.2664
108,19,ok,4,8,4,True,True,5732,15,68,4,0.2585
480,18,ok,2,9,7,True,True,29028,24,215,2,9.3187
109,19,ok,14,35,21,True,True,5792,12,35,14,0.2863
111,19,ok,6,11,5,True,True,5912,13,42,6,0.2624
112,19,ok,8,18,10,True,True,5972,12,36,8,0.2695
476,18,ok,2,6,4,True,True,28761,19,64,2,10.0725
110,19,ok,6,15,9,True,True,5852,15,39,6,0.3448
477,18,ok,9,24,15,True,True,28828,29,24,9,10.0918
114,19,ok,4,11,7,True,True,6092,14,80,4,0.3223
113,19,ok,10,25,15,True,True,6032,17,40,10,0.3678
115,19,ok,14,29,15,True,True,6152,13,37,14,0.3126
481,18,ok,17,47,30,True,True,29095,24,24,17,9.5639
116,19,ok,6,15,9,True,True,6212,13,40,6,0.3222
118,19,ok,8,22,14,True,True,6333,9,37,8,0.3068
117,19,ok,6,16,10,True,True,6273,10,39,6,0.3347
479,18,ok,10,29,19,True,True,28961,40,27,10,9.8239
119,19,ok,10,24,14,True,True,6393,21,40,10,0.3242
483,18,ok,8,24,16,True,True,29229,32,23,8,9.5623
120,19,ok,4,16,12,True,True,6454,8,70,4,0.3187
121,19,ok,14,36,22,True,True,6514,13,39,14,0.3646
122,19,ok,6,13,7,True,True,6575,14,41,6,0.3445
123,19,ok,6,18,12,True,True,6636,11,39,6,0.3422
124,19,ok,8,19,11,True,True,6696,17,41,8,0.3508
125,19,ok,10,24,14,True,True,6757,16,43,10,0.3709
126,19,ok,4,12,8,True,True,6818,11,71,4,0.4391
127,19,ok,14,42,28,True,True,6879,16,45,14,0.4041
128,19,ok,6,18,12,True,True,6940,14,39,6,0.3772
130,19,ok,8,21,13,True,True,7062,14,38,8,0.4017
129,19,ok,6,23,17,True,True,7001,10,42,6,0.4143
131,19,ok,10,23,13,True,True,7123,15,37,10,0.4077
133,19,ok,14,35,21,True,True,7245,13,42,14,0.435
132,19,ok,4,10,6,True,True,7184,10,73,4,0.4502
134,19,ok,6,11,5,True,True,7306,18,43,6,0.4517
135,19,ok,6,15,9,True,True,7367,12,44,6,0.4342
486,18,ok,2,7,5,True,True,29430,16,38,2,9.6592
136,19,ok,8,22,14,True,True,7429,13,43,8,0.4305
138,19,ok,4,7,3,True,True,7552,14,80,4,0.4353
137,19,ok,10,19,9,True,True,7490,26,40,10,0.4768
141,19,ok,6,19,13,True,True,7736,11,46,6,1.1374
140,19,ok,6,15,9,True,True,7675,14,42,6,1.2507
139,19,ok,14,31,17,True,True,7613,14,46,14,1.4295
142,19,ok,8,18,10,True,True,7798,13,41,8,1.3911
482,18,ok,2,5,3,True,True,29162,26,40,2,11.4647
143,19,ok,10,25,15,True,True,7859,21,38,10,1.4291
144,19,ok,4,11,7,True,True,7921,15,79,4,1.4104
145,19,ok,14,38,24,True,True,7983,14,38,14,1.4303
146,19,ok,6,15,9,True,True,8045,16,43,6,1.4642
150,19,ok,4,14,10,True,True,8292,11,81,4,1.4374
484,18,ok,2,4,2,True,True,29296,25,67,2,11.4781
151,19,ok,14,37,23,True,True,8355,15,44,14,1.4617
147,19,ok,6,19,13,True,True,8107,11,45,6,1.5742
152,19,ok,6,12,6,True,True,8417,16,42,6,1.4618
148,19,ok,8,19,11,True,True,8169,14,43,8,1.6129
149,19,ok,10,29,19,True,True,8230,15,47,10,1.6123
487,18,ok,10,32,22,True,True,29497,29,23,10,10.884
155,19,ok,10,26,16,True,True,8603,17,42,10,0.5802
154,19,ok,8,23,15,True,True,8541,16,41,8,0.7669
153,19,ok,6,18,12,True,True,8479,13,44,6,0.8621
156,19,ok,4,13,9,True,True,8665,9,81,4,0.5826
485,18,ok,9,22,13,True,True,29363,31,25,9,11.4963
158,19,ok,6,17,11,True,True,8790,25,46,6,0.6111
488,18,ok,2,6,4,True,True,29564,26,120,2,10.8464
159,19,ok,6,10,4,True,True,8852,17,50,6,0.6783
157,19,ok,14,39,25,True,True,8728,14,44,14,0.7329
161,19,ok,10,28,18,True,True,8977,14,42,10,0.6518
160,19,ok,8,23,15,True,True,8915,11,43,8,0.7354
162,19,ok,4,13,9,True,True,9040,9,87,4,0.6169
163,19,ok,14,38,24,True,True,9102,14,46,14,0.6912
164,19,ok,6,11,5,True,True,9165,13,47,6,0.647
168,19,ok,4,8,4,True,True,9416,11,81,4,0.6985
165,19,ok,6,10,4,True,True,9228,16,49,6,0.809
166,19,ok,8,21,13,True,True,9290,11,45,8,0.8363
167,19,ok,10,21,11,True,True,9353,17,40,10,0.8155
170,19,ok,6,17,11,True,True,9541,11,43,6,0.6886
172,19,ok,8,19,11,True,True,9667,12,46,8,0.7293
169,19,ok,14,44,30,True,True,9479,12,45,14,0.8444
173,19,ok,10,23,13,True,True,9730,22,41,10,0.7245
171,19,ok,6,14,8,True,True,9604,14,49,6,0.7463
490,18,ok,2,7,5,True,True,29699,22,36,2,10.9894
175,19,ok,14,38,24,True,True,9856,16,46,14,0.7682
491,18,ok,8,21,13,True,True,29766,35,24,8,10.9823
174,19,ok,4,12,8,True,True,9793,12,81,4,0.825
492,18,ok,2,4,2,True,True,29833,20,75,2,9.7102
489,18,ok,13,42,29,True,True,29631,19,23,13,11.4148
178,19,ok,8,18,10,True,True,10046,15,43,8,0.758
177,19,ok,6,16,10,True,True,9983,13,45,6,0.8003
176,19,ok,6,14,8,True,True,9919,13,43,6,0.8223
494,18,ok,2,6,4,True,True,29967,23,36,2,9.3135
179,19,ok,10,17,7,True,True,10109,17,45,10,0.7913
181,19,ok,14,41,27,True,True,10235,13,47,14,0.8092
493,18,ok,9,21,12,True,True,29900,30,23,9,9.7749
182,19,ok,6,13,7,True,True,10299,14,43,6,0.7995
180,19,ok,4,10,6,True,True,10172,11,86,4,0.9423
183,19,ok,6,21,15,True,True,10362,13,45,6,0.8288
184,19,ok,8,22,14,True,True,10425,12,45,8,0.8583
185,19,ok,10,28,18,True,True,10489,19,44,10,0.892
188,19,ok,6,16,10,True,True,10679,20,48,6,0.8781
186,19,ok,4,13,9,True,True,10552,14,82,4,0.9779
191,19,ok,10,26,16,True,True,10870,14,41,10,0.9019
187,19,ok,14,39,25,True,True,10616,17,50,14,0.998
189,19,ok,6,16,10,True,True,10743,19,45,6,0.9393
192,19,ok,4,11,7,True,True,10934,12,86,4,0.9371
190,19,ok,8,21,13,True,True,10806,15,45,8,1.0069
194,19,ok,6,17,11,True,True,11061,12,47,6,0.921
195,19,ok,6,15,9,True,True,11125,13,48,6,0.9517
193,19,ok,14,36,22,True,True,10997,18,44,14,1.0093
197,19,ok,10,21,11,True,True,11253,24,45,10,1.0026
199,19,ok,14,33,19,True,True,11380,17,47,14,1.0489
198,19,ok,4,15,11,True,True,11317,12,78,4,1.1357
196,19,ok,8,21,13,True,True,11189,11,48,8,1.1749
200,19,ok,6,18,12,True,True,11444,15,42,6,1.0835
202,19,ok,8,22,14,True,True,11572,14,50,8,1.0173
203,19,ok,10,26,16,True,True,11636,19,45,10,1.0508
201,19,ok,6,20,14,True,True,11508,13,50,6,2.0293
495,18,ok,10,22,12,True,True,30034,32,23,10,11.1057
204,19,ok,4,8,4,True,True,11700,14,80,4,1.8871
497,18,ok,17,53,36,True,True,30168,21,24,17,10.8173
206,19,ok,6,17,11,True,True,11829,15,47,6,1.9465
205,19,ok,14,43,29,True,True,11765,15,46,14,2.0231
208,19,ok,8,19,11,True,True,11957,13,43,8,2.0678
209,19,ok,10,30,20,True,True,12021,28,45,10,2.126
499,18,ok,8,20,12,True,True,30303,48,26,8,10.6861
207,19,ok,6,15,9,True,True,11893,15,49,6,2.3352
211,19,ok,14,40,26,True,True,12150,17,47,14,2.0487
213,19,ok,6,21,15,True,True,12279,12,46,6,2.0111
212,19,ok,6,16,10,True,True,12214,16,47,6,2.0429
210,19,ok,4,15,11,True,True,12086,14,84,4,2.2241
215,19,ok,10,26,16,True,True,12408,26,46,10,2.0935
214,19,ok,8,21,13,True,True,12343,14,44,8,2.1181
216,19,ok,4,14,10,True,True,12472,12,86,4,2.1514
218,19,ok,6,19,13,True,True,12601,13,52,6,2.1193
498,18,ok,2,8,6,True,True,30236,18,38,2,11.3205
496,18,ok,2,9,7,True,True,30101,21,235,2,11.7555
221,19,ok,10,28,18,True,True,12795,20,46,10,2.1174
219,19,ok,6,17,11,True,True,12666,12,50,6,2.2048
220,19,ok,8,22,14,True,True,12730,15,47,8,2.2379
222,19,ok,4,9,5,True,True,12859,13,85,4,2.1648
217,19,ok,14,51,37,True,True,12536,16,46,14,2.4326
226,19,ok,8,23,15,True,True,13118,16,51,8,2.1906
225,19,ok,6,13,7,True,True,13054,13,47,6,2.2033
227,19,ok,10,21,11,True,True,13183,19,47,10,2.2805
223,19,ok,14,36,22,True,True,12924,17,46,14,2.4273
230,19,ok,6,20,14,True,True,13378,19,49,6,1.4358
231,19,ok,6,17,11,True,True,13443,14,55,6,1.4856
228,19,ok,4,11,7,True,True,13248,13,84,4,1.5676
224,19,ok,6,22,16,True,True,12989,16,46,6,2.6069
232,19,ok,8,24,16,True,True,13508,14,48,8,1.535
233,19,ok,10,26,16,True,True,13573,15,49,10,1.5978
229,19,ok,14,36,22,True,True,13313,17,53,14,1.8841
234,19,ok,4,11,7,True,True,13638,17,84,4,1.8533
239,19,ok,10,22,12,True,True,13963,29,48,10,1.535
237,19,ok,6,12,6,True,True,13833,17,48,6,1.6232
236,19,ok,6,17,11,True,True,13768,19,50,6,1.6752
238,19,ok,8,18,10,True,True,13898,13,48,8,1.7019
235,19,ok,14,47,33,True,True,13703,14,44,14,1.7538
240,19,ok,4,11,7,True,True,14028,16,90,4,1.826
500,18,ok,2,7,5,True,True,30370,21,66,2,11.8803
243,19,ok,6,16,10,True,True,14224,14,49,6,1.7298
242,19,ok,6,15,9,True,True,14159,18,52,6,1.7477
246,19,ok,4,17,13,True,True,14420,16,91,4,1.7175
241,19,ok,14,35,21,True,True,14093,18,52,14,1.9223
244,19,ok,8,22,14,True,True,14289,15,47,8,1.8096
247,19,ok,14,41,27,True,True,14485,13,51,14,1.7387
248,19,ok,6,18,12,True,True,14551,20,47,6,1.6877
245,19,ok,10,27,17,True,True,14355,21,50,10,1.8227
249,19,ok,6,18,12,True,True,14616,13,54,6,1.7723
252,19,ok,4,15,11,True,True,14813,12,89,4,1.6621
250,19,ok,8,16,8,True,True,14682,21,52,8,1.8039
253,19,ok,14,46,32,True,True,14878,17,50,14,1.7177
251,19,ok,10,23,13,True,True,14747,22,47,10,1.9081
254,19,ok,6,16,10,True,True,14944,18,51,6,1.9346
255,19,ok,6,11,5,True,True,15009,13,54,6,1.8681
256,19,ok,8,26,18,True,True,15075,13,46,8,1.8606
258,19,ok,4,11,7,True,True,15206,16,88,4,1.7894
259,19,ok,14,38,24,True,True,15272,17,49,14,1.8107
257,19,ok,10,26,16,True,True,15140,27,47,10,1.9716
261,19,ok,6,21,15,True,True,15403,11,52,6,1.7894
260,19,ok,6,11,5,True,True,15338,17,49,6,1.8383
262,19,ok,8,23,15,True,True,15469,21,49,8,1.8522
263,19,ok,10,29,19,True,True,15535,21,47,10,1.8569
264,19,ok,4,14,10,True,True,15601,13,91,4,2.7766
266,19,ok,6,12,6,True,True,15732,17,47,6,2.7697
265,19,ok,14,32,18,True,True,15667,16,47,14,2.8046
267,19,ok,6,15,9,True,True,15798,17,56,6,2.8043
268,19,ok,8,21,13,True,True,15864,13,47,8,2.8907
269,19,ok,10,24,14,True,True,15930,21,51,10,2.9708
270,19,ok,4,10,6,True,True,15996,14,91,4,2.8515
272,19,ok,6,22,16,True,True,16128,18,52,6,2.9468
273,19,ok,6,20,14,True,True,16194,16,58,6,2.9567
271,19,ok,14,37,23,True,True,16062,17,53,14,2.9803
274,19,ok,8,25,17,True,True,16260,21,48,8,3.0044
275,19,ok,10,24,14,True,True,16326,25,48,10,3.0073
277,19,ok,14,49,35,True,True,16459,20,47,14,3.0989
281,19,ok,10,24,14,True,True,16723,33,47,10,3.0734
278,19,ok,6,18,12,True,True,16525,22,51,6,3.2131
279,19,ok,6,13,7,True,True,16591,18,53,6,3.1889
276,19,ok,4,14,10,True,True,16392,20,88,4,3.3882
282,19,ok,4,13,9,True,True,16790,12,87,4,3.1436
280,19,ok,8,24,16,True,True,16657,15,50,8,3.256
283,19,ok,14,33,19,True,True,16856,13,49,14,3.1076
286,19,ok,8,24,16,True,True,17055,20,51,8,3.2092
287,19,ok,10,26,16,True,True,17121,25,54,10,3.2187
288,19,ok,4,15,11,True,True,17188,14,91,4,3.2144
289,19,ok,14,39,25,True,True,17254,21,50,14,3.1679
284,19,ok,6,16,10,True,True,16922,20,53,6,3.5233
285,19,ok,6,15,9,True,True,16989,14,54,6,3.5506
291,19,ok,6,20,14,True,True,17387,15,54,6,3.2944
292,19,ok,8,26,18,True,True,17454,21,49,8,3.3112
294,19,ok,4,9,5,True,True,17587,13,92,4,3.3221
290,19,ok,6,15,9,True,True,17321,23,47,6,3.7271
293,19,ok,10,26,16,True,True,17520,36,47,10,3.5358
296,19,ok,6,21,15,True,True,17720,17,50,6,2.3783
297,19,ok,6,16,10,True,True,17787,15,57,6,2.3807
295,19,ok,14,41,27,True,True,17653,17,52,14,2.4309
298,19,ok,8,17,9,True,True,17853,16,52,8,2.4165
299,19,ok,10,21,11,True,True,17920,21,47,10,2.493
300,19,ok,4,12,8,True,True,17987,10,89,4,2.4759
301,19,ok,14,37,23,True,True,18053,18,50,14,2.5553
303,19,ok,6,11,5,True,True,18187,15,52,6,2.6899
302,19,ok,6,21,15,True,True,18120,17,49,6,3.4933
304,19,ok,8,25,17,True,True,18253,17,52,8,3.5017
305,19,ok,10,25,15,True,True,18320,21,48,10,3.5277
306,19,ok,4,9,5,True,True,18387,13,99,4,3.6788
307,19,ok,14,35,21,True,True,18454,15,51,14,3.7384
308,19,ok,6,12,6,True,True,18521,16,51,6,3.729
309,19,ok,6,13,7,True,True,18588,17,55,6,3.7543
312,19,ok,4,14,10,True,True,18788,17,92,4,3.7811
310,19,ok,8,25,17,True,True,18655,13,48,8,3.9255
314,19,ok,6,16,10,True,True,18922,19,47,6,3.7656
313,19,ok,14,36,22,True,True,18855,24,47,14,4.067
311,19,ok,10,23,13,True,True,18721,20,47,10,4.2175
315,19,ok,6,15,9,True,True,18989,18,57,6,3.9271
316,19,ok,8,21,13,True,True,19056,14,52,8,3.8565
322,19,ok,8,26,18,True,True,19459,16,48,8,3.9687
320,19,ok,6,19,13,True,True,19325,17,49,6,4.1261
317,19,ok,10,24,14,True,True,19123,19,58,10,4.5858
321,19,ok,6,17,11,True,True,19392,19,58,6,4.5208
325,19,ok,14,37,23,True,True,19661,22,49,14,4.2692
319,19,ok,14,40,26,True,True,19258,16,50,14,4.8986
329,19,ok,10,18,8,True,True,19930,22,57,10,4.0818
318,19,ok,4,10,6,True,True,19191,14,89,4,5.1247
328,19,ok,8,28,20,True,True,19862,16,56,8,4.3449
330,19,ok,4,15,11,True,True,19997,21,93,4,4.0607
323,19,ok,10,26,16,True,True,19526,15,55,10,4.6974
326,19,ok,6,19,13,True,True,19728,20,49,6,4.5015
327,19,ok,6,18,12,True,True,19795,20,56,6,4.5323
324,19,ok,4,16,12,True,True,19593,14,90,4,4.8076
332,19,ok,6,18,12,True,True,20132,14,51,6,4.2175
334,19,ok,8,24,16,True,True,20267,19,59,8,4.5035
333,19,ok,6,14,8,True,True,20199,14,54,6,5.5295
335,19,ok,10,25,15,True,True,20334,22,50,10,4.7426
331,19,ok,14,39,25,True,True,20064,20,50,14,5.9947
338,19,ok,6,19,13,True,True,20536,22,54,6,4.4297
337,19,ok,14,46,32,True,True,20469,17,53,14,4.6923
336,19,ok,4,8,4,True,True,20401,14,95,4,5.0175
342,19,ok,4,14,10,True,True,20807,19,96,4,4.567
340,19,ok,8,22,14,True,True,20671,20,56,8,4.7418
339,19,ok,6,14,8,True,True,20604,21,54,6,4.896
343,19,ok,14,37,23,True,True,20874,24,57,14,4.7976
345,19,ok,6,16,10,True,True,21009,17,54,6,4.54
341,19,ok,10,26,16,True,True,20739,18,52,10,5.0335
346,19,ok,8,23,15,True,True,21077,14,54,8,4.7001
344,19,ok,6,17,11,True,True,20942,20,51,6,5.0196
347,19,ok,10,22,12,True,True,21145,26,50,10,4.8125
348,19,ok,4,11,7,True,True,21212,16,102,4,4.5971
350,19,ok,6,19,13,True,True,21348,18,51,6,4.7551
354,19,ok,4,11,7,True,True,21619,17,98,4,4.6367
351,19,ok,6,12,6,True,True,21415,23,54,6,4.9602
352,19,ok,8,20,12,True,True,21483,22,48,8,4.869
349,19,ok,14,37,23,True,True,21280,24,48,14,6.4401
353,19,ok,10,23,13,True,True,21551,21,54,10,5.8652
356,19,ok,6,16,10,True,True,21754,24,58,6,5.6789
357,19,ok,6,21,15,True,True,21822,15,55,6,5.7165
355,19,ok,14,36,22,True,True,21687,18,54,14,5.9568
359,19,ok,10,27,17,True,True,21958,21,53,10,5.947
361,19,ok,14,40,26,True,True,22094,15,55,14,5.8812
362,19,ok,6,20,14,True,True,22162,20,49,6,5.7628
358,19,ok,8,19,11,True,True,21890,18,51,8,6.2333
360,19,ok,4,10,6,True,True,22026,17,93,4,6.1808
363,19,ok,6,17,11,True,True,22230,20,53,6,5.1214
365,19,ok,10,26,16,True,True,22366,19,50,10,4.9784
366,19,ok,4,14,10,True,True,22434,18,102,4,5.3249
364,19,ok,8,20,12,True,True,22298,20,53,8,5.412
368,19,ok,6,13,7,True,True,22570,19,54,6,5.0932
367,19,ok,14,44,30,True,True,22502,16,50,14,5.2989
370,19,ok,8,16,8,True,True,22706,21,53,8,4.9907
371,19,ok,10,26,16,True,True,22774,28,50,10,5.1823
369,19,ok,6,18,12,True,True,22638,14,61,6,5.5482
373,19,ok,14,37,23,True,True,22910,16,53,14,5.2007
372,19,ok,4,13,9,True,True,22842,19,99,4,5.3418
374,19,ok,6,18,12,True,True,22979,19,52,6,5.4357
376,19,ok,8,28,20,True,True,23115,16,53,8,5.2755
378,19,ok,4,9,5,True,True,23251,13,98,4,5.3994
379,19,ok,14,38,24,True,True,23320,17,48,14,5.2381
377,19,ok,10,26,16,True,True,23183,21,57,10,6.9195
380,19,ok,6,18,12,True,True,23388,22,56,6,6.2389
375,19,ok,6,19,13,True,True,23047,22,59,6,7.6739
382,19,ok,8,18,10,True,True,23525,16,55,8,6.4214
384,19,ok,4,12,8,True,True,23661,23,107,4,5.5776
385,19,ok,14,46,32,True,True,23730,18,55,14,5.8439
386,19,ok,6,17,11,True,True,23798,22,56,6,5.8254
381,19,ok,6,21,15,True,True,23456,15,53,6,7.1215
387,19,ok,6,13,7,True,True,23866,17,56,6,5.9017
388,19,ok,8,27,19,True,True,23935,17,57,8,5.7535
383,19,ok,10,24,14,True,True,23593,21,48,10,7.1654
389,19,ok,10,34,24,True,True,24003,24,59,10,5.7524
390,19,ok,4,12,8,True,True,24072,14,97,4,5.8727
392,19,ok,6,13,7,True,True,24209,18,49,6,5.7439
391,19,ok,14,45,31,True,True,24140,26,54,14,6.0086
394,19,ok,8,23,15,True,True,24346,19,53,8,6.0697
395,19,ok,10,22,12,True,True,24414,24,56,10,5.9532
396,19,ok,4,11,7,True,True,24483,18,95,4,6.8727
399,19,ok,6,16,10,True,True,24688,22,56,6,6.7155
393,19,ok,6,15,9,True,True,24277,15,57,6,7.9907
398,19,ok,6,18,12,True,True,24620,12,52,6,7.0284
397,19,ok,14,44,30,True,True,24551,15,53,14,7.166
400,19,ok,8,22,14,True,True,24757,19,54,8,7.1594
402,19,ok,4,9,5,True,True,24894,25,98,4,7.0396
403,19,ok,14,39,25,True,True,24963,23,52,14,7.0234
401,19,ok,10,32,22,True,True,24826,29,49,10,7.3777
404,19,ok,6,15,9,True,True,25032,21,56,6,7.1795
406,19,ok,8,26,18,True,True,25169,17,52,8,7.4941
407,19,ok,10,26,16,True,True,25238,26,52,10,7.3129
410,19,ok,6,19,13,True,True,25444,25,51,6,6.2432
405,19,ok,6,15,9,True,True,25100,12,56,6,8.2529
409,19,ok,14,41,27,True,True,25375,24,58,14,6.4915
408,19,ok,4,15,11,True,True,25307,18,100,4,7.9577
411,19,ok,6,16,10,True,True,25513,16,55,6,6.151
412,19,ok,8,27,19,True,True,25582,18,53,8,7.2925
414,19,ok,4,10,6,True,True,25719,17,101,4,7.1381
413,19,ok,10,24,14,True,True,25651,34,57,10,7.9173
416,19,ok,6,20,14,True,True,25857,22,60,6,7.5573
418,19,ok,8,24,16,True,True,25995,15,53,8,7.4454
417,19,ok,6,18,12,True,True,25926,14,55,6,7.6338
415,19,ok,14,38,24,True,True,25788,23,56,14,7.803
420,19,ok,4,11,7,True,True,26133,17,99,4,7.617
421,19,ok,14,39,25,True,True,26202,22,53,14,7.5923
422,19,ok,6,17,11,True,True,26271,21,58,6,7.7532
419,19,ok,10,24,14,True,True,26064,23,56,10,8.21
423,19,ok,6,18,12,True,True,26340,16,58,6,7.8832
424,19,ok,8,24,16,True,True,26409,16,55,8,7.8437
425,19,ok,10,28,18,True,True,26478,20,55,10,8.0158
427,19,ok,14,40,26,True,True,26616,22,52,14,7.7613
428,19,ok,6,13,7,True,True,26685,26,49,6,7.8311
429,19,ok,6,19,13,True,True,26754,16,56,6,7.9426
426,19,ok,4,9,5,True,True,26547,15,95,4,8.1757
430,19,ok,8,22,14,True,True,26823,16,56,8,7.8789
431,19,ok,10,32,22,True,True,26892,22,55,10,8.0142
435,19,ok,6,22,16,True,True,27169,22,58,6,7.7405
433,19,ok,14,30,16,True,True,27031,23,51,14,8.1574
434,19,ok,6,18,12,True,True,27100,31,54,6,8.5367
436,19,ok,8,22,14,True,True,27238,17,57,8,7.9159
437,19,ok,10,20,10,True,True,27307,26,60,10,7.998
432,19,ok,4,14,10,True,True,26961,23,103,4,9.685
439,19,ok,14,43,29,True,True,27446,23,53,14,8.159
440,19,ok,6,17,11,True,True,27515,25,57,6,8.3267
442,19,ok,8,29,21,True,True,27654,16,59,8,8.3612
441,19,ok,6,15,9,True,True,27584,21,58,6,8.4924
443,19,ok,10,27,17,True,True,27723,20,56,10,8.459
444,19,ok,4,8,4,True,True,27792,21,103,4,8.2623
446,19,ok,6,17,11,True,True,27931,15,61,6,8.0684
445,19,ok,14,42,28,True,True,27862,17,57,14,8.2908
438,19,ok,4,15,11,True,True,27377,16,105,4,10.8384
449,19,ok,10,28,18,True,True,28139,23,58,10,8.378
451,19,ok,14,43,29,True,True,28278,16,59,14,8.164
447,19,ok,6,15,9,True,True,28000,20,60,6,8.6824
448,19,ok,8,21,13,True,True,28070,17,53,8,8.5894
450,19,ok,4,11,7,True,True,28208,14,117,4,8.6628
452,19,ok,6,18,12,True,True,28347,23,52,6,8.7395
453,19,ok,6,18,12,True,True,28417,25,55,6,8.792
454,19,ok,8,21,13,True,True,28486,20,56,8,8.787
455,19,ok,10,25,15,True,True,28556,26,54,10,8.5736
461,19,ok,10,26,16,True,True,28973,27,59,10,8.5394
457,19,ok,14,47,33,True,True,28695,19,52,14,9.051
456,19,ok,4,12,8,True,True,28625,19,101,4,10.1296
458,19,ok,6,19,13,True,True,28764,20,55,6,9.0173
459,19,ok,6,16,10,True,True,28834,15,59,6,9.015
462,19,ok,4,11,7,True,True,29042,18,103,4,8.799
463,19,ok,14,43,29,True,True,29112,19,58,14,8.7541
464,19,ok,6,18,12,True,True,29182,26,53,6,9.3772
460,19,ok,8,21,13,True,True,28903,19,58,8,10.4881
466,19,ok,8,26,18,True,True,29321,18,63,8,8.8409
467,19,ok,10,24,14,True,True,29391,31,57,10,9.1921
465,19,ok,6,21,15,True,True,29251,21,56,6,9.7884
469,19,ok,14,42,28,True,True,29530,19,54,14,10.0959
470,19,ok,6,20,14,True,True,29600,21,62,6,10.3799
471,19,ok,6,16,10,True,True,29669,18,63,6,10.4111
1,20,ok,19,19,0,True,True,43,2,3,19,0.0008
2,20,ok,4,4,0,True,True,74,5,7,4,0.0007
3,20,ok,3,4,1,True,True,109,3,11,3,0.0008
4,20,ok,6,11,5,True,True,146,4,7,6,0.0013
5,20,ok,7,13,6,True,True,185,5,6,7,0.0013
6,20,ok,2,3,1,True,True,226,4,25,2,0.0012
7,20,ok,11,23,12,True,True,268,6,7,11,0.0022
8,20,ok,6,14,8,True,True,311,7,12,6,0.0021
9,20,ok,3,7,4,True,True,355,5,40,3,0.0023
468,19,ok,4,13,9,True,True,29460,17,100,4,11.0199
10,20,ok,10,20,10,True,True,399,6,12,10,0.0048
11,20,ok,7,13,6,True,True,445,10,7,7,0.0034
12,20,ok,2,7,5,True,True,491,6,33,2,0.0038
13,20,ok,11,18,7,True,True,538,9,9,11,0.0059
14,20,ok,4,10,6,True,True,585,14,15,4,0.007
15,20,ok,3,8,5,True,True,633,5,18,3,0.0062
16,20,ok,6,9,3,True,True,681,9,16,6,0.0064
17,20,ok,11,21,10,True,True,730,11,13,11,0.0088
18,20,ok,2,5,3,True,True,780,7,89,2,0.0074
19,20,ok,19,40,21,True,True,829,7,12,19,0.0111
20,20,ok,4,7,3,True,True,879,11,18,4,0.0101
21,20,ok,3,6,3,True,True,930,7,24,3,0.0089
22,20,ok,6,13,7,True,True,981,13,15,6,0.0116
23,20,ok,7,9,2,True,True,1032,18,14,7,0.0113
24,20,ok,2,7,5,True,True,1083,5,39,2,0.012
25,20,ok,11,26,15,True,True,1135,15,14,11,0.0172
26,20,ok,6,9,3,True,True,1187,12,20,6,0.0157
27,20,ok,3,9,6,True,True,1239,7,61,3,0.0145
28,20,ok,10,24,14,True,True,1292,10,18,10,0.019
29,20,ok,7,13,6,True,True,1344,18,12,7,0.0187
30,20,ok,2,4,2,True,True,1397,6,53,2,0.0192
472,19,ok,8,30,22,True,True,29739,19,59,8,10.5168
31,20,ok,11,19,8,True,True,1451,11,12,11,0.0207
33,20,ok,3,8,5,True,True,1558,8,24,3,0.0227
32,20,ok,4,8,4,True,True,1504,10,20,4,0.0275
34,20,ok,6,14,8,True,True,1612,12,21,6,0.0253
35,20,ok,11,19,8,True,True,1666,12,12,11,0.026
36,20,ok,2,7,5,True,True,1721,8,130,2,0.0253
37,20,ok,19,45,26,True,True,1775,11,13,19,0.0377
38,20,ok,4,9,5,True,True,1830,15,22,4,0.0285
39,20,ok,3,9,6,True,True,1885,7,27,3,0.038
40,20,ok,6,14,8,True,True,1940,20,22,6,0.0391
41,20,ok,7,12,5,True,True,1995,17,12,7,0.0351
42,20,ok,2,5,3,True,True,2051,6,53,2,0.0351
43,20,ok,11,23,12,True,True,2107,14,14,11,0.0399
44,20,ok,6,15,9,True,True,2162,9,21,6,0.0413
45,20,ok,3,6,3,True,True,2218,13,83,3,0.0437
46,20,ok,10,24,14,True,True,2275,9,21,10,0.0483
47,20,ok,7,16,9,True,True,2331,15,14,7,0.0515
48,20,ok,2,6,4,True,True,2387,8,51,2,0.0465
49,20,ok,11,24,13,True,True,2444,14,14,11,0.0517
50,20,ok,4,9,5,True,True,2501,23,23,4,0.0513
51,20,ok,3,9,6,True,True,2558,9,27,3,0.0585
52,20,ok,6,15,9,True,True,2615,14,24,6,0.0628
53,20,ok,11,26,15,True,True,2672,14,15,11,0.0636
54,20,ok,2,6,4,True,True,2729,6,154,2,0.0582
473,19,ok,10,27,17,True,True,29809,21,52,10,9.5233
56,20,ok,4,7,3,True,True,2844,20,21,4,0.0633
55,20,ok,19,35,16,True,True,2787,13,14,19,0.0742
475,19,ok,14,32,18,True,True,29948,25,63,14,9.0803
57,20,ok,3,10,7,True,True,2902,11,35,3,0.0885
58,20,ok,6,11,5,True,True,2960,13,27,6,0.0792
59,20,ok,7,16,9,True,True,3018,16,15,7,0.0769
60,20,ok,2,7,5,True,True,3076,12,52,2,0.0877
61,20,ok,11,23,12,True,True,3134,19,16,11,0.088
62,20,ok,6,15,9,True,True,3192,15,25,6,0.0837
63,20,ok,3,8,5,True,True,3251,7,87,3,0.0856
64,20,ok,10,29,19,True,True,3309,12,24,10,0.1009
65,20,ok,7,12,5,True,True,3368,17,14,7,0.0883
66,20,ok,2,8,6,True,True,3427,6,68,2,0.0914
67,20,ok,11,24,13,True,True,3485,14,18,11,0.1092
68,20,ok,4,7,3,True,True,3544,24,23,4,0.1023
69,20,ok,3,11,8,True,True,3603,9,35,3,0.1124
70,20,ok,6,14,8,True,True,3663,18,24,6,0.1126
71,20,ok,11,19,8,True,True,3722,17,16,11,0.1081
72,20,ok,2,8,6,True,True,3781,9,163,2,0.1141
73,20,ok,19,39,20,True,True,3841,13,17,19,0.1328
74,20,ok,4,10,6,True,True,3900,16,26,4,0.1216
76,20,ok,6,11,5,True,True,4020,27,28,6,0.1257
75,20,ok,3,6,3,True,True,3960,12,35,3,0.1294
77,20,ok,7,19,12,True,True,4080,19,18,7,0.1502
78,20,ok,2,5,3,True,True,4139,9,65,2,0.1303
79,20,ok,11,25,14,True,True,4200,22,17,11,0.1391
476,19,ok,6,13,7,True,True,30018,25,60,6,9.4222
80,20,ok,6,17,11,True,True,4260,13,29,6,0.143
81,20,ok,3,8,5,True,True,4320,12,83,3,0.1433
478,19,ok,8,16,8,True,True,30158,16,57,8,9.15
83,20,ok,7,18,11,True,True,4441,19,18,7,0.1492
82,20,ok,10,29,19,True,True,4380,11,27,10,0.1828
84,20,ok,2,5,3,True,True,4501,11,63,2,0.1483
85,20,ok,11,23,12,True,True,4562,19,17,11,0.1618
86,20,ok,4,9,5,True,True,4622,19,31,4,0.164
87,20,ok,3,6,3,True,True,4683,11,43,3,0.1617
88,20,ok,6,16,10,True,True,4744,13,28,6,0.1691
89,20,ok,11,27,16,True,True,4805,18,18,11,0.179
90,20,ok,2,6,4,True,True,4866,14,179,2,0.1938
91,20,ok,19,42,23,True,True,4927,11,17,19,0.1981
92,20,ok,4,11,7,True,True,4988,18,29,4,0.1825
93,20,ok,3,10,7,True,True,5049,10,38,3,0.1928
94,20,ok,6,14,8,True,True,5110,14,28,6,0.214
95,20,ok,7,19,12,True,True,5172,16,17,7,0.2034
481,19,ok,14,34,20,True,True,30367,18,54,14,9.4159
96,20,ok,2,4,2,True,True,5233,12,64,2,0.2178
97,20,ok,11,28,17,True,True,5295,31,17,11,0.2475
98,20,ok,6,11,5,True,True,5356,18,32,6,0.2548
100,20,ok,10,27,17,True,True,5479,11,29,10,0.2336
101,20,ok,7,15,8,True,True,5541,25,16,7,0.2497
102,20,ok,2,6,4,True,True,5603,10,74,2,0.2318
99,20,ok,3,10,7,True,True,5418,15,101,3,0.3711
103,20,ok,11,22,11,True,True,5665,20,16,11,0.2694
104,20,ok,4,9,5,True,True,5727,25,31,4,0.2527
105,20,ok,3,7,4,True,True,5789,12,41,3,0.2723
106,20,ok,6,17,11,True,True,5851,14,30,6,0.2713
107,20,ok,11,21,10,True,True,5913,14,17,11,0.2713
108,20,ok,2,6,4,True,True,5976,11,197,2,0.2768
109,20,ok,19,45,26,True,True,6038,17,18,19,0.2963
474,19,ok,4,10,6,True,True,29879,14,100,4,11.8171
479,19,ok,10,27,17,True,True,30228,24,58,10,10.9669
111,20,ok,3,11,8,True,True,6163,10,37,3,1.1959
110,20,ok,4,9,5,True,True,6100,24,27,4,1.2323
112,20,ok,6,15,9,True,True,6225,23,28,6,1.1912
482,19,ok,6,24,18,True,True,30437,18,56,6,10.6808
114,20,ok,2,5,3,True,True,6350,13,69,2,1.1787
115,20,ok,11,23,12,True,True,6413,20,19,11,1.1925
117,20,ok,3,8,5,True,True,6539,10,101,3,1.1856
116,20,ok,6,17,11,True,True,6476,18,28,6,1.2227
113,20,ok,7,12,5,True,True,6288,29,18,7,1.3109
118,20,ok,10,27,17,True,True,6602,16,31,10,0.3428
480,19,ok,4,12,8,True,True,30297,18,99,4,11.2297
120,20,ok,2,5,3,True,True,6728,8,74,2,0.3398
119,20,ok,7,14,7,True,True,6665,29,18,7,0.3884
122,20,ok,4,10,6,True,True,6854,19,29,4,0.3539
121,20,ok,11,28,17,True,True,6791,24,17,11,0.3799
123,20,ok,3,12,9,True,True,6917,8,41,3,0.3371
124,20,ok,6,14,8,True,True,6980,21,29,6,0.3528
125,20,ok,11,25,14,True,True,7043,18,16,11,0.358
126,20,ok,2,5,3,True,True,7107,8,188,2,0.3569
127,20,ok,19,60,41,True,True,7170,14,21,19,0.432
129,20,ok,3,9,6,True,True,7297,15,43,3,0.399
131,20,ok,7,17,10,True,True,7424,18,18,7,0.4006
483,19,ok,6,16,10,True,True,30507,16,63,6,10.9777
133,20,ok,11,30,19,True,True,7552,20,20,11,0.4295
135,20,ok,3,9,6,True,True,7679,12,108,3,0.4201
134,20,ok,6,12,6,True,True,7616,21,32,6,0.4225
128,20,ok,4,11,7,True,True,7234,17,32,4,0.6664
132,20,ok,2,5,3,True,True,7488,15,75,2,0.5219
137,20,ok,7,16,9,True,True,7807,26,19,7,0.4402
130,20,ok,6,12,6,True,True,7361,18,30,6,0.6317
477,19,ok,6,22,16,True,True,30088,22,60,6,12.2212
138,20,ok,2,7,5,True,True,7871,12,83,2,0.4463
136,20,ok,10,25,15,True,True,7743,15,30,10,0.5444
139,20,ok,11,30,19,True,True,7935,15,20,11,0.4954
485,19,ok,10,32,22,True,True,30647,28,55,10,11.0751
140,20,ok,4,8,4,True,True,7999,21,30,4,0.4711
141,20,ok,3,10,7,True,True,8064,11,41,3,0.4643
486,19,ok,4,11,7,True,True,30717,13,106,4,10.6363
144,20,ok,2,9,7,True,True,8256,15,190,2,0.5016
143,20,ok,11,25,14,True,True,8192,28,19,11,0.5276
145,20,ok,19,52,33,True,True,8321,16,21,19,0.5706
148,20,ok,6,13,7,True,True,8514,28,32,6,0.5306
147,20,ok,3,7,4,True,True,8449,11,49,3,0.6393
151,20,ok,11,29,18,True,True,8708,19,18,11,0.57
150,20,ok,2,6,4,True,True,8643,10,77,2,0.584
142,20,ok,6,14,8,True,True,8128,26,32,6,0.8179
152,20,ok,6,11,5,True,True,8772,18,33,6,0.5816
153,20,ok,3,6,3,True,True,8837,12,119,3,0.5945
154,20,ok,10,27,17,True,True,8902,15,33,10,0.5819
146,20,ok,4,9,5,True,True,8385,38,29,4,0.8763
156,20,ok,2,8,6,True,True,9031,14,73,2,0.597
155,20,ok,7,22,15,True,True,8967,25,18,7,0.6268
157,20,ok,11,26,15,True,True,9096,26,18,11,0.6119
158,20,ok,4,8,4,True,True,9161,16,33,4,0.6152
159,20,ok,3,7,4,True,True,9226,16,41,3,0.6256
484,19,ok,8,23,15,True,True,30577,19,58,8,11.9317
149,20,ok,7,17,10,True,True,8578,23,20,7,1.0316
487,19,ok,14,39,25,True,True,30787,18,61,14,9.7556
160,20,ok,6,15,9,True,True,9291,31,34,6,0.6935
161,20,ok,11,27,16,True,True,9356,19,19,11,0.6454
163,20,ok,19,54,35,True,True,9487,19,20,19,0.7001
162,20,ok,2,7,5,True,True,9421,10,210,2,0.7329
164,20,ok,4,9,5,True,True,9552,19,30,4,0.7134
166,20,ok,6,13,7,True,True,9682,13,33,6,0.7151
490,19,ok,8,31,23,True,True,30997,17,57,8,9.9136
168,20,ok,2,7,5,True,True,9813,18,82,2,0.6981
167,20,ok,7,12,5,True,True,9748,27,19,7,0.7678
170,20,ok,6,13,7,True,True,9944,15,37,6,0.717
171,20,ok,3,9,6,True,True,10009,17,112,3,0.7725
172,20,ok,10,23,13,True,True,10075,17,32,10,0.7466
491,19,ok,10,24,14,True,True,31067,36,55,10,10.0043
165,20,ok,3,9,6,True,True,9617,13,45,3,1.056
173,20,ok,7,27,20,True,True,10141,28,22,7,0.7846
174,20,ok,2,5,3,True,True,10206,17,80,2,0.7708
177,20,ok,3,8,5,True,True,10403,14,43,3,0.8398
489,19,ok,6,15,9,True,True,30927,19,56,6,10.5327
179,20,ok,11,24,13,True,True,10535,25,18,11,0.8104
169,20,ok,11,27,16,True,True,9879,23,20,11,1.2003
178,20,ok,6,17,11,True,True,10469,19,33,6,0.8759
175,20,ok,11,27,16,True,True,10272,18,20,11,1.4205
180,20,ok,2,7,5,True,True,10601,17,205,2,1.718
182,20,ok,4,8,4,True,True,10733,18,37,4,1.7948
183,20,ok,3,7,4,True,True,10799,12,43,3,1.7849
184,20,ok,6,12,6,True,True,10865,32,29,6,1.7694
181,20,ok,19,43,24,True,True,10667,16,23,19,1.8765
176,20,ok,4,12,8,True,True,10338,28,32,4,2.2184
185,20,ok,7,12,5,True,True,10931,22,24,7,1.7796
492,19,ok,4,14,10,True,True,31137,17,105,4,11.346
488,19,ok,6,23,17,True,True,30857,27,55,6,11.9659
187,20,ok,11,25,14,True,True,11063,25,20,11,1.8006
186,20,ok,2,7,5,True,True,10997,11,80,2,1.8716
188,20,ok,6,14,8,True,True,11129,20,33,6,1.8139
189,20,ok,3,6,3,True,True,11195,10,124,3,1.8312
493,19,ok,14,41,27,True,True,31207,25,55,14,11.3901
190,20,ok,10,27,17,True,True,11262,20,34,10,1.8969
192,20,ok,2,5,3,True,True,11394,17,77,2,1.8554
193,20,ok,11,26,15,True,True,11460,23,20,11,1.8639
191,20,ok,7,17,10,True,True,11328,30,21,7,1.963
194,20,ok,4,11,7,True,True,11527,20,41,4,1.901
195,20,ok,3,11,8,True,True,11593,17,50,3,1.9673
196,20,ok,6,19,13,True,True,11660,35,34,6,1.9155
198,20,ok,2,7,5,True,True,11793,12,215,2,1.9418
200,20,ok,4,8,4,True,True,11926,20,32,4,1.1009
199,20,ok,19,57,38,True,True,11859,14,23,19,1.7012
201,20,ok,3,10,7,True,True,11993,13,48,3,1.0824
202,20,ok,6,19,13,True,True,12059,12,32,6,1.1071
203,20,ok,7,17,10,True,True,12126,28,22,7,1.0908
204,20,ok,2,6,4,True,True,12193,16,83,2,1.1186
197,20,ok,11,29,18,True,True,11726,22,20,11,2.328
207,20,ok,3,8,5,True,True,12393,12,122,3,1.1171
494,19,ok,6,15,9,True,True,31277,24,58,6,11.4675
209,20,ok,7,17,10,True,True,12527,26,21,7,1.1172
206,20,ok,6,14,8,True,True,12326,20,35,6,1.2135
208,20,ok,10,24,14,True,True,12460,15,34,10,1.2137
210,20,ok,2,5,3,True,True,12594,12,83,2,1.1896
211,20,ok,11,29,18,True,True,12661,32,20,11,1.189
212,20,ok,4,10,6,True,True,12728,28,35,4,1.2143
497,19,ok,10,23,13,True,True,31487,25,57,10,11.0167
214,20,ok,6,18,12,True,True,12862,21,33,6,1.1846
205,20,ok,11,30,19,True,True,12259,23,19,11,1.5315
496,19,ok,8,19,11,True,True,31417,19,55,8,11.5678
213,20,ok,3,10,7,True,True,12795,13,52,3,1.3095
216,20,ok,2,7,5,True,True,12996,16,217,2,1.2124
215,20,ok,11,28,17,True,True,12929,25,23,11,1.2918
495,19,ok,6,18,12,True,True,31347,20,60,6,11.8669
217,20,ok,19,44,25,True,True,13063,19,22,19,1.4141
218,20,ok,4,11,7,True,True,13131,20,34,4,1.3052
498,19,ok,4,11,7,True,True,31557,21,109,4,11.2028
220,20,ok,6,20,14,True,True,13265,19,36,6,1.3467
219,20,ok,3,7,4,True,True,13198,15,49,3,1.373
221,20,ok,7,17,10,True,True,13332,32,19,7,1.3595
499,19,ok,14,40,26,True,True,31627,19,57,14,10.1272
223,20,ok,11,29,18,True,True,13467,21,21,11,1.4029
222,20,ok,2,4,2,True,True,13400,18,90,2,1.4495
224,20,ok,6,15,9,True,True,13534,18,33,6,1.4051
225,20,ok,3,8,5,True,True,13602,19,121,3,1.3849
226,20,ok,10,25,15,True,True,13669,13,35,10,1.3637
229,20,ok,11,26,15,True,True,13872,25,20,11,1.3918
230,20,ok,4,11,7,True,True,13939,35,36,4,1.4198
231,20,ok,3,7,4,True,True,14007,16,48,3,1.4041
227,20,ok,7,18,11,True,True,13737,34,21,7,2.5413
232,20,ok,6,17,11,True,True,14075,20,39,6,2.4156
234,20,ok,2,8,6,True,True,14210,12,226,2,2.3741
235,20,ok,19,50,31,True,True,14278,18,21,19,2.3747
233,20,ok,11,25,14,True,True,14142,24,23,11,2.4607
237,20,ok,3,9,6,True,True,14413,18,54,3,2.3649
228,20,ok,2,7,5,True,True,13804,13,88,2,2.7594
238,20,ok,6,17,11,True,True,14481,15,33,6,2.3847
236,20,ok,4,13,9,True,True,14346,26,35,4,2.5002
500,19,ok,6,22,16,True,True,31697,25,58,6,11.405
240,20,ok,2,7,5,True,True,14617,13,82,2,2.5393
242,20,ok,6,21,15,True,True,14753,20,36,6,2.4725
243,20,ok,3,10,7,True,True,14821,9,126,3,2.4671
241,20,ok,11,25,14,True,True,14685,29,22,11,2.7198
246,20,ok,2,6,4,True,True,15025,10,92,2,2.5537
247,20,ok,11,23,12,True,True,15093,29,27,11,2.5852
245,20,ok,7,17,10,True,True,14957,34,21,7,2.6903
239,20,ok,7,18,11,True,True,14549,26,25,7,3.0149
248,20,ok,4,13,9,True,True,15161,31,37,4,2.6058
249,20,ok,3,9,6,True,True,15229,13,46,3,2.6617
250,20,ok,6,16,10,True,True,15297,18,38,6,2.671
251,20,ok,11,27,16,True,True,15365,26,24,11,2.6208
252,20,ok,2,10,8,True,True,15434,17,231,2,2.6815
255,20,ok,3,10,7,True,True,15639,16,49,3,2.6428
256,20,ok,6,20,14,True,True,15707,30,34,6,2.6512
254,20,ok,4,14,10,True,True,15570,22,36,4,2.7107
244,20,ok,10,29,19,True,True,14889,20,40,10,3.3563
257,20,ok,7,16,9,True,True,15775,28,21,7,2.6571
253,20,ok,19,53,34,True,True,15502,19,21,19,2.9303
258,20,ok,2,8,6,True,True,15844,14,83,2,2.7052
259,20,ok,11,28,17,True,True,15912,21,21,11,2.7143
261,20,ok,3,11,8,True,True,16049,15,121,3,1.9756
263,20,ok,7,24,17,True,True,16186,20,24,7,1.917
264,20,ok,2,6,4,True,True,16254,13,90,2,1.9651
262,20,ok,10,23,13,True,True,16117,19,36,10,1.9982
265,20,ok,11,26,15,True,True,16323,33,23,11,1.9304
260,20,ok,6,20,14,True,True,15980,20,37,6,2.1833
267,20,ok,3,10,7,True,True,16460,20,50,3,1.924
268,20,ok,6,15,9,True,True,16529,23,33,6,2.1061
269,20,ok,11,29,18,True,True,16598,22,24,11,2.1272
270,20,ok,2,7,5,True,True,16666,17,238,2,2.1315
272,20,ok,4,11,7,True,True,16804,35,36,4,2.0801
271,20,ok,19,59,40,True,True,16735,25,23,19,2.1609
274,20,ok,6,16,10,True,True,16941,20,37,6,2.1611
275,20,ok,7,19,12,True,True,17010,29,21,7,2.1983
266,20,ok,4,11,7,True,True,16392,26,32,4,2.8224
273,20,ok,3,12,9,True,True,16873,11,54,3,3.3359
278,20,ok,6,19,13,True,True,17217,18,33,6,3.1186
276,20,ok,2,8,6,True,True,17079,15,94,2,3.273
279,20,ok,3,9,6,True,True,17286,13,134,3,3.1859
280,20,ok,10,19,9,True,True,17355,18,39,10,3.2132
281,20,ok,7,15,8,True,True,17424,34,23,7,3.1502
282,20,ok,2,5,3,True,True,17493,11,91,2,3.2362
283,20,ok,11,30,19,True,True,17562,18,22,11,3.2027
284,20,ok,4,11,7,True,True,17631,23,37,4,3.2418
285,20,ok,3,6,3,True,True,17700,13,50,3,3.2673
287,20,ok,11,36,25,True,True,17838,24,26,11,3.218
290,20,ok,4,14,10,True,True,18046,31,38,4,3.2013
277,20,ok,11,27,16,True,True,17148,27,22,11,4.0262
289,20,ok,19,50,31,True,True,17976,18,22,19,3.3548
288,20,ok,2,6,4,True,True,17907,22,235,2,3.4819
292,20,ok,6,15,9,True,True,18184,21,37,6,3.3153
291,20,ok,3,9,6,True,True,18115,16,49,3,3.4454
295,20,ok,11,31,20,True,True,18392,22,23,11,3.343
294,20,ok,2,4,2,True,True,18323,13,95,2,3.4246
293,20,ok,7,15,8,True,True,18253,30,23,7,3.4311
297,20,ok,3,11,8,True,True,18531,13,124,3,3.3627
286,20,ok,6,18,12,True,True,17769,23,35,6,4.0402
296,20,ok,6,18,12,True,True,18461,20,34,6,3.687
298,20,ok,10,24,14,True,True,18600,19,37,10,3.5915
301,20,ok,11,31,20,True,True,18808,30,24,11,3.5639
302,20,ok,4,7,3,True,True,18878,57,37,4,3.5431
300,20,ok,2,7,5,True,True,18739,15,91,2,3.594
299,20,ok,7,13,6,True,True,18670,32,25,7,3.9836
303,20,ok,3,13,10,True,True,18947,20,52,3,3.6723
304,20,ok,6,18,12,True,True,19017,20,36,6,3.6469
305,20,ok,11,29,18,True,True,19087,23,23,11,3.7192
306,20,ok,2,5,3,True,True,19156,17,260,2,2.9092
307,20,ok,19,44,25,True,True,19226,18,25,19,2.8625
309,20,ok,3,9,6,True,True,19365,17,52,3,2.878
311,20,ok,7,15,8,True,True,19504,34,26,7,2.8554
310,20,ok,6,20,14,True,True,19435,18,35,6,2.9176
308,20,ok,4,11,7,True,True,19295,20,37,4,3.1091
312,20,ok,2,5,3,True,True,19574,17,85,2,3.8273
313,20,ok,11,27,16,True,True,19644,24,22,11,3.8394
314,20,ok,6,17,11,True,True,19714,18,37,6,3.9002
316,20,ok,10,35,25,True,True,19853,19,37,10,3.7686
317,20,ok,7,19,12,True,True,19923,35,24,7,3.8281
318,20,ok,2,5,3,True,True,19993,13,90,2,4.0897
319,20,ok,11,25,14,True,True,20063,31,24,11,4.0391
315,20,ok,3,12,9,True,True,19783,11,134,3,4.5972
320,20,ok,4,10,6,True,True,20133,26,40,4,4.2746
326,20,ok,4,10,6,True,True,20552,33,38,4,3.9998
323,20,ok,11,21,10,True,True,20342,23,24,11,4.0976
324,20,ok,2,8,6,True,True,20412,12,245,2,4.0903
322,20,ok,6,14,8,True,True,20272,23,40,6,4.2118
327,20,ok,3,10,7,True,True,20622,17,51,3,4.3034
321,20,ok,3,12,9,True,True,20202,17,57,3,4.8586
330,20,ok,2,3,1,True,True,20833,17,99,2,4.2061
329,20,ok,7,15,8,True,True,20762,40,22,7,4.4013
328,20,ok,6,16,10,True,True,20692,29,40,6,4.5812
331,20,ok,11,25,14,True,True,20903,24,22,11,4.2877
332,20,ok,6,17,11,True,True,20973,28,37,6,4.4522
333,20,ok,3,8,5,True,True,21043,28,129,3,4.1548
325,20,ok,19,51,32,True,True,20482,20,25,19,5.2327
335,20,ok,7,21,14,True,True,21183,19,23,7,4.2761
334,20,ok,10,32,22,True,True,21113,21,37,10,4.3665
336,20,ok,2,7,5,True,True,21254,13,89,2,4.4021
338,20,ok,4,11,7,True,True,21394,26,38,4,4.2807
340,20,ok,6,14,8,True,True,21535,27,40,6,4.9734
337,20,ok,11,34,23,True,True,21324,21,22,11,5.5502
341,20,ok,11,26,15,True,True,21605,26,22,11,5.3045
339,20,ok,3,10,7,True,True,21464,18,57,3,5.5241
342,20,ok,2,6,4,True,True,21675,17,254,2,5.6349
343,20,ok,19,47,28,True,True,21746,20,29,19,4.5313
344,20,ok,4,10,6,True,True,21816,21,38,4,4.5185
346,20,ok,6,15,9,True,True,21957,28,37,6,4.432
345,20,ok,3,7,4,True,True,21887,18,53,3,4.5819
347,20,ok,7,19,12,True,True,22028,40,23,7,4.4876
348,20,ok,2,8,6,True,True,22098,14,95,2,4.4866
349,20,ok,11,34,23,True,True,22168,26,24,11,4.706
352,20,ok,10,24,14,True,True,22380,19,40,10,4.5911
354,20,ok,2,8,6,True,True,22521,13,95,2,4.6989
351,20,ok,3,8,5,True,True,22310,17,134,3,4.9697
353,20,ok,7,17,10,True,True,22451,52,22,7,4.7824
355,20,ok,11,26,15,True,True,22592,28,24,11,4.9612
356,20,ok,4,9,5,True,True,22663,29,38,4,4.905
350,20,ok,6,15,9,True,True,22239,28,40,6,5.543
358,20,ok,6,16,10,True,True,22804,23,39,6,4.9118
361,20,ok,19,43,24,True,True,23016,21,22,19,4.9571
359,20,ok,11,29,18,True,True,22875,21,27,11,5.099
363,20,ok,3,8,5,True,True,23157,17,53,3,5.8005
360,20,ok,2,7,5,True,True,22945,15,246,2,6.0109
362,20,ok,4,11,7,True,True,23087,28,40,4,5.9685
365,20,ok,7,20,13,True,True,23299,42,26,7,5.8659
366,20,ok,2,3,1,True,True,23370,21,94,2,5.9463
357,20,ok,3,6,3,True,True,22733,18,52,3,6.696
368,20,ok,6,18,12,True,True,23512,22,38,6,5.8083
367,20,ok,11,30,19,True,True,23441,22,25,11,6.0823
369,20,ok,3,12,9,True,True,23582,15,136,3,5.3357
371,20,ok,7,21,14,True,True,23724,32,24,7,5.0501
364,20,ok,6,14,8,True,True,23228,21,40,6,7.0648
372,20,ok,2,8,6,True,True,23795,14,95,2,5.2713
370,20,ok,10,31,21,True,True,23653,20,40,10,5.4253
374,20,ok,4,12,8,True,True,23937,27,43,4,5.1267
376,20,ok,6,15,9,True,True,24079,40,39,6,5.1106
375,20,ok,3,9,6,True,True,24008,15,51,3,5.2593
378,20,ok,2,10,8,True,True,24221,12,243,2,5.1279
373,20,ok,11,28,17,True,True,23866,21,23,11,5.5227
377,20,ok,11,28,17,True,True,24150,29,25,11,5.4366
379,20,ok,19,47,28,True,True,24292,20,26,19,5.3746
380,20,ok,4,7,3,True,True,24363,27,37,4,5.3743
381,20,ok,3,7,4,True,True,24435,15,58,3,5.2225
382,20,ok,6,19,13,True,True,24506,31,40,6,5.3961
384,20,ok,2,8,6,True,True,24648,13,101,2,5.4414
383,20,ok,7,21,14,True,True,24577,46,23,7,6.8253
385,20,ok,11,26,15,True,True,24719,35,23,11,6.6421
386,20,ok,6,22,16,True,True,24790,28,40,6,6.6933
388,20,ok,10,37,27,True,True,24933,19,40,10,6.5789
389,20,ok,7,17,10,True,True,25004,39,25,7,6.4493
391,20,ok,11,28,17,True,True,25147,30,24,11,5.7672
390,20,ok,2,6,4,True,True,25075,20,93,2,6.8083
392,20,ok,4,14,10,True,True,25218,37,40,4,6.1196
394,20,ok,6,14,8,True,True,25361,18,37,6,5.8073
387,20,ok,3,9,6,True,True,24862,13,127,3,7.7636
393,20,ok,3,9,6,True,True,25289,14,55,3,6.094
397,20,ok,19,59,40,True,True,25575,18,23,19,5.8947
395,20,ok,11,22,11,True,True,25432,26,27,11,6.1017
399,20,ok,3,11,8,True,True,25718,15,58,3,5.989
400,20,ok,6,16,10,True,True,25789,32,39,6,6.0201
398,20,ok,4,12,8,True,True,25646,43,40,4,6.5022
396,20,ok,2,4,2,True,True,25503,16,248,2,7.052
405,20,ok,3,6,3,True,True,26146,15,146,3,6.016
402,20,ok,2,8,6,True,True,25932,20,98,2,6.275
404,20,ok,6,12,6,True,True,26075,30,41,6,6.1257
407,20,ok,7,22,15,True,True,26290,21,25,7,6.1365
406,20,ok,10,27,17,True,True,26218,20,43,10,7.2042
403,20,ok,11,23,12,True,True,26003,38,26,11,7.5752
401,20,ok,7,20,13,True,True,25860,37,26,7,7.6942
408,20,ok,2,6,4,True,True,26361,18,99,2,7.4421
409,20,ok,11,35,24,True,True,26433,26,24,11,7.4241
410,20,ok,4,11,7,True,True,26504,29,40,4,7.2179
411,20,ok,3,7,4,True,True,26576,14,57,3,7.3479
412,20,ok,6,15,9,True,True,26648,27,37,6,7.1584
413,20,ok,11,30,19,True,True,26719,36,26,11,7.3823
414,20,ok,2,6,4,True,True,26791,19,252,2,7.371
416,20,ok,4,11,7,True,True,26934,27,41,4,6.6882
417,20,ok,3,11,8,True,True,27006,17,52,3,6.6317
415,20,ok,19,48,29,True,True,26863,19,25,19,7.0724
419,20,ok,7,18,11,True,True,27150,33,26,7,6.5169
418,20,ok,6,17,11,True,True,27078,18,38,6,6.6219
420,20,ok,2,6,4,True,True,27221,11,97,2,6.451
421,20,ok,11,34,23,True,True,27293,30,22,11,7.8457
423,20,ok,3,10,7,True,True,27437,12,153,3,7.6316
426,20,ok,2,11,9,True,True,27652,12,98,2,7.5975
425,20,ok,7,22,15,True,True,27581,37,22,7,8.0746
422,20,ok,6,13,7,True,True,27365,24,42,6,8.2737
427,20,ok,11,23,12,True,True,27724,31,25,11,7.9262
428,20,ok,4,14,10,True,True,27796,20,40,4,7.7181
429,20,ok,3,9,6,True,True,27868,18,63,3,7.7213
432,20,ok,2,7,5,True,True,28084,11,254,2,7.6807
424,20,ok,10,31,21,True,True,27509,22,43,10,9.2472
434,20,ok,4,14,10,True,True,28228,22,37,4,8.0031
435,20,ok,3,8,5,True,True,28300,15,53,3,7.8066
433,20,ok,19,54,35,True,True,28156,26,25,19,8.4545
436,20,ok,6,15,9,True,True,28372,22,43,6,7.2973
438,20,ok,2,7,5,True,True,28516,22,107,2,7.4374
437,20,ok,7,22,15,True,True,28444,38,23,7,7.6315
441,20,ok,3,8,5,True,True,28733,14,152,3,7.1981
430,20,ok,6,14,8,True,True,27940,25,43,6,9.5617
440,20,ok,6,21,15,True,True,28661,26,37,6,8.551
431,20,ok,11,30,19,True,True,28012,35,24,11,10.5969
439,20,ok,11,30,19,True,True,28588,47,23,11,8.7268
443,20,ok,7,23,16,True,True,28877,31,25,7,8.2345
442,20,ok,10,30,20,True,True,28805,16,39,10,8.421
444,20,ok,2,8,6,True,True,28949,18,99,2,8.3938
445,20,ok,11,24,13,True,True,29021,40,23,11,8.4838
446,20,ok,4,14,10,True,True,29093,27,41,4,8.6104
447,20,ok,3,6,3,True,True,29166,21,52,3,8.6895
449,20,ok,11,23,12,True,True,29310,22,27,11,8.487
450,20,ok,2,7,5,True,True,29382,16,263,2,8.7258
448,20,ok,6,18,12,True,True,29238,26,42,6,8.9983
451,20,ok,19,57,38,True,True,29455,24,23,19,8.8722
452,20,ok,4,9,5,True,True,29527,29,41,4,8.7316
453,20,ok,3,12,9,True,True,29599,19,53,3,8.8235
454,20,ok,6,12,6,True,True,29672,23,37,6,8.9638
455,20,ok,7,15,8,True,True,29744,45,27,7,9.0873
457,20,ok,11,27,16,True,True,29889,34,26,11,8.9397
459,20,ok,3,10,7,True,True,30034,14,140,3,8.8443
456,20,ok,2,6,4,True,True,29816,16,99,2,9.3383
460,20,ok,10,30,20,True,True,30106,29,39,10,8.7457
461,20,ok,7,12,5,True,True,30178,41,23,7,9.32
458,20,ok,6,13,7,True,True,29961,22,45,6,10.2402
463,20,ok,11,26,15,True,True,30323,43,26,11,9.4121
465,20,ok,3,12,9,True,True,30468,16,54,3,10.1038
464,20,ok,4,16,12,True,True,30396,49,38,4,10.4088
468,20,ok,2,7,5,True,True,30686,15,261,2,10.043
462,20,ok,2,6,4,True,True,30251,17,104,2,11.725
471,20,ok,3,13,10,True,True,30904,15,57,3,9.3799
472,20,ok,6,16,10,True,True,30976,28,42,6,9.5282
469,20,ok,19,54,35,True,True,30758,23,28,19,10.8362
467,20,ok,11,28,17,True,True,30613,25,27,11,11.0343
1,21,ok,20,20,0,True,True,46,2,3,20,0.0006
2,21,ok,4,6,2,True,True,78,3,11,4,0.0005
3,21,ok,12,22,10,True,True,114,4,8,12,0.0009
4,21,ok,4,7,3,True,True,153,4,25,4,0.0009
5,21,ok,15,28,13,True,True,193,4,10,15,0.0016
6,21,ok,4,7,3,True,True,236,5,17,4,0.0013
7,21,ok,12,19,7,True,True,279,5,11,12,0.0021
8,21,ok,4,9,5,True,True,324,6,33,4,0.002
9,21,ok,15,26,11,True,True,370,6,13,15,0.0032
10,21,ok,4,8,4,True,True,417,5,19,4,0.0027
11,21,ok,12,24,12,True,True,464,7,14,12,0.004
12,21,ok,4,7,3,True,True,512,5,49,4,0.0036
13,21,ok,15,28,13,True,True,561,7,15,15,0.0054
14,21,ok,4,6,2,True,True,610,5,28,4,0.0045
15,21,ok,12,14,2,True,True,660,8,15,12,0.0078
16,21,ok,4,9,5,True,True,711,4,45,4,0.0082
17,21,ok,15,35,20,True,True,761,7,15,15,0.0115
18,21,ok,4,7,3,True,True,813,7,27,4,0.0073
19,21,ok,12,29,17,True,True,864,8,18,12,0.015
20,21,ok,4,8,4,True,True,917,6,54,4,0.0088
21,21,ok,15,28,13,True,True,969,8,17,15,0.0119
22,21,ok,4,8,4,True,True,1022,8,35,4,0.0107
23,21,ok,12,19,7,True,True,1075,9,17,12,0.0168
24,21,ok,4,11,7,True,True,1129,7,49,4,0.0128
470,20,ok,4,14,10,True,True,30831,36,47,4,9.7352
26,21,ok,4,9,5,True,True,1237,9,34,4,0.0156
25,21,ok,15,35,20,True,True,1182,8,17,15,0.0225
27,21,ok,12,22,10,True,True,1291,12,18,12,0.0178
28,21,ok,4,5,1,True,True,1346,7,63,4,0.0189
29,21,ok,15,37,22,True,True,1401,7,20,15,0.0228
30,21,ok,4,8,4,True,True,1456,10,41,4,0.0184
31,21,ok,12,25,13,True,True,1511,10,19,12,0.0223
32,21,ok,4,9,5,True,True,1567,9,60,4,0.0212
34,21,ok,4,12,8,True,True,1679,6,34,4,0.0243
33,21,ok,15,31,16,True,True,1623,9,20,15,0.027
473,20,ok,7,13,6,True,True,31049,30,25,7,9.6399
35,21,ok,12,20,8,True,True,1735,10,23,12,0.0274
36,21,ok,4,7,3,True,True,1792,8,61,4,0.0299
37,21,ok,15,31,16,True,True,1849,9,22,15,0.0333
474,20,ok,2,5,3,True,True,31121,15,99,2,9.4968
38,21,ok,4,8,4,True,True,1906,7,41,4,0.0378
39,21,ok,12,25,13,True,True,1963,11,24,12,0.036
40,21,ok,4,10,6,True,True,2020,8,65,4,0.0335
41,21,ok,15,36,21,True,True,2078,11,20,15,0.043
43,21,ok,12,29,17,True,True,2194,9,22,12,0.0437
44,21,ok,4,10,6,True,True,2252,8,69,4,0.0405
42,21,ok,4,8,4,True,True,2136,8,41,4,0.0641
45,21,ok,15,34,19,True,True,2310,8,21,15,0.0511
46,21,ok,4,10,6,True,True,2368,9,40,4,0.0457
47,21,ok,12,31,19,True,True,2427,8,21,12,0.0511
48,21,ok,4,10,6,True,True,2486,13,81,4,0.0526
49,21,ok,15,32,17,True,True,2545,9,24,15,0.0587
50,21,ok,4,7,3,True,True,2604,10,45,4,0.0551
51,21,ok,12,25,13,True,True,2663,9,23,12,0.0591
52,21,ok,4,10,6,True,True,2722,8,76,4,0.0721
53,21,ok,15,36,21,True,True,2782,10,22,15,0.0685
54,21,ok,4,8,4,True,True,2841,10,43,4,0.0631
55,21,ok,12,29,17,True,True,2901,12,22,12,0.07
56,21,ok,4,10,6,True,True,2961,10,83,4,0.0657
57,21,ok,15,36,21,True,True,3021,10,21,15,0.0776
58,21,ok,4,12,8,True,True,3081,7,42,4,0.0813
59,21,ok,12,26,14,True,True,3141,18,24,12,0.0798
60,21,ok,4,10,6,True,True,3202,8,84,4,0.0873
476,20,ok,6,13,7,True,True,31267,30,43,6,9.1578
61,21,ok,15,31,16,True,True,3262,12,26,15,0.0886
62,21,ok,4,10,6,True,True,3323,8,51,4,0.0851
63,21,ok,12,30,18,True,True,3384,12,25,12,0.0919
64,21,ok,4,6,2,True,True,3445,9,71,4,0.0943
65,21,ok,15,36,21,True,True,3506,11,23,15,0.1001
66,21,ok,4,8,4,True,True,3567,15,43,4,0.0969
67,21,ok,12,29,17,True,True,3628,12,25,12,0.1046
68,21,ok,4,10,6,True,True,3689,11,86,4,0.1055
69,21,ok,15,36,21,True,True,3751,8,23,15,0.1201
70,21,ok,4,10,6,True,True,3812,7,43,4,0.1046
71,21,ok,12,28,16,True,True,3874,14,25,12,0.1216
475,20,ok,11,30,19,True,True,31194,30,26,11,9.5911
72,21,ok,4,8,4,True,True,3936,8,77,4,0.1347
73,21,ok,15,41,26,True,True,3998,12,29,15,0.1297
75,21,ok,12,27,15,True,True,4122,13,29,12,0.1325
466,20,ok,6,15,9,True,True,30541,34,42,6,12.2045
74,21,ok,4,13,9,True,True,4060,9,48,4,0.1478
76,21,ok,4,9,5,True,True,4184,11,79,4,0.1328
77,21,ok,15,33,18,True,True,4246,13,26,15,0.1434
78,21,ok,4,8,4,True,True,4308,15,44,4,0.1444
79,21,ok,12,28,16,True,True,4371,14,30,12,0.151
80,21,ok,4,7,3,True,True,4433,12,85,4,0.1413
81,21,ok,15,40,25,True,True,4496,13,28,15,0.1902
82,21,ok,4,10,6,True,True,4559,10,47,4,0.1878
83,21,ok,12,32,20,True,True,4621,14,26,12,0.1702
84,21,ok,4,14,10,True,True,4684,9,87,4,0.1619
85,21,ok,15,39,24,True,True,4747,16,27,15,0.1855
86,21,ok,4,9,5,True,True,4810,13,52,4,0.1757
87,21,ok,12,29,17,True,True,4874,15,26,12,0.1762
89,21,ok,15,28,13,True,True,5000,13,25,15,0.1911
90,21,ok,4,13,9,True,True,5063,13,48,4,0.1902
91,21,ok,12,24,12,True,True,5127,15,29,12,0.2004
88,21,ok,4,11,7,True,True,4937,11,91,4,0.2349
92,21,ok,4,9,5,True,True,5191,10,85,4,0.2109
93,21,ok,15,32,17,True,True,5254,11,31,15,0.2167
94,21,ok,4,11,7,True,True,5318,12,46,4,0.2031
95,21,ok,12,34,22,True,True,5382,16,30,12,0.6565
97,21,ok,15,40,25,True,True,5510,11,26,15,0.9011
96,21,ok,4,11,7,True,True,5446,15,94,4,0.9674
99,21,ok,12,33,21,True,True,5638,21,29,12,1.1788
98,21,ok,4,11,7,True,True,5574,9,52,4,1.2287
477,20,ok,3,8,5,True,True,31339,18,147,3,10.2832
101,21,ok,15,34,19,True,True,5766,12,31,15,1.1747
100,21,ok,4,11,7,True,True,5702,11,87,4,1.2436
104,21,ok,4,9,5,True,True,5959,9,92,4,0.4831
103,21,ok,12,30,18,True,True,5895,13,31,12,0.5256
102,21,ok,4,13,9,True,True,5830,11,51,4,0.8274
105,21,ok,15,34,19,True,True,6024,13,27,15,0.2799
107,21,ok,12,30,18,True,True,6153,12,28,12,0.2761
108,21,ok,4,11,7,True,True,6218,9,92,4,0.2723
106,21,ok,4,11,7,True,True,6088,12,50,4,0.3439
111,21,ok,12,23,11,True,True,6412,15,30,12,0.2943
109,21,ok,15,46,31,True,True,6283,13,32,15,0.4308
110,21,ok,4,14,10,True,True,6347,11,50,4,0.3539
113,21,ok,15,34,19,True,True,6542,13,29,15,0.3147
114,21,ok,4,9,5,True,True,6608,11,49,4,0.3113
112,21,ok,4,12,8,True,True,6477,8,94,4,0.4007
115,21,ok,12,28,16,True,True,6673,19,30,12,0.3148
478,20,ok,10,30,20,True,True,31412,24,41,10,10.6749
479,20,ok,7,24,17,True,True,31485,26,28,7,10.672
116,21,ok,4,12,8,True,True,6738,13,95,4,0.415
117,21,ok,15,35,20,True,True,6803,16,31,15,0.3467
118,21,ok,4,9,5,True,True,6869,13,54,4,0.3531
119,21,ok,12,28,16,True,True,6934,15,29,12,0.3492
120,21,ok,4,9,5,True,True,7000,11,98,4,0.341
121,21,ok,15,38,23,True,True,7065,15,28,15,0.3736
123,21,ok,12,32,20,True,True,7197,12,30,12,0.3682
124,21,ok,4,9,5,True,True,7262,11,100,4,0.3683
122,21,ok,4,14,10,True,True,7131,14,55,4,0.4138
480,20,ok,2,7,5,True,True,31557,20,100,2,10.6874
125,21,ok,15,39,24,True,True,7328,12,32,15,0.3935
126,21,ok,4,14,10,True,True,7394,16,53,4,0.4878
127,21,ok,12,33,21,True,True,7460,17,30,12,0.4157
128,21,ok,4,12,8,True,True,7526,11,95,4,0.4437
129,21,ok,15,44,29,True,True,7592,11,29,15,0.4389
130,21,ok,4,7,3,True,True,7658,12,60,4,0.4136
132,21,ok,4,16,12,True,True,7791,8,106,4,0.4172
131,21,ok,12,27,15,True,True,7724,14,35,12,0.4257
133,21,ok,15,43,28,True,True,7857,14,29,15,0.4664
134,21,ok,4,9,5,True,True,7923,11,55,4,0.5009
136,21,ok,4,12,8,True,True,8056,11,99,4,0.4465
483,20,ok,3,10,7,True,True,31776,21,58,3,9.495
135,21,ok,12,33,21,True,True,7989,11,30,12,0.5326
138,21,ok,4,10,6,True,True,8189,12,55,4,0.4656
139,21,ok,12,28,16,True,True,8255,18,29,12,0.5057
482,20,ok,4,12,8,True,True,31703,30,41,4,11.1056
141,21,ok,15,42,27,True,True,8389,13,37,15,0.519
140,21,ok,4,8,4,True,True,8322,11,104,4,0.5245
137,21,ok,15,42,27,True,True,8122,14,29,15,0.6224
142,21,ok,4,10,6,True,True,8456,13,55,4,0.4893
481,20,ok,11,29,18,True,True,31630,25,25,11,11.4627
143,21,ok,12,28,16,True,True,8522,13,31,12,0.5284
144,21,ok,4,8,4,True,True,8589,12,97,4,0.5376
146,21,ok,4,13,9,True,True,8723,10,55,4,0.5297
145,21,ok,15,39,24,True,True,8656,13,29,15,0.5627
147,21,ok,12,31,19,True,True,8790,17,33,12,0.5521
148,21,ok,4,10,6,True,True,8857,12,101,4,0.5597
149,21,ok,15,36,21,True,True,8924,16,29,15,0.5758
152,21,ok,4,11,7,True,True,9126,17,100,4,0.5763
150,21,ok,4,10,6,True,True,8991,12,60,4,0.6235
151,21,ok,12,29,17,True,True,9059,18,32,12,0.6372
153,21,ok,15,41,26,True,True,9193,15,35,15,0.6342
155,21,ok,12,29,17,True,True,9328,19,32,12,0.62
484,20,ok,6,16,10,True,True,31848,37,43,6,10.3177
157,21,ok,15,43,28,True,True,9463,12,28,15,0.6578
154,21,ok,4,9,5,True,True,9260,12,55,4,0.734
156,21,ok,4,12,8,True,True,9395,13,106,4,0.7124
158,21,ok,4,13,9,True,True,9530,17,55,4,0.6547
159,21,ok,12,29,17,True,True,9598,20,31,12,1.5337
160,21,ok,4,12,8,True,True,9665,18,105,4,1.5675
162,21,ok,4,9,5,True,True,9801,12,59,4,1.5719
161,21,ok,15,34,19,True,True,9733,13,35,15,1.6378
487,20,ok,19,58,39,True,True,32067,28,26,19,10.8122
163,21,ok,12,33,21,True,True,9868,23,32,12,1.5754
164,21,ok,4,9,5,True,True,9936,15,112,4,1.5744
485,20,ok,11,31,20,True,True,31921,23,26,11,11.389
486,20,ok,2,8,6,True,True,31994,11,284,2,11.0948
167,21,ok,12,29,17,True,True,10140,16,32,12,1.6472
488,20,ok,4,13,9,True,True,32140,35,41,4,10.7807
169,21,ok,15,37,22,True,True,10276,16,33,15,1.6422
166,21,ok,4,12,8,True,True,10072,13,59,4,1.7422
170,21,ok,4,13,9,True,True,10344,13,55,4,1.608
172,21,ok,4,12,8,True,True,10480,11,111,4,1.6146
165,21,ok,15,36,21,True,True,10004,19,34,15,1.807
171,21,ok,12,28,16,True,True,10412,16,29,12,1.6582
173,21,ok,15,44,29,True,True,10548,13,37,15,1.6731
174,21,ok,4,8,4,True,True,10617,13,55,4,0.7745
168,21,ok,4,10,6,True,True,10208,11,108,4,1.886
175,21,ok,12,28,16,True,True,10685,20,33,12,0.7834
176,21,ok,4,12,8,True,True,10753,14,112,4,0.824
178,21,ok,4,16,12,True,True,10890,10,66,4,0.8257
179,21,ok,12,30,18,True,True,10958,17,34,12,0.8561
180,21,ok,4,13,9,True,True,11027,12,112,4,0.8336
490,20,ok,6,21,15,True,True,32285,30,43,6,11.1044
181,21,ok,15,37,22,True,True,11095,16,37,15,0.8906
182,21,ok,4,15,11,True,True,11164,16,58,4,0.8459
184,21,ok,4,10,6,True,True,11301,11,104,4,0.8754
183,21,ok,12,26,14,True,True,11232,21,40,12,0.8997
177,21,ok,15,40,25,True,True,10822,14,35,15,1.3011
185,21,ok,15,39,24,True,True,11370,21,39,15,0.8878
188,21,ok,4,12,8,True,True,11576,10,106,4,0.9021
187,21,ok,12,30,18,True,True,11507,19,35,12,0.9339
190,21,ok,4,8,4,True,True,11714,14,60,4,0.9116
186,21,ok,4,12,8,True,True,11438,15,60,4,1.1114
191,21,ok,12,32,20,True,True,11783,22,30,12,0.9957
192,21,ok,4,13,9,True,True,11852,15,114,4,0.9566
194,21,ok,4,14,10,True,True,11990,13,60,4,0.9671
195,21,ok,12,27,15,True,True,12059,22,34,12,1.0222
196,21,ok,4,14,10,True,True,12128,10,104,4,1.0314
189,21,ok,15,36,21,True,True,11645,14,33,15,1.4843
489,20,ok,3,15,12,True,True,32212,23,56,3,12.3739
197,21,ok,15,37,22,True,True,12197,15,34,15,1.0649
198,21,ok,4,12,8,True,True,12266,14,67,4,1.0603
193,21,ok,15,41,26,True,True,11921,15,34,15,1.5219
200,21,ok,4,11,7,True,True,12404,13,108,4,1.0751
201,21,ok,15,33,18,True,True,12474,21,37,15,1.0879
202,21,ok,4,14,10,True,True,12543,11,66,4,1.0919
203,21,ok,12,29,17,True,True,12612,14,32,12,1.1748
494,20,ok,6,15,9,True,True,32577,22,44,6,10.2069
206,21,ok,4,11,7,True,True,12821,14,61,4,1.1157
205,21,ok,15,36,21,True,True,12751,19,32,15,1.2146
207,21,ok,12,32,20,True,True,12890,18,36,12,1.1556
199,21,ok,12,32,20,True,True,12335,19,38,12,1.5812
208,21,ok,4,8,4,True,True,12960,19,105,4,1.2652
493,20,ok,11,26,15,True,True,32504,28,29,11,11.5777
211,21,ok,12,28,16,True,True,13168,18,35,12,1.2113
210,21,ok,4,9,5,True,True,13099,13,60,4,1.2181
491,20,ok,7,19,12,True,True,32358,34,24,7,12.2151
209,21,ok,15,34,19,True,True,13029,15,32,15,1.3091
212,21,ok,4,9,5,True,True,13238,13,110,4,1.2577
496,20,ok,10,36,26,True,True,32723,21,41,10,10.1597
204,21,ok,4,11,7,True,True,12682,16,108,4,1.6805
213,21,ok,15,41,26,True,True,13308,19,35,15,1.2825
214,21,ok,4,13,9,True,True,13377,13,66,4,1.2326
217,21,ok,15,40,25,True,True,13587,16,42,15,1.3235
498,20,ok,2,4,2,True,True,32869,17,106,2,10.5763
218,21,ok,4,14,10,True,True,13657,11,57,4,2.3633
220,21,ok,4,14,10,True,True,13797,13,120,4,2.2687
492,20,ok,2,10,8,True,True,32431,19,108,2,13.7462
222,21,ok,4,11,7,True,True,13936,13,58,4,2.2877
221,21,ok,15,39,24,True,True,13866,14,33,15,2.3552
216,21,ok,4,18,14,True,True,13517,13,115,4,2.7232
224,21,ok,4,8,4,True,True,14077,12,115,4,2.2865
223,21,ok,12,29,17,True,True,14007,22,39,12,2.2981
215,21,ok,12,34,22,True,True,13447,14,35,12,2.8136
495,20,ok,3,6,3,True,True,32650,17,149,3,12.3346
497,20,ok,7,14,7,True,True,32796,61,25,7,11.4901
500,20,ok,4,14,10,True,True,33015,35,45,4,11.3589
227,21,ok,12,26,14,True,True,14287,18,36,12,2.4119
225,21,ok,15,35,20,True,True,14147,19,39,15,2.4771
219,21,ok,12,31,19,True,True,13727,15,32,12,2.8349
231,21,ok,12,31,19,True,True,14568,13,37,12,2.4126
229,21,ok,15,41,26,True,True,14427,16,33,15,2.5361
232,21,ok,4,11,7,True,True,14638,14,122,4,2.4157
230,21,ok,4,8,4,True,True,14498,11,63,4,2.4922
234,21,ok,4,13,9,True,True,14779,13,75,4,2.4708
236,21,ok,4,11,7,True,True,14920,18,113,4,2.5072
226,21,ok,4,9,5,True,True,14217,11,57,4,2.9257
228,21,ok,4,11,7,True,True,14357,12,114,4,2.7905
235,21,ok,12,28,16,True,True,14849,17,38,12,2.5768
499,20,ok,11,32,21,True,True,32942,35,24,11,12.0377
239,21,ok,12,36,24,True,True,15131,14,39,12,2.6092
233,21,ok,15,46,31,True,True,14709,15,38,15,3.0525
238,21,ok,4,7,3,True,True,15061,13,66,4,2.7915
240,21,ok,4,14,10,True,True,15202,14,111,4,2.5507
241,21,ok,15,35,20,True,True,15272,15,39,15,2.0816
237,21,ok,15,36,21,True,True,14990,17,35,15,3.1552
243,21,ok,12,30,18,True,True,15414,16,35,12,1.6217
242,21,ok,4,11,7,True,True,15343,15,61,4,1.676
246,21,ok,4,11,7,True,True,15626,14,64,4,1.6586
244,21,ok,4,10,6,True,True,15484,15,119,4,1.7101
245,21,ok,15,40,25,True,True,15555,17,36,15,1.7144
248,21,ok,4,11,7,True,True,15767,14,117,4,1.7385
249,21,ok,15,41,26,True,True,15838,15,34,15,1.7683
252,21,ok,4,13,9,True,True,16051,14,110,4,1.7683
254,21,ok,4,12,8,True,True,16193,13,61,4,1.812
251,21,ok,12,30,18,True,True,15980,18,35,12,1.974
253,21,ok,15,35,20,True,True,16122,15,34,15,1.8877
255,21,ok,12,38,26,True,True,16264,17,37,12,1.8943
247,21,ok,12,22,10,True,True,15697,19,34,12,2.2883
250,21,ok,4,11,7,True,True,15909,19,65,4,2.2712
257,21,ok,15,37,22,True,True,16406,14,36,15,1.8859
259,21,ok,12,27,15,True,True,16548,23,43,12,1.9313
258,21,ok,4,10,6,True,True,16477,14,64,4,1.9877
261,21,ok,15,39,24,True,True,16690,19,38,15,1.9609
260,21,ok,4,13,9,True,True,16619,18,127,4,2.0759
256,21,ok,4,13,9,True,True,16335,18,124,4,2.3047
262,21,ok,4,11,7,True,True,16762,12,64,4,1.9063
264,21,ok,4,13,9,True,True,16904,17,110,4,2.4689
265,21,ok,15,42,27,True,True,16975,16,39,15,3.2164
267,21,ok,12,23,11,True,True,17118,18,41,12,2.9773
263,21,ok,12,36,24,True,True,16833,18,38,12,3.3876
270,21,ok,4,13,9,True,True,17332,15,71,4,2.9895
266,21,ok,4,12,8,True,True,17047,14,60,4,3.3923
271,21,ok,12,29,17,True,True,17404,22,39,12,3.0843
269,21,ok,15,38,23,True,True,17261,21,37,15,3.305
273,21,ok,15,33,18,True,True,17546,19,38,15,3.1268
274,21,ok,4,11,7,True,True,17618,18,69,4,3.1694
268,21,ok,4,14,10,True,True,17189,18,127,4,3.5148
275,21,ok,12,30,18,True,True,17690,20,35,12,3.097
272,21,ok,4,13,9,True,True,17475,21,114,4,3.3562
277,21,ok,15,33,18,True,True,17833,15,35,15,3.1813
276,21,ok,4,8,4,True,True,17761,13,118,4,3.203
278,21,ok,4,8,4,True,True,17904,17,67,4,3.2532
280,21,ok,4,11,7,True,True,18048,13,123,4,3.1768
279,21,ok,12,34,22,True,True,17976,19,36,12,3.2743
281,21,ok,15,41,26,True,True,18119,18,38,15,3.2585
282,21,ok,4,10,6,True,True,18191,16,70,4,3.2921
284,21,ok,4,11,7,True,True,18335,12,120,4,3.2901
283,21,ok,12,25,13,True,True,18263,19,37,12,3.3747
287,21,ok,12,29,17,True,True,18550,16,41,12,3.3349
285,21,ok,15,31,16,True,True,18406,17,38,15,3.522
288,21,ok,4,13,9,True,True,18622,18,120,4,3.3583
286,21,ok,4,9,5,True,True,18478,12,65,4,3.5218
290,21,ok,4,9,5,True,True,18766,14,63,4,3.4235
289,21,ok,15,46,31,True,True,18694,27,34,15,3.5316
293,21,ok,15,32,17,True,True,18982,17,36,15,3.5261
292,21,ok,4,11,7,True,True,18910,15,129,4,3.6978
291,21,ok,12,38,26,True,True,18838,25,38,12,3.7378
294,21,ok,4,12,8,True,True,19054,14,77,4,3.3742
296,21,ok,4,10,6,True,True,19198,17,128,4,2.5864
295,21,ok,12,38,26,True,True,19126,24,43,12,2.7948
298,21,ok,4,10,6,True,True,19342,12,68,4,2.625
300,21,ok,4,12,8,True,True,19487,13,129,4,3.5637
302,21,ok,4,7,3,True,True,19631,15,62,4,3.5193
303,21,ok,12,34,22,True,True,19703,15,47,12,3.7057
305,21,ok,15,37,22,True,True,19848,17,44,15,3.6694
301,21,ok,15,39,24,True,True,19559,20,38,15,3.9028
297,21,ok,15,35,20,True,True,19270,19,39,15,4.2831
299,21,ok,12,37,25,True,True,19414,16,37,12,4.2726
307,21,ok,12,40,28,True,True,19992,22,37,12,3.7445
308,21,ok,4,7,3,True,True,20065,14,125,4,3.8308
306,21,ok,4,14,10,True,True,19920,17,68,4,3.9107
310,21,ok,4,11,7,True,True,20210,16,67,4,3.7158
309,21,ok,15,37,22,True,True,20137,17,39,15,3.867
311,21,ok,12,25,13,True,True,20282,20,37,12,3.8657
304,21,ok,4,12,8,True,True,19775,17,123,4,4.3142
312,21,ok,4,9,5,True,True,20354,15,121,4,3.7598
313,21,ok,15,37,22,True,True,20427,16,39,15,3.9454
314,21,ok,4,9,5,True,True,20499,18,68,4,3.9307
315,21,ok,12,29,17,True,True,20572,19,40,12,4.0034
316,21,ok,4,11,7,True,True,20645,12,126,4,3.8978
318,21,ok,4,17,13,True,True,20790,21,71,4,3.9476
320,21,ok,4,11,7,True,True,20935,15,135,4,3.9026
317,21,ok,15,41,26,True,True,20717,20,38,15,4.1285
319,21,ok,12,31,19,True,True,20862,22,40,12,4.1526
322,21,ok,4,11,7,True,True,21080,11,68,4,3.9794
321,21,ok,15,48,33,True,True,21008,20,43,15,4.2213
323,21,ok,12,29,17,True,True,21153,17,40,12,4.3322
324,21,ok,4,13,9,True,True,21226,12,122,4,4.3955
326,21,ok,4,15,11,True,True,21371,14,67,4,4.0756
325,21,ok,15,36,21,True,True,21299,21,41,15,4.2968
328,21,ok,4,10,6,True,True,21517,14,122,4,4.1303
327,21,ok,12,34,22,True,True,21444,19,37,12,5.4149
329,21,ok,15,43,28,True,True,21590,18,40,15,4.2515
330,21,ok,4,12,8,True,True,21663,13,70,4,4.2423
332,21,ok,4,13,9,True,True,21808,16,123,4,4.2732
331,21,ok,12,30,18,True,True,21736,17,40,12,4.3752
336,21,ok,4,9,5,True,True,22100,13,120,4,4.3416
333,21,ok,15,37,22,True,True,21881,20,37,15,4.601
339,21,ok,12,33,21,True,True,22319,29,41,12,4.449
337,21,ok,15,39,24,True,True,22173,20,35,15,4.6443
340,21,ok,4,13,9,True,True,22392,15,135,4,4.5815
334,21,ok,4,13,9,True,True,21954,19,74,4,5.1496
338,21,ok,4,14,10,True,True,22246,17,69,4,4.8964
341,21,ok,15,35,20,True,True,22466,17,40,15,4.6456
343,21,ok,12,31,19,True,True,22612,27,38,12,4.5816
335,21,ok,12,35,23,True,True,22027,22,40,12,5.2065
344,21,ok,4,14,10,True,True,22685,12,125,4,4.6568
345,21,ok,15,52,37,True,True,22758,17,38,15,4.7497
347,21,ok,12,39,27,True,True,22905,19,38,12,4.7016
346,21,ok,4,11,7,True,True,22831,19,76,4,4.8745
342,21,ok,4,14,10,True,True,22539,14,73,4,5.4105
348,21,ok,4,16,12,True,True,22978,19,130,4,4.7173
349,21,ok,15,38,23,True,True,23051,18,40,15,4.8282
352,21,ok,4,10,6,True,True,23271,19,130,4,4.8911
350,21,ok,4,12,8,True,True,23124,12,67,4,5.133
351,21,ok,12,32,20,True,True,23198,26,39,12,5.1612
353,21,ok,15,46,31,True,True,23344,17,39,15,6.2087
356,21,ok,4,12,8,True,True,23565,14,127,4,5.99
354,21,ok,4,10,6,True,True,23418,16,70,4,6.18
358,21,ok,4,12,8,True,True,23711,17,70,4,5.9611
355,21,ok,12,37,25,True,True,23491,16,39,12,6.3775
357,21,ok,15,40,25,True,True,23638,20,48,15,6.3421
361,21,ok,15,37,22,True,True,23932,19,36,15,5.048
359,21,ok,12,29,17,True,True,23785,21,39,12,5.3146
362,21,ok,4,9,5,True,True,24005,17,69,4,4.9902
360,21,ok,4,13,9,True,True,23858,16,135,4,5.5802
363,21,ok,12,34,22,True,True,24079,18,39,12,5.3903
365,21,ok,15,46,31,True,True,24226,18,37,15,5.5463
366,21,ok,4,14,10,True,True,24300,13,68,4,5.3048
367,21,ok,12,33,21,True,True,24373,21,44,12,5.489
364,21,ok,4,15,11,True,True,24153,20,133,4,5.958
368,21,ok,4,9,5,True,True,24447,20,123,4,5.4333
372,21,ok,4,12,8,True,True,24742,19,134,4,6.337
371,21,ok,12,32,20,True,True,24668,18,37,12,6.4468
370,21,ok,4,13,9,True,True,24594,15,70,4,6.47
369,21,ok,15,39,24,True,True,24521,16,45,15,6.6003
374,21,ok,4,12,8,True,True,24889,15,70,4,6.3588
376,21,ok,4,10,6,True,True,25037,15,130,4,6.306
375,21,ok,12,38,26,True,True,24963,21,42,12,6.6168
378,21,ok,4,10,6,True,True,25185,14,70,4,6.6385
373,21,ok,15,41,26,True,True,24816,16,38,15,7.4447
377,21,ok,15,48,33,True,True,25111,18,44,15,6.8401
380,21,ok,4,13,9,True,True,25332,13,131,4,6.5411
382,21,ok,4,11,7,True,True,25480,16,67,4,6.4586
381,21,ok,15,36,21,True,True,25406,18,37,15,6.5287
379,21,ok,12,30,18,True,True,25259,25,39,12,7.1644
383,21,ok,12,30,18,True,True,25554,22,39,12,6.9897
387,21,ok,12,35,23,True,True,25850,22,41,12,5.6957
385,21,ok,15,39,24,True,True,25702,17,44,15,5.9248
386,21,ok,4,13,9,True,True,25776,16,71,4,6.0354
388,21,ok,4,10,6,True,True,25924,16,130,4,5.9061
390,21,ok,4,14,10,True,True,26072,17,69,4,5.7603
391,21,ok,12,37,25,True,True,26146,20,41,12,5.7792
389,21,ok,15,44,29,True,True,25998,20,37,15,6.0837
384,21,ok,4,11,7,True,True,25628,18,133,4,8.164
392,21,ok,4,12,8,True,True,26220,16,126,4,7.2043
393,21,ok,15,39,24,True,True,26295,15,41,15,7.1015
394,21,ok,4,10,6,True,True,26369,19,68,4,6.9129
396,21,ok,4,10,6,True,True,26517,25,136,4,7.1129
397,21,ok,15,46,31,True,True,26591,15,40,15,7.0031
395,21,ok,12,29,17,True,True,26443,24,40,12,7.3558
399,21,ok,12,26,14,True,True,26740,20,42,12,7.2242
400,21,ok,4,14,10,True,True,26814,17,134,4,6.2818
401,21,ok,15,46,31,True,True,26888,19,42,15,6.3491
403,21,ok,12,33,21,True,True,27037,17,42,12,6.368
404,21,ok,4,16,12,True,True,27111,17,126,4,6.3989
402,21,ok,4,14,10,True,True,26963,13,74,4,6.7064
405,21,ok,15,51,36,True,True,27185,15,37,15,6.3466
398,21,ok,4,15,11,True,True,26665,13,71,4,8.2327
407,21,ok,12,31,19,True,True,27334,32,39,12,6.4062
406,21,ok,4,7,3,True,True,27260,19,79,4,6.8409
410,21,ok,4,14,10,True,True,27557,15,71,4,6.4229
408,21,ok,4,9,5,True,True,27409,19,132,4,6.6793
411,21,ok,12,27,15,True,True,27632,22,40,12,7.4475
409,21,ok,15,39,24,True,True,27483,20,43,15,7.8417
412,21,ok,4,14,10,True,True,27706,17,139,4,7.5071
414,21,ok,4,12,8,True,True,27855,18,70,4,7.8889
415,21,ok,12,26,14,True,True,27930,27,44,12,7.6299
416,21,ok,4,9,5,True,True,28004,18,133,4,7.8673
419,21,ok,12,35,23,True,True,28228,23,37,12,7.7702
413,21,ok,15,45,30,True,True,27781,20,42,15,9.2873
420,21,ok,4,11,7,True,True,28303,20,138,4,7.6995
417,21,ok,15,36,21,True,True,28079,20,40,15,8.2974
418,21,ok,4,13,9,True,True,28154,13,73,4,8.1742
421,21,ok,15,40,25,True,True,28377,17,43,15,8.1775
424,21,ok,4,8,4,True,True,28601,15,141,4,6.8208
425,21,ok,15,37,22,True,True,28676,21,40,15,6.9969
423,21,ok,12,26,14,True,True,28527,29,41,12,7.528
422,21,ok,4,13,9,True,True,28452,19,73,4,9.1044
426,21,ok,4,13,9,True,True,28751,16,73,4,8.2195
427,21,ok,12,34,22,True,True,28825,20,41,12,8.0916
428,21,ok,4,13,9,True,True,28900,15,128,4,8.364
429,21,ok,15,40,25,True,True,28975,21,43,15,8.2341
430,21,ok,4,8,4,True,True,29050,15,74,4,8.1648
432,21,ok,4,13,9,True,True,29199,23,131,4,8.1128
431,21,ok,12,32,20,True,True,29124,19,45,12,8.266
433,21,ok,15,42,27,True,True,29274,19,45,15,8.3969
435,21,ok,12,29,17,True,True,29424,30,48,12,8.4345
434,21,ok,4,15,11,True,True,29349,20,75,4,8.9608
437,21,ok,15,39,24,True,True,29574,23,39,15,8.4363
439,21,ok,12,26,14,True,True,29723,23,39,12,8.4792
438,21,ok,4,16,12,True,True,29648,20,76,4,8.8138
441,21,ok,15,37,22,True,True,29873,19,47,15,7.5107
440,21,ok,4,13,9,True,True,29798,14,136,4,8.685
443,21,ok,12,36,24,True,True,30023,19,42,12,7.6486
436,21,ok,4,12,8,True,True,29499,14,141,4,11.024
442,21,ok,4,12,8,True,True,29948,17,74,4,9.7945
445,21,ok,15,39,24,True,True,30173,22,40,15,8.6587
444,21,ok,4,11,7,True,True,30098,15,133,4,8.9252
446,21,ok,4,12,8,True,True,30248,20,68,4,8.8676
447,21,ok,12,33,21,True,True,30323,25,39,12,8.6665
449,21,ok,15,42,27,True,True,30474,24,45,15,8.6253
450,21,ok,4,10,6,True,True,30549,16,76,4,9.3697
453,21,ok,15,41,26,True,True,30774,21,39,15,8.8095
451,21,ok,12,40,28,True,True,30624,27,43,12,9.383
452,21,ok,4,9,5,True,True,30699,20,149,4,9.1755
454,21,ok,4,9,5,True,True,30849,15,76,4,8.7626
448,21,ok,4,11,7,True,True,30398,18,143,4,10.2875
455,21,ok,12,31,19,True,True,30924,24,42,12,10.274
458,21,ok,4,10,6,True,True,31150,19,74,4,8.9623
456,21,ok,4,7,3,True,True,31000,12,147,4,9.162
457,21,ok,15,46,31,True,True,31075,17,41,15,9.3692
459,21,ok,12,28,16,True,True,31225,23,48,12,9.4225
460,21,ok,4,9,5,True,True,31300,15,135,4,9.3201
462,21,ok,4,10,6,True,True,31451,16,72,4,9.1209
461,21,ok,15,46,31,True,True,31376,22,41,15,9.4467
463,21,ok,12,31,19,True,True,31526,25,43,12,9.3677
464,21,ok,4,13,9,True,True,31602,16,129,4,9.7075
465,21,ok,15,48,33,True,True,31677,17,40,15,9.5407
468,21,ok,4,10,6,True,True,31903,18,140,4,9.3485
467,21,ok,12,39,27,True,True,31828,21,43,12,9.6905
466,21,ok,4,16,12,True,True,31752,13,80,4,10.0453
470,21,ok,4,12,8,True,True,32054,20,80,4,10.3636
472,21,ok,4,11,7,True,True,32205,18,145,4,10.5035
1,22,ok,21,21,0,True,True,48,2,3,21,0.0006
2,22,ok,6,8,2,True,True,81,3,11,6,0.0005
3,22,ok,9,15,6,True,True,119,3,11,9,0.0008
4,22,ok,8,14,6,True,True,159,4,12,8,0.001
5,22,ok,15,24,9,True,True,202,5,6,15,0.0016
6,22,ok,4,7,3,True,True,246,5,44,4,0.0014
7,22,ok,21,38,17,True,True,291,5,7,21,0.0028
8,22,ok,6,13,7,True,True,338,4,17,6,0.0023
9,22,ok,9,16,7,True,True,386,4,14,9,0.0029
10,22,ok,8,19,11,True,True,434,6,24,8,0.0034
11,22,ok,15,27,12,True,True,483,7,9,15,0.0044
12,22,ok,4,9,5,True,True,533,5,58,4,0.004
13,22,ok,21,44,23,True,True,584,6,9,21,0.0066
14,22,ok,6,12,6,True,True,635,6,21,6,0.0056
15,22,ok,9,22,13,True,True,687,6,20,9,0.0067
16,22,ok,8,16,8,True,True,740,6,25,8,0.0068
17,22,ok,15,29,14,True,True,792,9,11,15,0.0088
18,22,ok,4,9,5,True,True,846,5,74,4,0.0077
19,22,ok,21,45,24,True,True,899,7,11,21,0.0124
469,21,ok,15,37,22,True,True,31979,23,49,15,10.9138
20,22,ok,6,11,5,True,True,954,8,33,6,0.0096
21,22,ok,9,20,11,True,True,1008,6,23,9,0.0112
22,22,ok,8,16,8,True,True,1063,9,28,8,0.012
24,22,ok,4,7,3,True,True,1174,7,68,4,0.0128
23,22,ok,15,24,9,True,True,1118,13,10,15,0.0311
25,22,ok,21,43,22,True,True,1230,8,12,21,0.0189
26,22,ok,6,10,4,True,True,1286,11,32,6,0.0164
27,22,ok,9,17,8,True,True,1343,8,29,9,0.0176
28,22,ok,8,17,9,True,True,1399,8,33,8,0.024
29,22,ok,15,34,19,True,True,1456,10,13,15,0.0228
471,21,ok,12,29,17,True,True,32129,25,40,12,10.8494
30,22,ok,4,12,8,True,True,1514,5,95,4,0.0205
31,22,ok,21,43,22,True,True,1571,9,13,21,0.0272
32,22,ok,6,12,6,True,True,1629,11,36,6,0.0252
33,22,ok,9,17,8,True,True,1687,11,27,9,0.0372
34,22,ok,8,20,12,True,True,1746,7,31,8,0.0281
35,22,ok,15,27,12,True,True,1804,12,12,15,0.0348
37,22,ok,21,47,26,True,True,1922,11,14,21,0.0378
36,22,ok,4,9,5,True,True,1863,7,93,4,0.0424
38,22,ok,6,15,9,True,True,1981,10,38,6,0.0339
39,22,ok,9,19,10,True,True,2041,9,27,9,0.0352
40,22,ok,8,15,7,True,True,2100,9,39,8,0.0366
41,22,ok,15,38,23,True,True,2160,10,15,15,0.0432
42,22,ok,4,10,6,True,True,2220,6,90,4,0.0396
44,22,ok,6,15,9,True,True,2341,8,36,6,0.0444
43,22,ok,21,49,28,True,True,2280,9,14,21,0.0798
45,22,ok,9,22,13,True,True,2401,9,29,9,0.0481
46,22,ok,8,17,9,True,True,2462,9,36,8,0.0475
48,22,ok,4,13,9,True,True,2584,9,93,4,0.0528
47,22,ok,15,36,21,True,True,2523,9,15,15,0.0632
49,22,ok,21,52,31,True,True,2645,11,15,21,0.0659
50,22,ok,6,15,9,True,True,2706,15,40,6,0.0558
51,22,ok,9,16,7,True,True,2768,8,33,9,0.0749
52,22,ok,8,20,12,True,True,2829,9,40,8,0.0682
53,22,ok,15,36,21,True,True,2891,12,15,15,0.0694
54,22,ok,4,9,5,True,True,2953,7,99,4,0.0657
55,22,ok,21,43,22,True,True,3015,9,16,21,0.0823
56,22,ok,6,13,7,True,True,3077,15,45,6,0.0705
57,22,ok,9,18,9,True,True,3139,8,34,9,0.08
58,22,ok,8,17,9,True,True,3202,10,40,8,0.0928
59,22,ok,15,28,13,True,True,3265,15,15,15,0.085
60,22,ok,4,6,2,True,True,3327,8,110,4,0.0852
62,22,ok,6,14,8,True,True,3453,13,44,6,0.0897
61,22,ok,21,49,28,True,True,3390,11,16,21,0.096
63,22,ok,9,19,10,True,True,3516,12,32,9,0.0958
64,22,ok,8,23,15,True,True,3579,10,48,8,0.0969
65,22,ok,15,37,22,True,True,3643,13,15,15,0.1106
66,22,ok,4,7,3,True,True,3706,12,108,4,0.0962
67,22,ok,21,45,24,True,True,3770,11,14,21,0.1159
68,22,ok,6,13,7,True,True,3833,12,45,6,0.1099
69,22,ok,9,20,11,True,True,3897,10,35,9,0.1236
70,22,ok,8,15,7,True,True,3961,9,41,8,0.1162
71,22,ok,15,31,16,True,True,4025,11,16,15,0.1291
72,22,ok,4,17,13,True,True,4089,8,130,4,0.1246
73,22,ok,21,57,36,True,True,4154,13,16,21,0.1375
74,22,ok,6,13,7,True,True,4218,11,43,6,0.1243
75,22,ok,9,18,9,True,True,4282,9,33,9,0.1367
76,22,ok,8,20,12,True,True,4347,12,44,8,0.134
77,22,ok,15,29,14,True,True,4411,13,16,15,0.1449
78,22,ok,4,9,5,True,True,4476,12,116,4,0.1465
475,21,ok,12,29,17,True,True,32431,31,40,12,9.8317
79,22,ok,21,45,24,True,True,4541,10,17,21,0.1644
80,22,ok,6,16,10,True,True,4606,14,45,6,0.1507
81,22,ok,9,21,12,True,True,4671,10,42,9,0.1559
82,22,ok,8,18,10,True,True,4736,12,51,8,0.1611
84,22,ok,4,10,6,True,True,4867,8,113,4,0.1677
83,22,ok,15,35,20,True,True,4801,14,17,15,0.1756
86,22,ok,6,16,10,True,True,4997,12,50,6,0.1722
85,22,ok,21,49,28,True,True,4932,11,19,21,0.2174
87,22,ok,9,19,10,True,True,5063,12,42,9,0.1789
88,22,ok,8,25,17,True,True,5129,11,50,8,0.1909
89,22,ok,15,33,18,True,True,5194,13,18,15,1.0185
478,21,ok,4,11,7,True,True,32658,16,72,4,10.5285
90,22,ok,4,9,5,True,True,5260,9,133,4,1.0657
91,22,ok,21,48,27,True,True,5326,13,19,21,1.0363
92,22,ok,6,18,12,True,True,5392,15,47,6,1.0247
477,21,ok,15,39,24,True,True,32582,19,39,15,10.8216
479,21,ok,12,25,13,True,True,32733,21,44,12,10.5977
93,22,ok,9,15,6,True,True,5458,12,42,9,0.2026
94,22,ok,8,23,15,True,True,5524,12,50,8,0.2164
476,21,ok,4,13,9,True,True,32507,23,130,4,11.3968
95,22,ok,15,35,20,True,True,5591,12,18,15,0.2587
96,22,ok,4,10,6,True,True,5657,15,125,4,0.2201
98,22,ok,6,14,8,True,True,5790,14,52,6,0.2276
97,22,ok,21,50,29,True,True,5723,12,21,21,0.249
99,22,ok,9,26,17,True,True,5856,10,38,9,0.2429
100,22,ok,8,19,11,True,True,5923,12,52,8,0.2411
101,22,ok,15,30,15,True,True,5990,15,16,15,0.2568
473,21,ok,15,39,24,True,True,32280,24,40,15,12.5049
102,22,ok,4,13,9,True,True,6056,8,125,4,0.2738
103,22,ok,21,48,27,True,True,6123,14,20,21,0.2876
104,22,ok,6,14,8,True,True,6190,14,49,6,0.2806
105,22,ok,9,24,15,True,True,6257,12,40,9,0.2753
106,22,ok,8,15,7,True,True,6324,11,47,8,0.2706
107,22,ok,15,32,17,True,True,6391,11,19,15,0.2958
108,22,ok,4,10,6,True,True,6459,10,161,4,0.2853
109,22,ok,21,49,28,True,True,6526,15,19,21,0.3213
110,22,ok,6,19,13,True,True,6593,17,58,6,0.37
111,22,ok,9,26,17,True,True,6661,17,41,9,0.3594
112,22,ok,8,24,16,True,True,6728,10,55,8,0.3325
114,22,ok,4,13,9,True,True,6863,9,130,4,0.3221
113,22,ok,15,36,21,True,True,6796,21,17,15,0.3409
115,22,ok,21,47,26,True,True,6931,16,17,21,0.3429
116,22,ok,6,15,9,True,True,6999,12,53,6,0.3299
117,22,ok,9,20,11,True,True,7067,13,40,9,0.3407
481,21,ok,15,39,24,True,True,32884,22,41,15,10.6747
118,22,ok,8,26,18,True,True,7134,8,52,8,0.3596
474,21,ok,4,15,11,True,True,32356,23,73,4,12.4827
121,22,ok,21,51,30,True,True,7338,14,19,21,0.3874
122,22,ok,6,23,17,True,True,7407,13,51,6,0.3896
120,22,ok,4,8,4,True,True,7270,11,141,4,0.4091
119,22,ok,15,29,14,True,True,7202,17,19,15,0.4252
123,22,ok,9,29,20,True,True,7475,15,43,9,0.3874
124,22,ok,8,19,11,True,True,7543,14,57,8,0.3878
484,21,ok,4,11,7,True,True,33111,20,130,4,10.7007
125,22,ok,15,33,18,True,True,7611,16,18,15,0.4077
126,22,ok,4,15,11,True,True,7680,11,134,4,0.4143
127,22,ok,21,52,31,True,True,7748,16,20,21,0.4364
128,22,ok,6,14,8,True,True,7817,11,55,6,0.4172
129,22,ok,9,23,14,True,True,7885,10,44,9,0.5059
131,22,ok,15,39,24,True,True,8022,16,20,15,0.479
132,22,ok,4,15,11,True,True,8091,11,147,4,0.5075
130,22,ok,8,25,17,True,True,7954,14,55,8,0.5192
135,22,ok,9,23,14,True,True,8298,11,44,9,0.4889
134,22,ok,6,12,6,True,True,8229,15,50,6,0.5356
136,22,ok,8,22,14,True,True,8367,12,61,8,0.4883
133,22,ok,21,53,32,True,True,8160,15,18,21,0.5727
480,21,ok,4,14,10,True,True,32809,13,134,4,11.4893
137,22,ok,15,26,11,True,True,8436,15,20,15,0.4942
138,22,ok,4,10,6,True,True,8505,12,141,4,0.4998
482,21,ok,4,8,4,True,True,32960,13,74,4,11.5793
139,22,ok,21,53,32,True,True,8574,16,21,21,0.5287
140,22,ok,6,13,7,True,True,8643,16,55,6,0.5273
483,21,ok,12,37,25,True,True,33036,18,41,12,11.5853
141,22,ok,9,23,14,True,True,8712,14,49,9,0.5377
142,22,ok,8,22,14,True,True,8782,14,56,8,0.5771
144,22,ok,4,14,10,True,True,8920,11,145,4,0.5897
145,22,ok,21,65,44,True,True,8990,15,20,21,0.6119
147,22,ok,9,20,11,True,True,9129,13,45,9,0.5971
150,22,ok,4,10,6,True,True,9338,12,148,4,0.587
148,22,ok,8,16,8,True,True,9198,13,57,8,0.6091
149,22,ok,15,34,19,True,True,9268,19,21,15,0.608
151,22,ok,21,61,40,True,True,9407,15,20,21,0.6637
143,22,ok,15,37,22,True,True,8851,15,19,15,0.8467
152,22,ok,6,15,9,True,True,9477,16,58,6,0.6416
154,22,ok,8,22,14,True,True,9617,10,54,8,0.6744
486,21,ok,4,9,5,True,True,33263,21,77,4,10.6204
146,22,ok,6,13,7,True,True,9059,16,58,6,1.5044
487,21,ok,12,39,27,True,True,33338,23,44,12,10.8755
155,22,ok,15,39,24,True,True,9687,17,24,15,1.5061
153,22,ok,9,33,24,True,True,9547,11,48,9,1.6707
156,22,ok,4,17,13,True,True,9757,13,148,4,1.5149
157,22,ok,21,51,30,True,True,9827,16,24,21,1.5539
158,22,ok,6,18,12,True,True,9897,20,61,6,1.5105
159,22,ok,9,25,16,True,True,9967,15,48,9,1.5593
161,22,ok,15,33,18,True,True,10107,19,21,15,1.5566
162,22,ok,4,10,6,True,True,10178,15,154,4,1.5404
163,22,ok,21,54,33,True,True,10248,15,22,21,1.6027
160,22,ok,8,18,10,True,True,10037,13,51,8,1.6483
164,22,ok,6,14,8,True,True,10318,19,55,6,1.5583
166,22,ok,8,19,11,True,True,10459,13,57,8,1.5917
167,22,ok,15,37,22,True,True,10530,23,21,15,1.5959
168,22,ok,4,12,8,True,True,10600,8,150,4,1.2202
488,21,ok,4,12,8,True,True,33414,18,134,4,11.6051
171,22,ok,9,24,15,True,True,10812,11,46,9,0.7901
170,22,ok,6,15,9,True,True,10742,17,55,6,0.8463
489,21,ok,15,42,27,True,True,33490,18,42,15,11.4122
485,21,ok,15,44,29,True,True,33187,22,42,15,13.5153
492,21,ok,4,12,8,True,True,33717,16,133,4,11.0365
173,22,ok,15,31,16,True,True,10954,18,22,15,0.929
174,22,ok,4,10,6,True,True,11025,12,148,4,0.8539
175,22,ok,21,50,29,True,True,11095,15,20,21,0.8826
165,22,ok,9,21,12,True,True,10389,16,42,9,2.1653
176,22,ok,6,15,9,True,True,11166,16,56,6,0.8923
178,22,ok,8,21,13,True,True,11308,15,60,8,0.9204
179,22,ok,15,35,20,True,True,11379,17,21,15,0.8822
180,22,ok,4,14,10,True,True,11450,11,158,4,0.9111
177,22,ok,9,21,12,True,True,11237,16,53,9,0.9846
169,22,ok,21,52,31,True,True,10671,13,19,21,1.6749
172,22,ok,8,26,18,True,True,10883,18,64,8,1.4072
491,21,ok,12,33,21,True,True,33641,17,41,12,11.5654
181,22,ok,21,49,28,True,True,11521,18,27,21,0.987
490,21,ok,4,13,9,True,True,33565,15,78,4,11.6371
182,22,ok,6,15,9,True,True,11593,17,69,6,0.9755
493,21,ok,15,42,27,True,True,33793,20,42,15,11.5091
494,21,ok,4,11,7,True,True,33868,22,78,4,11.4146
185,22,ok,15,36,21,True,True,11806,32,24,15,0.9587
186,22,ok,4,16,12,True,True,11878,10,163,4,0.9572
184,22,ok,8,18,10,True,True,11735,15,56,8,1.0371
183,22,ok,9,20,11,True,True,11664,10,44,9,1.0588
187,22,ok,21,53,32,True,True,11949,15,20,21,1.0002
188,22,ok,6,12,6,True,True,12020,22,53,6,1.0
189,22,ok,9,24,15,True,True,12092,15,48,9,1.0316
190,22,ok,8,24,16,True,True,12163,15,58,8,1.021
191,22,ok,15,45,30,True,True,12235,20,25,15,1.0476
192,22,ok,4,14,10,True,True,12306,12,154,4,1.031
195,22,ok,9,26,17,True,True,12521,14,46,9,1.0781
193,22,ok,21,63,42,True,True,12378,14,22,21,1.1865
196,22,ok,8,19,11,True,True,12593,16,57,8,1.1308
197,22,ok,15,33,18,True,True,12665,16,22,15,1.1221
198,22,ok,4,10,6,True,True,12736,11,155,4,1.1249
194,22,ok,6,18,12,True,True,12449,14,59,6,1.5026
202,22,ok,8,30,22,True,True,13024,15,57,8,1.1996
203,22,ok,15,40,25,True,True,13096,21,24,15,1.1956
199,22,ok,21,60,39,True,True,12808,15,19,21,1.3368
204,22,ok,4,11,7,True,True,13168,13,165,4,1.2271
495,21,ok,12,36,24,True,True,33944,18,41,12,11.7962
206,22,ok,6,12,6,True,True,13312,17,64,6,1.2475
205,22,ok,21,58,37,True,True,13240,18,24,21,1.3102
208,22,ok,8,15,7,True,True,13456,13,56,8,1.2404
207,22,ok,9,30,21,True,True,13384,10,50,9,1.269
200,22,ok,6,14,8,True,True,12880,14,59,6,1.6327
209,22,ok,15,39,24,True,True,13528,19,25,15,1.2859
210,22,ok,4,8,4,True,True,13601,15,158,4,1.6048
497,21,ok,15,46,31,True,True,34096,18,44,15,11.775
212,22,ok,6,14,8,True,True,13745,17,67,6,2.2022
201,22,ok,9,29,20,True,True,12952,11,48,9,2.59
211,22,ok,21,69,48,True,True,13673,16,24,21,2.3901
213,22,ok,9,26,17,True,True,13818,16,55,9,2.2754
498,21,ok,4,12,8,True,True,34172,22,77,4,12.4537
214,22,ok,8,24,16,True,True,13890,11,67,8,2.2926
215,22,ok,15,37,22,True,True,13962,21,19,15,2.2439
216,22,ok,4,15,11,True,True,14035,13,158,4,2.2543
217,22,ok,21,54,33,True,True,14107,17,24,21,2.3478
218,22,ok,6,14,8,True,True,14180,22,60,6,2.3027
219,22,ok,9,24,15,True,True,14252,15,50,9,2.33
220,22,ok,8,21,13,True,True,14325,15,66,8,2.3381
221,22,ok,15,31,16,True,True,14397,21,21,15,2.3267
222,22,ok,4,11,7,True,True,14470,15,157,4,2.3677
500,21,ok,4,14,10,True,True,34323,24,142,4,11.8548
499,21,ok,12,33,21,True,True,34247,20,41,12,13.0488
223,22,ok,21,56,35,True,True,14543,15,22,21,2.3815
225,22,ok,9,19,10,True,True,14688,20,57,9,2.3698
496,21,ok,4,9,5,True,True,34020,16,134,4,13.8891
224,22,ok,6,17,11,True,True,14615,21,62,6,2.4324
226,22,ok,8,20,12,True,True,14761,12,58,8,2.56
227,22,ok,15,36,21,True,True,14834,22,22,15,2.4934
228,22,ok,4,9,5,True,True,14907,11,165,4,2.4838
229,22,ok,21,52,31,True,True,14979,18,24,21,2.4529
231,22,ok,9,24,15,True,True,15125,17,52,9,2.4153
230,22,ok,6,13,7,True,True,15052,19,62,6,2.4692
232,22,ok,8,21,13,True,True,15198,17,60,8,2.4767
234,22,ok,4,13,9,True,True,15344,15,158,4,2.4555
236,22,ok,6,13,7,True,True,15490,17,66,6,2.0267
237,22,ok,9,27,18,True,True,15564,15,51,9,1.6397
235,22,ok,21,53,32,True,True,15417,20,23,21,2.3408
240,22,ok,4,14,10,True,True,15783,15,164,4,1.7058
239,22,ok,15,35,20,True,True,15710,18,23,15,1.8184
243,22,ok,9,28,19,True,True,16003,17,53,9,1.722
241,22,ok,21,52,31,True,True,15856,17,21,21,1.802
242,22,ok,6,18,12,True,True,15930,25,62,6,1.7947
233,22,ok,15,48,33,True,True,15271,17,25,15,3.0932
244,22,ok,8,25,17,True,True,16076,15,60,8,1.8199
238,22,ok,8,22,14,True,True,15637,17,60,8,2.2225
245,22,ok,15,39,24,True,True,16150,18,24,15,1.8131
246,22,ok,4,10,6,True,True,16223,15,161,4,1.8131
247,22,ok,21,64,43,True,True,16297,18,24,21,1.8969
249,22,ok,9,22,13,True,True,16444,19,50,9,1.8026
248,22,ok,6,17,11,True,True,16370,15,65,6,1.8303
250,22,ok,8,19,11,True,True,16517,17,63,8,1.9403
252,22,ok,4,12,8,True,True,16664,21,170,4,1.9154
253,22,ok,21,56,35,True,True,16738,18,26,21,1.9176
254,22,ok,6,16,10,True,True,16812,20,63,6,1.9126
251,22,ok,15,41,26,True,True,16591,25,23,15,2.1511
256,22,ok,8,25,17,True,True,16959,16,63,8,2.0181
260,22,ok,6,19,13,True,True,17254,9,64,6,1.9668
258,22,ok,4,18,14,True,True,17106,12,173,4,2.047
261,22,ok,9,22,13,True,True,17328,14,50,9,2.8281
257,22,ok,15,40,25,True,True,17033,22,22,15,3.0868
262,22,ok,8,24,16,True,True,17402,13,66,8,3.0341
264,22,ok,4,11,7,True,True,17550,17,165,4,2.9667
259,22,ok,21,50,29,True,True,17180,18,21,21,3.1311
263,22,ok,15,50,35,True,True,17476,19,26,15,3.0639
255,22,ok,9,22,13,True,True,16885,19,53,9,3.4262
266,22,ok,6,9,3,True,True,17698,19,63,6,2.9905
265,22,ok,21,70,49,True,True,17624,20,23,21,3.1158
267,22,ok,9,24,15,True,True,17772,17,54,9,3.0978
268,22,ok,8,21,13,True,True,17846,15,68,8,3.139
270,22,ok,4,14,10,True,True,17994,15,185,4,3.1141
269,22,ok,15,37,22,True,True,17920,25,22,15,3.2885
272,22,ok,6,11,5,True,True,18142,22,63,6,3.2587
274,22,ok,8,20,12,True,True,18291,16,73,8,3.2007
271,22,ok,21,57,36,True,True,18068,16,22,21,3.2953
276,22,ok,4,10,6,True,True,18439,15,178,4,3.287
278,22,ok,6,11,5,True,True,18588,20,64,6,3.2334
277,22,ok,21,61,40,True,True,18513,20,23,21,3.3731
279,22,ok,9,19,10,True,True,18662,16,55,9,3.2456
273,22,ok,9,27,18,True,True,18216,17,57,9,3.7294
280,22,ok,8,20,12,True,True,18736,15,79,8,3.361
275,22,ok,15,42,27,True,True,18365,18,23,15,3.7444
281,22,ok,15,47,32,True,True,18811,19,27,15,3.4247
282,22,ok,4,9,5,True,True,18885,16,177,4,3.2794
283,22,ok,21,57,36,True,True,18960,18,23,21,3.3725
284,22,ok,6,15,9,True,True,19034,15,68,6,3.4785
286,22,ok,8,20,12,True,True,19183,16,69,8,3.4845
285,22,ok,9,21,12,True,True,19109,22,54,9,3.6399
287,22,ok,15,40,25,True,True,19258,20,28,15,3.4287
288,22,ok,4,11,7,True,True,19332,23,164,4,3.4983
289,22,ok,21,56,35,True,True,19407,22,25,21,2.735
292,22,ok,8,22,14,True,True,19631,19,68,8,2.5478
291,22,ok,9,24,15,True,True,19556,13,55,9,2.6413
290,22,ok,6,16,10,True,True,19482,15,67,6,2.7708
294,22,ok,4,14,10,True,True,19780,11,178,4,2.6749
296,22,ok,6,15,9,True,True,19930,15,65,6,2.705
293,22,ok,15,35,20,True,True,19706,23,27,15,2.9467
297,22,ok,9,23,14,True,True,20005,17,63,9,2.7263
298,22,ok,8,20,12,True,True,20080,16,70,8,3.8637
300,22,ok,4,11,7,True,True,20229,24,175,4,3.6703
295,22,ok,21,48,27,True,True,19855,20,24,21,4.3501
299,22,ok,15,45,30,True,True,20155,19,23,15,3.8384
303,22,ok,9,22,13,True,True,20454,19,55,9,3.8097
302,22,ok,6,15,9,True,True,20379,22,71,6,3.8655
301,22,ok,21,63,42,True,True,20304,16,25,21,4.0869
304,22,ok,8,21,13,True,True,20529,18,68,8,4.0947
305,22,ok,15,36,21,True,True,20604,21,29,15,3.9127
306,22,ok,4,12,8,True,True,20679,20,182,4,3.8872
308,22,ok,6,14,8,True,True,20830,29,64,6,3.9545
310,22,ok,8,25,17,True,True,20980,19,65,8,4.062
307,22,ok,21,59,38,True,True,20754,23,25,21,4.2611
312,22,ok,4,13,9,True,True,21130,19,170,4,4.0124
309,22,ok,9,17,8,True,True,20905,15,54,9,4.4502
313,22,ok,21,58,37,True,True,21205,24,23,21,4.18
314,22,ok,6,16,10,True,True,21281,19,62,6,4.3161
311,22,ok,15,36,21,True,True,21055,20,23,15,4.6677
315,22,ok,9,29,20,True,True,21356,13,53,9,4.4891
318,22,ok,4,8,4,True,True,21582,14,182,4,4.2813
316,22,ok,8,19,11,True,True,21431,19,66,8,4.3874
320,22,ok,6,18,12,True,True,21732,15,70,6,4.1927
317,22,ok,15,38,23,True,True,21506,22,25,15,4.448
322,22,ok,8,22,14,True,True,21883,17,77,8,4.2358
319,22,ok,21,60,39,True,True,21657,21,25,21,4.496
321,22,ok,9,20,11,True,True,21808,19,57,9,4.3612
324,22,ok,4,9,5,True,True,22034,14,179,4,5.2218
323,22,ok,15,35,20,True,True,21959,27,24,15,5.4752
325,22,ok,21,47,26,True,True,22110,19,23,21,5.2958
327,22,ok,9,26,17,True,True,22261,19,53,9,5.3086
326,22,ok,6,16,10,True,True,22185,22,69,6,5.5469
329,22,ok,15,42,27,True,True,22412,17,24,15,4.3443
328,22,ok,8,17,9,True,True,22336,15,69,8,4.6714
330,22,ok,4,10,6,True,True,22488,14,189,4,4.5401
331,22,ok,21,52,31,True,True,22563,17,24,21,4.6899
332,22,ok,6,15,9,True,True,22639,27,66,6,4.4081
333,22,ok,9,24,15,True,True,22714,21,53,9,4.6554
334,22,ok,8,23,15,True,True,22790,14,63,8,4.77
335,22,ok,15,32,17,True,True,22866,19,25,15,4.9115
337,22,ok,21,51,30,True,True,23017,20,27,21,4.7335
338,22,ok,6,14,8,True,True,23093,18,67,6,4.6437
339,22,ok,9,27,18,True,True,23169,20,59,9,4.5518
336,22,ok,4,10,6,True,True,22942,15,183,4,5.2035
342,22,ok,4,10,6,True,True,23397,17,180,4,4.5747
341,22,ok,15,35,20,True,True,23321,22,25,15,4.8656
343,22,ok,21,58,37,True,True,23472,19,25,21,4.8317
340,22,ok,8,21,13,True,True,23245,24,78,8,5.5028
345,22,ok,9,21,12,True,True,23624,19,55,9,4.9086
344,22,ok,6,19,13,True,True,23548,19,67,6,5.052
347,22,ok,15,40,25,True,True,23776,20,23,15,5.7862
348,22,ok,4,9,5,True,True,23852,15,187,4,5.955
349,22,ok,21,58,37,True,True,23928,20,24,21,5.9431
352,22,ok,8,23,15,True,True,24156,22,68,8,5.8839
351,22,ok,9,23,14,True,True,24080,15,57,9,5.9775
353,22,ok,15,36,21,True,True,24233,18,26,15,6.0668
350,22,ok,6,17,11,True,True,24004,24,67,6,6.3085
354,22,ok,4,12,8,True,True,24309,12,183,4,5.1246
356,22,ok,6,13,7,True,True,24461,17,69,6,5.0913
346,22,ok,8,29,21,True,True,23700,17,65,8,6.8309
357,22,ok,9,28,19,True,True,24537,21,56,9,5.1126
355,22,ok,21,56,35,True,True,24385,20,29,21,5.5208
358,22,ok,8,23,15,True,True,24613,12,73,8,5.2488
359,22,ok,15,39,24,True,True,24690,30,22,15,5.2205
361,22,ok,21,56,35,True,True,24842,20,25,21,5.3411
360,22,ok,4,10,6,True,True,24766,15,177,4,5.5408
362,22,ok,6,16,10,True,True,24918,18,67,6,5.3768
363,22,ok,9,28,19,True,True,24995,18,54,9,5.4488
368,22,ok,6,11,5,True,True,25377,23,67,6,5.333
364,22,ok,8,22,14,True,True,25071,16,69,8,6.0087
365,22,ok,15,40,25,True,True,25148,24,24,15,5.7852
367,22,ok,21,56,35,True,True,25300,20,26,21,5.5871
369,22,ok,9,29,20,True,True,25453,19,58,9,5.6016
366,22,ok,4,11,7,True,True,25224,16,181,4,7.0743
370,22,ok,8,21,13,True,True,25530,19,73,8,6.8392
371,22,ok,15,42,27,True,True,25606,17,27,15,6.8772
372,22,ok,4,13,9,True,True,25683,12,192,4,6.7201
373,22,ok,21,61,40,True,True,25759,18,25,21,6.6064
375,22,ok,9,30,21,True,True,25912,12,60,9,6.8084
376,22,ok,8,22,14,True,True,25989,20,72,8,6.8343
377,22,ok,15,39,24,True,True,26065,22,25,15,5.8475
374,22,ok,6,19,13,True,True,25836,23,71,6,7.2084
378,22,ok,4,12,8,True,True,26142,13,181,4,5.9897
380,22,ok,6,18,12,True,True,26295,20,70,6,5.7916
379,22,ok,21,63,42,True,True,26219,19,25,21,6.034
381,22,ok,9,23,14,True,True,26372,20,58,9,6.055
384,22,ok,4,9,5,True,True,26602,22,185,4,5.924
383,22,ok,15,38,23,True,True,26525,20,25,15,7.0416
382,22,ok,8,24,16,True,True,26449,21,68,8,7.1945
385,22,ok,21,60,39,True,True,26679,18,24,21,6.9746
387,22,ok,9,22,13,True,True,26832,19,54,9,7.0486
388,22,ok,8,22,14,True,True,26909,28,67,8,7.1061
386,22,ok,6,18,12,True,True,26756,26,68,6,7.5186
389,22,ok,15,40,25,True,True,26986,33,24,15,7.1965
390,22,ok,4,14,10,True,True,27063,26,189,4,7.2999
391,22,ok,21,46,25,True,True,27140,17,26,21,7.2043
392,22,ok,6,19,13,True,True,27217,17,70,6,7.419
393,22,ok,9,19,10,True,True,27294,20,58,9,7.4913
394,22,ok,8,21,13,True,True,27371,19,76,8,7.606
395,22,ok,15,34,19,True,True,27448,22,27,15,7.3196
398,22,ok,6,18,12,True,True,27678,23,69,6,7.2699
396,22,ok,4,9,5,True,True,27524,19,202,4,7.428
397,22,ok,21,52,31,True,True,27601,20,24,21,7.5528
399,22,ok,9,31,22,True,True,27756,20,61,9,7.3405
400,22,ok,8,25,17,True,True,27833,24,73,8,7.6806
401,22,ok,15,42,27,True,True,27910,23,26,15,7.6369
402,22,ok,4,18,14,True,True,27987,14,192,4,7.5033
403,22,ok,21,58,37,True,True,28064,22,29,21,7.433
404,22,ok,6,18,12,True,True,28141,18,68,6,7.7395
407,22,ok,15,41,26,True,True,28372,21,26,15,7.3841
406,22,ok,8,27,19,True,True,28295,17,71,8,7.7987
405,22,ok,9,23,14,True,True,28218,15,63,9,7.9554
408,22,ok,4,12,8,True,True,28450,12,181,4,7.664
410,22,ok,6,13,7,True,True,28604,18,72,6,7.77
411,22,ok,9,33,24,True,True,28681,22,60,9,7.7302
412,22,ok,8,21,13,True,True,28758,19,73,8,7.4961
409,22,ok,21,54,33,True,True,28527,22,24,21,7.9629
413,22,ok,15,40,25,True,True,28836,20,25,15,7.9915
415,22,ok,21,66,45,True,True,28990,23,23,21,7.1474
414,22,ok,4,11,7,True,True,28913,19,190,4,7.2717
416,22,ok,6,19,13,True,True,29068,27,71,6,7.1505
417,22,ok,9,17,8,True,True,29145,16,58,9,7.1884
419,22,ok,15,47,32,True,True,29300,27,24,15,8.1957
418,22,ok,8,20,12,True,True,29222,20,79,8,8.3169
420,22,ok,4,15,11,True,True,29377,15,183,4,8.2223
422,22,ok,6,14,8,True,True,29532,22,72,6,7.9409
421,22,ok,21,57,36,True,True,29455,20,25,21,8.4273
423,22,ok,9,28,19,True,True,29610,17,57,9,8.3864
424,22,ok,8,20,12,True,True,29687,19,73,8,8.4322
425,22,ok,15,43,28,True,True,29765,20,27,15,8.9496
426,22,ok,4,14,10,True,True,29842,15,185,4,8.5674
427,22,ok,21,56,35,True,True,29920,19,27,21,8.5452
429,22,ok,9,23,14,True,True,30075,15,59,9,8.4154
428,22,ok,6,17,11,True,True,29997,18,79,6,8.9159
430,22,ok,8,22,14,True,True,30152,22,75,8,9.792
431,22,ok,15,46,31,True,True,30230,26,27,15,8.4009
432,22,ok,4,15,11,True,True,30307,14,189,4,8.5577
435,22,ok,9,29,20,True,True,30540,18,57,9,8.4509
434,22,ok,6,16,10,True,True,30463,21,71,6,8.9276
433,22,ok,21,56,35,True,True,30385,22,27,21,9.1539
436,22,ok,8,23,15,True,True,30618,15,75,8,8.8613
437,22,ok,15,33,18,True,True,30696,31,26,15,8.7919
438,22,ok,4,10,6,True,True,30774,15,190,4,8.7866
442,22,ok,8,16,8,True,True,31085,17,76,8,8.7173
440,22,ok,6,16,10,True,True,30929,23,68,6,8.791
443,22,ok,15,42,27,True,True,31162,22,25,15,8.9362
439,22,ok,21,63,42,True,True,30851,21,26,21,9.4628
441,22,ok,9,30,21,True,True,31007,17,60,9,9.9502
444,22,ok,4,12,8,True,True,31240,12,193,4,9.9991
446,22,ok,6,19,13,True,True,31396,19,72,6,9.9851
445,22,ok,21,61,40,True,True,31318,20,28,21,10.0527
447,22,ok,9,24,15,True,True,31474,17,60,9,10.1793
448,22,ok,8,24,16,True,True,31552,12,72,8,10.6096
450,22,ok,4,12,8,True,True,31707,19,182,4,9.2538
449,22,ok,15,45,30,True,True,31630,26,24,15,9.352
451,22,ok,21,65,44,True,True,31785,18,25,21,9.2937
452,22,ok,6,17,11,True,True,31863,24,83,6,10.1669
453,22,ok,9,24,15,True,True,31941,20,59,9,10.1223
454,22,ok,8,25,17,True,True,32019,16,74,8,10.2045
455,22,ok,15,42,27,True,True,32097,21,29,15,10.3485
457,22,ok,21,53,32,True,True,32253,20,27,21,10.2754
458,22,ok,6,22,16,True,True,32331,18,74,6,10.173
456,22,ok,4,12,8,True,True,32175,17,193,4,10.6633
459,22,ok,9,20,11,True,True,32409,25,56,9,10.3769
460,22,ok,8,20,12,True,True,32488,15,73,8,10.4066
462,22,ok,4,15,11,True,True,32644,16,203,4,9.3713
461,22,ok,15,42,27,True,True,32566,24,26,15,10.1028
463,22,ok,21,66,45,True,True,32722,21,28,21,10.8531
464,22,ok,6,11,5,True,True,32800,24,82,6,10.6061
465,22,ok,9,24,15,True,True,32878,24,60,9,10.7798
466,22,ok,8,23,15,True,True,32956,21,81,8,10.6659
467,22,ok,15,42,27,True,True,33035,22,27,15,10.7968
468,22,ok,4,12,8,True,True,33113,16,188,4,10.6859
471,22,ok,9,22,13,True,True,33347,18,61,9,11.0937
469,22,ok,21,59,38,True,True,33191,25,26,21,11.6199
1,23,ok,22,22,0,True,True,50,2,3,22,0.0007
2,23,ok,6,6,0,True,True,85,3,8,6,0.0005
3,23,ok,10,13,3,True,True,124,6,5,10,0.0009
4,23,ok,8,11,3,True,True,166,5,8,8,0.001
5,23,ok,6,14,8,True,True,210,3,21,6,0.0014
6,23,ok,12,17,5,True,True,256,4,10,12,0.0018
7,23,ok,10,20,10,True,True,303,12,7,10,0.0023
8,23,ok,6,9,3,True,True,351,9,12,6,0.0023
9,23,ok,14,24,10,True,True,401,10,8,14,0.0036
10,23,ok,4,12,8,True,True,451,4,53,4,0.0033
11,23,ok,22,38,16,True,True,502,6,9,22,0.0062
12,23,ok,6,10,4,True,True,554,13,15,6,0.0041
13,23,ok,10,22,12,True,True,607,9,10,10,0.0057
14,23,ok,8,14,6,True,True,660,8,18,8,0.0058
15,23,ok,6,11,5,True,True,714,5,32,6,0.0062
16,23,ok,12,21,9,True,True,768,8,16,12,0.0075
17,23,ok,10,14,4,True,True,823,11,11,10,0.008
18,23,ok,6,11,5,True,True,878,7,15,6,0.0083
19,23,ok,14,21,7,True,True,934,11,11,14,0.0104
474,22,ok,4,13,9,True,True,33582,18,195,4,10.1165
20,23,ok,4,8,4,True,True,990,7,58,4,0.0117
21,23,ok,22,47,25,True,True,1047,9,10,22,0.0155
22,23,ok,6,12,6,True,True,1104,14,17,6,0.016
23,23,ok,10,21,11,True,True,1161,9,11,10,0.0144
24,23,ok,8,16,8,True,True,1219,9,18,8,0.0165
25,23,ok,6,12,6,True,True,1277,6,38,6,0.0155
26,23,ok,12,22,10,True,True,1335,6,19,12,0.0193
27,23,ok,10,17,7,True,True,1394,17,14,10,0.0187
28,23,ok,6,11,5,True,True,1453,10,19,6,0.0211
29,23,ok,14,29,15,True,True,1512,12,13,14,0.0242
472,22,ok,8,19,11,True,True,33426,19,78,8,11.1151
30,23,ok,4,7,3,True,True,1572,9,75,4,0.0205
32,23,ok,6,11,5,True,True,1691,15,24,6,0.0241
31,23,ok,22,51,29,True,True,1631,9,13,22,0.0304
33,23,ok,10,25,15,True,True,1752,15,12,10,0.0283
34,23,ok,8,15,7,True,True,1812,8,24,8,0.028
35,23,ok,6,16,10,True,True,1873,8,41,6,0.0305
470,22,ok,6,17,11,True,True,33269,25,73,6,11.5055
36,23,ok,12,26,14,True,True,1934,9,20,12,0.0496
37,23,ok,10,18,8,True,True,1995,12,15,10,0.0336
38,23,ok,6,18,12,True,True,2056,11,20,6,0.0372
39,23,ok,14,30,16,True,True,2118,11,14,14,0.0522
40,23,ok,4,12,8,True,True,2180,10,85,4,0.0419
42,23,ok,6,7,1,True,True,2304,15,20,6,0.0404
41,23,ok,22,42,20,True,True,2242,9,13,22,0.0643
44,23,ok,8,25,17,True,True,2429,10,20,8,0.0587
43,23,ok,10,19,9,True,True,2366,16,13,10,0.0748
45,23,ok,6,18,12,True,True,2492,8,46,6,0.0646
46,23,ok,12,29,17,True,True,2555,9,27,12,0.0651
47,23,ok,10,19,9,True,True,2618,10,14,10,0.0544
473,22,ok,15,37,22,True,True,33504,21,27,15,11.3183
49,23,ok,14,30,16,True,True,2744,12,17,14,0.063
48,23,ok,6,13,7,True,True,2681,14,27,6,0.0849
50,23,ok,4,11,7,True,True,2808,8,102,4,0.0731
51,23,ok,22,50,28,True,True,2872,9,16,22,0.074
52,23,ok,6,14,8,True,True,2936,18,26,6,0.0732
53,23,ok,10,16,6,True,True,3000,19,14,10,0.0683
55,23,ok,6,12,6,True,True,3128,9,49,6,0.0789
56,23,ok,12,24,12,True,True,3193,9,24,12,0.0787
58,23,ok,6,11,5,True,True,3322,11,23,6,0.0794
57,23,ok,10,19,9,True,True,3257,21,14,10,0.0893
54,23,ok,8,12,4,True,True,3064,12,26,8,0.1397
59,23,ok,14,27,13,True,True,3387,16,16,14,0.988
60,23,ok,4,12,8,True,True,3452,8,95,4,0.9861
62,23,ok,6,12,6,True,True,3583,14,28,6,0.9863
61,23,ok,22,47,25,True,True,3517,12,15,22,0.9901
63,23,ok,10,20,10,True,True,3648,15,21,10,1.0314
64,23,ok,8,15,7,True,True,3714,13,27,8,0.1038
65,23,ok,6,15,9,True,True,3779,9,56,6,0.1089
67,23,ok,10,15,5,True,True,3911,15,17,10,0.1127
66,23,ok,12,28,16,True,True,3845,10,27,12,0.1196
69,23,ok,14,31,17,True,True,4043,10,15,14,0.1335
68,23,ok,6,9,3,True,True,3977,22,25,6,0.1568
70,23,ok,4,11,7,True,True,4109,8,111,4,0.1207
72,23,ok,6,11,5,True,True,4242,15,26,6,0.1349
71,23,ok,22,66,44,True,True,4176,11,16,22,0.1426
73,23,ok,10,23,13,True,True,4309,14,15,10,0.1564
75,23,ok,6,16,10,True,True,4442,9,56,6,0.1506
74,23,ok,8,13,5,True,True,4375,14,25,8,0.1741
77,23,ok,10,23,13,True,True,4576,36,17,10,0.1513
76,23,ok,12,34,22,True,True,4509,13,27,12,0.1604
477,22,ok,9,24,15,True,True,33817,20,68,9,10.9916
78,23,ok,6,14,8,True,True,4643,19,28,6,0.1683
79,23,ok,14,34,20,True,True,4710,13,17,14,0.1665
476,22,ok,6,18,12,True,True,33739,25,83,6,11.1335
81,23,ok,22,46,24,True,True,4845,11,17,22,0.1718
82,23,ok,6,12,6,True,True,4913,20,28,6,0.168
80,23,ok,4,9,5,True,True,4778,11,107,4,0.209
475,22,ok,21,71,50,True,True,33661,19,27,21,11.5831
83,23,ok,10,28,18,True,True,4980,25,17,10,0.1871
84,23,ok,8,15,7,True,True,5048,15,31,8,0.1936
85,23,ok,6,16,10,True,True,5116,10,61,6,0.1941
86,23,ok,12,26,14,True,True,5184,14,30,12,0.2261
87,23,ok,10,19,9,True,True,5252,18,19,10,0.1872
88,23,ok,6,13,7,True,True,5320,21,30,6,0.1936
89,23,ok,14,24,10,True,True,5388,15,18,14,0.2135
90,23,ok,4,6,2,True,True,5456,10,107,4,0.2247
91,23,ok,22,63,41,True,True,5524,12,17,22,0.2427
92,23,ok,6,8,2,True,True,5593,23,32,6,0.2459
93,23,ok,10,20,10,True,True,5661,21,18,10,0.2425
94,23,ok,8,16,8,True,True,5730,11,30,8,0.2262
95,23,ok,6,19,13,True,True,5798,8,58,6,0.2267
96,23,ok,12,29,17,True,True,5867,10,29,12,0.2569
97,23,ok,10,21,11,True,True,5936,21,16,10,0.2901
98,23,ok,6,11,5,True,True,6005,16,28,6,0.2446
99,23,ok,14,34,20,True,True,6074,14,21,14,0.2616
100,23,ok,4,8,4,True,True,6143,10,106,4,0.2776
101,23,ok,22,50,28,True,True,6212,12,18,22,0.2734
102,23,ok,6,20,14,True,True,6281,20,31,6,0.266
103,23,ok,10,18,8,True,True,6351,17,20,10,0.2664
104,23,ok,8,19,11,True,True,6420,15,26,8,0.2927
105,23,ok,6,14,8,True,True,6489,11,68,6,0.3113
106,23,ok,12,30,18,True,True,6559,10,32,12,0.3129
107,23,ok,10,24,14,True,True,6628,20,18,10,0.3044
108,23,ok,6,15,9,True,True,6698,25,31,6,0.296
109,23,ok,14,31,17,True,True,6768,13,16,14,0.3352
110,23,ok,4,16,12,True,True,6838,8,111,4,0.3381
111,23,ok,22,49,27,True,True,6908,17,20,22,0.3737
112,23,ok,6,13,7,True,True,6977,28,33,6,0.3317
480,22,ok,4,13,9,True,True,34053,16,188,4,11.2624
113,23,ok,10,27,17,True,True,7048,25,19,10,0.3873
114,23,ok,8,23,15,True,True,7118,14,31,8,0.3839
482,22,ok,6,16,10,True,True,34209,17,73,6,11.2614
115,23,ok,6,15,9,True,True,7188,9,74,6,0.4106
117,23,ok,10,18,8,True,True,7328,27,18,10,0.3662
479,22,ok,15,42,27,True,True,33974,26,31,15,11.6482
118,23,ok,6,22,16,True,True,7399,13,30,6,0.3619
116,23,ok,12,27,15,True,True,7258,13,37,12,0.4476
120,23,ok,4,10,6,True,True,7540,11,117,4,0.3641
119,23,ok,14,32,18,True,True,7469,16,20,14,0.3997
478,22,ok,8,25,17,True,True,33896,15,77,8,12.3691
121,23,ok,22,55,33,True,True,7610,13,19,22,0.4803
124,23,ok,8,17,9,True,True,7822,18,33,8,0.3986
481,22,ok,21,73,52,True,True,34131,22,29,21,11.7866
122,23,ok,6,16,10,True,True,7681,26,32,6,0.4785
123,23,ok,10,26,16,True,True,7751,16,19,10,0.4869
125,23,ok,6,14,8,True,True,7893,8,68,6,0.4378
128,23,ok,6,14,8,True,True,8106,19,31,6,0.42
127,23,ok,10,22,12,True,True,8035,23,20,10,0.4299
129,23,ok,14,35,21,True,True,8177,24,20,14,0.4398
126,23,ok,12,30,18,True,True,7964,13,36,12,0.49
130,23,ok,4,11,7,True,True,8248,15,120,4,0.4342
131,23,ok,22,55,33,True,True,8319,12,18,22,0.4962
132,23,ok,6,12,6,True,True,8390,15,33,6,0.5929
133,23,ok,10,27,17,True,True,8462,17,21,10,0.4704
134,23,ok,8,17,9,True,True,8533,14,31,8,0.4671
483,22,ok,9,31,22,True,True,34288,18,61,9,11.0273
135,23,ok,6,17,11,True,True,8604,16,67,6,0.4836
137,23,ok,10,24,14,True,True,8747,26,18,10,1.4145
138,23,ok,6,15,9,True,True,8819,18,32,6,1.4283
139,23,ok,14,28,14,True,True,8890,21,18,14,1.4083
484,22,ok,8,21,13,True,True,34366,20,69,8,11.9518
136,23,ok,12,35,23,True,True,8676,13,32,12,1.5397
140,23,ok,4,13,9,True,True,8962,11,122,4,1.4352
141,23,ok,22,53,31,True,True,9034,16,23,22,1.4873
143,23,ok,10,20,10,True,True,9178,24,23,10,1.4658
142,23,ok,6,18,12,True,True,9106,19,32,6,1.5257
144,23,ok,8,16,8,True,True,9249,17,32,8,1.4887
146,23,ok,12,35,23,True,True,9393,11,32,12,1.48
147,23,ok,10,21,11,True,True,9465,21,19,10,1.4559
485,22,ok,15,36,21,True,True,34445,22,28,15,11.6166
145,23,ok,6,14,8,True,True,9321,14,73,6,1.5354
148,23,ok,6,17,11,True,True,9538,24,33,6,1.5588
149,23,ok,14,29,15,True,True,9610,19,20,14,1.5318
150,23,ok,4,12,8,True,True,9682,11,121,4,0.6063
151,23,ok,22,62,40,True,True,9754,14,21,22,0.6644
152,23,ok,6,14,8,True,True,9827,35,36,6,0.6245
155,23,ok,6,10,4,True,True,10044,13,76,6,0.6276
154,23,ok,8,19,11,True,True,9971,20,36,8,0.6439
153,23,ok,10,22,12,True,True,9899,21,22,10,0.7019
156,23,ok,12,25,13,True,True,10116,17,32,12,0.6856
158,23,ok,6,14,8,True,True,10262,17,38,6,0.7187
157,23,ok,10,24,14,True,True,10189,25,21,10,0.7999
159,23,ok,14,32,18,True,True,10334,17,25,14,0.8014
160,23,ok,4,11,7,True,True,10407,10,132,4,0.7334
163,23,ok,10,24,14,True,True,10626,22,20,10,0.7837
162,23,ok,6,10,4,True,True,10553,20,34,6,0.8199
161,23,ok,22,48,26,True,True,10480,15,21,22,0.8639
165,23,ok,6,13,7,True,True,10771,11,67,6,0.7607
164,23,ok,8,20,12,True,True,10698,18,35,8,0.7783
166,23,ok,12,24,12,True,True,10844,14,33,12,0.7663
488,22,ok,6,15,9,True,True,34680,26,75,6,11.4601
168,23,ok,6,13,7,True,True,10991,18,39,6,0.7736
167,23,ok,10,27,17,True,True,10917,17,21,10,0.8958
170,23,ok,4,12,8,True,True,11137,14,130,4,0.8547
171,23,ok,22,49,27,True,True,11210,16,23,22,0.8246
487,22,ok,21,66,45,True,True,34602,24,26,21,11.7826
169,23,ok,14,33,19,True,True,11064,16,20,14,0.9029
172,23,ok,6,9,3,True,True,11283,25,37,6,0.9271
486,22,ok,4,10,6,True,True,34523,21,204,4,12.7715
173,23,ok,10,26,16,True,True,11357,22,20,10,0.9414
174,23,ok,8,17,9,True,True,11430,19,36,8,0.9006
175,23,ok,6,15,9,True,True,11504,16,74,6,0.8577
176,23,ok,12,33,21,True,True,11577,15,32,12,1.0044
489,22,ok,9,22,13,True,True,34759,20,58,9,11.9851
178,23,ok,6,15,9,True,True,11724,22,34,6,0.9459
177,23,ok,10,26,16,True,True,11651,35,20,10,0.9701
490,22,ok,8,23,15,True,True,34837,19,75,8,12.0579
179,23,ok,14,31,17,True,True,11798,18,23,14,0.9698
181,23,ok,22,64,42,True,True,11945,15,21,22,0.9658
182,23,ok,6,13,7,True,True,12019,24,36,6,0.9545
492,22,ok,4,12,8,True,True,34994,13,194,4,11.5573
180,23,ok,4,11,7,True,True,11871,12,140,4,1.0746
183,23,ok,10,26,16,True,True,12093,21,25,10,1.1295
184,23,ok,8,24,16,True,True,12166,18,36,8,1.0308
185,23,ok,6,17,11,True,True,12240,12,74,6,1.0055
187,23,ok,10,30,20,True,True,12388,26,21,10,0.9983
186,23,ok,12,33,21,True,True,12314,14,38,12,1.0435
188,23,ok,6,10,4,True,True,12462,22,32,6,1.0476
491,22,ok,15,34,19,True,True,34916,26,25,15,12.1424
190,23,ok,4,12,8,True,True,12610,9,150,4,1.0289
189,23,ok,14,28,14,True,True,12536,22,20,14,2.1589
191,23,ok,22,58,36,True,True,12684,15,25,22,1.9452
194,23,ok,8,20,12,True,True,12907,21,35,8,1.9258
192,23,ok,6,16,10,True,True,12758,13,37,6,2.0226
195,23,ok,6,14,8,True,True,12981,14,75,6,1.9643
193,23,ok,10,24,14,True,True,12833,28,22,10,2.201
198,23,ok,6,20,14,True,True,13204,13,37,6,2.0396
196,23,ok,12,28,16,True,True,13055,17,39,12,2.1201
199,23,ok,14,27,13,True,True,13279,22,24,14,2.0451
197,23,ok,10,27,17,True,True,13130,24,21,10,2.1186
201,23,ok,22,59,37,True,True,13427,18,21,22,2.0459
200,23,ok,4,11,7,True,True,13353,12,133,4,2.1018
202,23,ok,6,14,8,True,True,13502,30,41,6,2.072
203,23,ok,10,27,17,True,True,13577,38,24,10,2.0468
493,22,ok,21,65,44,True,True,35073,18,25,21,13.149
204,23,ok,8,18,10,True,True,13651,18,37,8,2.183
206,23,ok,12,29,17,True,True,13801,14,36,12,2.1113
495,22,ok,9,34,25,True,True,35230,22,57,9,12.0483
205,23,ok,6,12,6,True,True,13726,17,81,6,2.1887
208,23,ok,6,14,8,True,True,13950,23,34,6,2.1817
207,23,ok,10,26,16,True,True,13875,24,22,10,2.2618
210,23,ok,4,12,8,True,True,14100,11,136,4,2.1764
209,23,ok,14,37,23,True,True,14025,18,24,14,2.2425
211,23,ok,22,60,38,True,True,14175,17,21,22,2.301
212,23,ok,6,15,9,True,True,14249,26,37,6,2.2888
496,22,ok,8,24,16,True,True,35309,20,75,8,12.3191
213,23,ok,10,22,12,True,True,14324,32,23,10,1.4228
215,23,ok,6,18,12,True,True,14474,14,70,6,1.3707
214,23,ok,8,27,19,True,True,14399,15,34,8,1.455
494,22,ok,6,20,14,True,True,35152,22,75,6,12.7733
497,22,ok,15,35,20,True,True,35388,33,25,15,12.4013
216,23,ok,12,37,25,True,True,14549,13,39,12,1.4953
217,23,ok,10,31,21,True,True,14625,32,24,10,1.4192
498,22,ok,4,13,9,True,True,35466,19,199,4,12.0441
219,23,ok,14,32,18,True,True,14775,21,24,14,1.5155
218,23,ok,6,12,6,True,True,14700,17,36,6,1.6549
222,23,ok,6,17,11,True,True,15001,23,35,6,1.4712
220,23,ok,4,10,6,True,True,14850,14,158,4,1.5344
221,23,ok,22,59,37,True,True,14925,19,23,22,1.5523
224,23,ok,8,19,11,True,True,15151,16,38,8,1.4965
225,23,ok,6,18,12,True,True,15227,15,75,6,1.5488
226,23,ok,12,29,17,True,True,15302,15,35,12,1.5256
223,23,ok,10,25,15,True,True,15076,24,21,10,1.6058
499,22,ok,21,64,43,True,True,35545,19,27,21,12.2828
228,23,ok,6,15,9,True,True,15453,27,38,6,1.6152
229,23,ok,14,38,24,True,True,15528,18,22,14,1.5965
227,23,ok,10,23,13,True,True,15377,29,25,10,1.757
230,23,ok,4,16,12,True,True,15604,10,137,4,1.6574
231,23,ok,22,54,32,True,True,15680,19,23,22,1.6229
235,23,ok,6,17,11,True,True,15982,12,80,6,1.6597
234,23,ok,8,19,11,True,True,15906,26,39,8,1.7157
233,23,ok,10,25,15,True,True,15831,38,25,10,1.7822
236,23,ok,12,30,18,True,True,16058,15,37,12,1.7511
500,22,ok,6,15,9,True,True,35624,20,76,6,12.1702
232,23,ok,6,14,8,True,True,15755,34,37,6,1.9349
237,23,ok,10,31,21,True,True,16134,33,22,10,1.8119
238,23,ok,6,14,8,True,True,16209,26,43,6,1.759
239,23,ok,14,31,17,True,True,16285,28,23,14,1.8578
241,23,ok,22,53,31,True,True,16437,18,22,22,1.8421
242,23,ok,6,16,10,True,True,16513,22,37,6,1.8793
240,23,ok,4,11,7,True,True,16361,14,154,4,1.9393
243,23,ok,10,23,13,True,True,16589,26,22,10,2.319
244,23,ok,8,26,18,True,True,16665,20,37,8,2.894
245,23,ok,6,13,7,True,True,16741,19,74,6,2.7948
246,23,ok,12,33,21,True,True,16817,17,38,12,2.8451
248,23,ok,6,12,6,True,True,16969,27,35,6,2.8993
249,23,ok,14,30,16,True,True,17045,22,23,14,2.9138
252,23,ok,6,14,8,True,True,17274,23,36,6,2.8687
247,23,ok,10,15,5,True,True,16893,25,21,10,2.9705
250,23,ok,4,18,14,True,True,17122,16,139,4,2.9524
251,23,ok,22,57,35,True,True,17198,19,23,22,3.0232
254,23,ok,8,20,12,True,True,17427,15,39,8,2.9349
255,23,ok,6,17,11,True,True,17503,16,80,6,2.974
253,23,ok,10,22,12,True,True,17350,30,26,10,3.0697
256,23,ok,12,35,23,True,True,17579,16,38,12,3.0826
257,23,ok,10,21,11,True,True,17656,28,23,10,3.0943
258,23,ok,6,13,7,True,True,17732,28,47,6,3.11
259,23,ok,14,35,21,True,True,17809,24,25,14,3.1339
261,23,ok,22,61,39,True,True,17962,16,22,22,3.0715
260,23,ok,4,11,7,True,True,17885,14,147,4,3.1541
262,23,ok,6,12,6,True,True,18038,24,37,6,3.015
263,23,ok,10,25,15,True,True,18115,32,29,10,3.0751
264,23,ok,8,18,10,True,True,18192,20,39,8,3.1852
267,23,ok,10,21,11,True,True,18422,34,23,10,3.2489
265,23,ok,6,16,10,True,True,18268,14,96,6,3.2805
266,23,ok,12,35,23,True,True,18345,20,39,12,3.3066
268,23,ok,6,15,9,True,True,18498,25,36,6,3.1216
269,23,ok,14,36,22,True,True,18575,27,24,14,3.264
270,23,ok,4,12,8,True,True,18652,14,156,4,3.2266
273,23,ok,10,27,17,True,True,18882,21,24,10,3.3393
272,23,ok,6,14,8,True,True,18805,24,45,6,3.4398
271,23,ok,22,52,30,True,True,18729,18,25,22,3.5247
276,23,ok,12,31,19,True,True,19113,14,40,12,2.3643
274,23,ok,8,21,13,True,True,18959,16,38,8,3.0244
275,23,ok,6,11,5,True,True,19036,17,86,6,2.4691
277,23,ok,10,30,20,True,True,19190,18,24,10,3.3695
278,23,ok,6,19,13,True,True,19267,31,45,6,3.3155
279,23,ok,14,31,17,True,True,19344,26,23,14,3.3759
280,23,ok,4,10,6,True,True,19421,13,152,4,3.3612
282,23,ok,6,20,14,True,True,19575,23,39,6,3.5635
281,23,ok,22,70,48,True,True,19498,17,26,22,3.6896
285,23,ok,6,19,13,True,True,19807,16,86,6,3.5189
284,23,ok,8,20,12,True,True,19730,17,41,8,3.5778
286,23,ok,12,38,26,True,True,19884,19,37,12,3.5836
283,23,ok,10,27,17,True,True,19653,16,23,10,3.7369
288,23,ok,6,16,10,True,True,20039,36,38,6,3.4393
287,23,ok,10,25,15,True,True,19961,20,24,10,3.7007
289,23,ok,14,32,18,True,True,20116,28,24,14,3.5579
292,23,ok,6,14,8,True,True,20348,24,39,6,3.4631
290,23,ok,4,16,12,True,True,20193,11,146,4,3.6079
291,23,ok,22,65,43,True,True,20271,19,25,22,3.7156
294,23,ok,8,19,11,True,True,20503,27,39,8,3.6708
293,23,ok,10,18,8,True,True,20425,35,25,10,3.7649
295,23,ok,6,14,8,True,True,20580,14,89,6,3.7372
297,23,ok,10,18,8,True,True,20735,26,23,10,3.6399
296,23,ok,12,35,23,True,True,20658,17,36,12,3.7123
300,23,ok,4,17,13,True,True,20968,12,158,4,3.5679
298,23,ok,6,11,5,True,True,20813,21,42,6,3.7978
299,23,ok,14,31,17,True,True,20891,21,26,14,3.8373
301,23,ok,22,64,42,True,True,21046,18,24,22,3.9919
302,23,ok,6,14,8,True,True,21123,23,40,6,3.9122
303,23,ok,10,28,18,True,True,21201,34,24,10,3.8496
305,23,ok,6,13,7,True,True,21356,16,88,6,3.866
306,23,ok,12,33,21,True,True,21434,15,40,12,3.9054
304,23,ok,8,21,13,True,True,21279,19,38,8,3.9823
308,23,ok,6,14,8,True,True,21590,31,40,6,3.0268
307,23,ok,10,29,19,True,True,21512,26,24,10,4.2335
309,23,ok,14,38,24,True,True,21668,19,23,14,3.8799
310,23,ok,4,6,2,True,True,21745,16,145,4,4.1378
311,23,ok,22,60,38,True,True,21823,14,22,22,4.2625
312,23,ok,6,18,12,True,True,21901,23,41,6,4.075
313,23,ok,10,28,18,True,True,21979,26,28,10,4.1486
315,23,ok,6,13,7,True,True,22135,12,82,6,4.1472
314,23,ok,8,22,14,True,True,22057,25,41,8,4.1899
318,23,ok,6,18,12,True,True,22369,26,41,6,4.1498
317,23,ok,10,29,19,True,True,22291,24,23,10,4.3346
316,23,ok,12,39,27,True,True,22213,14,41,12,4.3551
320,23,ok,4,11,7,True,True,22525,12,145,4,4.3536
321,23,ok,22,55,33,True,True,22603,15,24,22,4.3588
319,23,ok,14,39,25,True,True,22447,18,27,14,4.4543
322,23,ok,6,17,11,True,True,22682,18,46,6,4.36
323,23,ok,10,22,12,True,True,22760,29,23,10,4.4822
325,23,ok,6,19,13,True,True,22916,14,89,6,4.4082
324,23,ok,8,18,10,True,True,22838,19,42,8,4.503
326,23,ok,12,32,20,True,True,22994,15,43,12,4.5858
328,23,ok,6,15,9,True,True,23151,26,46,6,4.4975
327,23,ok,10,26,16,True,True,23073,20,26,10,4.6016
329,23,ok,14,35,21,True,True,23229,25,29,14,4.5184
330,23,ok,4,11,7,True,True,23308,17,149,4,4.5047
331,23,ok,22,56,34,True,True,23386,21,25,22,5.0017
332,23,ok,6,16,10,True,True,23464,30,40,6,4.7036
333,23,ok,10,26,16,True,True,23543,29,23,10,4.6609
335,23,ok,6,16,10,True,True,23700,17,83,6,4.7782
337,23,ok,10,20,10,True,True,23857,31,26,10,4.7157
336,23,ok,12,29,17,True,True,23778,24,43,12,4.8224
334,23,ok,8,22,14,True,True,23621,22,42,8,5.9252
338,23,ok,6,12,6,True,True,23935,25,44,6,5.624
340,23,ok,4,6,2,True,True,24092,16,150,4,4.8862
341,23,ok,22,54,32,True,True,24171,22,24,22,4.793
342,23,ok,6,13,7,True,True,24249,24,40,6,4.7772
344,23,ok,8,19,11,True,True,24407,26,39,8,4.8126
343,23,ok,10,28,18,True,True,24328,26,25,10,5.03
345,23,ok,6,20,14,True,True,24485,18,85,6,5.0412
339,23,ok,14,42,28,True,True,24014,19,23,14,6.8442
347,23,ok,10,24,14,True,True,24643,37,24,10,5.0417
348,23,ok,6,16,10,True,True,24721,35,40,6,5.0897
349,23,ok,14,32,18,True,True,24800,22,25,14,5.099
350,23,ok,4,11,7,True,True,24879,13,155,4,4.9608
346,23,ok,12,41,29,True,True,24564,15,43,12,5.6207
351,23,ok,22,59,37,True,True,24958,16,23,22,5.1597
352,23,ok,6,19,13,True,True,25037,27,41,6,5.2534
354,23,ok,8,24,16,True,True,25194,20,44,8,5.1297
356,23,ok,12,32,20,True,True,25352,16,46,12,5.1926
355,23,ok,6,11,5,True,True,25273,14,86,6,5.3041
353,23,ok,10,22,12,True,True,25116,31,25,10,6.0071
357,23,ok,10,24,14,True,True,25431,33,25,10,5.2245
361,23,ok,22,76,54,True,True,25747,21,31,22,6.6168
359,23,ok,14,39,25,True,True,25589,27,26,14,6.7684
360,23,ok,4,14,10,True,True,25668,16,150,4,6.7348
358,23,ok,6,11,5,True,True,25510,33,41,6,7.1149
362,23,ok,6,12,6,True,True,25826,26,37,6,6.5299
365,23,ok,6,18,12,True,True,26063,14,83,6,6.2101
364,23,ok,8,20,12,True,True,25984,22,42,8,6.494
363,23,ok,10,24,14,True,True,25905,29,25,10,6.6675
368,23,ok,6,14,8,True,True,26301,30,42,6,5.6201
366,23,ok,12,36,24,True,True,26143,16,43,12,6.7317
369,23,ok,14,37,23,True,True,26380,26,29,14,5.7211
367,23,ok,10,23,13,True,True,26222,26,29,10,6.8638
370,23,ok,4,6,2,True,True,26459,20,166,4,6.0005
371,23,ok,22,61,39,True,True,26539,19,25,22,5.8242
372,23,ok,6,17,11,True,True,26618,16,43,6,5.7669
373,23,ok,10,24,14,True,True,26697,25,25,10,5.7198
374,23,ok,8,15,7,True,True,26776,18,43,8,5.8298
375,23,ok,6,18,12,True,True,26856,13,86,6,6.1172
377,23,ok,10,28,18,True,True,27014,27,25,10,6.7762
378,23,ok,6,16,10,True,True,27094,23,40,6,6.8815
379,23,ok,14,32,18,True,True,27173,29,25,14,6.9303
380,23,ok,4,10,6,True,True,27253,13,165,4,7.0015
376,23,ok,12,32,20,True,True,26935,18,40,12,7.5578
382,23,ok,6,15,9,True,True,27411,36,39,6,7.0188
383,23,ok,10,16,6,True,True,27491,48,25,10,7.0631
384,23,ok,8,16,8,True,True,27570,25,45,8,6.9789
381,23,ok,22,72,50,True,True,27332,17,25,22,7.6528
385,23,ok,6,14,8,True,True,27650,18,88,6,7.1189
386,23,ok,12,29,17,True,True,27730,18,40,12,7.2471
388,23,ok,6,14,8,True,True,27889,30,41,6,7.3271
387,23,ok,10,26,16,True,True,27809,24,23,10,7.4799
389,23,ok,14,36,22,True,True,27968,21,23,14,6.4259
390,23,ok,4,11,7,True,True,28048,16,155,4,6.4841
391,23,ok,22,59,37,True,True,28127,17,26,22,6.6533
393,23,ok,10,26,16,True,True,28287,30,27,10,7.0972
392,23,ok,6,12,6,True,True,28207,35,41,6,7.6331
394,23,ok,8,20,12,True,True,28367,19,42,8,7.6613
395,23,ok,6,18,12,True,True,28446,16,88,6,7.7033
396,23,ok,12,31,19,True,True,28526,17,44,12,7.7159
398,23,ok,6,17,11,True,True,28686,22,42,6,7.6287
399,23,ok,14,36,22,True,True,28765,26,24,14,7.8708
397,23,ok,10,22,12,True,True,28606,31,25,10,8.1838
400,23,ok,4,14,10,True,True,28845,15,162,4,7.9679
403,23,ok,10,23,13,True,True,29085,40,28,10,7.7245
402,23,ok,6,16,10,True,True,29005,23,46,6,7.8917
401,23,ok,22,49,27,True,True,28925,20,27,22,8.0694
404,23,ok,8,17,9,True,True,29165,32,44,8,7.7871
405,23,ok,6,14,8,True,True,29244,16,91,6,7.978
406,23,ok,12,25,13,True,True,29324,18,43,12,8.1655
408,23,ok,6,18,12,True,True,29484,27,44,6,8.1391
407,23,ok,10,25,15,True,True,29404,31,29,10,8.4798
409,23,ok,14,34,20,True,True,29564,31,26,14,8.2151
410,23,ok,4,12,8,True,True,29644,18,160,4,8.0929
411,23,ok,22,69,47,True,True,29724,20,24,22,8.0056
412,23,ok,6,19,13,True,True,29804,26,44,6,8.2048
413,23,ok,10,23,13,True,True,29884,26,27,10,8.2929
414,23,ok,8,17,9,True,True,29965,26,42,8,8.1933
415,23,ok,6,18,12,True,True,30045,13,88,6,8.3452
416,23,ok,12,36,24,True,True,30125,17,40,12,8.3961
417,23,ok,10,22,12,True,True,30205,27,26,10,8.3384
418,23,ok,6,15,9,True,True,30285,37,41,6,8.3895
419,23,ok,14,36,22,True,True,30365,24,26,14,8.407
420,23,ok,4,9,5,True,True,30445,15,160,4,8.038
421,23,ok,22,61,39,True,True,30526,21,28,22,8.4191
422,23,ok,6,13,7,True,True,30606,23,40,6,9.5107
423,23,ok,10,24,14,True,True,30686,28,28,10,8.7523
424,23,ok,8,18,10,True,True,30766,30,43,8,8.4878
425,23,ok,6,15,9,True,True,30847,20,85,6,8.5128
426,23,ok,12,42,30,True,True,30927,21,42,12,8.6576
427,23,ok,10,27,17,True,True,31007,33,27,10,8.9435
428,23,ok,6,16,10,True,True,31088,37,41,6,8.7525
429,23,ok,14,42,28,True,True,31168,29,24,14,8.7101
431,23,ok,22,59,37,True,True,31329,19,28,22,8.8375
430,23,ok,4,13,9,True,True,31248,16,157,4,8.9651
432,23,ok,6,21,15,True,True,31409,37,43,6,8.7969
434,23,ok,8,21,13,True,True,31570,22,41,8,8.8296
433,23,ok,10,28,18,True,True,31489,26,28,10,9.094
435,23,ok,6,18,12,True,True,31650,14,92,6,9.0914
436,23,ok,12,35,23,True,True,31731,17,46,12,8.9493
437,23,ok,10,24,14,True,True,31811,29,25,10,10.0808
440,23,ok,4,13,9,True,True,32053,13,169,4,8.8751
438,23,ok,6,16,10,True,True,31892,28,43,6,9.1247
441,23,ok,22,66,44,True,True,32133,18,28,22,9.0473
439,23,ok,14,43,29,True,True,31972,30,28,14,9.2392
442,23,ok,6,15,9,True,True,32214,27,42,6,9.1554
443,23,ok,10,27,17,True,True,32295,25,25,10,9.0638
445,23,ok,6,19,13,True,True,32456,17,90,6,9.0994
444,23,ok,8,20,12,True,True,32375,33,49,8,9.1355
446,23,ok,12,42,30,True,True,32537,22,42,12,9.4234
448,23,ok,6,19,13,True,True,32698,28,41,6,9.3434
447,23,ok,10,34,24,True,True,32617,36,24,10,9.5296
450,23,ok,4,13,9,True,True,32859,15,177,4,10.556
451,23,ok,22,57,35,True,True,32940,24,28,22,10.4373
449,23,ok,14,47,33,True,True,32779,22,25,14,10.805
452,23,ok,6,17,11,True,True,33021,32,42,6,10.508
454,23,ok,8,14,6,True,True,33182,16,45,8,9.4221
453,23,ok,10,17,7,True,True,33102,30,27,10,9.6395
456,23,ok,12,30,18,True,True,33344,22,42,12,9.4083
455,23,ok,6,20,14,True,True,33263,19,88,6,9.8954
457,23,ok,10,26,16,True,True,33425,32,29,10,9.9091
458,23,ok,6,14,8,True,True,33506,48,46,6,9.8055
459,23,ok,14,41,27,True,True,33587,28,25,14,9.9809
460,23,ok,4,15,11,True,True,33667,17,167,4,10.471
462,23,ok,6,16,10,True,True,33829,31,44,6,11.1367
463,23,ok,10,25,15,True,True,33910,37,27,10,10.8943
461,23,ok,22,58,36,True,True,33748,22,25,22,11.3547
464,23,ok,8,20,12,True,True,33991,24,42,8,10.9839
465,23,ok,6,17,11,True,True,34072,22,99,6,11.1443
466,23,ok,12,39,27,True,True,34153,17,43,12,11.2335
467,23,ok,10,18,8,True,True,34234,31,25,10,11.4361
468,23,ok,6,15,9,True,True,34315,30,42,6,10.1018
469,23,ok,14,43,29,True,True,34396,24,26,14,10.2807
470,23,ok,4,12,8,True,True,34477,19,172,4,10.2441
1,24,ok,23,23,0,True,True,52,2,3,23,0.0007
2,24,ok,3,3,0,True,True,88,3,8,3,0.0005
3,24,ok,7,10,3,True,True,129,5,5,7,0.0008
4,24,ok,4,6,2,True,True,173,8,10,4,0.0009
5,24,ok,7,10,3,True,True,218,8,6,7,0.0013
6,24,ok,3,7,4,True,True,266,11,12,3,0.0014
7,24,ok,5,7,2,True,True,315,10,7,5,0.0018
8,24,ok,3,5,2,True,True,365,12,10,3,0.0021
9,24,ok,7,14,7,True,True,416,12,8,7,0.0029
10,24,ok,7,11,4,True,True,468,7,13,7,0.0033
11,24,ok,3,7,4,True,True,522,5,55,3,0.0035
12,24,ok,12,22,10,True,True,575,7,15,12,0.0051
13,24,ok,5,7,2,True,True,630,16,10,5,0.0049
14,24,ok,4,6,2,True,True,685,15,16,4,0.005
15,24,ok,7,11,4,True,True,741,13,8,7,0.0061
16,24,ok,4,7,3,True,True,797,15,14,4,0.0065
17,24,ok,5,7,2,True,True,854,12,10,5,0.0071
18,24,ok,3,5,2,True,True,911,28,15,3,0.0077
19,24,ok,5,10,5,True,True,969,23,10,5,0.009
20,24,ok,4,7,3,True,True,1027,13,18,4,0.0095
21,24,ok,13,25,12,True,True,1086,10,11,13,0.0127
22,24,ok,2,6,4,True,True,1145,4,123,2,0.0112
23,24,ok,23,56,33,True,True,1204,8,11,23,0.0194
24,24,ok,3,6,3,True,True,1264,20,15,3,0.0131
25,24,ok,7,13,6,True,True,1324,15,11,7,0.0153
26,24,ok,4,8,4,True,True,1384,22,15,4,0.0156
27,24,ok,7,10,3,True,True,1445,22,12,7,0.0173
28,24,ok,3,6,3,True,True,1506,13,22,3,0.0177
29,24,ok,5,10,5,True,True,1568,19,11,5,0.3359
30,24,ok,3,6,3,True,True,1629,14,17,3,0.6603
31,24,ok,7,15,8,True,True,1691,14,14,7,0.0259
32,24,ok,7,15,8,True,True,1753,13,19,7,0.0245
33,24,ok,3,10,7,True,True,1816,7,73,3,0.0253
34,24,ok,12,27,15,True,True,1878,11,19,12,0.03
35,24,ok,5,11,6,True,True,1941,25,12,5,0.028
36,24,ok,4,8,4,True,True,2004,18,19,4,0.0291
37,24,ok,7,9,2,True,True,2068,20,12,7,0.034
38,24,ok,4,10,6,True,True,2131,12,20,4,0.0347
39,24,ok,5,9,4,True,True,2195,29,11,5,0.0345
40,24,ok,3,6,3,True,True,2259,16,22,3,0.0356
471,23,ok,22,58,36,True,True,34558,22,30,22,11.5763
41,24,ok,5,9,4,True,True,2323,36,13,5,0.0386
42,24,ok,4,9,5,True,True,2388,15,23,4,0.052
43,24,ok,13,31,18,True,True,2452,14,13,13,0.0594
44,24,ok,2,7,5,True,True,2517,5,158,2,0.0456
472,23,ok,6,14,8,True,True,34639,31,45,6,11.5946
473,23,ok,10,27,17,True,True,34721,24,25,10,11.4533
46,24,ok,3,6,3,True,True,2647,17,21,3,0.0476
45,24,ok,23,55,32,True,True,2582,12,14,23,0.0588
48,24,ok,4,11,7,True,True,2778,17,22,4,0.0525
474,23,ok,8,24,16,True,True,34802,20,44,8,11.3837
47,24,ok,7,21,14,True,True,2712,20,15,7,0.0783
49,24,ok,7,16,9,True,True,2844,30,13,7,0.0576
50,24,ok,3,7,4,True,True,2910,16,25,3,0.062
51,24,ok,5,10,5,True,True,2976,27,13,5,0.0644
52,24,ok,3,5,2,True,True,3042,22,20,3,0.0686
54,24,ok,7,16,9,True,True,3174,13,23,7,0.0683
53,24,ok,7,18,11,True,True,3108,19,14,7,0.0904
55,24,ok,3,10,7,True,True,3241,8,96,3,0.0685
56,24,ok,12,27,15,True,True,3308,10,21,12,0.0854
57,24,ok,5,11,6,True,True,3375,16,16,5,0.0823
59,24,ok,7,13,6,True,True,3509,18,17,7,0.093
60,24,ok,4,6,2,True,True,3576,21,22,4,0.0828
58,24,ok,4,10,6,True,True,3442,20,26,4,0.1006
61,24,ok,5,10,5,True,True,3644,32,17,5,0.103
62,24,ok,3,8,5,True,True,3711,20,23,3,0.1137
475,23,ok,6,18,12,True,True,34883,17,97,6,11.3823
64,24,ok,4,9,5,True,True,3847,18,22,4,0.1018
63,24,ok,5,10,5,True,True,3779,30,15,5,0.1249
65,24,ok,13,30,17,True,True,3915,16,14,13,0.1332
66,24,ok,2,4,2,True,True,3983,8,175,2,0.1093
68,24,ok,3,7,4,True,True,4120,21,23,3,0.1099
67,24,ok,23,56,33,True,True,4051,12,16,23,0.1231
69,24,ok,7,14,7,True,True,4188,28,15,7,0.1183
71,24,ok,7,10,3,True,True,4325,32,15,7,0.123
70,24,ok,4,10,6,True,True,4257,16,24,4,0.1418
72,24,ok,3,7,4,True,True,4394,42,24,3,0.1225
73,24,ok,5,10,5,True,True,4463,31,17,5,0.1336
74,24,ok,3,7,4,True,True,4532,33,27,3,0.1409
476,23,ok,12,29,17,True,True,34964,20,42,12,11.6178
75,24,ok,7,17,10,True,True,4601,26,16,7,0.1406
76,24,ok,7,19,12,True,True,4671,20,27,7,0.1471
77,24,ok,3,11,8,True,True,4740,11,93,3,0.156
78,24,ok,12,30,18,True,True,4809,14,26,12,0.1702
79,24,ok,5,11,6,True,True,4879,37,15,5,0.1483
80,24,ok,4,8,4,True,True,4949,28,26,4,0.158
81,24,ok,7,15,8,True,True,5018,19,17,7,0.1702
82,24,ok,4,7,3,True,True,5088,23,24,4,0.1637
83,24,ok,5,10,5,True,True,5158,27,18,5,0.1671
84,24,ok,3,9,6,True,True,5228,34,27,3,0.2106
85,24,ok,5,11,6,True,True,5299,29,15,5,0.1867
86,24,ok,4,7,3,True,True,5369,26,29,4,0.2116
87,24,ok,13,30,17,True,True,5439,19,16,13,0.2241
89,24,ok,23,57,34,True,True,5580,15,14,23,0.2508
90,24,ok,3,5,2,True,True,5651,23,26,3,0.2018
88,24,ok,2,6,4,True,True,5510,12,188,2,0.3028
92,24,ok,4,8,4,True,True,5792,22,26,4,0.2003
477,23,ok,10,29,19,True,True,35045,21,28,10,11.4894
93,24,ok,7,12,5,True,True,5863,26,16,7,0.2174
94,24,ok,3,6,3,True,True,5934,33,26,3,0.2202
91,24,ok,7,16,9,True,True,5721,21,16,7,0.3345
95,24,ok,5,10,5,True,True,6005,25,15,5,0.2254
96,24,ok,3,7,4,True,True,6076,20,25,3,0.2288
98,24,ok,7,14,7,True,True,6219,23,26,7,0.239
97,24,ok,7,12,5,True,True,6148,27,19,7,0.2837
100,24,ok,12,29,17,True,True,6362,11,30,12,0.261
99,24,ok,3,7,4,True,True,6290,12,114,3,0.3222
101,24,ok,5,12,7,True,True,6433,34,15,5,0.2617
103,24,ok,7,19,12,True,True,6577,30,19,7,0.2724
104,24,ok,4,12,8,True,True,6648,20,31,4,0.2924
102,24,ok,4,10,6,True,True,6505,32,29,4,0.3347
105,24,ok,5,13,8,True,True,6720,27,16,5,0.2859
107,24,ok,5,10,5,True,True,6864,30,18,5,0.2877
478,23,ok,6,13,7,True,True,35126,25,44,6,11.7765
106,24,ok,3,4,1,True,True,6792,28,28,3,0.3638
479,23,ok,14,41,27,True,True,35207,23,26,14,11.7475
109,24,ok,13,29,16,True,True,7009,18,18,13,0.306
110,24,ok,2,6,4,True,True,7081,12,206,2,0.2973
108,24,ok,4,11,7,True,True,6936,25,28,4,0.4258
111,24,ok,23,53,30,True,True,7153,14,18,23,0.3638
113,24,ok,7,15,8,True,True,7298,34,18,7,0.3364
112,24,ok,3,6,3,True,True,7226,33,29,3,0.4453
114,24,ok,4,8,4,True,True,7371,28,27,4,0.3241
115,24,ok,7,14,7,True,True,7443,29,18,7,0.4069
118,24,ok,3,10,7,True,True,7661,54,34,3,0.3525
117,24,ok,5,12,7,True,True,7589,47,17,5,0.3659
116,24,ok,3,7,4,True,True,7516,36,29,3,0.4361
119,24,ok,7,15,8,True,True,7734,22,18,7,0.3736
121,24,ok,3,12,9,True,True,7880,8,113,3,0.4382
122,24,ok,12,27,15,True,True,7953,16,31,12,0.453
124,24,ok,4,10,6,True,True,8100,19,28,4,0.4047
120,24,ok,7,18,11,True,True,7807,15,25,7,0.6108
126,24,ok,4,9,5,True,True,8246,20,28,4,1.356
482,23,ok,6,14,8,True,True,35451,32,45,6,11.6428
127,24,ok,5,13,8,True,True,8320,23,18,5,1.3849
480,23,ok,4,13,9,True,True,35289,14,173,4,11.8199
129,24,ok,5,13,8,True,True,8467,26,17,5,1.3791
128,24,ok,3,11,8,True,True,8393,29,31,3,1.4493
123,24,ok,5,11,6,True,True,8026,41,16,5,1.6108
125,24,ok,7,12,5,True,True,8173,33,18,7,1.589
130,24,ok,4,10,6,True,True,8540,25,29,4,1.3886
481,23,ok,22,56,34,True,True,35370,18,27,22,11.99
131,24,ok,13,27,14,True,True,8614,20,18,13,1.4053
132,24,ok,2,5,3,True,True,8688,17,234,2,1.4002
134,24,ok,3,6,3,True,True,8835,34,29,3,0.4887
135,24,ok,7,12,5,True,True,8909,42,18,7,0.4858
136,24,ok,4,13,9,True,True,8983,22,29,4,0.5223
138,24,ok,3,6,3,True,True,9131,33,29,3,0.4954
139,24,ok,5,11,6,True,True,9205,44,20,5,0.5152
133,24,ok,23,63,40,True,True,8761,18,16,23,1.7569
137,24,ok,7,16,9,True,True,9057,29,15,7,0.6748
142,24,ok,7,12,5,True,True,9428,19,28,7,0.5489
140,24,ok,3,6,3,True,True,9280,19,27,3,0.6889
141,24,ok,7,10,3,True,True,9354,35,18,7,0.6097
145,24,ok,5,13,8,True,True,9651,27,18,5,0.5472
144,24,ok,12,39,27,True,True,9577,15,28,12,0.5679
143,24,ok,3,6,3,True,True,9503,13,113,3,0.7
146,24,ok,4,9,5,True,True,9726,43,28,4,0.5576
484,23,ok,8,23,15,True,True,35614,17,45,8,11.8729
147,24,ok,7,17,10,True,True,9801,30,25,7,0.5802
149,24,ok,5,12,7,True,True,9950,50,18,5,0.5919
148,24,ok,4,14,10,True,True,9875,32,29,4,0.6355
483,23,ok,10,33,23,True,True,35532,26,25,10,12.3075
150,24,ok,3,7,4,True,True,10025,26,28,3,0.6868
151,24,ok,5,11,6,True,True,10099,22,18,5,0.6571
152,24,ok,4,11,7,True,True,10174,40,33,4,0.6678
153,24,ok,13,31,18,True,True,10249,26,19,13,0.698
156,24,ok,3,7,4,True,True,10474,31,30,3,0.6426
154,24,ok,2,5,3,True,True,10324,9,221,2,0.7459
155,24,ok,23,60,37,True,True,10399,17,19,23,0.7847
157,24,ok,7,20,13,True,True,10549,26,18,7,0.7381
485,23,ok,6,21,15,True,True,35695,17,88,6,12.3361
159,24,ok,7,15,8,True,True,10700,34,19,7,0.671
486,23,ok,12,33,21,True,True,35776,21,42,12,12.1058
161,24,ok,5,11,6,True,True,10850,35,20,5,0.6925
160,24,ok,3,11,8,True,True,10775,38,30,3,0.7522
158,24,ok,4,9,5,True,True,10624,27,28,4,0.7955
162,24,ok,3,8,5,True,True,10926,30,28,3,0.7354
163,24,ok,7,13,6,True,True,11001,30,21,7,0.8133
164,24,ok,7,11,4,True,True,11076,24,30,7,0.8481
165,24,ok,3,6,3,True,True,11152,18,115,3,0.7791
168,24,ok,4,14,10,True,True,11379,20,30,4,0.8279
487,23,ok,10,21,11,True,True,35858,34,26,10,12.5338
169,24,ok,7,19,12,True,True,11454,44,20,7,0.8186
166,24,ok,12,37,25,True,True,11228,14,31,12,0.9742
172,24,ok,3,4,1,True,True,11682,34,32,3,0.856
173,24,ok,5,9,4,True,True,11758,64,16,5,0.9077
174,24,ok,4,11,7,True,True,11834,28,31,4,0.8666
175,24,ok,13,26,13,True,True,11910,21,20,13,0.8979
176,24,ok,2,9,7,True,True,11986,17,254,2,0.8495
167,24,ok,5,10,5,True,True,11303,52,20,5,1.2111
171,24,ok,5,11,6,True,True,11606,44,17,5,1.0419
170,24,ok,4,13,9,True,True,11530,24,31,4,1.2436
177,24,ok,23,56,33,True,True,12062,19,19,23,1.0066
179,24,ok,7,19,12,True,True,12214,49,19,7,0.9507
178,24,ok,3,8,5,True,True,12138,38,30,3,1.0678
490,23,ok,4,10,6,True,True,36102,15,166,4,12.0375
489,23,ok,14,31,17,True,True,36020,34,30,14,12.3477
180,24,ok,4,12,8,True,True,12290,33,31,4,0.9931
181,24,ok,7,22,15,True,True,12367,29,18,7,0.9324
182,24,ok,3,8,5,True,True,12443,26,33,3,0.9371
183,24,ok,5,12,7,True,True,12519,38,19,5,1.8862
184,24,ok,3,13,10,True,True,12596,24,29,3,1.9401
185,24,ok,7,20,13,True,True,12672,23,18,7,1.9469
186,24,ok,7,15,8,True,True,12748,24,31,7,1.9133
488,23,ok,6,17,11,True,True,35939,18,44,6,14.1086
187,24,ok,3,11,8,True,True,12825,12,128,3,2.0206
189,24,ok,5,11,6,True,True,12978,50,21,5,1.9662
188,24,ok,12,31,19,True,True,12901,19,29,12,2.0027
190,24,ok,4,11,7,True,True,13055,36,33,4,2.0204
191,24,ok,7,24,17,True,True,13131,30,19,7,2.025
193,24,ok,5,11,6,True,True,13285,37,23,5,2.1397
195,24,ok,5,14,9,True,True,13439,42,23,5,2.0955
196,24,ok,4,7,3,True,True,13515,23,35,4,2.0509
197,24,ok,13,34,21,True,True,13592,22,23,13,2.1392
201,24,ok,7,17,10,True,True,13900,43,26,7,2.0993
491,23,ok,22,57,35,True,True,36183,21,27,22,13.3394
198,24,ok,2,10,8,True,True,13669,10,244,2,2.1638
199,24,ok,23,65,42,True,True,13746,19,21,23,2.193
202,24,ok,4,9,5,True,True,13978,42,30,4,2.1274
200,24,ok,3,8,5,True,True,13823,45,31,3,2.2328
192,24,ok,4,11,7,True,True,13208,33,33,4,2.7206
203,24,ok,7,17,10,True,True,14055,33,21,7,1.1766
493,23,ok,10,30,20,True,True,36346,24,26,10,12.6554
204,24,ok,3,9,6,True,True,14132,23,35,3,1.2391
194,24,ok,3,8,5,True,True,13362,31,32,3,2.7855
205,24,ok,5,13,8,True,True,14209,53,21,5,1.2989
206,24,ok,3,9,6,True,True,14287,51,32,3,1.3611
208,24,ok,7,14,7,True,True,14441,20,35,7,1.2353
207,24,ok,7,18,11,True,True,14364,36,21,7,1.3359
492,23,ok,6,10,4,True,True,36265,27,44,6,13.0554
209,24,ok,3,13,10,True,True,14519,15,134,3,1.3466
210,24,ok,12,29,17,True,True,14596,21,34,12,1.394
211,24,ok,5,13,8,True,True,14674,44,18,5,1.4076
212,24,ok,4,10,6,True,True,14751,23,33,4,1.4296
495,23,ok,6,17,11,True,True,36509,18,94,6,12.9625
214,24,ok,4,10,6,True,True,14906,22,34,4,1.3622
215,24,ok,5,14,9,True,True,14984,41,21,5,1.3729
213,24,ok,7,15,8,True,True,14829,37,20,7,1.4978
496,23,ok,12,35,23,True,True,36590,20,44,12,12.8737
216,24,ok,3,10,7,True,True,15061,28,34,3,1.4199
217,24,ok,5,10,5,True,True,15139,37,21,5,1.477
219,24,ok,13,36,23,True,True,15295,25,21,13,2.3553
218,24,ok,4,10,6,True,True,15217,36,38,4,2.388
220,24,ok,2,6,4,True,True,15372,19,247,2,2.3699
221,24,ok,23,54,31,True,True,15450,21,24,23,2.3637
224,24,ok,4,8,4,True,True,15684,28,35,4,2.2604
225,24,ok,7,17,10,True,True,15762,24,21,7,2.2882
222,24,ok,3,9,6,True,True,15528,37,32,3,2.5018
497,23,ok,10,26,16,True,True,36672,28,29,10,14.0362
226,24,ok,3,6,3,True,True,15840,36,35,3,2.4674
223,24,ok,7,15,8,True,True,15606,44,21,7,2.7425
230,24,ok,7,17,10,True,True,16153,20,33,7,2.3719
228,24,ok,3,7,4,True,True,15996,36,36,3,2.6141
499,23,ok,14,32,18,True,True,36835,26,25,14,13.6673
231,24,ok,3,10,7,True,True,16231,14,140,3,2.4637
229,24,ok,7,16,9,True,True,16074,23,22,7,2.6526
227,24,ok,5,12,7,True,True,15918,36,21,5,2.8457
232,24,ok,12,41,29,True,True,16309,14,33,12,2.6235
233,24,ok,5,12,7,True,True,16387,30,20,5,2.6111
234,24,ok,4,12,8,True,True,16466,25,40,4,2.5761
500,23,ok,4,11,7,True,True,36916,15,168,4,13.7628
237,24,ok,5,16,11,True,True,16701,41,21,5,2.6072
235,24,ok,7,17,10,True,True,16544,34,20,7,2.7012
494,23,ok,8,20,12,True,True,36427,27,50,8,15.7849
236,24,ok,4,10,6,True,True,16622,26,33,4,2.6838
239,24,ok,5,11,6,True,True,16858,52,21,5,2.5005
238,24,ok,3,11,8,True,True,16779,29,34,3,2.5744
241,24,ok,13,35,22,True,True,17015,24,20,13,2.6182
240,24,ok,4,9,5,True,True,16936,23,36,4,2.7201
242,24,ok,2,7,5,True,True,17093,16,256,2,2.5864
498,23,ok,6,16,10,True,True,36753,26,45,6,14.9743
243,24,ok,23,62,39,True,True,17172,19,20,23,2.6851
244,24,ok,3,8,5,True,True,17250,32,33,3,1.8935
246,24,ok,4,8,4,True,True,17408,29,36,4,1.8662
247,24,ok,7,15,8,True,True,17487,29,25,7,1.9081
249,24,ok,5,11,6,True,True,17644,58,19,5,1.8357
245,24,ok,7,14,7,True,True,17329,44,22,7,2.0863
248,24,ok,3,10,7,True,True,17565,49,37,3,1.9436
251,24,ok,7,12,5,True,True,17802,29,21,7,1.9528
250,24,ok,3,9,6,True,True,17723,45,31,3,2.1478
252,24,ok,7,15,8,True,True,17881,26,35,7,2.1216
254,24,ok,12,37,25,True,True,18039,17,33,12,2.0195
256,24,ok,4,9,5,True,True,18197,36,36,4,2.0473
257,24,ok,7,20,13,True,True,18276,32,20,7,3.1025
255,24,ok,5,10,5,True,True,18118,42,21,5,3.167
258,24,ok,4,13,9,True,True,18355,39,39,4,3.215
260,24,ok,3,9,6,True,True,18513,31,36,3,3.1501
253,24,ok,3,9,6,True,True,17960,14,135,3,3.5717
261,24,ok,5,11,6,True,True,18592,28,20,5,3.281
263,24,ok,13,26,13,True,True,18751,22,21,13,3.2236
262,24,ok,4,9,5,True,True,18671,31,34,4,3.2875
259,24,ok,5,13,8,True,True,18434,53,21,5,3.4902
267,24,ok,7,13,6,True,True,19068,32,21,7,3.2511
264,24,ok,2,7,5,True,True,18830,16,260,2,3.3251
268,24,ok,4,11,7,True,True,19147,25,35,4,3.2447
270,24,ok,3,5,2,True,True,19306,45,36,3,3.2085
269,24,ok,7,12,5,True,True,19227,39,25,7,3.3748
265,24,ok,23,62,39,True,True,18909,31,20,23,3.4931
272,24,ok,3,10,7,True,True,19465,34,33,3,3.3311
273,24,ok,7,21,14,True,True,19545,31,20,7,3.4398
274,24,ok,7,14,7,True,True,19624,18,36,7,3.2831
271,24,ok,5,11,6,True,True,19386,39,21,5,3.5622
266,24,ok,3,6,3,True,True,18989,51,36,3,3.8373
277,24,ok,5,13,8,True,True,19863,30,21,5,3.4514
275,24,ok,3,11,8,True,True,19704,15,144,3,3.5664
276,24,ok,12,43,31,True,True,19783,15,33,12,3.5809
278,24,ok,4,12,8,True,True,19943,40,32,4,3.4581
280,24,ok,4,16,12,True,True,20102,32,40,4,3.561
279,24,ok,7,14,7,True,True,20022,39,21,7,3.6436
281,24,ok,5,12,7,True,True,20182,46,23,5,3.6449
282,24,ok,3,8,5,True,True,20262,52,37,3,3.6944
283,24,ok,5,16,11,True,True,20342,39,22,5,3.5106
284,24,ok,4,11,7,True,True,20421,29,34,4,3.5517
285,24,ok,13,32,19,True,True,20501,29,20,13,3.6128
286,24,ok,2,6,4,True,True,20581,16,256,2,3.9901
288,24,ok,3,7,4,True,True,20741,35,36,3,3.9492
290,24,ok,4,10,6,True,True,20901,24,35,4,4.0274
289,24,ok,7,15,8,True,True,20821,40,20,7,4.2065
287,24,ok,23,68,45,True,True,20661,20,20,23,4.4352
292,24,ok,3,6,3,True,True,21061,41,36,3,4.1956
297,24,ok,3,7,4,True,True,21462,20,148,3,4.0398
291,24,ok,7,17,10,True,True,20981,26,24,7,4.3599
300,24,ok,4,13,9,True,True,21703,47,33,4,3.943
299,24,ok,5,10,5,True,True,21622,30,21,5,4.0413
295,24,ok,7,18,11,True,True,21302,34,21,7,4.31
293,24,ok,5,15,10,True,True,21141,50,21,5,4.5686
296,24,ok,7,18,11,True,True,21382,28,36,7,4.3869
294,24,ok,3,9,6,True,True,21221,25,37,3,4.7297
301,24,ok,7,19,12,True,True,21783,42,22,7,4.2855
298,24,ok,12,39,27,True,True,21542,20,34,12,4.6303
306,24,ok,4,10,6,True,True,22185,33,37,4,4.3244
303,24,ok,5,11,6,True,True,21944,39,23,5,4.689
309,24,ok,23,54,31,True,True,22426,17,21,23,4.2322
304,24,ok,3,11,8,True,True,22024,41,34,3,4.7514
308,24,ok,2,5,3,True,True,22346,17,280,2,4.371
305,24,ok,5,11,6,True,True,22105,78,24,5,4.7748
307,24,ok,13,26,13,True,True,22265,24,21,13,4.4662
312,24,ok,4,8,4,True,True,22668,41,38,4,4.2205
302,24,ok,4,11,7,True,True,21863,27,38,4,5.0651
315,24,ok,5,11,6,True,True,22910,47,23,5,4.3138
313,24,ok,7,18,11,True,True,22749,38,21,7,4.5485
310,24,ok,3,10,7,True,True,22507,38,40,3,4.9756
316,24,ok,3,11,8,True,True,22991,50,37,3,4.2802
311,24,ok,7,20,13,True,True,22588,39,25,7,5.0005
314,24,ok,3,8,5,True,True,22829,47,37,3,5.8627
318,24,ok,7,21,14,True,True,23152,23,33,7,4.4364
317,24,ok,7,20,13,True,True,23072,28,21,7,4.6853
319,24,ok,3,8,5,True,True,23233,16,149,3,4.8255
323,24,ok,7,18,11,True,True,23556,30,21,7,4.4595
320,24,ok,12,29,17,True,True,23314,17,38,12,4.779
321,24,ok,5,10,5,True,True,23395,32,26,5,4.7772
322,24,ok,4,14,10,True,True,23475,25,37,4,4.601
326,24,ok,3,12,9,True,True,23799,23,35,3,4.4689
325,24,ok,5,11,6,True,True,23718,42,22,5,4.6657
324,24,ok,4,11,7,True,True,23637,36,39,4,4.7925
327,24,ok,5,11,6,True,True,23880,52,21,5,5.0087
329,24,ok,13,31,18,True,True,24042,29,20,13,5.1175
332,24,ok,3,12,9,True,True,24285,55,35,3,4.8767
331,24,ok,23,63,40,True,True,24204,23,22,23,5.1192
330,24,ok,2,9,7,True,True,24123,17,285,2,5.2173
335,24,ok,7,18,11,True,True,24529,39,22,7,4.7257
334,24,ok,4,12,8,True,True,24448,25,35,4,4.7689
328,24,ok,4,9,5,True,True,23961,38,33,4,5.793
336,24,ok,3,8,5,True,True,24610,25,34,3,4.8754
338,24,ok,3,7,4,True,True,24772,59,39,3,4.8552
333,24,ok,7,19,12,True,True,24366,36,22,7,5.023
337,24,ok,5,14,9,True,True,24691,42,21,5,5.889
342,24,ok,12,27,15,True,True,25098,23,36,12,5.9311
346,24,ok,4,9,5,True,True,25423,40,35,4,5.8595
345,24,ok,7,17,10,True,True,25342,29,24,7,5.95
339,24,ok,7,17,10,True,True,24854,27,22,7,6.7542
343,24,ok,5,15,10,True,True,25179,27,24,5,6.3292
341,24,ok,3,12,9,True,True,25016,14,155,3,6.9885
348,24,ok,3,4,1,True,True,25586,63,35,3,4.86
344,24,ok,4,9,5,True,True,25260,30,35,4,6.8645
349,24,ok,5,10,5,True,True,25667,54,21,5,5.3816
340,24,ok,7,18,11,True,True,24935,27,36,7,7.9025
350,24,ok,4,9,5,True,True,25749,26,37,4,5.125
354,24,ok,3,10,7,True,True,26075,34,38,3,5.1151
351,24,ok,13,36,23,True,True,25830,28,24,13,5.297
347,24,ok,5,15,10,True,True,25504,33,23,5,6.5263
355,24,ok,7,19,12,True,True,26157,39,21,7,5.3624
352,24,ok,2,7,5,True,True,25912,19,272,2,6.5615
357,24,ok,7,22,15,True,True,26320,34,23,7,6.4221
353,24,ok,23,59,36,True,True,25994,24,27,23,7.3062
358,24,ok,3,9,6,True,True,26402,44,37,3,6.6528
356,24,ok,4,10,6,True,True,26238,60,36,4,7.2994
360,24,ok,3,10,7,True,True,26565,29,35,3,6.6882
359,24,ok,5,16,11,True,True,26484,52,24,5,7.0227
362,24,ok,7,17,10,True,True,26729,20,36,7,6.7751
361,24,ok,7,23,16,True,True,26647,59,24,7,6.9026
366,24,ok,4,15,11,True,True,27056,32,35,4,6.5701
363,24,ok,3,10,7,True,True,26811,18,166,3,6.8455
367,24,ok,7,16,9,True,True,27138,41,27,7,6.6478
364,24,ok,12,42,30,True,True,26892,23,34,12,7.0019
369,24,ok,5,12,7,True,True,27302,40,24,5,6.1758
368,24,ok,4,13,9,True,True,27220,38,38,4,7.1765
371,24,ok,5,11,6,True,True,27466,56,21,5,5.7354
370,24,ok,3,8,5,True,True,27384,37,38,3,6.4677
372,24,ok,4,11,7,True,True,27548,29,39,4,6.7877
365,24,ok,5,15,10,True,True,26974,40,26,5,8.9681
373,24,ok,13,35,22,True,True,27630,23,25,13,7.1588
374,24,ok,2,7,5,True,True,27712,14,276,2,7.1992
376,24,ok,3,8,5,True,True,27876,48,37,3,6.8888
375,24,ok,23,72,49,True,True,27794,24,21,23,7.41
377,24,ok,7,18,11,True,True,27958,33,23,7,7.3024
380,24,ok,3,6,3,True,True,28204,39,40,3,6.9833
382,24,ok,3,11,8,True,True,28369,43,39,3,7.1777
381,24,ok,5,10,5,True,True,28287,63,24,5,7.3454
384,24,ok,7,16,9,True,True,28533,23,36,7,6.997
379,24,ok,7,12,5,True,True,28122,44,20,7,8.2534
385,24,ok,3,8,5,True,True,28616,18,156,3,6.6086
378,24,ok,4,9,5,True,True,28040,41,36,4,8.3387
383,24,ok,7,18,11,True,True,28451,47,22,7,7.9401
386,24,ok,12,42,30,True,True,28698,22,43,12,8.066
387,24,ok,5,14,9,True,True,28780,43,22,5,7.8516
393,24,ok,5,15,10,True,True,29274,56,27,5,7.4682
394,24,ok,4,12,8,True,True,29357,23,36,4,7.379
392,24,ok,3,8,5,True,True,29192,40,36,3,7.5974
388,24,ok,4,10,6,True,True,28863,35,43,4,8.3353
390,24,ok,4,10,6,True,True,29027,55,37,4,8.0146
395,24,ok,13,30,17,True,True,29439,26,22,13,7.7468
389,24,ok,7,14,7,True,True,28945,37,22,7,8.6994
397,24,ok,23,68,45,True,True,29604,26,23,23,7.8517
391,24,ok,5,12,7,True,True,29110,58,27,5,8.5276
396,24,ok,2,9,7,True,True,29522,10,291,2,8.2429
398,24,ok,3,7,4,True,True,29687,41,36,3,7.7888
399,24,ok,7,17,10,True,True,29769,40,23,7,7.7921
400,24,ok,4,9,5,True,True,29852,51,36,4,7.6854
401,24,ok,7,14,7,True,True,29935,28,24,7,7.3853
402,24,ok,3,10,7,True,True,30017,41,34,3,8.3138
406,24,ok,7,17,10,True,True,30348,26,37,7,7.8043
405,24,ok,7,20,13,True,True,30265,44,25,7,7.9741
403,24,ok,5,12,7,True,True,30100,37,24,5,8.7399
404,24,ok,3,7,4,True,True,30183,40,35,3,8.5849
409,24,ok,5,14,9,True,True,30596,52,23,5,7.9797
408,24,ok,12,31,19,True,True,30513,20,36,12,8.4044
412,24,ok,4,8,4,True,True,30844,41,39,4,7.8612
407,24,ok,3,12,9,True,True,30431,15,163,3,9.035
411,24,ok,7,13,6,True,True,30762,43,23,7,8.1425
410,24,ok,4,9,5,True,True,30679,46,38,4,8.4206
414,24,ok,3,7,4,True,True,31010,40,44,3,8.3019
417,24,ok,13,32,19,True,True,31259,30,24,13,8.2747
416,24,ok,4,7,3,True,True,31176,28,38,4,10.0828
413,24,ok,5,16,11,True,True,30927,33,22,5,10.4186
418,24,ok,2,7,5,True,True,31342,17,310,2,8.4371
420,24,ok,3,8,5,True,True,31508,39,35,3,8.3553
419,24,ok,23,69,46,True,True,31425,22,23,23,8.3841
421,24,ok,7,16,9,True,True,31591,40,24,7,8.3205
415,24,ok,5,12,7,True,True,31093,46,24,5,10.8063
423,24,ok,7,15,8,True,True,31757,46,22,7,8.4008
424,24,ok,3,6,3,True,True,31840,40,38,3,8.2439
422,24,ok,4,13,9,True,True,31674,42,37,4,8.7823
425,24,ok,5,8,3,True,True,31923,60,24,5,8.7047
426,24,ok,3,13,10,True,True,32006,36,41,3,8.7334
428,24,ok,7,22,15,True,True,32172,30,38,7,8.8338
427,24,ok,7,19,12,True,True,32089,40,22,7,8.9637
430,24,ok,12,34,22,True,True,32338,24,38,12,8.9893
431,24,ok,5,14,9,True,True,32421,56,23,5,8.9594
432,24,ok,4,8,4,True,True,32504,35,42,4,9.9651
434,24,ok,4,11,7,True,True,32671,37,41,4,9.0532
429,24,ok,3,7,4,True,True,32255,17,155,3,11.3442
435,24,ok,5,11,6,True,True,32754,41,25,5,9.0364
433,24,ok,7,17,10,True,True,32588,34,25,7,9.7419
436,24,ok,3,6,3,True,True,32837,47,42,3,9.1876
439,24,ok,13,31,18,True,True,33087,27,25,13,8.8462
438,24,ok,4,10,6,True,True,33004,27,37,4,8.9417
441,24,ok,23,77,54,True,True,33254,27,25,23,9.0958
440,24,ok,2,6,4,True,True,33171,20,299,2,9.6514
437,24,ok,5,14,9,True,True,32921,48,24,5,10.7474
442,24,ok,3,7,4,True,True,33337,41,37,3,10.4924
443,24,ok,7,15,8,True,True,33421,40,22,7,10.7066
445,24,ok,7,21,14,True,True,33587,41,21,7,8.9764
446,24,ok,3,9,6,True,True,33671,51,38,3,9.2757
448,24,ok,3,7,4,True,True,33838,62,40,3,9.3009
444,24,ok,4,12,8,True,True,33504,39,40,4,11.5434
450,24,ok,7,17,10,True,True,34005,29,37,7,9.1362
447,24,ok,5,17,12,True,True,33754,71,24,5,9.8457
453,24,ok,5,8,3,True,True,34255,66,24,5,9.6589
454,24,ok,4,15,11,True,True,34339,26,41,4,9.6726
449,24,ok,7,20,13,True,True,33921,47,22,7,9.9968
456,24,ok,4,8,4,True,True,34506,32,40,4,10.7114
455,24,ok,7,13,6,True,True,34423,48,25,7,11.4222
451,24,ok,3,10,7,True,True,34088,17,159,3,12.0948
457,24,ok,5,11,6,True,True,34590,57,23,5,11.2051
460,24,ok,4,9,5,True,True,34841,40,39,4,10.7894
458,24,ok,3,7,4,True,True,34673,50,38,3,11.2113
459,24,ok,5,13,8,True,True,34757,44,24,5,11.521
462,24,ok,2,5,3,True,True,35008,26,308,2,9.9289
452,24,ok,12,30,18,True,True,34172,21,44,12,13.1993
461,24,ok,13,34,21,True,True,34924,26,22,13,11.4934
464,24,ok,3,8,5,True,True,35176,53,37,3,11.0565
463,24,ok,23,81,58,True,True,35092,21,22,23,11.5393
465,24,ok,7,17,10,True,True,35259,35,23,7,11.5912
468,24,ok,3,5,2,True,True,35511,53,40,3,10.8931
466,24,ok,4,12,8,True,True,35343,36,37,4,11.497
467,24,ok,7,21,14,True,True,35427,35,30,7,11.4094
469,24,ok,5,11,6,True,True,35595,133,23,5,11.0656
470,24,ok,3,5,2,True,True,35679,61,40,3,10.9873
1,25,ok,24,24,0,True,True,54,2,3,24,0.0009
2,25,ok,4,5,1,True,True,92,3,24,4,0.0006
3,25,ok,15,27,12,True,True,134,3,11,15,0.0012
4,25,ok,4,6,2,True,True,179,4,25,4,0.001
5,25,ok,15,27,12,True,True,227,4,16,15,0.0023
6,25,ok,4,7,3,True,True,276,4,34,4,0.0016
7,25,ok,15,30,15,True,True,327,4,18,15,0.0033
8,25,ok,4,9,5,True,True,379,4,32,4,0.0025
9,25,ok,15,26,11,True,True,432,5,19,15,0.004
10,25,ok,4,12,8,True,True,486,4,37,4,0.0034
11,25,ok,15,34,19,True,True,541,5,19,15,0.0054
12,25,ok,4,8,4,True,True,596,5,34,4,0.0045
13,25,ok,15,31,16,True,True,653,8,18,15,0.0065
14,25,ok,4,8,4,True,True,710,7,42,4,0.0059
15,25,ok,15,39,24,True,True,767,6,22,15,0.0093
16,25,ok,4,11,7,True,True,826,4,38,4,0.0077
17,25,ok,15,33,18,True,True,884,8,26,15,0.0097
18,25,ok,4,11,7,True,True,944,7,36,4,0.0085
19,25,ok,15,38,23,True,True,1004,11,28,15,0.0132
20,25,ok,4,14,10,True,True,1064,7,43,4,0.0105
21,25,ok,15,39,24,True,True,1124,8,28,15,0.0145
22,25,ok,4,12,8,True,True,1185,6,54,4,0.0128
23,25,ok,15,37,22,True,True,1247,7,29,15,0.0165
24,25,ok,4,9,5,True,True,1309,7,45,4,0.0141
25,25,ok,15,34,19,True,True,1371,9,29,15,0.0187
26,25,ok,4,11,7,True,True,1433,7,46,4,0.0163
27,25,ok,15,31,16,True,True,1496,9,25,15,0.0212
28,25,ok,4,12,8,True,True,1559,6,50,4,0.0186
29,25,ok,15,35,20,True,True,1623,10,32,15,0.0239
30,25,ok,4,13,9,True,True,1686,10,49,4,0.0217
31,25,ok,15,27,12,True,True,1750,13,29,15,0.026
32,25,ok,4,9,5,True,True,1815,8,56,4,0.0243
33,25,ok,15,32,17,True,True,1879,9,29,15,0.0303
34,25,ok,4,9,5,True,True,1944,8,55,4,0.0276
35,25,ok,15,36,21,True,True,2009,8,28,15,0.0348
36,25,ok,4,9,5,True,True,2074,9,54,4,0.0327
37,25,ok,15,28,13,True,True,2140,10,26,15,0.0384
38,25,ok,4,10,6,True,True,2206,11,56,4,0.034
39,25,ok,15,39,24,True,True,2272,10,29,15,0.0423
40,25,ok,4,8,4,True,True,2338,8,63,4,0.0382
41,25,ok,15,29,14,True,True,2404,10,30,15,0.0453
42,25,ok,4,8,4,True,True,2471,8,64,4,0.0411
43,25,ok,15,39,24,True,True,2538,11,31,15,0.0506
44,25,ok,4,9,5,True,True,2605,9,54,4,0.0445
45,25,ok,15,35,20,True,True,2672,13,32,15,0.054
46,25,ok,4,10,6,True,True,2739,7,59,4,0.0515
47,25,ok,15,42,27,True,True,2807,10,33,15,0.0629
48,25,ok,4,14,10,True,True,2875,11,60,4,0.0552
49,25,ok,15,43,28,True,True,2942,9,34,15,0.0667
472,24,ok,7,18,11,True,True,35846,25,37,7,11.5347
50,25,ok,4,14,10,True,True,3011,11,58,4,0.0641
51,25,ok,15,41,26,True,True,3079,14,33,15,0.0765
52,25,ok,4,10,6,True,True,3147,12,56,4,0.0643
53,25,ok,15,43,28,True,True,3216,11,30,15,0.086
54,25,ok,4,6,2,True,True,3284,11,66,4,0.0667
55,25,ok,15,44,29,True,True,3353,14,33,15,0.0821
56,25,ok,4,10,6,True,True,3422,8,70,4,0.0721
57,25,ok,15,37,22,True,True,3492,12,41,15,0.0931
58,25,ok,4,15,11,True,True,3561,10,63,4,0.0801
60,25,ok,4,12,8,True,True,3700,10,71,4,0.0873
59,25,ok,15,38,23,True,True,3630,12,35,15,0.0991
471,24,ok,7,21,14,True,True,35762,32,25,7,12.0572
473,24,ok,3,10,7,True,True,35930,17,157,3,10.9739
61,25,ok,15,34,19,True,True,3770,13,34,15,0.0999
62,25,ok,4,11,7,True,True,3840,9,66,4,0.0951
64,25,ok,4,9,5,True,True,3980,11,66,4,0.098
63,25,ok,15,31,16,True,True,3910,12,49,15,0.1203
66,25,ok,4,11,7,True,True,4121,9,69,4,0.1089
65,25,ok,15,32,17,True,True,4050,13,39,15,0.1121
475,24,ok,5,11,6,True,True,36098,51,25,5,10.1961
67,25,ok,15,45,30,True,True,4191,11,37,15,0.1309
68,25,ok,4,12,8,True,True,4262,17,67,4,0.1307
70,25,ok,4,9,5,True,True,4403,12,61,4,0.8311
69,25,ok,15,34,19,True,True,4333,12,39,15,1.0576
71,25,ok,15,28,13,True,True,4474,13,41,15,1.0415
72,25,ok,4,12,8,True,True,4546,10,65,4,1.0685
73,25,ok,15,34,19,True,True,4617,14,41,15,1.0706
74,25,ok,4,13,9,True,True,4688,11,76,4,0.3322
76,25,ok,4,9,5,True,True,4831,10,67,4,0.1487
75,25,ok,15,38,23,True,True,4760,14,40,15,0.1836
78,25,ok,4,12,8,True,True,4975,14,71,4,0.1728
79,25,ok,15,42,27,True,True,5047,11,47,15,0.1626
77,25,ok,15,38,23,True,True,4903,14,39,15,0.1913
474,24,ok,12,32,20,True,True,36014,20,41,12,12.0357
80,25,ok,4,8,4,True,True,5119,17,69,4,0.162
81,25,ok,15,38,23,True,True,5191,14,46,15,0.1927
83,25,ok,15,36,21,True,True,5335,18,43,15,0.1868
84,25,ok,4,11,7,True,True,5408,15,80,4,0.1831
82,25,ok,4,14,10,True,True,5263,12,68,4,0.2125
85,25,ok,15,45,30,True,True,5480,15,38,15,0.2036
86,25,ok,4,10,6,True,True,5553,14,77,4,0.1857
87,25,ok,15,43,28,True,True,5626,13,42,15,0.2503
88,25,ok,4,9,5,True,True,5699,10,77,4,0.194
476,24,ok,4,13,9,True,True,36182,40,39,4,11.3127
90,25,ok,4,13,9,True,True,5845,10,75,4,0.2476
92,25,ok,4,11,7,True,True,5991,12,74,4,0.2153
89,25,ok,15,36,21,True,True,5772,14,44,15,0.2681
91,25,ok,15,38,23,True,True,5918,11,48,15,0.2712
93,25,ok,15,38,23,True,True,6064,17,46,15,0.2531
94,25,ok,4,11,7,True,True,6138,15,69,4,0.2281
97,25,ok,15,43,28,True,True,6358,14,38,15,0.2541
95,25,ok,15,43,28,True,True,6211,14,40,15,0.2641
98,25,ok,4,12,8,True,True,6432,13,80,4,0.2677
96,25,ok,4,9,5,True,True,6285,13,78,4,0.313
99,25,ok,15,39,24,True,True,6506,16,40,15,0.2916
479,24,ok,5,13,8,True,True,36434,54,25,5,11.3787
100,25,ok,4,13,9,True,True,6580,11,79,4,0.2836
101,25,ok,15,38,23,True,True,6654,15,46,15,0.2855
102,25,ok,4,10,6,True,True,6728,17,80,4,0.2673
477,24,ok,7,16,9,True,True,36266,27,24,7,11.6715
104,25,ok,4,11,7,True,True,6876,15,81,4,0.2853
103,25,ok,15,47,32,True,True,6802,17,42,15,0.296
106,25,ok,4,7,3,True,True,7025,12,87,4,0.2947
105,25,ok,15,45,30,True,True,6950,17,42,15,0.3409
107,25,ok,15,44,29,True,True,7099,14,47,15,0.3173
109,25,ok,15,32,17,True,True,7248,14,49,15,0.323
108,25,ok,4,10,6,True,True,7174,12,78,4,0.328
110,25,ok,4,12,8,True,True,7323,13,82,4,0.3122
111,25,ok,15,42,27,True,True,7398,15,43,15,0.3377
112,25,ok,4,7,3,True,True,7472,10,75,4,0.3475
113,25,ok,15,42,27,True,True,7547,14,42,15,0.3564
114,25,ok,4,11,7,True,True,7622,14,81,4,0.357
115,25,ok,15,44,29,True,True,7697,18,45,15,0.397
116,25,ok,4,11,7,True,True,7773,12,83,4,0.353
117,25,ok,15,35,20,True,True,7848,15,45,15,0.3863
118,25,ok,4,14,10,True,True,7923,9,86,4,0.4282
119,25,ok,15,44,29,True,True,7998,15,47,15,0.3974
120,25,ok,4,13,9,True,True,8074,16,80,4,0.3945
481,24,ok,5,18,13,True,True,36602,55,24,5,11.5342
122,25,ok,4,10,6,True,True,8225,12,84,4,0.4017
121,25,ok,15,36,21,True,True,8149,15,42,15,0.4379
480,24,ok,3,11,8,True,True,36518,45,37,3,12.0193
123,25,ok,15,41,26,True,True,8300,14,43,15,0.4579
124,25,ok,4,18,14,True,True,8376,13,80,4,0.4388
125,25,ok,15,40,25,True,True,8452,17,47,15,0.4448
126,25,ok,4,10,6,True,True,8528,16,89,4,0.4251
482,24,ok,4,11,7,True,True,36686,27,41,4,11.7087
127,25,ok,15,39,24,True,True,8603,17,47,15,0.4801
128,25,ok,4,11,7,True,True,8679,16,80,4,0.4414
131,25,ok,15,36,21,True,True,8908,15,45,15,0.4823
129,25,ok,15,48,33,True,True,8755,16,51,15,0.528
132,25,ok,4,12,8,True,True,8984,13,79,4,0.4784
130,25,ok,4,13,9,True,True,8831,17,96,4,0.5017
133,25,ok,15,35,20,True,True,9060,16,51,15,0.5277
134,25,ok,4,12,8,True,True,9136,11,92,4,0.4784
136,25,ok,4,10,6,True,True,9289,15,87,4,0.4888
137,25,ok,15,35,20,True,True,9366,17,47,15,0.5225
138,25,ok,4,10,6,True,True,9442,14,84,4,0.5276
135,25,ok,15,46,31,True,True,9213,18,47,15,0.6274
483,24,ok,13,34,21,True,True,36770,29,25,13,12.2829
140,25,ok,4,16,12,True,True,9595,13,93,4,0.9085
139,25,ok,15,41,26,True,True,9519,16,48,15,1.5082
142,25,ok,4,13,9,True,True,9749,12,84,4,1.4654
141,25,ok,15,45,30,True,True,9672,15,54,15,1.5138
144,25,ok,4,11,7,True,True,9903,13,95,4,1.4964
143,25,ok,15,48,33,True,True,9826,15,53,15,1.5465
484,24,ok,2,8,6,True,True,36854,15,300,2,11.7819
146,25,ok,4,13,9,True,True,10057,13,88,4,1.5648
145,25,ok,15,36,21,True,True,9980,19,47,15,1.5762
147,25,ok,15,42,27,True,True,10134,16,48,15,1.5204
148,25,ok,4,18,14,True,True,10211,11,88,4,1.5242
149,25,ok,15,36,21,True,True,10288,17,48,15,1.5985
150,25,ok,4,11,7,True,True,10365,14,88,4,1.6081
152,25,ok,4,9,5,True,True,10520,14,82,4,1.1673
151,25,ok,15,39,24,True,True,10443,18,51,15,1.6426
153,25,ok,15,38,23,True,True,10598,16,50,15,0.7303
154,25,ok,4,12,8,True,True,10675,21,88,4,0.7106
155,25,ok,15,39,24,True,True,10753,18,50,15,0.7179
478,24,ok,4,15,11,True,True,36350,29,37,4,15.0659
156,25,ok,4,10,6,True,True,10830,16,88,4,0.7569
157,25,ok,15,38,23,True,True,10908,17,45,15,0.7758
158,25,ok,4,13,9,True,True,10985,9,89,4,0.7307
160,25,ok,4,12,8,True,True,11141,18,86,4,0.7699
159,25,ok,15,45,30,True,True,11063,17,47,15,0.8002
161,25,ok,15,48,33,True,True,11219,16,54,15,0.7718
488,24,ok,4,11,7,True,True,37191,37,39,4,11.9624
162,25,ok,4,12,8,True,True,11297,21,84,4,0.7424
487,24,ok,7,15,8,True,True,37106,33,23,7,12.337
163,25,ok,15,40,25,True,True,11375,17,45,15,0.8189
165,25,ok,15,45,30,True,True,11531,16,50,15,0.7908
164,25,ok,4,14,10,True,True,11453,15,88,4,0.8528
166,25,ok,4,17,13,True,True,11609,17,97,4,0.8709
168,25,ok,4,12,8,True,True,11765,17,88,4,0.8254
167,25,ok,15,39,24,True,True,11687,18,49,15,0.9176
485,24,ok,23,69,46,True,True,36938,25,22,23,12.945
169,25,ok,15,39,24,True,True,11843,22,57,15,0.8684
489,24,ok,7,16,9,True,True,37275,45,24,7,12.4405
171,25,ok,15,51,36,True,True,12000,20,48,15,0.9323
173,25,ok,15,43,28,True,True,12157,16,53,15,0.9009
172,25,ok,4,9,5,True,True,12078,20,82,4,0.913
491,24,ok,5,11,6,True,True,37443,62,24,5,12.0712
170,25,ok,4,11,7,True,True,11922,19,95,4,1.1268
174,25,ok,4,10,6,True,True,12235,14,94,4,0.9346
176,25,ok,4,14,10,True,True,12392,14,89,4,0.8769
175,25,ok,15,46,31,True,True,12314,21,53,15,0.9833
178,25,ok,4,19,15,True,True,12550,20,91,4,0.9191
177,25,ok,15,43,28,True,True,12471,20,50,15,0.9584
180,25,ok,4,12,8,True,True,12707,18,86,4,0.9596
181,25,ok,15,45,30,True,True,12786,23,49,15,0.9672
179,25,ok,15,34,19,True,True,12628,20,50,15,1.0214
182,25,ok,4,12,8,True,True,12865,14,93,4,1.9301
183,25,ok,15,50,35,True,True,12944,20,48,15,1.9086
184,25,ok,4,12,8,True,True,13022,14,93,4,1.8174
185,25,ok,15,41,26,True,True,13101,19,54,15,1.8833
186,25,ok,4,6,2,True,True,13181,14,95,4,1.9237
490,24,ok,3,10,7,True,True,37359,31,42,3,13.855
187,25,ok,15,48,33,True,True,13260,16,49,15,1.9502
190,25,ok,4,12,8,True,True,13497,14,94,4,1.857
189,25,ok,15,44,29,True,True,13418,19,49,15,1.9293
192,25,ok,4,10,6,True,True,13656,15,89,4,1.8791
191,25,ok,15,45,30,True,True,13576,16,49,15,1.975
195,25,ok,15,45,30,True,True,13894,19,52,15,1.9582
194,25,ok,4,11,7,True,True,13814,15,88,4,1.985
188,25,ok,4,11,7,True,True,13339,12,103,4,2.2394
493,24,ok,7,25,18,True,True,37612,51,25,7,13.9051
197,25,ok,15,48,33,True,True,14053,22,50,15,2.0
196,25,ok,4,11,7,True,True,13973,17,97,4,2.0354
198,25,ok,4,10,6,True,True,14132,15,97,4,2.008
200,25,ok,4,10,6,True,True,14291,18,91,4,1.9673
193,25,ok,15,39,24,True,True,13735,25,51,15,2.3136
199,25,ok,15,45,30,True,True,14212,16,53,15,2.0471
201,25,ok,15,47,32,True,True,14371,16,50,15,2.1746
497,24,ok,5,14,9,True,True,37949,42,25,5,11.9022
494,24,ok,7,22,15,True,True,37696,26,39,7,12.8549
204,25,ok,4,13,9,True,True,14610,15,90,4,1.256
202,25,ok,4,15,11,True,True,14451,16,101,4,1.3804
495,24,ok,3,7,4,True,True,37780,17,165,3,12.4504
203,25,ok,15,47,32,True,True,14531,19,54,15,1.3526
486,24,ok,3,9,6,True,True,37022,50,39,3,15.9138
208,25,ok,4,12,8,True,True,14930,15,91,4,1.3025
206,25,ok,4,10,6,True,True,14770,15,92,4,1.4107
500,24,ok,4,6,2,True,True,38202,34,38,4,12.2251
209,25,ok,15,40,25,True,True,15010,15,52,15,1.3541
207,25,ok,15,41,26,True,True,14850,20,47,15,1.4908
210,25,ok,4,10,6,True,True,15090,19,96,4,1.3563
496,24,ok,12,29,17,True,True,37864,24,39,12,12.7127
211,25,ok,15,36,21,True,True,15170,22,51,15,1.36
205,25,ok,15,38,23,True,True,14690,17,49,15,1.7487
498,24,ok,4,7,3,True,True,38033,36,45,4,12.6005
212,25,ok,4,15,11,True,True,15250,22,97,4,1.4699
213,25,ok,15,37,22,True,True,15330,20,55,15,1.4025
214,25,ok,4,11,7,True,True,15410,17,97,4,1.4645
499,24,ok,7,20,13,True,True,38117,45,25,7,12.7981
217,25,ok,15,47,32,True,True,15651,14,53,15,1.4541
215,25,ok,15,39,24,True,True,15491,21,52,15,1.5578
218,25,ok,4,14,10,True,True,15731,14,95,4,1.5156
216,25,ok,4,10,6,True,True,15571,12,96,4,1.5669
219,25,ok,15,39,24,True,True,15812,20,59,15,1.5309
220,25,ok,4,11,7,True,True,15892,13,93,4,1.4617
221,25,ok,15,49,34,True,True,15973,19,51,15,1.5647
222,25,ok,4,17,13,True,True,16053,12,103,4,1.5705
492,24,ok,3,10,7,True,True,37527,36,40,3,16.0203
224,25,ok,4,12,8,True,True,16214,12,101,4,1.9969
223,25,ok,15,50,35,True,True,16134,17,53,15,2.5252
226,25,ok,4,17,13,True,True,16376,14,101,4,2.4868
225,25,ok,15,44,29,True,True,16295,18,57,15,2.5388
228,25,ok,4,13,9,True,True,16537,15,95,4,2.5389
227,25,ok,15,45,30,True,True,16456,20,54,15,2.6277
229,25,ok,15,46,31,True,True,16618,17,53,15,2.6098
231,25,ok,15,43,28,True,True,16779,17,57,15,2.5507
234,25,ok,4,16,12,True,True,17022,11,100,4,2.5128
233,25,ok,15,44,29,True,True,16941,17,52,15,2.5825
232,25,ok,4,18,14,True,True,16860,19,104,4,2.7139
238,25,ok,4,15,11,True,True,17346,15,96,4,2.5908
236,25,ok,4,8,4,True,True,17184,16,103,4,2.7057
230,25,ok,4,17,13,True,True,16698,14,101,4,3.0758
235,25,ok,15,40,25,True,True,17103,16,54,15,2.8086
237,25,ok,15,44,29,True,True,17265,18,52,15,2.7739
242,25,ok,4,13,9,True,True,17670,14,116,4,2.6192
240,25,ok,4,11,7,True,True,17508,17,96,4,2.7316
241,25,ok,15,47,32,True,True,17589,17,53,15,2.8527
243,25,ok,15,47,32,True,True,17752,17,61,15,2.8135
245,25,ok,15,42,27,True,True,17914,19,57,15,2.7492
244,25,ok,4,10,6,True,True,17833,14,114,4,2.8793
246,25,ok,4,11,7,True,True,17996,19,108,4,2.8894
248,25,ok,4,10,6,True,True,18158,17,103,4,2.8949
250,25,ok,4,12,8,True,True,18321,16,100,4,2.7864
247,25,ok,15,42,27,True,True,18077,17,63,15,2.9381
249,25,ok,15,45,30,True,True,18240,19,63,15,2.9548
239,25,ok,15,44,29,True,True,17427,21,54,15,3.3802
252,25,ok,4,12,8,True,True,18484,21,96,4,2.8917
251,25,ok,15,45,30,True,True,18403,19,57,15,2.9554
254,25,ok,4,11,7,True,True,18647,20,99,4,2.3211
256,25,ok,4,9,5,True,True,18811,22,96,4,2.0938
255,25,ok,15,37,22,True,True,18729,17,54,15,2.2471
258,25,ok,4,13,9,True,True,18974,16,97,4,2.1879
257,25,ok,15,47,32,True,True,18892,20,57,15,2.3142
260,25,ok,4,7,3,True,True,19138,24,110,4,2.2357
253,25,ok,15,38,23,True,True,18566,20,53,15,3.6351
261,25,ok,15,45,30,True,True,19219,20,60,15,2.1769
262,25,ok,4,10,6,True,True,19301,21,102,4,2.1405
259,25,ok,15,53,38,True,True,19056,17,57,15,2.4372
263,25,ok,15,37,22,True,True,19383,25,61,15,2.2561
265,25,ok,15,39,24,True,True,19547,23,61,15,2.2549
266,25,ok,4,13,9,True,True,19629,17,105,4,2.313
264,25,ok,4,12,8,True,True,19465,16,108,4,2.4374
270,25,ok,4,16,12,True,True,19957,14,105,4,2.2715
269,25,ok,15,54,39,True,True,19875,23,58,15,2.5432
268,25,ok,4,10,6,True,True,19793,16,96,4,2.5987
271,25,ok,15,43,28,True,True,20039,18,54,15,2.5086
272,25,ok,4,8,4,True,True,20121,20,100,4,3.4026
274,25,ok,4,9,5,True,True,20286,26,100,4,3.2844
273,25,ok,15,47,32,True,True,20204,20,61,15,3.5278
275,25,ok,15,48,33,True,True,20368,19,52,15,3.5192
278,25,ok,4,9,5,True,True,20615,16,106,4,3.376
276,25,ok,4,11,7,True,True,20450,22,98,4,3.4943
267,25,ok,15,54,39,True,True,19711,24,56,15,4.1335
280,25,ok,4,11,7,True,True,20780,17,105,4,3.5407
277,25,ok,15,44,29,True,True,20533,18,63,15,3.7252
279,25,ok,15,49,34,True,True,20697,17,61,15,3.7797
284,25,ok,4,13,9,True,True,21110,20,107,4,3.5232
282,25,ok,4,14,10,True,True,20945,24,115,4,3.609
283,25,ok,15,45,30,True,True,21027,19,54,15,3.7088
286,25,ok,4,16,12,True,True,21275,17,100,4,3.6474
281,25,ok,15,45,30,True,True,20862,23,57,15,4.3055
285,25,ok,15,42,27,True,True,21192,17,59,15,3.7147
288,25,ok,4,11,7,True,True,21440,19,104,4,3.7396
287,25,ok,15,43,28,True,True,21357,21,57,15,3.8095
292,25,ok,4,12,8,True,True,21771,18,99,4,3.6708
289,25,ok,15,44,29,True,True,21522,23,53,15,3.8672
291,25,ok,15,48,33,True,True,21688,20,61,15,3.7679
294,25,ok,4,15,11,True,True,21936,13,106,4,3.75
293,25,ok,15,43,28,True,True,21853,17,58,15,4.0701
296,25,ok,4,10,6,True,True,22102,12,98,4,3.8233
295,25,ok,15,45,30,True,True,22019,19,58,15,3.9061
290,25,ok,4,6,2,True,True,21605,19,112,4,4.3373
298,25,ok,4,10,6,True,True,22268,14,101,4,3.8169
297,25,ok,15,49,34,True,True,22185,20,57,15,4.4036
300,25,ok,4,12,8,True,True,22433,19,115,4,4.0508
303,25,ok,15,44,29,True,True,22682,23,55,15,3.0458
299,25,ok,15,48,33,True,True,22351,24,60,15,4.2034
301,25,ok,15,52,37,True,True,22516,21,56,15,4.1933
302,25,ok,4,11,7,True,True,22599,24,110,4,3.2079
306,25,ok,4,13,9,True,True,22932,14,108,4,3.994
304,25,ok,4,15,11,True,True,22766,21,109,4,4.1216
305,25,ok,15,50,35,True,True,22849,21,59,15,4.1375
307,25,ok,15,36,21,True,True,23015,16,59,15,4.0952
309,25,ok,15,42,27,True,True,23181,22,58,15,4.2485
312,25,ok,4,10,6,True,True,23431,19,104,4,4.0761
310,25,ok,4,11,7,True,True,23265,20,112,4,4.438
311,25,ok,15,40,25,True,True,23348,21,59,15,4.359
313,25,ok,15,39,24,True,True,23514,21,59,15,4.3353
308,25,ok,4,10,6,True,True,23098,19,104,4,4.819
315,25,ok,15,46,31,True,True,23681,20,60,15,4.347
314,25,ok,4,12,8,True,True,23598,17,113,4,4.8102
317,25,ok,15,49,34,True,True,23848,20,58,15,4.3828
316,25,ok,4,10,6,True,True,23764,22,116,4,4.6147
318,25,ok,4,14,10,True,True,23931,20,111,4,4.4041
320,25,ok,4,9,5,True,True,24098,17,107,4,4.3927
319,25,ok,15,44,29,True,True,24015,21,58,15,4.5802
322,25,ok,4,12,8,True,True,24265,23,116,4,4.5078
321,25,ok,15,37,22,True,True,24182,18,63,15,4.6855
323,25,ok,15,51,36,True,True,24349,21,59,15,4.6126
326,25,ok,4,10,6,True,True,24600,19,105,4,4.5092
328,25,ok,4,9,5,True,True,24767,19,114,4,4.4389
325,25,ok,15,46,31,True,True,24516,18,61,15,4.7348
324,25,ok,4,11,7,True,True,24432,20,104,4,4.9075
331,25,ok,15,40,25,True,True,25018,26,56,15,5.5936
330,25,ok,4,13,9,True,True,24934,23,107,4,5.8537
332,25,ok,4,8,4,True,True,25102,23,107,4,5.8583
327,25,ok,15,49,34,True,True,24683,24,61,15,6.5749
329,25,ok,15,38,23,True,True,24851,22,56,15,6.0501
335,25,ok,15,42,27,True,True,25353,22,64,15,4.7261
334,25,ok,4,11,7,True,True,25270,16,115,4,6.0197
333,25,ok,15,41,26,True,True,25186,24,57,15,6.1074
338,25,ok,4,9,5,True,True,25605,12,106,4,4.9284
336,25,ok,4,12,8,True,True,25437,26,101,4,5.1232
337,25,ok,15,43,28,True,True,25521,22,57,15,5.022
340,25,ok,4,9,5,True,True,25773,22,107,4,4.8015
339,25,ok,15,54,39,True,True,25689,16,57,15,5.0114
342,25,ok,4,15,11,True,True,25941,20,107,4,5.2212
343,25,ok,15,43,28,True,True,26025,20,57,15,5.1738
341,25,ok,15,45,30,True,True,25857,18,55,15,5.5295
345,25,ok,15,44,29,True,True,26193,23,64,15,5.216
347,25,ok,15,45,30,True,True,26362,24,54,15,5.3272
344,25,ok,4,14,10,True,True,26109,18,109,4,6.0203
349,25,ok,15,38,23,True,True,26530,20,57,15,5.3027
348,25,ok,4,16,12,True,True,26446,16,111,4,5.5046
350,25,ok,4,14,10,True,True,26614,20,102,4,5.3226
352,25,ok,4,12,8,True,True,26783,25,106,4,6.3457
351,25,ok,15,46,31,True,True,26699,22,59,15,6.5231
346,25,ok,4,17,13,True,True,26278,15,110,4,7.1223
354,25,ok,4,12,8,True,True,26951,17,110,4,6.3174
353,25,ok,15,37,22,True,True,26867,21,57,15,6.4836
356,25,ok,4,12,8,True,True,27120,23,116,4,6.1511
355,25,ok,15,56,41,True,True,27036,29,58,15,6.4814
357,25,ok,15,32,17,True,True,27204,22,66,15,6.6086
358,25,ok,4,13,9,True,True,27289,19,123,4,6.8703
359,25,ok,15,42,27,True,True,27373,22,65,15,5.4077
364,25,ok,4,14,10,True,True,27796,13,116,4,5.481
360,25,ok,4,6,2,True,True,27458,25,120,4,5.8943
361,25,ok,15,47,32,True,True,27542,26,67,15,5.9359
363,25,ok,15,50,35,True,True,27711,25,61,15,5.9745
366,25,ok,4,18,14,True,True,27965,13,111,4,5.8073
367,25,ok,15,44,29,True,True,28049,26,61,15,5.8051
365,25,ok,15,43,28,True,True,27880,18,62,15,6.0593
369,25,ok,15,37,22,True,True,28219,26,57,15,5.858
370,25,ok,4,13,9,True,True,28303,20,109,4,5.7015
368,25,ok,4,9,5,True,True,28134,16,109,4,5.9479
362,25,ok,4,17,13,True,True,27627,16,106,4,7.2678
371,25,ok,15,46,31,True,True,28388,29,59,15,6.7826
373,25,ok,15,39,24,True,True,28558,26,57,15,6.9229
372,25,ok,4,13,9,True,True,28473,25,115,4,7.1031
375,25,ok,15,39,24,True,True,28727,24,58,15,6.9082
374,25,ok,4,17,13,True,True,28642,17,109,4,7.2676
376,25,ok,4,14,10,True,True,28812,17,110,4,6.9246
378,25,ok,4,12,8,True,True,28982,19,110,4,7.0464
380,25,ok,4,15,11,True,True,29151,19,111,4,7.2634
377,25,ok,15,47,32,True,True,28897,24,59,15,7.6768
382,25,ok,4,14,10,True,True,29321,27,116,4,6.2868
384,25,ok,4,13,9,True,True,29491,19,113,4,6.1923
386,25,ok,4,12,8,True,True,29661,17,121,4,6.1696
379,25,ok,15,47,32,True,True,29066,18,60,15,7.918
381,25,ok,15,45,30,True,True,29236,20,61,15,6.7281
383,25,ok,15,44,29,True,True,29406,25,64,15,6.6004
387,25,ok,15,46,31,True,True,29746,27,65,15,6.4149
388,25,ok,4,10,6,True,True,29831,20,113,4,7.2333
385,25,ok,15,42,27,True,True,29576,21,58,15,7.9668
390,25,ok,4,11,7,True,True,30001,16,117,4,7.2132
391,25,ok,15,45,30,True,True,30087,24,60,15,7.3074
389,25,ok,15,46,31,True,True,29916,21,63,15,7.9386
392,25,ok,4,14,10,True,True,30172,14,111,4,7.8756
393,25,ok,15,56,41,True,True,30257,28,67,15,7.7065
396,25,ok,4,16,12,True,True,30513,18,117,4,7.5273
398,25,ok,4,13,9,True,True,30683,15,115,4,7.6099
397,25,ok,15,55,40,True,True,30598,22,67,15,7.7367
394,25,ok,4,14,10,True,True,30342,24,114,4,8.0755
399,25,ok,15,39,24,True,True,30768,27,63,15,7.8071
401,25,ok,15,38,23,True,True,30939,20,72,15,7.0471
402,25,ok,4,11,7,True,True,31024,19,109,4,6.818
395,25,ok,15,48,33,True,True,30427,21,60,15,8.9075
403,25,ok,15,51,36,True,True,31110,32,68,15,7.0474
400,25,ok,4,10,6,True,True,30854,19,109,4,10.0754
404,25,ok,4,15,11,True,True,31195,19,109,4,8.086
407,25,ok,15,41,26,True,True,31451,20,60,15,8.0923
405,25,ok,15,50,35,True,True,31280,26,62,15,8.3085
406,25,ok,4,16,12,True,True,31366,18,117,4,8.3904
408,25,ok,4,15,11,True,True,31537,16,114,4,8.1915
409,25,ok,15,44,29,True,True,31622,23,62,15,7.9926
410,25,ok,4,12,8,True,True,31708,21,112,4,8.3792
413,25,ok,15,38,23,True,True,31964,20,62,15,8.0715
412,25,ok,4,16,12,True,True,31879,22,113,4,8.2514
411,25,ok,15,45,30,True,True,31793,23,58,15,8.3715
416,25,ok,4,11,7,True,True,32221,16,112,4,8.3526
415,25,ok,15,41,26,True,True,32136,20,62,15,8.6659
417,25,ok,15,48,33,True,True,32307,23,63,15,8.5166
418,25,ok,4,15,11,True,True,32393,22,115,4,7.4311
420,25,ok,4,9,5,True,True,32564,22,112,4,8.2288
419,25,ok,15,38,23,True,True,32478,28,58,15,8.7803
421,25,ok,15,53,38,True,True,32650,23,77,15,8.4008
414,25,ok,4,15,11,True,True,32050,19,111,4,11.0016
422,25,ok,4,8,4,True,True,32736,18,117,4,9.1001
424,25,ok,4,22,18,True,True,32907,16,119,4,8.6439
426,25,ok,4,16,12,True,True,33079,18,109,4,8.5671
425,25,ok,15,45,30,True,True,32993,23,64,15,8.796
423,25,ok,15,47,32,True,True,32821,18,63,15,9.1986
427,25,ok,15,41,26,True,True,33165,20,59,15,8.8504
430,25,ok,4,13,9,True,True,33422,22,104,4,8.8146
429,25,ok,15,43,28,True,True,33336,21,61,15,8.9689
431,25,ok,15,59,44,True,True,33508,22,63,15,8.8826
428,25,ok,4,16,12,True,True,33250,17,112,4,9.2555
433,25,ok,15,54,39,True,True,33680,23,61,15,10.0079
435,25,ok,15,42,27,True,True,33852,23,61,15,9.0208
436,25,ok,4,10,6,True,True,33938,28,108,4,9.1329
437,25,ok,15,52,37,True,True,34024,20,62,15,9.188
432,25,ok,4,14,10,True,True,33594,28,121,4,11.4972
440,25,ok,4,9,5,True,True,34282,30,111,4,8.8233
438,25,ok,4,16,12,True,True,34110,19,121,4,9.3967
439,25,ok,15,51,36,True,True,34196,23,62,15,9.1274
434,25,ok,4,9,5,True,True,33766,20,111,4,10.4676
442,25,ok,4,11,7,True,True,34454,20,123,4,9.7631
444,25,ok,4,13,9,True,True,34627,22,118,4,9.998
443,25,ok,15,43,28,True,True,34541,25,64,15,10.0963
441,25,ok,15,47,32,True,True,34368,28,61,15,10.2716
445,25,ok,15,33,18,True,True,34713,24,61,15,10.1405
447,25,ok,15,38,23,True,True,34885,23,66,15,10.2055
446,25,ok,4,16,12,True,True,34799,17,114,4,10.3888
449,25,ok,15,39,24,True,True,35058,26,63,15,9.2502
448,25,ok,4,15,11,True,True,34972,18,113,4,10.3671
450,25,ok,4,13,9,True,True,35144,19,116,4,9.6012
451,25,ok,15,55,40,True,True,35230,25,60,15,10.1724
456,25,ok,4,10,6,True,True,35662,32,119,4,10.3326
455,25,ok,15,46,31,True,True,35576,23,64,15,10.4457
454,25,ok,4,7,3,True,True,35489,12,111,4,10.8171
453,25,ok,15,40,25,True,True,35403,35,60,15,11.164
452,25,ok,4,9,5,True,True,35317,15,125,4,11.8636
458,25,ok,4,8,4,True,True,35835,18,118,4,10.9782
459,25,ok,15,49,34,True,True,35921,24,66,15,10.7686
457,25,ok,15,51,36,True,True,35749,20,60,15,11.2564
460,25,ok,4,11,7,True,True,36008,17,126,4,11.0713
461,25,ok,15,43,28,True,True,36094,26,64,15,11.0747
462,25,ok,4,11,7,True,True,36181,26,111,4,12.4734
463,25,ok,15,52,37,True,True,36267,27,62,15,11.2121
464,25,ok,4,13,9,True,True,36354,20,112,4,11.5348
468,25,ok,4,16,12,True,True,36700,29,112,4,10.8447
465,25,ok,15,45,30,True,True,36440,19,67,15,11.2679
466,25,ok,4,10,6,True,True,36527,27,110,4,11.3473
470,25,ok,4,12,8,True,True,36873,20,121,4,11.0257
472,25,ok,4,18,14,True,True,37047,18,123,4,10.2343
469,25,ok,15,50,35,True,True,36787,27,65,15,11.8847
1,26,ok,25,25,0,True,True,56,2,3,25,0.0008
2,26,ok,3,3,0,True,True,95,6,16,3,0.0005
3,26,ok,8,11,3,True,True,139,7,17,8,0.0011
4,26,ok,4,8,4,True,True,186,3,18,4,0.0035
5,26,ok,5,9,4,True,True,235,4,20,5,0.0015
6,26,ok,6,9,3,True,True,286,4,18,6,0.0019
7,26,ok,8,10,2,True,True,338,7,19,8,0.0044
8,26,ok,3,5,2,True,True,392,10,21,3,0.0048
9,26,ok,13,24,11,True,True,447,8,23,13,0.0062
10,26,ok,2,6,4,True,True,503,5,46,2,0.0056
11,26,ok,16,33,17,True,True,559,8,22,16,0.014
12,26,ok,3,6,3,True,True,617,7,30,3,0.0042
13,26,ok,9,13,4,True,True,675,11,26,9,0.0054
14,26,ok,4,9,5,True,True,734,7,32,4,0.0057
15,26,ok,4,8,4,True,True,794,7,32,4,0.0087
16,26,ok,6,11,5,True,True,854,5,30,6,0.012
17,26,ok,9,16,7,True,True,915,13,29,9,0.0133
18,26,ok,3,8,5,True,True,976,10,32,3,0.011
19,26,ok,12,18,6,True,True,1038,9,33,12,0.0111
20,26,ok,2,8,6,True,True,1100,4,112,2,0.0105
21,26,ok,21,43,22,True,True,1163,6,35,21,0.0163
22,26,ok,3,8,5,True,True,1226,13,35,3,0.0123
23,26,ok,8,14,6,True,True,1289,9,32,8,0.0149
24,26,ok,4,4,0,True,True,1353,8,36,4,0.0146
25,26,ok,5,11,6,True,True,1417,8,46,5,0.0184
26,26,ok,6,11,5,True,True,1482,7,34,6,0.0236
27,26,ok,8,15,7,True,True,1547,10,35,8,0.0198
473,25,ok,15,45,30,True,True,37133,28,64,15,10.4047
28,26,ok,3,6,3,True,True,1612,10,35,3,0.0196
29,26,ok,13,26,13,True,True,1678,10,35,13,0.024
30,26,ok,2,2,0,True,True,1744,7,76,2,0.0216
31,26,ok,16,33,17,True,True,1810,9,37,16,0.1489
32,26,ok,3,7,4,True,True,1876,10,40,3,0.3015
33,26,ok,9,16,7,True,True,1943,8,48,9,0.7931
474,25,ok,4,14,10,True,True,37220,18,112,4,11.2954
34,26,ok,4,8,4,True,True,2010,8,44,4,0.6663
35,26,ok,4,13,9,True,True,2077,8,47,4,0.0343
36,26,ok,6,13,7,True,True,2144,7,41,6,0.0319
38,26,ok,3,6,3,True,True,2280,15,39,3,0.0346
37,26,ok,9,17,8,True,True,2212,13,47,9,0.0378
39,26,ok,12,23,11,True,True,2348,10,38,12,0.0403
40,26,ok,2,5,3,True,True,2416,7,154,2,0.0422
41,26,ok,21,38,17,True,True,2485,11,46,21,0.0535
42,26,ok,3,5,2,True,True,2554,9,46,3,0.0458
43,26,ok,8,14,6,True,True,2623,11,45,8,0.0538
45,26,ok,5,14,9,True,True,2761,8,52,5,0.0508
44,26,ok,4,8,4,True,True,2692,10,46,4,0.0635
46,26,ok,6,13,7,True,True,2831,8,43,6,0.0543
47,26,ok,8,18,10,True,True,2901,11,41,8,0.0559
48,26,ok,3,6,3,True,True,2971,13,43,3,0.0682
49,26,ok,13,27,14,True,True,3041,10,45,13,0.0668
50,26,ok,2,9,7,True,True,3111,6,97,2,0.0607
52,26,ok,3,6,3,True,True,3252,10,51,3,0.0675
51,26,ok,16,30,14,True,True,3182,13,44,16,0.0998
53,26,ok,9,15,6,True,True,3323,20,50,9,0.0709
55,26,ok,4,11,7,True,True,3465,12,52,4,0.0785
54,26,ok,4,10,6,True,True,3394,11,43,4,0.08
56,26,ok,6,14,8,True,True,3536,10,46,6,0.0865
57,26,ok,9,18,9,True,True,3608,19,48,9,0.0846
58,26,ok,3,6,3,True,True,3679,9,53,3,0.0855
467,25,ok,15,51,36,True,True,36613,18,67,15,13.8742
475,25,ok,15,44,29,True,True,37307,24,63,15,11.7892
59,26,ok,12,25,13,True,True,3751,19,45,12,0.1
476,25,ok,4,12,8,True,True,37393,20,113,4,11.3913
60,26,ok,2,5,3,True,True,3823,7,176,2,0.0904
61,26,ok,21,49,28,True,True,3895,10,49,21,0.1127
62,26,ok,3,11,8,True,True,3967,8,52,3,0.12
63,26,ok,8,16,8,True,True,4040,18,44,8,0.1089
64,26,ok,4,10,6,True,True,4112,10,51,4,0.1083
65,26,ok,5,12,7,True,True,4185,7,52,5,0.11
66,26,ok,6,13,7,True,True,4257,11,51,6,0.1222
67,26,ok,8,15,7,True,True,4330,16,45,8,0.1176
68,26,ok,3,7,4,True,True,4403,22,53,3,0.1353
70,26,ok,2,5,3,True,True,4550,9,99,2,0.1284
69,26,ok,13,24,11,True,True,4476,13,49,13,0.1481
71,26,ok,16,33,17,True,True,4623,14,52,16,0.1436
72,26,ok,3,5,2,True,True,4696,22,47,3,0.1484
73,26,ok,9,17,8,True,True,4770,15,55,9,0.1467
75,26,ok,4,6,2,True,True,4917,10,56,4,0.1472
74,26,ok,4,9,5,True,True,4844,11,52,4,0.1752
76,26,ok,6,15,9,True,True,4991,9,63,6,0.1611
77,26,ok,9,17,8,True,True,5065,19,53,9,0.1551
78,26,ok,3,10,7,True,True,5140,14,56,3,0.1752
79,26,ok,12,24,12,True,True,5214,13,53,12,0.1744
80,26,ok,2,4,2,True,True,5288,8,184,2,0.1615
82,26,ok,3,9,6,True,True,5437,16,55,3,0.1707
477,25,ok,15,52,37,True,True,37480,20,65,15,11.4576
83,26,ok,8,15,7,True,True,5512,11,54,8,0.1812
81,26,ok,21,47,26,True,True,5363,15,54,21,0.2298
84,26,ok,4,11,7,True,True,5587,14,50,4,0.2014
85,26,ok,5,12,7,True,True,5662,11,60,5,0.1947
86,26,ok,6,18,12,True,True,5737,11,54,6,0.205
479,25,ok,15,38,23,True,True,37654,19,69,15,11.3906
88,26,ok,3,7,4,True,True,5887,10,56,3,0.2003
87,26,ok,8,16,8,True,True,5812,20,56,8,0.2139
89,26,ok,13,28,15,True,True,5962,16,60,13,0.2245
471,25,ok,15,49,34,True,True,36960,21,70,15,14.2917
90,26,ok,2,6,4,True,True,6038,10,105,2,0.2633
92,26,ok,3,8,5,True,True,6189,16,54,3,0.236
478,25,ok,4,17,13,True,True,37567,22,119,4,11.79
91,26,ok,16,37,21,True,True,6113,13,55,16,0.2588
93,26,ok,9,14,5,True,True,6264,30,53,9,0.2346
94,26,ok,4,10,6,True,True,6340,14,62,4,0.2343
95,26,ok,4,10,6,True,True,6416,10,61,4,0.2536
480,25,ok,4,13,9,True,True,37741,22,125,4,11.6838
96,26,ok,6,14,8,True,True,6492,12,59,6,0.2822
97,26,ok,9,17,8,True,True,6568,23,56,9,0.2576
98,26,ok,3,7,4,True,True,6644,15,53,3,0.3314
100,26,ok,2,8,6,True,True,6796,13,228,2,0.2678
99,26,ok,12,26,14,True,True,6720,17,55,12,0.3203
101,26,ok,21,53,32,True,True,6873,14,56,21,0.3065
103,26,ok,8,17,9,True,True,7026,22,60,8,0.2876
102,26,ok,3,7,4,True,True,6949,27,60,3,0.3245
104,26,ok,4,8,4,True,True,7102,13,60,4,0.2943
106,26,ok,6,18,12,True,True,7256,11,62,6,0.3255
108,26,ok,3,8,5,True,True,7410,24,64,3,0.3286
105,26,ok,5,17,12,True,True,7179,12,64,5,0.368
107,26,ok,8,12,4,True,True,7333,17,62,8,0.4343
110,26,ok,2,6,4,True,True,7564,8,112,2,0.4117
482,25,ok,4,12,8,True,True,37914,22,121,4,10.5935
115,26,ok,4,9,5,True,True,7950,14,69,4,0.3734
114,26,ok,4,11,7,True,True,7873,14,60,4,0.4357
111,26,ok,16,44,28,True,True,7641,15,53,16,0.5082
109,26,ok,13,29,16,True,True,7487,21,62,13,0.5257
113,26,ok,9,16,7,True,True,7796,31,59,9,0.4694
112,26,ok,3,7,4,True,True,7718,19,63,3,0.5201
117,26,ok,9,22,13,True,True,8106,20,64,9,0.3918
116,26,ok,6,12,6,True,True,8028,14,63,6,0.4234
118,26,ok,3,6,3,True,True,8183,18,63,3,0.4605
119,26,ok,12,21,9,True,True,8261,18,60,12,0.5189
120,26,ok,2,7,5,True,True,8339,9,225,2,0.4291
122,26,ok,3,10,7,True,True,8495,20,67,3,0.4154
121,26,ok,21,45,24,True,True,8417,15,62,21,0.4399
123,26,ok,8,16,8,True,True,8573,36,60,8,0.4839
126,26,ok,6,16,10,True,True,8807,13,53,6,0.4622
127,26,ok,8,16,8,True,True,8886,29,68,8,0.4829
124,26,ok,4,12,8,True,True,8651,13,67,4,0.5341
481,25,ok,15,54,39,True,True,37827,27,63,15,12.2362
128,26,ok,3,7,4,True,True,8964,14,59,3,0.4802
125,26,ok,5,19,14,True,True,8729,13,64,5,0.5561
129,26,ok,13,40,27,True,True,9043,20,55,13,0.5021
130,26,ok,2,6,4,True,True,9121,9,124,2,0.4795
132,26,ok,3,9,6,True,True,9278,15,68,3,0.4939
131,26,ok,16,33,17,True,True,9200,19,63,16,0.5458
133,26,ok,9,25,16,True,True,9357,21,59,9,0.5077
134,26,ok,4,8,4,True,True,9436,16,67,4,0.5086
136,26,ok,6,17,11,True,True,9594,11,65,6,1.4461
135,26,ok,4,9,5,True,True,9515,14,65,4,1.5033
137,26,ok,9,21,12,True,True,9673,18,63,9,1.4795
140,26,ok,2,4,2,True,True,9910,12,239,2,1.4805
139,26,ok,12,21,9,True,True,9831,17,62,12,1.5203
142,26,ok,3,10,7,True,True,10068,14,68,3,1.5259
138,26,ok,3,7,4,True,True,9752,22,65,3,1.5882
143,26,ok,8,17,9,True,True,10148,23,72,8,1.5096
141,26,ok,21,46,25,True,True,9989,14,61,21,1.6883
144,26,ok,4,8,4,True,True,10227,14,63,4,1.5142
146,26,ok,6,11,5,True,True,10386,10,70,6,1.5237
145,26,ok,5,13,8,True,True,10307,12,71,5,1.5594
147,26,ok,8,17,9,True,True,10466,27,60,8,1.538
148,26,ok,3,8,5,True,True,10545,14,68,3,0.6457
149,26,ok,13,30,17,True,True,10625,16,62,13,0.7115
150,26,ok,2,4,2,True,True,10705,8,123,2,0.6888
483,25,ok,15,46,31,True,True,38001,23,70,15,12.0346
153,26,ok,9,20,11,True,True,10944,33,75,9,0.7186
151,26,ok,16,39,23,True,True,10785,18,66,16,0.8007
484,25,ok,4,14,10,True,True,38088,21,113,4,11.989
154,26,ok,4,8,4,True,True,11024,11,69,4,0.7383
155,26,ok,4,14,10,True,True,11104,10,73,4,0.7311
152,26,ok,3,6,3,True,True,10864,14,66,3,0.8957
156,26,ok,6,16,10,True,True,11184,10,65,6,0.7707
157,26,ok,9,17,8,True,True,11265,19,64,9,0.7628
158,26,ok,3,11,8,True,True,11345,13,70,3,0.7454
160,26,ok,2,4,2,True,True,11505,7,238,2,0.7505
159,26,ok,12,31,19,True,True,11425,18,65,12,0.8524
161,26,ok,21,50,29,True,True,11586,14,68,21,0.8208
163,26,ok,8,16,8,True,True,11746,21,70,8,0.7979
162,26,ok,3,8,5,True,True,11666,23,63,3,0.8194
165,26,ok,5,13,8,True,True,11907,11,75,5,0.8152
166,26,ok,6,14,8,True,True,11988,15,66,6,0.8409
485,25,ok,15,44,29,True,True,38175,24,68,15,12.7544
167,26,ok,8,24,16,True,True,12069,25,65,8,0.8771
169,26,ok,13,35,22,True,True,12230,15,64,13,0.8807
164,26,ok,4,13,9,True,True,11827,14,67,4,0.9421
168,26,ok,3,11,8,True,True,12149,15,65,3,1.0245
170,26,ok,2,5,3,True,True,12311,9,137,2,0.9745
171,26,ok,16,34,18,True,True,12392,19,69,16,0.9472
173,26,ok,9,19,10,True,True,12554,15,70,9,0.8971
486,25,ok,4,13,9,True,True,38262,23,114,4,12.8869
172,26,ok,3,8,5,True,True,12473,28,65,3,0.9632
489,25,ok,15,56,41,True,True,38522,24,62,15,12.3901
174,26,ok,4,9,5,True,True,12635,13,69,4,1.0299
175,26,ok,4,6,2,True,True,12716,17,76,4,0.9599
176,26,ok,6,15,9,True,True,12797,13,65,6,0.9389
177,26,ok,9,23,14,True,True,12878,23,68,9,0.9593
488,25,ok,4,13,9,True,True,38436,20,118,4,12.7216
178,26,ok,3,8,5,True,True,12959,14,74,3,0.9913
180,26,ok,2,4,2,True,True,13122,15,250,2,0.9611
492,25,ok,4,12,8,True,True,38783,20,113,4,12.3758
179,26,ok,12,26,14,True,True,13040,22,69,12,1.0343
182,26,ok,3,10,7,True,True,13285,14,62,3,1.0244
183,26,ok,8,18,10,True,True,13366,29,75,8,1.0478
181,26,ok,21,61,40,True,True,13203,15,68,21,1.0995
184,26,ok,4,13,9,True,True,13447,15,66,4,1.1985
187,26,ok,8,24,16,True,True,13692,20,66,8,1.1056
188,26,ok,3,8,5,True,True,13774,19,71,3,1.0598
490,25,ok,4,15,11,True,True,38609,15,117,4,13.141
186,26,ok,6,14,8,True,True,13611,16,71,6,1.205
487,25,ok,15,45,30,True,True,38349,21,67,15,13.9677
185,26,ok,5,13,8,True,True,13529,18,73,5,1.282
190,26,ok,2,6,4,True,True,13937,12,132,2,1.2025
191,26,ok,16,36,20,True,True,14019,18,66,16,1.167
193,26,ok,9,21,12,True,True,14183,26,71,9,1.163
189,26,ok,13,30,17,True,True,13856,14,68,13,1.3629
192,26,ok,3,9,6,True,True,14101,21,67,3,2.2151
491,25,ok,15,58,43,True,True,38696,27,65,15,14.306
194,26,ok,4,10,6,True,True,14265,14,71,4,2.1193
195,26,ok,4,13,9,True,True,14347,13,78,4,2.0953
196,26,ok,6,15,9,True,True,14429,10,69,6,2.1581
197,26,ok,9,20,11,True,True,14511,25,69,9,2.2718
198,26,ok,3,10,7,True,True,14593,19,74,3,2.1654
200,26,ok,2,5,3,True,True,14757,15,248,2,2.2952
199,26,ok,12,33,21,True,True,14675,30,74,12,2.35
493,25,ok,15,51,36,True,True,38870,23,63,15,13.3284
202,26,ok,3,6,3,True,True,14922,25,69,3,2.2351
494,25,ok,4,12,8,True,True,38957,29,119,4,12.6031
201,26,ok,21,55,34,True,True,14839,20,74,21,2.379
203,26,ok,8,19,11,True,True,15004,25,73,8,2.3849
204,26,ok,4,10,6,True,True,15086,14,76,4,2.3065
206,26,ok,6,21,15,True,True,15251,14,78,6,2.3314
208,26,ok,3,8,5,True,True,15416,19,72,3,2.2912
496,25,ok,4,10,6,True,True,39132,19,116,4,12.1021
207,26,ok,8,22,14,True,True,15334,26,72,8,2.4466
209,26,ok,13,28,15,True,True,15499,16,73,13,2.4241
205,26,ok,5,14,9,True,True,15169,17,75,5,2.5365
211,26,ok,16,45,29,True,True,15664,16,66,16,2.5166
213,26,ok,9,24,15,True,True,15829,21,78,9,2.439
215,26,ok,4,12,8,True,True,15995,14,73,4,1.4833
217,26,ok,9,18,9,True,True,16161,25,71,9,1.5204
214,26,ok,4,12,8,True,True,15912,16,66,4,2.5783
216,26,ok,6,22,16,True,True,16078,13,70,6,1.5398
210,26,ok,2,11,9,True,True,15581,11,141,2,2.8365
218,26,ok,3,4,1,True,True,16244,20,76,3,1.5087
499,25,ok,15,41,26,True,True,39393,22,60,15,12.434
219,26,ok,12,29,17,True,True,16327,20,69,12,1.5603
495,25,ok,15,51,36,True,True,39045,23,63,15,13.2579
212,26,ok,3,8,5,True,True,15747,14,75,3,2.9363
221,26,ok,21,44,23,True,True,16493,20,76,21,1.6288
220,26,ok,2,9,7,True,True,16410,14,263,2,1.6635
498,25,ok,4,20,16,True,True,39306,16,115,4,12.8723
500,25,ok,4,16,12,True,True,39480,18,124,4,12.2844
222,26,ok,3,8,5,True,True,16576,16,71,3,1.5485
497,25,ok,15,50,35,True,True,39219,23,66,15,13.1096
223,26,ok,8,25,17,True,True,16659,22,74,8,1.6415
224,26,ok,4,11,7,True,True,16742,21,74,4,1.6579
225,26,ok,5,15,10,True,True,16825,11,79,5,1.7543
226,26,ok,6,16,10,True,True,16908,19,74,6,1.7942
228,26,ok,3,8,5,True,True,17075,18,74,3,1.6633
229,26,ok,13,31,18,True,True,17158,17,74,13,2.008
231,26,ok,16,34,18,True,True,17325,19,68,16,1.8372
232,26,ok,3,11,8,True,True,17408,23,72,3,1.8113
227,26,ok,8,18,10,True,True,16992,24,68,8,2.1767
230,26,ok,2,5,3,True,True,17242,14,134,2,2.8669
233,26,ok,9,27,18,True,True,17492,30,76,9,2.7529
234,26,ok,4,14,10,True,True,17575,20,69,4,2.7258
236,26,ok,6,19,13,True,True,17743,13,76,6,2.7777
238,26,ok,3,9,6,True,True,17910,15,76,3,2.7849
237,26,ok,9,23,14,True,True,17826,26,80,9,2.9099
239,26,ok,12,30,18,True,True,17994,23,70,12,2.7694
240,26,ok,2,3,1,True,True,18077,11,283,2,2.9184
243,26,ok,8,18,10,True,True,18329,26,77,8,2.8627
241,26,ok,21,46,25,True,True,18161,20,73,21,2.9588
244,26,ok,4,12,8,True,True,18413,17,71,4,2.8607
246,26,ok,6,12,6,True,True,18580,17,71,6,2.8349
235,26,ok,4,10,6,True,True,17659,18,83,4,3.484
242,26,ok,3,6,3,True,True,18245,23,72,3,3.1108
250,26,ok,2,7,5,True,True,18916,13,154,2,2.9829
245,26,ok,5,12,7,True,True,18496,14,86,5,3.3253
251,26,ok,16,44,28,True,True,19001,18,72,16,3.0261
248,26,ok,3,11,8,True,True,18748,18,72,3,3.1316
252,26,ok,3,7,4,True,True,19085,18,74,3,3.061
247,26,ok,8,20,12,True,True,18664,22,75,8,3.3304
249,26,ok,13,33,20,True,True,18832,20,72,13,3.1866
254,26,ok,4,12,8,True,True,19253,17,73,4,3.0414
253,26,ok,9,21,12,True,True,19169,23,72,9,3.2785
256,26,ok,6,20,14,True,True,19422,13,79,6,3.0636
255,26,ok,4,7,3,True,True,19337,15,85,4,3.3713
257,26,ok,9,21,12,True,True,19506,30,74,9,3.4638
258,26,ok,3,11,8,True,True,19590,22,74,3,3.444
259,26,ok,12,32,20,True,True,19675,19,77,12,3.1904
262,26,ok,3,8,5,True,True,19928,17,73,3,3.1851
263,26,ok,8,15,7,True,True,20012,27,86,8,2.2382
264,26,ok,4,11,7,True,True,20097,19,72,4,2.3073
265,26,ok,5,16,11,True,True,20182,19,86,5,2.311
260,26,ok,2,10,8,True,True,19759,13,277,2,3.4418
261,26,ok,21,54,33,True,True,19843,15,84,21,3.5551
267,26,ok,8,17,9,True,True,20351,25,71,8,2.4383
269,26,ok,13,33,20,True,True,20520,23,79,13,2.4385
270,26,ok,2,10,8,True,True,20605,16,155,2,2.4291
268,26,ok,3,8,5,True,True,20435,27,77,3,2.6051
266,26,ok,6,15,9,True,True,20266,18,84,6,2.829
272,26,ok,3,8,5,True,True,20774,13,75,3,2.4496
273,26,ok,9,25,16,True,True,20859,26,79,9,2.5129
274,26,ok,4,9,5,True,True,20944,20,78,4,2.4622
271,26,ok,16,49,33,True,True,20690,22,72,16,2.6332
276,26,ok,6,17,11,True,True,21114,14,77,6,2.697
277,26,ok,9,18,9,True,True,21199,30,76,9,3.5806
278,26,ok,3,14,11,True,True,21284,13,73,3,3.5386
275,26,ok,4,11,7,True,True,21029,12,79,4,4.0817
282,26,ok,3,7,4,True,True,21624,21,75,3,3.6096
279,26,ok,12,29,17,True,True,21369,22,75,12,3.6731
281,26,ok,21,61,40,True,True,21539,17,79,21,3.6416
284,26,ok,4,9,5,True,True,21794,15,75,4,3.7156
283,26,ok,8,20,12,True,True,21709,22,78,8,3.8666
286,26,ok,6,19,13,True,True,21965,15,83,6,3.7039
285,26,ok,5,14,9,True,True,21879,9,81,5,3.9078
280,26,ok,2,6,4,True,True,21454,10,276,2,4.1953
287,26,ok,8,19,11,True,True,22050,23,73,8,3.7672
289,26,ok,13,37,24,True,True,22220,20,77,13,3.8864
292,26,ok,3,5,2,True,True,22476,17,72,3,3.7486
288,26,ok,3,7,4,True,True,22135,21,77,3,3.9965
290,26,ok,2,8,6,True,True,22306,17,151,2,3.8673
291,26,ok,16,33,17,True,True,22391,18,80,16,3.8636
293,26,ok,9,24,15,True,True,22562,27,81,9,3.8858
294,26,ok,4,13,9,True,True,22647,17,78,4,3.8736
295,26,ok,4,9,5,True,True,22733,17,84,4,3.9483
297,26,ok,9,20,11,True,True,22904,24,75,9,3.8765
296,26,ok,6,15,9,True,True,22818,20,74,6,4.2725
298,26,ok,3,13,10,True,True,22989,17,75,3,3.9958
302,26,ok,3,8,5,True,True,23332,18,77,3,4.0245
300,26,ok,2,6,4,True,True,23161,14,292,2,4.2096
303,26,ok,8,20,12,True,True,23418,29,77,8,4.0935
304,26,ok,4,12,8,True,True,23503,15,76,4,4.0874
299,26,ok,12,31,19,True,True,23075,19,77,12,4.3378
305,26,ok,5,18,13,True,True,23589,12,84,5,4.2319
306,26,ok,6,11,5,True,True,23675,19,82,6,5.2413
301,26,ok,21,53,32,True,True,23246,19,80,21,5.744
307,26,ok,8,25,17,True,True,23761,28,86,8,4.2614
308,26,ok,3,9,6,True,True,23847,16,73,3,4.2912
310,26,ok,2,6,4,True,True,24018,12,157,2,4.2365
312,26,ok,3,7,4,True,True,24190,22,79,3,4.2482
311,26,ok,16,34,18,True,True,24104,22,83,16,4.5887
315,26,ok,4,9,5,True,True,24448,23,83,4,4.4757
313,26,ok,9,21,12,True,True,24276,24,82,9,4.6768
314,26,ok,4,9,5,True,True,24362,16,76,4,4.6761
309,26,ok,13,36,23,True,True,23932,21,75,13,5.0615
318,26,ok,3,11,8,True,True,24706,26,83,3,4.6037
316,26,ok,6,14,8,True,True,24534,15,82,6,4.8179
317,26,ok,9,20,11,True,True,24620,31,90,9,4.9678
319,26,ok,12,27,15,True,True,24792,27,77,12,4.5661
320,26,ok,2,9,7,True,True,24879,11,292,2,4.4892
323,26,ok,8,16,8,True,True,25137,26,83,8,4.6166
322,26,ok,3,8,5,True,True,25051,32,84,3,4.7156
324,26,ok,4,12,8,True,True,25224,19,72,4,4.5838
325,26,ok,5,14,9,True,True,25310,19,84,5,4.6095
321,26,ok,21,60,39,True,True,24965,17,79,21,5.0762
326,26,ok,6,21,15,True,True,25396,14,88,6,4.7379
327,26,ok,8,17,9,True,True,25482,30,76,8,4.6752
329,26,ok,13,40,27,True,True,25655,16,80,13,4.7958
330,26,ok,2,7,5,True,True,25742,13,148,2,4.8875
328,26,ok,3,9,6,True,True,25569,15,83,3,5.9874
333,26,ok,9,27,18,True,True,26001,26,84,9,5.7334
332,26,ok,3,7,4,True,True,25915,15,78,3,5.7947
331,26,ok,16,47,31,True,True,25828,19,79,16,6.0903
335,26,ok,4,15,11,True,True,26174,14,91,4,6.0137
334,26,ok,4,9,5,True,True,26088,19,78,4,6.1583
336,26,ok,6,12,6,True,True,26261,14,78,6,5.0629
338,26,ok,3,10,7,True,True,26434,30,76,3,5.161
340,26,ok,2,9,7,True,True,26607,14,291,2,5.0073
339,26,ok,12,25,13,True,True,26521,22,82,12,5.1744
341,26,ok,21,64,43,True,True,26694,20,84,21,5.2269
337,26,ok,9,23,14,True,True,26347,27,89,9,6.087
342,26,ok,3,5,2,True,True,26781,17,79,3,5.4658
344,26,ok,4,13,9,True,True,26954,16,88,4,5.4947
345,26,ok,5,23,18,True,True,27041,18,95,5,5.5511
347,26,ok,8,19,11,True,True,27215,30,84,8,5.3591
349,26,ok,13,30,17,True,True,27388,20,83,13,5.7324
348,26,ok,3,6,3,True,True,27301,17,79,3,6.4659
350,26,ok,2,5,3,True,True,27475,9,154,2,6.3
351,26,ok,16,42,26,True,True,27562,31,80,16,6.3276
343,26,ok,8,17,9,True,True,26867,29,84,8,7.1993
352,26,ok,3,12,9,True,True,27649,34,80,3,6.3404
346,26,ok,6,15,9,True,True,27128,21,81,6,7.1838
354,26,ok,4,15,11,True,True,27823,11,75,4,6.379
355,26,ok,4,11,7,True,True,27910,17,90,4,6.3564
353,26,ok,9,23,14,True,True,27736,28,81,9,6.5133
357,26,ok,9,18,9,True,True,28084,27,81,9,6.5335
356,26,ok,6,17,11,True,True,27997,16,86,6,6.6504
358,26,ok,3,6,3,True,True,28171,17,86,3,6.3788
360,26,ok,2,5,3,True,True,28346,19,287,2,6.2506
359,26,ok,12,31,19,True,True,28259,19,82,12,6.6267
362,26,ok,3,7,4,True,True,28520,27,84,3,5.5292
363,26,ok,8,20,12,True,True,28607,26,80,8,5.8836
361,26,ok,21,56,35,True,True,28433,18,93,21,6.3357
364,26,ok,4,14,10,True,True,28695,15,77,4,6.2069
365,26,ok,5,12,7,True,True,28782,11,91,5,6.9958
367,26,ok,8,17,9,True,True,28956,30,84,8,6.8729
366,26,ok,6,20,14,True,True,28869,16,77,6,7.1665
368,26,ok,3,11,8,True,True,29044,22,82,3,6.8338
369,26,ok,13,29,16,True,True,29131,24,87,13,6.9177
370,26,ok,2,8,6,True,True,29218,12,153,2,6.9089
371,26,ok,16,43,27,True,True,29306,20,80,16,6.8735
373,26,ok,9,27,18,True,True,29481,30,88,9,7.4549
374,26,ok,4,13,9,True,True,29568,18,83,4,7.247
376,26,ok,6,19,13,True,True,29743,17,81,6,7.1376
375,26,ok,4,10,6,True,True,29656,18,96,4,7.4604
372,26,ok,3,7,4,True,True,29393,21,79,3,8.0883
380,26,ok,2,6,4,True,True,30094,19,305,2,6.2505
379,26,ok,12,31,19,True,True,30006,28,84,12,6.4289
378,26,ok,3,7,4,True,True,29918,21,85,3,6.5071
384,26,ok,4,7,3,True,True,30444,24,86,4,6.218
382,26,ok,3,7,4,True,True,30269,21,79,3,6.4597
385,26,ok,5,9,4,True,True,30532,14,94,5,6.3467
386,26,ok,6,23,17,True,True,30620,15,81,6,6.4601
383,26,ok,8,19,11,True,True,30356,36,84,8,6.6216
377,26,ok,9,25,16,True,True,29831,29,82,9,7.5987
389,26,ok,13,35,22,True,True,30883,19,87,13,7.385
387,26,ok,8,20,12,True,True,30707,41,80,8,7.6353
381,26,ok,21,55,34,True,True,30181,18,88,21,8.4943
388,26,ok,3,11,8,True,True,30795,27,90,3,7.9601
390,26,ok,2,5,3,True,True,30971,12,156,2,7.715
391,26,ok,16,40,24,True,True,31059,21,79,16,7.7786
392,26,ok,3,8,5,True,True,31146,16,91,3,7.6674
393,26,ok,9,17,8,True,True,31234,39,81,9,7.6898
394,26,ok,4,8,4,True,True,31322,20,75,4,7.6238
395,26,ok,4,11,7,True,True,31410,18,92,4,7.6284
396,26,ok,6,15,9,True,True,31498,17,80,6,7.8344
397,26,ok,9,21,12,True,True,31586,31,80,9,7.708
400,26,ok,2,7,5,True,True,31850,12,295,2,7.8076
399,26,ok,12,33,21,True,True,31762,29,79,12,7.9308
398,26,ok,3,9,6,True,True,31674,18,87,3,8.3419
402,26,ok,3,9,6,True,True,32026,21,82,3,8.0113
401,26,ok,21,56,35,True,True,31938,19,82,21,8.4579
403,26,ok,8,17,9,True,True,32114,31,87,8,7.9745
404,26,ok,4,9,5,True,True,32203,16,85,4,7.8858
405,26,ok,5,14,9,True,True,32291,17,99,5,8.28
410,26,ok,2,7,5,True,True,32732,15,167,2,9.1279
406,26,ok,6,21,15,True,True,32379,21,83,6,9.6202
409,26,ok,13,34,21,True,True,32643,26,85,13,9.3598
411,26,ok,16,36,20,True,True,32820,23,90,16,9.2266
408,26,ok,3,7,4,True,True,32555,20,82,3,9.6831
414,26,ok,4,8,4,True,True,33085,20,87,4,9.0857
412,26,ok,3,10,7,True,True,32908,14,95,3,9.3771
413,26,ok,9,23,14,True,True,32997,35,84,9,9.4956
415,26,ok,4,14,10,True,True,33173,12,85,4,9.3262
417,26,ok,9,29,20,True,True,33350,39,92,9,8.4425
407,26,ok,8,18,10,True,True,32467,32,89,8,10.7279
416,26,ok,6,15,9,True,True,33262,19,81,6,10.4999
418,26,ok,3,9,6,True,True,33438,20,87,3,9.014
422,26,ok,3,7,4,True,True,33792,18,88,3,8.5523
420,26,ok,2,5,3,True,True,33615,16,309,2,9.0453
421,26,ok,21,61,40,True,True,33704,17,93,21,9.3184
423,26,ok,8,22,14,True,True,33881,26,79,8,9.3794
419,26,ok,12,31,19,True,True,33527,21,82,12,10.7377
425,26,ok,5,17,12,True,True,34058,18,92,5,10.0891
424,26,ok,4,11,7,True,True,33969,22,89,4,10.4355
428,26,ok,3,10,7,True,True,34324,21,84,3,8.9772
426,26,ok,6,12,6,True,True,34146,13,94,6,10.2692
427,26,ok,8,18,10,True,True,34235,29,86,8,9.1291
430,26,ok,2,10,8,True,True,34501,13,165,2,8.9066
429,26,ok,13,35,22,True,True,34412,24,85,13,9.0648
431,26,ok,16,46,30,True,True,34589,32,82,16,9.3463
432,26,ok,3,8,5,True,True,34678,26,87,3,9.5712
433,26,ok,9,25,16,True,True,34767,42,82,9,9.745
434,26,ok,4,8,4,True,True,34856,22,77,4,9.2354
435,26,ok,4,13,9,True,True,34944,20,91,4,10.5741
436,26,ok,6,23,17,True,True,35033,14,82,6,10.4536
440,26,ok,2,10,8,True,True,35388,12,320,2,9.3993
437,26,ok,9,27,18,True,True,35122,24,83,9,9.7104
439,26,ok,12,32,20,True,True,35299,21,88,12,9.6376
438,26,ok,3,10,7,True,True,35211,31,84,3,9.8969
441,26,ok,21,44,23,True,True,35477,22,86,21,10.0185
442,26,ok,3,11,8,True,True,35566,23,84,3,10.3743
446,26,ok,6,21,15,True,True,35922,19,81,6,9.9101
443,26,ok,8,26,18,True,True,35655,27,80,8,10.7586
444,26,ok,4,11,7,True,True,35744,17,101,4,10.6335
445,26,ok,5,11,6,True,True,35833,17,89,5,10.5621
447,26,ok,8,21,13,True,True,36011,25,94,8,9.9215
448,26,ok,3,9,6,True,True,36100,19,83,3,10.9846
450,26,ok,2,7,5,True,True,36278,19,159,2,10.9275
449,26,ok,13,31,18,True,True,36189,39,88,13,11.6151
451,26,ok,16,47,31,True,True,36367,21,87,16,11.424
452,26,ok,3,9,6,True,True,36456,28,88,3,11.0689
453,26,ok,9,24,15,True,True,36545,25,82,9,10.9688
454,26,ok,4,10,6,True,True,36634,24,86,4,10.8598
456,26,ok,6,15,9,True,True,36812,13,95,6,10.3955
455,26,ok,4,17,13,True,True,36723,16,100,4,10.649
457,26,ok,9,23,14,True,True,36901,26,82,9,11.3126
458,26,ok,3,8,5,True,True,36991,29,86,3,11.9635
459,26,ok,12,31,19,True,True,37080,25,88,12,12.0181
460,26,ok,2,5,3,True,True,37169,18,313,2,11.8241
461,26,ok,21,56,35,True,True,37258,16,90,21,11.9031
462,26,ok,3,10,7,True,True,37347,30,91,3,11.9593
463,26,ok,8,17,9,True,True,37437,43,81,8,11.5425
464,26,ok,4,9,5,True,True,37526,19,99,4,11.4782
465,26,ok,5,16,11,True,True,37615,16,90,5,11.6138
466,26,ok,6,11,5,True,True,37705,20,84,6,10.8284
467,26,ok,8,16,8,True,True,37794,38,85,8,11.828
469,26,ok,13,32,19,True,True,37973,24,91,13,11.9501
468,26,ok,3,8,5,True,True,37883,31,86,3,12.0706
470,26,ok,2,5,3,True,True,38062,11,179,2,12.1123
1,27,ok,26,26,0,True,True,59,2,3,26,0.0008
2,27,ok,6,6,0,True,True,99,4,8,6,0.0006
3,27,ok,8,11,3,True,True,144,4,13,8,0.0009
4,27,ok,8,15,7,True,True,192,3,18,8,0.0012
5,27,ok,18,30,12,True,True,243,5,6,18,0.0022
6,27,ok,4,9,5,True,True,296,4,27,4,0.0017
7,27,ok,20,34,14,True,True,350,7,7,20,0.0032
8,27,ok,6,12,6,True,True,405,4,18,6,0.0027
9,27,ok,10,17,7,True,True,462,5,17,10,0.0036
10,27,ok,8,19,11,True,True,520,5,12,8,0.004
11,27,ok,16,36,20,True,True,578,8,8,16,0.0057
12,27,ok,4,9,5,True,True,638,5,46,4,0.0046
13,27,ok,26,47,21,True,True,698,7,8,26,0.0083
14,27,ok,6,13,7,True,True,759,11,15,6,0.0061
15,27,ok,8,17,9,True,True,820,8,21,8,0.0073
16,27,ok,8,17,9,True,True,883,6,26,8,0.0081
17,27,ok,18,39,21,True,True,945,10,10,18,0.0113
18,27,ok,4,13,9,True,True,1009,6,34,4,0.0092
19,27,ok,20,39,19,True,True,1072,10,9,20,0.0135
20,27,ok,6,16,10,True,True,1136,7,27,6,0.0115
21,27,ok,10,27,17,True,True,1201,6,20,10,0.0137
22,27,ok,8,21,13,True,True,1266,8,16,8,0.0141
23,27,ok,16,37,21,True,True,1332,12,11,16,0.0175
24,27,ok,4,9,5,True,True,1398,8,62,4,0.0171
25,27,ok,26,61,35,True,True,1464,11,11,26,0.0264
26,27,ok,6,15,9,True,True,1531,9,16,6,0.0185
27,27,ok,8,15,7,True,True,1598,12,26,8,0.02
28,27,ok,8,20,12,True,True,1665,10,30,8,0.0217
29,27,ok,18,43,25,True,True,1732,11,11,18,0.0337
30,27,ok,4,10,6,True,True,1800,9,38,4,0.0273
471,26,ok,16,37,21,True,True,38151,30,97,16,12.2387
31,27,ok,20,41,21,True,True,1869,12,10,20,0.0306
32,27,ok,6,15,9,True,True,1937,12,28,6,0.0287
33,27,ok,10,20,10,True,True,2006,10,22,10,0.0294
34,27,ok,8,25,17,True,True,2075,11,18,8,0.0325
35,27,ok,16,34,18,True,True,2144,14,10,16,0.0362
36,27,ok,4,10,6,True,True,2214,8,77,4,0.0338
37,27,ok,26,66,40,True,True,2284,10,12,26,0.0475
38,27,ok,6,20,14,True,True,2354,11,20,6,0.0394
39,27,ok,8,18,10,True,True,2424,18,26,8,0.0448
41,27,ok,18,39,21,True,True,2565,21,11,18,0.0482
40,27,ok,8,18,10,True,True,2495,13,32,8,0.1205
42,27,ok,4,10,6,True,True,2636,8,47,4,0.0425
44,27,ok,6,16,10,True,True,2779,10,28,6,0.057
43,27,ok,20,44,24,True,True,2708,15,12,20,0.0749
45,27,ok,10,22,12,True,True,2850,11,32,10,0.0549
473,26,ok,9,22,13,True,True,38330,29,89,9,11.8492
46,27,ok,8,20,12,True,True,2922,11,19,8,0.0716
48,27,ok,4,11,7,True,True,3066,7,76,4,0.0586
47,27,ok,16,37,21,True,True,2994,17,13,16,0.0646
50,27,ok,6,12,6,True,True,3211,22,19,6,0.0643
51,27,ok,8,21,13,True,True,3284,16,28,8,0.0708
49,27,ok,26,65,39,True,True,3139,11,12,26,0.1471
52,27,ok,8,25,17,True,True,3357,10,31,8,0.0768
472,26,ok,3,6,3,True,True,38241,29,85,3,12.4891
53,27,ok,18,39,21,True,True,3430,20,12,18,0.0883
54,27,ok,4,7,3,True,True,3503,14,44,4,0.0812
55,27,ok,20,48,28,True,True,3577,17,12,20,0.0972
57,27,ok,10,26,16,True,True,3724,13,31,10,0.09
56,27,ok,6,16,10,True,True,3650,16,40,6,0.1162
58,27,ok,8,26,18,True,True,3798,11,25,8,0.098
59,27,ok,16,37,21,True,True,3872,15,12,16,0.106
60,27,ok,4,10,6,True,True,3946,11,88,4,0.1029
62,27,ok,6,22,16,True,True,4094,16,22,6,0.1041
63,27,ok,8,24,16,True,True,4169,11,30,8,0.1095
475,26,ok,4,9,5,True,True,38509,21,90,4,11.9436
64,27,ok,8,26,18,True,True,4244,15,36,8,0.1267
61,27,ok,26,74,48,True,True,4020,12,16,26,0.2084
65,27,ok,18,51,33,True,True,4319,24,12,18,0.1343
66,27,ok,4,8,4,True,True,4394,9,55,4,0.1151
68,27,ok,6,15,9,True,True,4544,11,38,6,0.1273
67,27,ok,20,54,34,True,True,4469,15,13,20,0.1513
70,27,ok,8,26,18,True,True,4695,12,19,8,0.136
71,27,ok,16,37,21,True,True,4771,19,15,16,1.0586
474,26,ok,4,9,5,True,True,38420,24,89,4,13.2311
69,27,ok,10,27,17,True,True,4619,14,30,10,1.1542
72,27,ok,4,13,9,True,True,4846,11,91,4,1.0608
477,26,ok,9,23,14,True,True,38688,39,84,9,13.1501
74,27,ok,6,14,8,True,True,4998,17,21,6,1.056
73,27,ok,26,74,48,True,True,4922,17,15,26,1.0996
76,27,ok,8,25,17,True,True,5151,13,34,8,0.1575
75,27,ok,8,18,10,True,True,5074,18,32,8,0.1635
78,27,ok,4,11,7,True,True,5304,8,49,4,0.1602
80,27,ok,6,16,10,True,True,5457,15,37,6,0.1721
81,27,ok,10,29,19,True,True,5534,12,31,10,0.2031
79,27,ok,20,48,28,True,True,5380,20,14,20,0.2255
82,27,ok,8,26,18,True,True,5611,21,20,8,0.1854
83,27,ok,16,37,21,True,True,5688,21,16,16,0.1972
77,27,ok,18,43,25,True,True,5227,17,13,18,0.3557
84,27,ok,4,13,9,True,True,5765,16,92,4,0.205
85,27,ok,26,83,57,True,True,5842,21,15,26,0.2358
86,27,ok,6,15,9,True,True,5919,21,20,6,0.2029
87,27,ok,8,25,17,True,True,5997,13,32,8,0.2448
88,27,ok,8,25,17,True,True,6074,14,38,8,0.2115
89,27,ok,18,45,27,True,True,6152,23,16,18,0.2389
91,27,ok,20,55,35,True,True,6307,20,15,20,0.2524
90,27,ok,4,14,10,True,True,6230,12,61,4,0.3634
93,27,ok,10,26,16,True,True,6463,17,33,10,0.2614
92,27,ok,6,15,9,True,True,6385,14,37,6,0.2802
94,27,ok,8,29,21,True,True,6542,15,21,8,0.254
95,27,ok,16,45,29,True,True,6620,23,14,16,0.2674
96,27,ok,4,16,12,True,True,6698,8,94,4,0.2574
480,26,ok,2,9,7,True,True,38957,14,314,2,12.0285
97,27,ok,26,71,45,True,True,6777,21,13,26,0.3192
99,27,ok,8,23,15,True,True,6934,25,35,8,0.2725
479,26,ok,12,28,16,True,True,38867,26,89,12,12.5147
100,27,ok,8,24,16,True,True,7012,16,37,8,0.3071
98,27,ok,6,15,9,True,True,6855,16,25,6,0.3777
102,27,ok,4,17,13,True,True,7170,12,54,4,0.3059
101,27,ok,18,49,31,True,True,7091,21,15,18,0.326
103,27,ok,20,47,27,True,True,7249,20,15,20,0.3234
104,27,ok,6,20,14,True,True,7328,14,40,6,0.3084
476,26,ok,6,21,15,True,True,38599,18,80,6,14.3161
105,27,ok,10,24,14,True,True,7407,13,35,10,0.3463
106,27,ok,8,32,24,True,True,7486,14,21,8,0.3436
107,27,ok,16,46,30,True,True,7565,25,20,16,0.3642
108,27,ok,4,19,15,True,True,7645,13,94,4,0.3391
110,27,ok,6,15,9,True,True,7804,16,24,6,0.3686
111,27,ok,8,25,17,True,True,7883,17,30,8,0.398
112,27,ok,8,32,24,True,True,7963,18,40,8,0.3544
109,27,ok,26,67,41,True,True,7724,19,16,26,0.4317
113,27,ok,18,39,21,True,True,8043,26,14,18,0.3784
114,27,ok,4,15,11,True,True,8122,13,56,4,0.3735
115,27,ok,20,47,27,True,True,8202,25,16,20,0.4342
116,27,ok,6,15,9,True,True,8282,22,39,6,0.3867
117,27,ok,10,26,16,True,True,8362,14,36,10,0.3877
118,27,ok,8,28,20,True,True,8442,16,25,8,0.4105
119,27,ok,16,39,23,True,True,8523,24,15,16,0.4185
120,27,ok,4,17,13,True,True,8603,10,97,4,0.4101
122,27,ok,6,13,7,True,True,8764,21,28,6,0.4517
121,27,ok,26,67,41,True,True,8683,18,17,26,0.4608
124,27,ok,8,23,15,True,True,8925,13,41,8,0.4399
123,27,ok,8,18,10,True,True,8844,19,33,8,0.5119
126,27,ok,4,11,7,True,True,9086,18,56,4,0.4493
478,26,ok,3,10,7,True,True,38778,17,93,3,15.2948
482,26,ok,3,10,7,True,True,39136,30,89,3,12.7962
125,27,ok,18,51,33,True,True,9005,18,15,18,0.4946
127,27,ok,20,42,22,True,True,9167,23,14,20,0.4851
128,27,ok,6,21,15,True,True,9248,21,40,6,0.48
129,27,ok,10,37,27,True,True,9329,20,33,10,0.4846
130,27,ok,8,25,17,True,True,9410,18,27,8,0.5071
132,27,ok,4,14,10,True,True,9572,15,100,4,0.5161
131,27,ok,16,39,23,True,True,9491,27,16,16,0.5559
481,26,ok,21,61,40,True,True,39047,25,90,21,13.3817
134,27,ok,6,19,13,True,True,9734,23,27,6,0.5345
133,27,ok,26,75,49,True,True,9653,19,17,26,0.5731
483,26,ok,8,18,10,True,True,39226,34,84,8,13.0841
136,27,ok,8,27,19,True,True,9897,19,45,8,0.5512
138,27,ok,4,15,11,True,True,10060,21,63,4,0.5493
137,27,ok,18,43,25,True,True,9978,30,15,18,0.574
135,27,ok,8,28,20,True,True,9815,18,35,8,0.639
139,27,ok,20,51,31,True,True,10141,27,16,20,0.5797
140,27,ok,6,20,14,True,True,10223,16,43,6,1.0257
485,26,ok,5,21,16,True,True,39405,24,93,5,13.5552
141,27,ok,10,31,21,True,True,10305,17,38,10,1.4988
142,27,ok,8,27,19,True,True,10386,19,25,8,1.5603
144,27,ok,4,13,9,True,True,10550,10,100,4,1.5137
143,27,ok,16,46,30,True,True,10468,22,18,16,1.5829
146,27,ok,6,19,13,True,True,10714,20,25,6,1.5455
147,27,ok,8,20,12,True,True,10796,22,34,8,1.5516
145,27,ok,26,81,55,True,True,10632,23,16,26,1.6269
148,27,ok,8,26,18,True,True,10878,14,45,8,1.6117
150,27,ok,4,11,7,True,True,11042,21,56,4,1.5849
151,27,ok,20,67,47,True,True,11125,29,15,20,1.6054
149,27,ok,18,47,29,True,True,10960,18,15,18,1.6297
488,26,ok,3,10,7,True,True,39674,21,84,3,12.4506
153,27,ok,10,26,16,True,True,11290,20,36,10,1.6024
484,26,ok,4,9,5,True,True,39315,22,90,4,14.6122
486,26,ok,6,17,11,True,True,39495,23,85,6,13.783
154,27,ok,8,26,18,True,True,11372,19,25,8,1.2541
156,27,ok,4,15,11,True,True,11537,12,114,4,0.7049
155,27,ok,16,42,26,True,True,11454,29,16,16,0.7481
152,27,ok,6,18,12,True,True,11207,18,44,6,1.7772
487,26,ok,8,23,15,True,True,39584,40,92,8,13.9102
158,27,ok,6,18,12,True,True,11702,16,27,6,0.7675
159,27,ok,8,28,20,True,True,11785,21,38,8,0.7863
157,27,ok,26,76,50,True,True,11620,21,16,26,0.9087
161,27,ok,18,48,30,True,True,11951,36,16,18,0.832
160,27,ok,8,22,14,True,True,11868,18,47,8,0.861
162,27,ok,4,14,10,True,True,12034,18,62,4,0.8377
165,27,ok,10,30,20,True,True,12283,26,34,10,0.8267
166,27,ok,8,26,18,True,True,12366,17,28,8,0.8315
163,27,ok,20,58,38,True,True,12117,24,18,20,0.9216
168,27,ok,4,11,7,True,True,12532,14,112,4,0.8437
164,27,ok,6,15,9,True,True,12200,18,46,6,0.9478
167,27,ok,16,44,28,True,True,12449,26,18,16,0.9233
170,27,ok,6,18,12,True,True,12699,25,25,6,0.9033
172,27,ok,8,25,17,True,True,12866,16,42,8,0.8752
173,27,ok,18,44,26,True,True,12949,30,17,18,0.9363
174,27,ok,4,14,10,True,True,13032,23,61,4,0.9289
169,27,ok,26,72,46,True,True,12615,19,24,26,1.0684
171,27,ok,8,26,18,True,True,12782,23,36,8,1.011
175,27,ok,20,57,37,True,True,13116,23,16,20,1.0365
176,27,ok,6,15,9,True,True,13200,21,43,6,0.9503
490,26,ok,2,8,6,True,True,39854,21,161,2,13.1237
491,26,ok,16,42,26,True,True,39943,26,92,16,13.0314
177,27,ok,10,27,17,True,True,13283,20,38,10,1.083
178,27,ok,8,26,18,True,True,13367,22,28,8,1.0985
179,27,ok,16,44,28,True,True,13451,28,18,16,1.0115
181,27,ok,26,71,45,True,True,13619,27,16,26,1.0623
180,27,ok,4,12,8,True,True,13535,18,118,4,1.2181
182,27,ok,6,17,11,True,True,13702,30,31,6,1.0047
183,27,ok,8,23,15,True,True,13786,21,37,8,1.0811
489,26,ok,13,29,16,True,True,39764,34,95,13,13.6776
493,26,ok,9,22,13,True,True,40123,25,91,9,12.7728
185,27,ok,18,51,33,True,True,13954,33,18,18,1.1033
186,27,ok,4,14,10,True,True,14039,12,67,4,1.0922
184,27,ok,8,24,16,True,True,13870,15,45,8,1.1568
187,27,ok,20,66,46,True,True,14123,26,19,20,1.1374
188,27,ok,6,16,10,True,True,14207,20,49,6,1.0941
189,27,ok,10,34,24,True,True,14291,21,34,10,1.1046
190,27,ok,8,30,22,True,True,14375,19,27,8,1.1118
191,27,ok,16,47,31,True,True,14460,27,16,16,1.2095
492,26,ok,3,6,3,True,True,40033,28,87,3,13.6593
192,27,ok,4,11,7,True,True,14544,16,115,4,1.2339
193,27,ok,26,79,53,True,True,14629,25,17,26,1.359
195,27,ok,8,25,17,True,True,14798,21,35,8,1.1964
194,27,ok,6,19,13,True,True,14713,17,25,6,1.2671
494,26,ok,4,13,9,True,True,40213,25,91,4,13.3367
196,27,ok,8,32,24,True,True,14882,20,46,8,1.2042
198,27,ok,4,13,9,True,True,15051,14,75,4,1.2303
197,27,ok,18,57,39,True,True,14967,21,17,18,1.2629
200,27,ok,6,20,14,True,True,15221,19,45,6,1.2528
201,27,ok,10,28,18,True,True,15306,19,43,10,2.2044
199,27,ok,20,56,36,True,True,15136,26,17,20,2.2915
203,27,ok,16,46,30,True,True,15475,27,17,16,2.2171
202,27,ok,8,28,20,True,True,15390,16,27,8,2.3028
495,26,ok,4,15,11,True,True,40303,15,94,4,14.4641
496,26,ok,6,15,9,True,True,40392,19,88,6,14.0395
206,27,ok,6,15,9,True,True,15730,19,29,6,2.2216
208,27,ok,8,21,13,True,True,15900,22,48,8,2.4034
210,27,ok,4,12,8,True,True,16071,13,72,4,2.3472
209,27,ok,18,46,28,True,True,15985,20,16,18,2.4277
207,27,ok,8,20,12,True,True,15815,29,37,8,2.4722
204,27,ok,4,16,12,True,True,15560,19,115,4,2.5829
212,27,ok,6,16,10,True,True,16241,24,46,6,2.3366
211,27,ok,20,61,41,True,True,16156,31,17,20,2.4123
205,27,ok,26,76,50,True,True,15645,24,17,26,2.7727
213,27,ok,10,29,19,True,True,16326,15,41,10,2.4924
497,26,ok,9,24,15,True,True,40482,26,90,9,14.102
215,27,ok,16,40,24,True,True,16497,30,17,16,2.4381
216,27,ok,4,15,11,True,True,16582,21,115,4,2.4877
218,27,ok,6,16,10,True,True,16753,20,27,6,2.4549
217,27,ok,26,89,63,True,True,16668,20,19,26,2.572
219,27,ok,8,29,21,True,True,16839,22,37,8,2.5622
220,27,ok,8,22,14,True,True,16924,19,52,8,2.6021
221,27,ok,18,55,37,True,True,17010,30,17,18,2.6091
214,27,ok,8,23,15,True,True,16412,23,28,8,2.9551
222,27,ok,4,16,12,True,True,17096,17,60,4,2.5751
223,27,ok,20,48,28,True,True,17181,28,18,20,2.5907
224,27,ok,6,22,16,True,True,17267,21,52,6,2.5681
225,27,ok,10,34,24,True,True,17353,16,38,10,1.5803
226,27,ok,8,23,15,True,True,17439,18,29,8,1.6279
498,26,ok,3,15,12,True,True,40572,34,95,3,13.6867
228,27,ok,4,19,15,True,True,17610,16,117,4,1.678
227,27,ok,16,43,27,True,True,17524,26,21,16,1.861
499,26,ok,12,33,21,True,True,40662,31,97,12,13.0725
230,27,ok,6,18,12,True,True,17782,26,29,6,1.8066
231,27,ok,8,21,13,True,True,17868,22,43,8,1.7978
229,27,ok,26,85,59,True,True,17696,27,21,26,1.9436
233,27,ok,18,48,30,True,True,18040,29,18,18,1.8171
232,27,ok,8,26,18,True,True,17954,19,50,8,1.8954
234,27,ok,4,9,5,True,True,18126,22,67,4,1.884
238,27,ok,8,28,20,True,True,18471,22,29,8,1.8167
237,27,ok,10,31,21,True,True,18385,22,39,10,1.8938
236,27,ok,6,16,10,True,True,18299,24,45,6,2.0389
240,27,ok,4,14,10,True,True,18644,15,120,4,1.8931
239,27,ok,16,47,31,True,True,18557,34,19,16,2.0342
235,27,ok,20,63,43,True,True,18213,25,18,20,2.2939
243,27,ok,8,28,20,True,True,18903,24,34,8,2.8995
500,26,ok,2,6,4,True,True,40752,22,317,2,14.8663
241,27,ok,26,78,52,True,True,18730,24,17,26,3.0349
244,27,ok,8,27,19,True,True,18989,19,55,8,2.9157
245,27,ok,18,50,32,True,True,19076,30,21,18,2.998
246,27,ok,4,13,9,True,True,19162,23,67,4,2.9763
242,27,ok,6,25,19,True,True,18817,15,29,6,3.3784
248,27,ok,6,23,17,True,True,19336,19,50,6,2.9718
247,27,ok,20,57,37,True,True,19249,32,18,20,3.0737
249,27,ok,10,26,16,True,True,19422,21,37,10,3.056
251,27,ok,16,43,27,True,True,19596,23,21,16,3.0491
252,27,ok,4,11,7,True,True,19682,21,120,4,3.0968
254,27,ok,6,15,9,True,True,19856,17,28,6,3.0175
253,27,ok,26,78,52,True,True,19769,22,18,26,3.0736
250,27,ok,8,31,23,True,True,19509,21,28,8,3.2635
256,27,ok,8,23,15,True,True,20030,20,51,8,3.0906
255,27,ok,8,25,17,True,True,19943,22,41,8,3.2548
258,27,ok,4,14,10,True,True,20204,15,71,4,3.0957
259,27,ok,20,40,20,True,True,20291,38,16,20,3.1593
257,27,ok,18,47,29,True,True,20117,32,19,18,3.3647
260,27,ok,6,22,16,True,True,20378,34,54,6,3.3483
261,27,ok,10,35,25,True,True,20465,22,39,10,3.453
262,27,ok,8,23,15,True,True,20552,24,33,8,3.3339
263,27,ok,16,39,23,True,True,20639,30,19,16,3.2778
265,27,ok,26,75,49,True,True,20813,31,18,26,3.4189
267,27,ok,8,22,14,True,True,20988,26,47,8,3.2816
264,27,ok,4,12,8,True,True,20726,18,137,4,3.5105
266,27,ok,6,22,16,True,True,20900,26,31,6,3.524
268,27,ok,8,23,15,True,True,21075,21,51,8,3.3858
270,27,ok,4,14,10,True,True,21250,21,68,4,3.3618
271,27,ok,20,59,39,True,True,21337,25,16,20,2.4591
274,27,ok,8,23,15,True,True,21599,20,29,8,2.4853
276,27,ok,4,13,9,True,True,21774,16,137,4,2.4761
273,27,ok,10,25,15,True,True,21512,22,42,10,2.809
269,27,ok,18,54,36,True,True,21162,29,18,18,3.8828
272,27,ok,6,19,13,True,True,21424,19,50,6,3.9403
278,27,ok,6,23,17,True,True,21949,23,31,6,3.4946
277,27,ok,26,89,63,True,True,21862,24,17,26,3.6914
280,27,ok,8,28,20,True,True,22125,20,54,8,3.5515
281,27,ok,18,48,30,True,True,22212,29,18,18,3.6086
284,27,ok,6,17,11,True,True,22476,25,50,6,3.5602
275,27,ok,16,43,27,True,True,21687,28,18,16,3.9907
279,27,ok,8,31,23,True,True,22037,28,43,8,3.8936
282,27,ok,4,14,10,True,True,22300,19,65,4,3.6725
283,27,ok,20,58,38,True,True,22388,29,22,20,3.6719
285,27,ok,10,33,23,True,True,22564,23,41,10,3.71
286,27,ok,8,29,21,True,True,22651,25,28,8,3.714
287,27,ok,16,42,26,True,True,22739,29,17,16,3.9646
288,27,ok,4,9,5,True,True,22827,15,122,4,3.9181
289,27,ok,26,92,66,True,True,22915,26,19,26,4.0046
290,27,ok,6,14,8,True,True,23003,21,29,6,3.9614
291,27,ok,8,21,13,True,True,23091,20,37,8,3.9578
294,27,ok,4,11,7,True,True,23355,18,71,4,3.836
293,27,ok,18,48,30,True,True,23267,25,18,18,3.9322
292,27,ok,8,27,19,True,True,23179,21,53,8,4.02
296,27,ok,6,19,13,True,True,23531,22,51,6,3.8666
295,27,ok,20,56,36,True,True,23443,28,18,20,4.0445
300,27,ok,4,13,9,True,True,23884,22,131,4,3.9526
297,27,ok,10,31,21,True,True,23620,21,38,10,4.2872
299,27,ok,16,43,27,True,True,23796,47,19,16,4.112
298,27,ok,8,25,17,True,True,23708,24,29,8,4.2469
301,27,ok,26,77,51,True,True,23973,28,21,26,5.1471
302,27,ok,6,24,18,True,True,24061,23,29,6,5.2335
303,27,ok,8,26,18,True,True,24149,21,42,8,5.0606
304,27,ok,8,28,20,True,True,24238,17,52,8,5.3941
305,27,ok,18,54,36,True,True,24326,40,20,18,5.3951
306,27,ok,4,14,10,True,True,24414,18,68,4,4.3022
307,27,ok,20,57,37,True,True,24503,28,23,20,4.386
310,27,ok,8,22,14,True,True,24768,37,32,8,4.2516
311,27,ok,16,51,35,True,True,24857,42,19,16,4.357
309,27,ok,10,36,26,True,True,24680,20,42,10,4.5955
308,27,ok,6,19,13,True,True,24591,23,50,6,4.6751
314,27,ok,6,15,9,True,True,25123,19,28,6,4.3608
315,27,ok,8,21,13,True,True,25212,30,41,8,4.4067
313,27,ok,26,91,65,True,True,25034,25,20,26,4.5206
312,27,ok,4,13,9,True,True,24946,18,129,4,4.6051
316,27,ok,8,23,15,True,True,25300,25,56,8,4.5587
317,27,ok,18,55,37,True,True,25389,27,17,18,4.6066
318,27,ok,4,9,5,True,True,25478,28,78,4,4.4165
319,27,ok,20,63,43,True,True,25567,35,18,20,4.6002
320,27,ok,6,19,13,True,True,25655,24,48,6,4.5557
321,27,ok,10,33,23,True,True,25744,24,45,10,4.797
323,27,ok,16,40,24,True,True,25922,33,18,16,4.6942
322,27,ok,8,28,20,True,True,25833,23,31,8,4.8167
324,27,ok,4,12,8,True,True,26011,24,122,4,4.7101
325,27,ok,26,72,46,True,True,26100,31,19,26,4.887
326,27,ok,6,16,10,True,True,26189,26,29,6,4.9866
329,27,ok,18,48,30,True,True,26456,29,19,18,5.8106
327,27,ok,8,29,21,True,True,26278,21,39,8,6.1436
330,27,ok,4,13,9,True,True,26545,17,69,4,5.8689
328,27,ok,8,24,16,True,True,26367,23,50,8,5.9913
331,27,ok,20,57,37,True,True,26634,33,19,20,5.9854
332,27,ok,6,18,12,True,True,26723,28,53,6,4.9992
334,27,ok,8,33,25,True,True,26902,17,32,8,5.1255
333,27,ok,10,24,14,True,True,26812,31,46,10,5.3972
338,27,ok,6,16,10,True,True,27259,27,31,6,5.0511
337,27,ok,26,68,42,True,True,27169,28,22,26,5.1528
335,27,ok,16,51,35,True,True,26991,29,21,16,5.1912
336,27,ok,4,9,5,True,True,27080,25,136,4,5.5691
340,27,ok,8,30,22,True,True,27437,24,51,8,5.184
339,27,ok,8,32,24,True,True,27348,30,42,8,5.4034
342,27,ok,4,11,7,True,True,27616,24,74,4,5.2479
343,27,ok,20,57,37,True,True,27706,28,20,20,5.2773
341,27,ok,18,51,33,True,True,27527,30,18,18,5.4154
345,27,ok,10,35,25,True,True,27884,27,40,10,5.3578
346,27,ok,8,25,17,True,True,27974,23,29,8,5.4227
347,27,ok,16,47,31,True,True,28063,30,19,16,5.3471
344,27,ok,6,22,16,True,True,27795,21,57,6,5.8016
348,27,ok,4,16,12,True,True,28153,24,141,4,6.3293
349,27,ok,26,86,60,True,True,28243,31,20,26,6.5698
350,27,ok,6,20,14,True,True,28332,33,39,6,6.4549
351,27,ok,8,24,16,True,True,28422,32,39,8,6.4831
352,27,ok,8,27,19,True,True,28511,16,56,8,6.4188
354,27,ok,4,16,12,True,True,28691,31,73,4,6.5296
355,27,ok,20,62,42,True,True,28780,30,21,20,6.5481
353,27,ok,18,49,31,True,True,28601,31,20,18,6.7083
356,27,ok,6,19,13,True,True,28870,22,49,6,6.7235
358,27,ok,8,26,18,True,True,29050,28,33,8,5.6437
360,27,ok,4,11,7,True,True,29229,28,129,4,5.7749
357,27,ok,10,26,16,True,True,28960,30,42,10,7.1053
361,27,ok,26,82,56,True,True,29319,29,17,26,5.7275
362,27,ok,6,20,14,True,True,29409,28,36,6,5.6866
359,27,ok,16,52,36,True,True,29140,27,19,16,6.1169
363,27,ok,8,24,16,True,True,29499,26,42,8,5.6997
364,27,ok,8,25,17,True,True,29589,20,54,8,6.7914
366,27,ok,4,16,12,True,True,29769,18,77,4,6.7721
368,27,ok,6,20,14,True,True,29949,30,57,6,6.9762
365,27,ok,18,45,27,True,True,29679,31,20,18,7.242
367,27,ok,20,61,41,True,True,29859,28,20,20,7.3327
370,27,ok,8,33,25,True,True,30129,25,35,8,7.1266
374,27,ok,6,21,15,True,True,30490,28,31,6,6.9696
372,27,ok,4,15,11,True,True,30309,27,133,4,7.1193
369,27,ok,10,27,17,True,True,30039,26,41,10,7.3717
373,27,ok,26,86,60,True,True,30399,22,21,26,7.362
375,27,ok,8,25,17,True,True,30580,36,46,8,7.1615
376,27,ok,8,31,23,True,True,30670,28,59,8,7.1198
377,27,ok,18,53,35,True,True,30760,37,18,18,7.1028
371,27,ok,16,53,37,True,True,30219,40,21,16,7.8101
379,27,ok,20,52,32,True,True,30941,32,18,20,6.5867
378,27,ok,4,12,8,True,True,30851,19,81,4,7.7278
380,27,ok,6,22,16,True,True,31031,26,55,6,7.4283
382,27,ok,8,22,14,True,True,31212,27,32,8,7.3554
381,27,ok,10,34,24,True,True,31121,24,43,10,7.5149
383,27,ok,16,47,31,True,True,31302,31,20,16,7.3979
384,27,ok,4,15,11,True,True,31393,26,135,4,7.5541
385,27,ok,26,90,64,True,True,31483,26,19,26,7.596
386,27,ok,6,21,15,True,True,31573,27,34,6,7.5557
387,27,ok,8,29,21,True,True,31664,24,48,8,7.4788
388,27,ok,8,26,18,True,True,31754,23,57,8,7.5795
390,27,ok,4,13,9,True,True,31935,20,78,4,7.4569
392,27,ok,6,19,13,True,True,32117,23,52,6,7.4511
389,27,ok,18,54,36,True,True,31845,34,21,18,7.7938
391,27,ok,20,57,37,True,True,32026,32,20,20,7.8456
394,27,ok,8,32,24,True,True,32298,21,29,8,7.7293
393,27,ok,10,29,19,True,True,32207,20,43,10,8.1033
395,27,ok,16,42,26,True,True,32388,35,19,16,8.0975
396,27,ok,4,10,6,True,True,32479,28,143,4,7.9613
397,27,ok,26,81,55,True,True,32570,28,19,26,7.9264
398,27,ok,6,25,19,True,True,32660,23,34,6,7.9456
399,27,ok,8,26,18,True,True,32751,48,44,8,7.9392
400,27,ok,8,27,19,True,True,32842,28,52,8,8.0802
402,27,ok,4,8,4,True,True,33023,24,80,4,7.9746
403,27,ok,20,63,43,True,True,33114,40,23,20,8.0493
401,27,ok,18,64,46,True,True,32933,46,18,18,8.2566
405,27,ok,10,30,20,True,True,33296,26,43,10,8.2259
406,27,ok,8,31,23,True,True,33387,18,34,8,8.3701
404,27,ok,6,20,14,True,True,33205,21,53,6,8.4474
408,27,ok,4,10,6,True,True,33569,25,136,4,8.2916
407,27,ok,16,45,29,True,True,33478,29,19,16,8.5143
409,27,ok,26,78,52,True,True,33660,26,20,26,9.0989
411,27,ok,8,24,16,True,True,33842,27,49,8,8.3791
410,27,ok,6,19,13,True,True,33751,25,31,6,9.668
412,27,ok,8,31,23,True,True,33933,22,54,8,8.435
413,27,ok,18,44,26,True,True,34024,31,21,18,8.6531
414,27,ok,4,15,11,True,True,34115,21,78,4,8.3906
415,27,ok,20,55,35,True,True,34206,37,21,20,8.3915
416,27,ok,6,23,17,True,True,34297,31,54,6,8.5256
417,27,ok,10,31,21,True,True,34388,25,51,10,8.588
418,27,ok,8,31,23,True,True,34479,18,33,8,8.6352
419,27,ok,16,48,32,True,True,34570,29,21,16,8.822
421,27,ok,26,78,52,True,True,34753,28,21,26,9.7895
420,27,ok,4,10,6,True,True,34661,23,136,4,10.2097
422,27,ok,6,17,11,True,True,34844,23,34,6,9.9743
423,27,ok,8,28,20,True,True,34935,36,44,8,9.9014
424,27,ok,8,27,19,True,True,35026,23,54,8,9.8372
425,27,ok,18,60,42,True,True,35117,34,20,18,10.5928
426,27,ok,4,10,6,True,True,35209,18,85,4,9.278
429,27,ok,10,29,19,True,True,35483,20,45,10,9.0205
428,27,ok,6,15,9,True,True,35391,30,53,6,9.2196
430,27,ok,8,29,21,True,True,35574,28,29,8,9.02
427,27,ok,20,58,38,True,True,35300,37,21,20,9.731
432,27,ok,4,11,7,True,True,35757,22,141,4,8.9005
431,27,ok,16,39,23,True,True,35666,36,19,16,10.1466
434,27,ok,6,26,20,True,True,35940,28,32,6,9.9262
433,27,ok,26,80,54,True,True,35848,34,19,26,10.1331
435,27,ok,8,20,12,True,True,36031,29,42,8,10.367
436,27,ok,8,32,24,True,True,36123,31,59,8,10.4656
438,27,ok,4,10,6,True,True,36306,19,75,4,10.7221
439,27,ok,20,57,37,True,True,36397,32,20,20,10.8695
440,27,ok,6,15,9,True,True,36489,43,51,6,9.5079
437,27,ok,18,49,31,True,True,36214,33,20,18,11.2653
443,27,ok,16,39,23,True,True,36764,48,20,16,9.4529
441,27,ok,10,39,29,True,True,36581,22,45,10,9.709
445,27,ok,26,74,48,True,True,36947,33,20,26,10.6962
444,27,ok,4,13,9,True,True,36855,28,141,4,11.104
446,27,ok,6,19,13,True,True,37039,29,31,6,10.9599
448,27,ok,8,29,21,True,True,37222,24,59,8,10.8064
442,27,ok,8,30,22,True,True,36672,24,33,8,12.0023
447,27,ok,8,33,25,True,True,37131,34,41,8,10.9916
449,27,ok,18,57,39,True,True,37314,43,20,18,10.8425
450,27,ok,4,14,10,True,True,37406,18,77,4,10.9759
451,27,ok,20,66,46,True,True,37498,33,21,20,10.1955
454,27,ok,8,30,22,True,True,37773,33,37,8,10.0853
452,27,ok,6,17,11,True,True,37589,30,57,6,10.2634
455,27,ok,16,48,32,True,True,37865,36,22,16,11.1465
453,27,ok,10,29,19,True,True,37681,23,42,10,11.4312
457,27,ok,26,92,66,True,True,38049,32,21,26,11.4456
458,27,ok,6,20,14,True,True,38141,29,36,6,11.1861
459,27,ok,8,25,17,True,True,38233,37,44,8,11.1274
456,27,ok,4,18,14,True,True,37957,15,140,4,11.9542
460,27,ok,8,23,15,True,True,38324,27,58,8,11.7313
461,27,ok,18,50,32,True,True,38416,40,22,18,11.5885
465,27,ok,10,27,17,True,True,38785,31,47,10,11.055
463,27,ok,20,61,41,True,True,38600,33,20,20,11.5721
464,27,ok,6,20,14,True,True,38692,29,59,6,11.6328
462,27,ok,4,18,14,True,True,38508,21,77,4,13.0694
466,27,ok,8,30,22,True,True,38877,21,32,8,11.2491
468,27,ok,4,11,7,True,True,39061,26,141,4,11.4073
467,27,ok,16,45,29,True,True,38969,45,20,16,11.8628
469,27,ok,26,81,55,True,True,39153,28,20,26,11.9515
471,27,ok,8,28,20,True,True,39337,30,43,8,11.8219
1,28,ok,27,27,0,True,True,61,2,3,27,0.0008
2,28,ok,4,4,0,True,True,102,3,14,4,0.0005
3,28,ok,3,4,1,True,True,149,3,28,3,0.0007
4,28,ok,6,10,4,True,True,199,5,26,6,0.0012
5,28,ok,7,11,4,True,True,251,7,33,7,0.0017
6,28,ok,2,6,4,True,True,306,3,41,2,0.0016
7,28,ok,11,19,8,True,True,362,6,33,11,0.0027
8,28,ok,6,8,2,True,True,419,6,37,6,0.0032
9,28,ok,3,6,3,True,True,477,5,41,3,0.0035
10,28,ok,10,20,10,True,True,537,8,36,10,0.0043
11,28,ok,7,12,5,True,True,597,9,47,7,0.0047
12,28,ok,2,3,1,True,True,658,6,44,2,0.0045
13,28,ok,11,23,12,True,True,721,9,43,11,0.0069
14,28,ok,4,6,2,True,True,783,9,46,4,0.0116
15,28,ok,3,4,1,True,True,847,6,47,3,0.0066
16,28,ok,6,12,6,True,True,911,10,51,6,0.008
17,28,ok,11,19,8,True,True,976,10,48,11,0.0119
18,28,ok,2,6,4,True,True,1041,5,105,2,0.012
19,28,ok,19,34,15,True,True,1106,7,54,19,0.0187
20,28,ok,4,8,4,True,True,1173,13,50,4,0.0167
21,28,ok,3,6,3,True,True,1239,5,53,3,0.019
22,28,ok,6,12,6,True,True,1306,11,58,6,0.0193
23,28,ok,7,12,5,True,True,1374,18,58,7,0.0187
24,28,ok,2,4,2,True,True,1442,5,67,2,0.0293
25,28,ok,11,20,9,True,True,1510,16,58,11,0.0204
26,28,ok,6,10,4,True,True,1579,11,60,6,0.0193
27,28,ok,3,9,6,True,True,1648,6,66,3,0.0203
28,28,ok,10,24,14,True,True,1717,9,62,10,0.0289
29,28,ok,7,12,5,True,True,1787,22,58,7,0.0273
30,28,ok,2,5,3,True,True,1857,7,64,2,0.0294
31,28,ok,11,21,10,True,True,1927,16,60,11,0.036
473,27,ok,18,52,34,True,True,39522,63,21,18,11.6729
32,28,ok,4,10,6,True,True,1998,14,59,4,0.0302
33,28,ok,3,10,7,True,True,2069,9,65,3,0.0285
34,28,ok,6,9,3,True,True,2140,10,66,6,0.0386
35,28,ok,11,19,8,True,True,2212,12,66,11,0.0347
470,27,ok,6,23,17,True,True,39245,25,32,6,12.4965
36,28,ok,2,6,4,True,True,2283,8,124,2,0.0363
37,28,ok,19,43,24,True,True,2355,8,70,19,0.0439
38,28,ok,4,9,5,True,True,2427,16,62,4,0.0385
39,28,ok,3,7,4,True,True,2500,6,80,3,0.0436
40,28,ok,6,14,8,True,True,2573,12,67,6,0.0431
41,28,ok,7,19,12,True,True,2645,13,70,7,0.0468
472,27,ok,8,29,21,True,True,39429,25,55,8,11.8956
42,28,ok,2,6,4,True,True,2719,8,68,2,0.0549
43,28,ok,11,22,11,True,True,2792,15,68,11,0.0525
45,28,ok,3,6,3,True,True,2939,8,79,3,0.054
44,28,ok,6,14,8,True,True,2866,15,73,6,0.0633
47,28,ok,7,17,10,True,True,3087,17,83,7,0.0609
46,28,ok,10,24,14,True,True,3013,8,81,10,0.0843
48,28,ok,2,5,3,True,True,3162,7,78,2,0.0619
49,28,ok,11,25,14,True,True,3236,12,74,11,0.068
50,28,ok,4,9,5,True,True,3311,14,77,4,0.0667
52,28,ok,6,11,5,True,True,3461,14,71,6,0.0714
51,28,ok,3,9,6,True,True,3386,8,75,3,0.086
53,28,ok,11,27,16,True,True,3536,11,85,11,0.0801
54,28,ok,2,4,2,True,True,3612,9,153,2,0.0748
55,28,ok,19,42,23,True,True,3687,9,78,19,0.1038
57,28,ok,3,10,7,True,True,3839,9,78,3,0.086
56,28,ok,4,7,3,True,True,3763,12,77,4,0.1065
58,28,ok,6,10,4,True,True,3915,15,86,6,0.0905
59,28,ok,7,14,7,True,True,3991,26,76,7,0.0929
60,28,ok,2,4,2,True,True,4068,10,93,2,0.0934
62,28,ok,6,14,8,True,True,4221,15,86,6,0.1043
61,28,ok,11,23,12,True,True,4144,16,81,11,0.1489
63,28,ok,3,7,4,True,True,4298,9,84,3,0.1093
64,28,ok,10,23,13,True,True,4375,15,81,10,0.1162
65,28,ok,7,13,6,True,True,4452,22,81,7,0.1182
66,28,ok,2,3,1,True,True,4529,10,82,2,0.1244
68,28,ok,4,10,6,True,True,4684,13,88,4,1.0537
67,28,ok,11,29,18,True,True,4607,17,87,11,1.0707
69,28,ok,3,13,10,True,True,4762,8,82,3,1.0594
474,27,ok,4,13,9,True,True,39614,18,82,4,12.0569
70,28,ok,6,14,8,True,True,4840,12,90,6,1.1172
71,28,ok,11,19,8,True,True,4918,15,87,11,0.1484
72,28,ok,2,6,4,True,True,4996,10,168,2,0.1421
73,28,ok,19,50,31,True,True,5074,13,85,19,0.2111
76,28,ok,6,12,6,True,True,5309,10,93,6,0.155
75,28,ok,3,7,4,True,True,5231,14,80,3,0.1782
74,28,ok,4,12,8,True,True,5152,25,82,4,0.1885
77,28,ok,7,14,7,True,True,5388,15,88,7,0.1653
78,28,ok,2,5,3,True,True,5467,15,87,2,0.1831
476,27,ok,6,15,9,True,True,39798,44,56,6,11.7555
79,28,ok,11,27,16,True,True,5546,16,84,11,0.1891
81,28,ok,3,10,7,True,True,5704,10,91,3,0.1843
82,28,ok,10,25,15,True,True,5783,13,94,10,0.1886
80,28,ok,6,11,5,True,True,5625,11,99,6,0.2342
83,28,ok,7,15,8,True,True,5863,11,90,7,0.195
84,28,ok,2,6,4,True,True,5942,10,89,2,0.2382
477,27,ok,10,29,19,True,True,39891,34,42,10,11.7967
85,28,ok,11,27,16,True,True,6022,17,90,11,0.2164
86,28,ok,4,8,4,True,True,6101,13,91,4,0.2142
87,28,ok,3,7,4,True,True,6181,14,86,3,0.2089
88,28,ok,6,10,4,True,True,6261,16,93,6,0.2591
89,28,ok,11,25,14,True,True,6341,13,100,11,0.2253
90,28,ok,2,5,3,True,True,6421,9,187,2,0.2395
92,28,ok,4,8,4,True,True,6581,19,87,4,0.241
94,28,ok,6,11,5,True,True,6742,17,99,6,0.2478
91,28,ok,19,50,31,True,True,6501,12,93,19,0.263
93,28,ok,3,8,5,True,True,6662,11,90,3,0.2557
480,27,ok,4,11,7,True,True,40167,19,166,4,11.8239
95,28,ok,7,13,6,True,True,6823,19,92,7,0.3089
96,28,ok,2,6,4,True,True,6904,11,97,2,0.2706
97,28,ok,11,21,10,True,True,6984,29,101,11,0.2786
98,28,ok,6,16,10,True,True,7065,16,103,6,0.2718
99,28,ok,3,9,6,True,True,7146,8,102,3,0.2673
101,28,ok,7,14,7,True,True,7308,20,102,7,0.3113
100,28,ok,10,19,9,True,True,7227,10,90,10,0.3332
102,28,ok,2,8,6,True,True,7390,9,102,2,0.2928
104,28,ok,4,9,5,True,True,7552,21,94,4,0.3038
479,27,ok,16,49,33,True,True,40075,38,19,16,12.4451
105,28,ok,3,9,6,True,True,7634,10,99,3,0.326
475,27,ok,20,60,40,True,True,39706,36,18,20,13.1035
106,28,ok,6,15,9,True,True,7715,16,99,6,0.3255
107,28,ok,11,24,13,True,True,7797,20,98,11,0.3366
103,28,ok,11,23,12,True,True,7471,21,102,11,0.4937
108,28,ok,2,3,1,True,True,7879,10,185,2,0.3368
109,28,ok,19,47,28,True,True,7961,14,97,19,0.3773
110,28,ok,4,10,6,True,True,8042,23,103,4,0.3394
111,28,ok,3,9,6,True,True,8124,10,103,3,0.3569
112,28,ok,6,16,10,True,True,8207,23,94,6,0.422
113,28,ok,7,14,7,True,True,8289,21,98,7,0.3767
114,28,ok,2,5,3,True,True,8371,12,104,2,0.373
116,28,ok,6,18,12,True,True,8536,18,97,6,0.3988
115,28,ok,11,28,17,True,True,8453,16,116,11,0.4731
118,28,ok,10,25,15,True,True,8701,11,104,10,0.4215
120,28,ok,2,5,3,True,True,8866,11,96,2,0.4004
119,28,ok,7,20,13,True,True,8783,18,96,7,0.4451
117,28,ok,3,7,4,True,True,8618,13,102,3,0.5262
121,28,ok,11,28,17,True,True,8949,24,102,11,0.4395
122,28,ok,4,7,3,True,True,9031,22,106,4,0.4591
123,28,ok,3,8,5,True,True,9114,11,113,3,0.4479
124,28,ok,6,12,6,True,True,9197,22,97,6,0.4514
125,28,ok,11,24,13,True,True,9280,22,117,11,0.4795
126,28,ok,2,7,5,True,True,9364,8,210,2,0.4585
127,28,ok,19,38,19,True,True,9447,14,108,19,0.5385
128,28,ok,4,9,5,True,True,9530,17,100,4,0.4683
129,28,ok,3,10,7,True,True,9613,14,109,3,0.4957
131,28,ok,7,12,5,True,True,9780,23,99,7,1.3356
130,28,ok,6,9,3,True,True,9697,14,104,6,1.4687
478,27,ok,8,27,19,True,True,39983,19,32,8,14.6798
482,27,ok,6,16,10,True,True,40352,27,34,6,13.2324
483,27,ok,8,26,18,True,True,40445,19,44,8,12.906
132,28,ok,2,9,7,True,True,9864,11,108,2,1.3794
134,28,ok,6,13,7,True,True,10031,15,104,6,1.3705
133,28,ok,11,28,17,True,True,9947,14,109,11,1.386
135,28,ok,3,10,7,True,True,10115,8,108,3,1.3778
136,28,ok,10,22,12,True,True,10199,16,102,10,1.39
137,28,ok,7,16,9,True,True,10283,34,103,7,1.5051
138,28,ok,2,3,1,True,True,10367,10,111,2,1.5014
485,27,ok,18,49,31,True,True,40629,32,21,18,12.2112
140,28,ok,4,9,5,True,True,10535,21,105,4,0.582
139,28,ok,11,26,15,True,True,10451,25,107,11,1.56
481,27,ok,26,92,66,True,True,40260,26,20,26,14.1288
143,28,ok,11,25,14,True,True,10787,18,118,11,0.6681
141,28,ok,3,11,8,True,True,10619,9,104,3,0.7078
144,28,ok,2,6,4,True,True,10872,12,216,2,0.7084
145,28,ok,19,53,34,True,True,10956,18,106,19,0.6832
146,28,ok,4,13,9,True,True,11040,25,112,4,0.6589
147,28,ok,3,9,6,True,True,11125,11,109,3,0.6579
142,28,ok,6,13,7,True,True,10703,15,108,6,0.7763
486,27,ok,4,11,7,True,True,40722,17,80,4,12.3389
148,28,ok,6,13,7,True,True,11209,19,110,6,0.6668
149,28,ok,7,14,7,True,True,11294,27,111,7,0.6889
484,27,ok,8,29,21,True,True,40537,26,58,8,13.8962
151,28,ok,11,27,16,True,True,11464,26,106,11,0.6918
150,28,ok,2,6,4,True,True,11379,13,100,2,0.7056
153,28,ok,3,10,7,True,True,11633,18,119,3,0.714
152,28,ok,6,16,10,True,True,11548,13,111,6,0.7214
155,28,ok,7,17,10,True,True,11803,29,113,7,0.749
154,28,ok,10,21,11,True,True,11718,15,104,10,0.805
156,28,ok,2,7,5,True,True,11888,10,107,2,0.7265
157,28,ok,11,27,16,True,True,11973,17,102,11,0.803
159,28,ok,3,7,4,True,True,12144,12,105,3,0.7746
160,28,ok,6,12,6,True,True,12229,16,117,6,0.7765
161,28,ok,11,21,10,True,True,12314,18,108,11,0.8204
158,28,ok,4,11,7,True,True,12058,22,103,4,0.8586
164,28,ok,4,11,7,True,True,12571,22,114,4,0.8527
163,28,ok,19,52,33,True,True,12485,12,110,19,0.9255
162,28,ok,2,6,4,True,True,12400,10,214,2,0.9809
165,28,ok,3,8,5,True,True,12656,13,115,3,0.8508
166,28,ok,6,17,11,True,True,12742,12,110,6,0.8842
167,28,ok,7,15,8,True,True,12827,29,109,7,0.9791
169,28,ok,11,24,13,True,True,12999,19,115,11,0.9137
168,28,ok,2,4,2,True,True,12913,15,121,2,1.0014
170,28,ok,6,14,8,True,True,13085,18,107,6,0.9501
489,27,ok,10,30,20,True,True,40999,25,47,10,12.3127
171,28,ok,3,10,7,True,True,13171,11,124,3,0.9882
172,28,ok,10,26,16,True,True,13257,13,107,10,1.0341
174,28,ok,2,5,3,True,True,13429,14,115,2,0.9701
487,27,ok,20,56,36,True,True,40814,55,20,20,12.5812
173,28,ok,7,19,12,True,True,13342,29,120,7,1.1061
176,28,ok,4,9,5,True,True,13601,20,112,4,0.9849
488,27,ok,6,24,18,True,True,40907,25,55,6,12.6532
175,28,ok,11,24,13,True,True,13515,23,111,11,1.0681
490,27,ok,8,24,16,True,True,41092,22,34,8,12.3854
177,28,ok,3,5,2,True,True,13687,14,115,3,1.5598
180,28,ok,2,7,5,True,True,13946,9,224,2,1.9519
179,28,ok,11,27,16,True,True,13859,19,130,11,1.9871
182,28,ok,4,8,4,True,True,14119,23,121,4,1.931
178,28,ok,6,11,5,True,True,13773,19,114,6,2.2355
183,28,ok,3,13,10,True,True,14205,11,121,3,2.0001
185,28,ok,7,15,8,True,True,14378,27,110,7,1.9914
181,28,ok,19,47,28,True,True,14032,13,111,19,2.4051
184,28,ok,6,11,5,True,True,14292,15,115,6,2.0494
187,28,ok,11,27,16,True,True,14551,25,119,11,2.0302
492,27,ok,4,9,5,True,True,41277,32,155,4,13.4797
188,28,ok,6,17,11,True,True,14638,19,119,6,2.0373
186,28,ok,2,8,6,True,True,14465,12,112,2,2.182
189,28,ok,3,10,7,True,True,14725,18,123,3,2.1053
190,28,ok,10,25,15,True,True,14812,16,121,10,2.0655
191,28,ok,7,16,9,True,True,14899,19,119,7,2.0675
192,28,ok,2,7,5,True,True,14986,19,120,2,2.0553
194,28,ok,4,9,5,True,True,15159,16,112,4,2.121
494,27,ok,6,19,13,True,True,41462,25,33,6,12.6793
193,28,ok,11,29,18,True,True,15072,25,124,11,2.2341
197,28,ok,11,25,14,True,True,15421,20,122,11,2.1715
198,28,ok,2,5,3,True,True,15508,8,219,2,1.7041
195,28,ok,3,7,4,True,True,15247,14,132,3,2.2808
196,28,ok,6,17,11,True,True,15334,19,118,6,2.3012
200,28,ok,4,7,3,True,True,15682,36,119,4,1.3081
201,28,ok,3,7,4,True,True,15770,14,116,3,1.3179
199,28,ok,19,48,29,True,True,15595,18,125,19,1.3879
491,27,ok,16,40,24,True,True,41184,38,24,16,14.4194
495,27,ok,8,23,15,True,True,41554,34,44,8,12.9545
203,28,ok,7,17,10,True,True,15945,22,119,7,1.4229
204,28,ok,2,7,5,True,True,16032,14,113,2,1.3488
207,28,ok,3,4,1,True,True,16295,15,121,3,1.43
206,28,ok,6,13,7,True,True,16207,14,122,6,1.524
208,28,ok,10,27,17,True,True,16382,16,134,10,1.5083
202,28,ok,6,15,9,True,True,15857,16,123,6,1.9012
209,28,ok,7,19,12,True,True,16470,33,123,7,1.4567
497,27,ok,18,49,31,True,True,41740,37,21,18,13.2341
493,27,ok,26,76,50,True,True,41369,32,22,26,14.1215
211,28,ok,11,30,19,True,True,16645,22,121,11,1.5161
210,28,ok,2,6,4,True,True,16558,14,126,2,1.6139
212,28,ok,4,12,8,True,True,16733,27,129,4,1.5133
205,28,ok,11,29,18,True,True,16119,18,131,11,1.822
213,28,ok,3,5,2,True,True,16821,15,112,3,1.4796
214,28,ok,6,11,5,True,True,16909,17,123,6,1.5036
215,28,ok,11,25,14,True,True,16997,22,124,11,1.5303
216,28,ok,2,12,10,True,True,17085,12,250,2,1.5242
496,27,ok,8,31,23,True,True,41647,19,57,8,13.9644
218,28,ok,4,11,7,True,True,17261,21,129,4,1.553
498,27,ok,4,17,13,True,True,41832,20,78,4,13.8477
219,28,ok,3,8,5,True,True,17349,17,118,3,2.5524
220,28,ok,6,14,8,True,True,17437,18,122,6,2.5815
217,28,ok,19,54,35,True,True,17173,22,113,19,2.7606
499,27,ok,20,62,42,True,True,41925,32,19,20,14.1018
222,28,ok,2,5,3,True,True,17613,16,117,2,2.5425
223,28,ok,11,29,18,True,True,17702,18,116,11,2.5608
221,28,ok,7,16,9,True,True,17525,35,115,7,2.7022
224,28,ok,6,14,8,True,True,17790,17,121,6,2.6036
226,28,ok,10,28,18,True,True,17967,15,121,10,2.6679
227,28,ok,7,17,10,True,True,18055,25,129,7,2.69
228,28,ok,2,5,3,True,True,18143,14,128,2,2.6281
225,28,ok,3,6,3,True,True,17878,16,139,3,3.1047
500,27,ok,6,17,11,True,True,42018,31,56,6,14.1804
229,28,ok,11,26,15,True,True,18232,21,122,11,2.7072
230,28,ok,4,9,5,True,True,18320,29,121,4,2.6927
231,28,ok,3,10,7,True,True,18409,14,122,3,2.7255
232,28,ok,6,19,13,True,True,18498,15,124,6,2.8674
234,28,ok,2,10,8,True,True,18675,13,236,2,2.8562
233,28,ok,11,26,15,True,True,18586,20,116,11,2.922
236,28,ok,4,11,7,True,True,18852,45,119,4,2.8304
237,28,ok,3,9,6,True,True,18941,15,126,3,2.8251
240,28,ok,2,7,5,True,True,19208,13,121,2,2.8146
239,28,ok,7,16,9,True,True,19119,26,118,7,2.8645
238,28,ok,6,16,10,True,True,19030,23,118,6,2.9354
241,28,ok,11,31,20,True,True,19297,21,124,11,2.898
242,28,ok,6,15,9,True,True,19386,17,124,6,2.8901
243,28,ok,3,8,5,True,True,19475,13,131,3,2.8834
235,28,ok,19,48,29,True,True,18764,18,128,19,3.3204
245,28,ok,7,18,11,True,True,19653,24,132,7,2.8988
244,28,ok,10,28,18,True,True,19564,14,125,10,2.9532
246,28,ok,2,5,3,True,True,19742,11,120,2,2.0174
248,28,ok,4,13,9,True,True,19920,37,123,4,2.101
247,28,ok,11,24,13,True,True,19831,24,126,11,2.2513
249,28,ok,3,8,5,True,True,20010,12,138,3,2.1556
250,28,ok,6,19,13,True,True,20099,16,126,6,2.1603
252,28,ok,2,7,5,True,True,20277,16,242,2,2.1227
251,28,ok,11,25,14,True,True,20188,25,116,11,2.2066
254,28,ok,4,7,3,True,True,20456,27,120,4,2.2786
255,28,ok,3,8,5,True,True,20546,11,133,3,2.1931
253,28,ok,19,53,34,True,True,20367,15,120,19,2.7061
257,28,ok,7,15,8,True,True,20725,70,124,7,2.2714
256,28,ok,6,19,13,True,True,20635,26,124,6,2.2899
261,28,ok,3,10,7,True,True,21083,17,128,3,2.3355
260,28,ok,6,17,11,True,True,20993,18,130,6,3.3051
262,28,ok,10,28,18,True,True,21173,14,119,10,3.339
258,28,ok,2,7,5,True,True,20814,19,122,2,3.5744
263,28,ok,7,13,6,True,True,21262,45,123,7,3.3092
259,28,ok,11,36,25,True,True,20904,17,137,11,3.7511
264,28,ok,2,5,3,True,True,21352,11,131,2,3.4842
265,28,ok,11,30,19,True,True,21442,16,132,11,3.4483
267,28,ok,3,10,7,True,True,21622,13,129,3,3.3934
266,28,ok,4,15,11,True,True,21532,16,125,4,3.4616
268,28,ok,6,18,12,True,True,21712,21,124,6,3.4494
269,28,ok,11,24,13,True,True,21801,21,123,11,3.4828
271,28,ok,19,59,40,True,True,21981,22,138,19,3.4988
270,28,ok,2,5,3,True,True,21891,14,237,2,3.551
272,28,ok,4,9,5,True,True,22071,26,124,4,3.4259
275,28,ok,7,23,16,True,True,22342,26,124,7,3.5111
276,28,ok,2,4,2,True,True,22432,11,130,2,3.5729
277,28,ok,11,31,20,True,True,22522,22,132,11,3.579
273,28,ok,3,7,4,True,True,22161,18,129,3,3.7659
274,28,ok,6,15,9,True,True,22252,16,139,6,3.8254
278,28,ok,6,14,8,True,True,22612,18,132,6,3.6661
282,28,ok,2,5,3,True,True,22973,11,129,2,3.6144
281,28,ok,7,18,11,True,True,22883,37,126,7,3.6361
279,28,ok,3,9,6,True,True,22702,18,133,3,3.762
280,28,ok,10,32,22,True,True,22793,17,136,10,3.8998
283,28,ok,11,24,13,True,True,23064,31,138,11,3.907
285,28,ok,3,7,4,True,True,23245,13,123,3,3.6703
284,28,ok,4,11,7,True,True,23154,22,118,4,3.8441
288,28,ok,2,5,3,True,True,23516,12,258,2,4.0098
287,28,ok,11,24,13,True,True,23426,28,127,11,4.1353
286,28,ok,6,16,10,True,True,23335,28,130,6,4.3323
291,28,ok,3,14,11,True,True,23788,11,127,3,3.0167
292,28,ok,6,16,10,True,True,23878,25,134,6,3.0791
289,28,ok,19,55,36,True,True,23607,17,140,19,4.1757
290,28,ok,4,8,4,True,True,23697,27,133,4,4.3438
296,28,ok,6,13,7,True,True,24241,18,127,6,4.0507
294,28,ok,2,6,4,True,True,24060,10,132,2,4.0961
297,28,ok,3,8,5,True,True,24332,16,137,3,4.1502
293,28,ok,7,12,5,True,True,23969,35,141,7,4.4767
295,28,ok,11,33,22,True,True,24151,20,136,11,4.3872
299,28,ok,7,17,10,True,True,24514,36,127,7,4.2879
298,28,ok,10,22,12,True,True,24423,17,132,10,4.3523
300,28,ok,2,8,6,True,True,24605,10,133,2,4.3296
301,28,ok,11,30,19,True,True,24696,29,124,11,4.2293
303,28,ok,3,9,6,True,True,24878,15,137,3,4.2002
302,28,ok,4,10,6,True,True,24787,30,137,4,4.5058
304,28,ok,6,14,8,True,True,24969,19,142,6,4.2899
306,28,ok,2,5,3,True,True,25151,17,269,2,4.2934
305,28,ok,11,23,12,True,True,25060,21,134,11,4.3663
308,28,ok,4,10,6,True,True,25333,23,123,4,4.3753
307,28,ok,19,53,34,True,True,25242,18,132,19,4.7092
309,28,ok,3,10,7,True,True,25424,10,133,3,4.4349
310,28,ok,6,14,8,True,True,25515,33,131,6,4.4244
311,28,ok,7,14,7,True,True,25606,37,126,7,4.4799
312,28,ok,2,4,2,True,True,25698,13,147,2,4.5434
314,28,ok,6,17,11,True,True,25880,17,136,6,4.5427
315,28,ok,3,11,8,True,True,25972,19,136,3,4.5543
316,28,ok,10,22,12,True,True,26063,16,135,10,4.7605
313,28,ok,11,33,22,True,True,25789,29,124,11,6.5341
318,28,ok,2,6,4,True,True,26246,14,130,2,5.6699
321,28,ok,3,7,4,True,True,26520,13,128,3,5.693
319,28,ok,11,31,20,True,True,26337,32,132,11,6.066
317,28,ok,7,12,5,True,True,26154,41,135,7,6.3569
322,28,ok,6,17,11,True,True,26612,24,129,6,5.8948
324,28,ok,2,7,5,True,True,26795,14,259,2,4.7462
323,28,ok,11,28,17,True,True,26703,21,142,11,5.0144
320,28,ok,4,11,7,True,True,26429,32,136,4,6.2411
325,28,ok,19,53,34,True,True,26886,18,131,19,4.9764
326,28,ok,4,12,8,True,True,26978,37,126,4,5.0217
330,28,ok,2,6,4,True,True,27345,12,145,2,4.9443
329,28,ok,7,18,11,True,True,27253,32,140,7,5.0393
332,28,ok,6,13,7,True,True,27528,32,137,6,4.9772
328,28,ok,6,13,7,True,True,27161,19,133,6,5.1124
333,28,ok,3,12,9,True,True,27620,16,134,3,5.1992
334,28,ok,10,24,14,True,True,27712,17,132,10,5.0845
336,28,ok,2,8,6,True,True,27896,12,132,2,5.0497
335,28,ok,7,13,6,True,True,27804,35,127,7,5.2497
337,28,ok,11,29,18,True,True,27988,27,130,11,5.2309
338,28,ok,4,13,9,True,True,28080,25,141,4,5.2336
327,28,ok,3,7,4,True,True,27070,13,137,3,6.2099
331,28,ok,11,30,19,True,True,27437,28,133,11,5.9591
339,28,ok,3,7,4,True,True,28172,12,142,3,5.2811
341,28,ok,11,25,14,True,True,28356,21,149,11,5.2439
340,28,ok,6,18,12,True,True,28264,20,138,6,5.402
342,28,ok,2,8,6,True,True,28448,10,262,2,5.3364
343,28,ok,19,55,36,True,True,28540,18,125,19,6.4246
344,28,ok,4,12,8,True,True,28632,26,131,4,6.2422
345,28,ok,3,9,6,True,True,28724,15,130,3,6.2656
346,28,ok,6,9,3,True,True,28816,29,136,6,6.375
348,28,ok,2,5,3,True,True,29001,15,142,2,5.4149
350,28,ok,6,12,6,True,True,29185,21,141,6,5.4886
349,28,ok,11,29,18,True,True,29093,24,136,11,5.6234
353,28,ok,7,18,11,True,True,29462,28,147,7,5.5518
347,28,ok,7,18,11,True,True,28908,42,132,7,6.7012
351,28,ok,3,9,6,True,True,29277,13,132,3,6.0993
357,28,ok,3,8,5,True,True,29832,16,135,3,5.7209
356,28,ok,4,9,5,True,True,29739,40,144,4,5.9224
358,28,ok,6,15,9,True,True,29924,27,131,6,6.7058
360,28,ok,2,6,4,True,True,30109,15,264,2,6.6725
359,28,ok,11,26,15,True,True,30017,25,136,11,6.8426
352,28,ok,10,27,17,True,True,29370,20,130,10,7.8095
355,28,ok,11,27,16,True,True,29647,30,135,11,7.5708
354,28,ok,2,6,4,True,True,29554,12,138,2,8.0263
364,28,ok,6,12,6,True,True,30479,27,138,6,7.0541
363,28,ok,3,11,8,True,True,30387,14,132,3,7.2666
365,28,ok,7,12,5,True,True,30572,29,145,7,7.1081
361,28,ok,19,52,33,True,True,30202,19,147,19,8.0979
367,28,ok,11,26,15,True,True,30757,20,138,11,7.3543
366,28,ok,2,3,1,True,True,30665,17,132,2,7.5101
362,28,ok,4,10,6,True,True,30294,23,143,4,8.2628
373,28,ok,11,33,22,True,True,31314,33,148,11,7.3985
369,28,ok,3,8,5,True,True,30943,14,151,3,7.9684
372,28,ok,2,6,4,True,True,31221,23,136,2,7.5936
368,28,ok,6,20,14,True,True,30850,25,132,6,8.1128
371,28,ok,7,14,7,True,True,31128,36,132,7,7.7503
374,28,ok,4,12,8,True,True,31407,23,130,4,6.4412
375,28,ok,3,7,4,True,True,31500,14,139,3,6.4244
370,28,ok,10,29,19,True,True,31036,20,142,10,8.1866
376,28,ok,6,19,13,True,True,31593,18,142,6,7.9808
377,28,ok,11,29,18,True,True,31686,24,131,11,7.8761
378,28,ok,2,8,6,True,True,31778,11,263,2,7.3111
381,28,ok,3,5,2,True,True,32057,15,133,3,7.486
380,28,ok,4,12,8,True,True,31964,30,143,4,8.038
379,28,ok,19,57,38,True,True,31871,20,139,19,8.1513
387,28,ok,3,8,5,True,True,32616,23,144,3,6.7146
383,28,ok,7,20,13,True,True,32244,27,151,7,8.2755
386,28,ok,6,18,12,True,True,32523,28,141,6,7.9256
385,28,ok,11,25,14,True,True,32430,25,141,11,9.3162
388,28,ok,10,32,22,True,True,32709,17,133,10,8.087
390,28,ok,2,4,2,True,True,32896,17,139,2,7.9756
389,28,ok,7,14,7,True,True,32802,29,138,7,8.1006
382,28,ok,6,11,5,True,True,32151,38,140,6,10.0109
384,28,ok,2,6,4,True,True,32337,27,139,2,10.1095
392,28,ok,4,10,6,True,True,33082,31,137,4,8.4936
395,28,ok,11,40,29,True,True,33362,21,135,11,8.0993
394,28,ok,6,16,10,True,True,33269,18,134,6,8.5662
398,28,ok,4,9,5,True,True,33642,22,131,4,8.0708
391,28,ok,11,27,16,True,True,32989,26,140,11,10.2836
396,28,ok,2,4,2,True,True,33455,15,273,2,9.4466
393,28,ok,3,6,3,True,True,33175,20,138,3,10.3393
399,28,ok,3,6,3,True,True,33736,21,140,3,9.2239
404,28,ok,6,16,10,True,True,34203,23,142,6,9.162
405,28,ok,3,9,6,True,True,34297,17,139,3,9.1263
400,28,ok,6,13,7,True,True,33829,17,140,6,9.6972
401,28,ok,7,17,10,True,True,33923,25,146,7,9.7027
406,28,ok,10,30,20,True,True,34390,20,140,10,9.496
397,28,ok,19,53,34,True,True,33549,20,134,19,11.176
408,28,ok,2,10,8,True,True,34577,13,134,2,8.49
409,28,ok,11,26,15,True,True,34671,28,139,11,8.5315
402,28,ok,2,6,4,True,True,34016,12,133,2,10.882
403,28,ok,11,36,25,True,True,34110,40,142,11,11.5219
407,28,ok,7,16,9,True,True,34484,26,141,7,11.26
410,28,ok,4,10,6,True,True,34765,21,150,4,9.8094
412,28,ok,6,15,9,True,True,34952,16,143,6,9.7196
411,28,ok,3,9,6,True,True,34858,13,144,3,10.1989
413,28,ok,11,27,16,True,True,35046,24,148,11,9.5119
414,28,ok,2,8,6,True,True,35140,25,276,2,9.8945
415,28,ok,19,55,36,True,True,35233,22,130,19,9.0197
416,28,ok,4,7,3,True,True,35327,35,133,4,8.9979
418,28,ok,6,14,8,True,True,35515,20,143,6,8.9747
417,28,ok,3,13,10,True,True,35421,14,144,3,9.2859
419,28,ok,7,21,14,True,True,35609,35,141,7,9.1724
420,28,ok,2,4,2,True,True,35703,22,131,2,9.7797
423,28,ok,3,5,2,True,True,35984,15,143,3,9.7902
421,28,ok,11,26,15,True,True,35797,36,149,11,10.749
422,28,ok,6,15,9,True,True,35890,24,136,6,10.1716
424,28,ok,10,34,24,True,True,36078,18,148,10,10.2079
425,28,ok,7,16,9,True,True,36172,33,151,7,9.962
427,28,ok,11,29,18,True,True,36360,26,129,11,9.6631
426,28,ok,2,5,3,True,True,36266,17,153,2,9.9257
429,28,ok,3,9,6,True,True,36548,17,151,3,9.5126
428,28,ok,4,12,8,True,True,36454,36,140,4,10.0325
430,28,ok,6,14,8,True,True,36643,23,141,6,9.9798
431,28,ok,11,32,21,True,True,36737,20,137,11,10.036
433,28,ok,19,63,44,True,True,36925,21,134,19,9.7667
434,28,ok,4,8,4,True,True,37019,24,146,4,9.8711
435,28,ok,3,4,1,True,True,37113,19,155,3,10.1845
437,28,ok,7,18,11,True,True,37302,30,142,7,10.5156
436,28,ok,6,17,11,True,True,37208,19,151,6,10.9538
432,28,ok,2,6,4,True,True,36831,15,276,2,12.2907
440,28,ok,6,14,8,True,True,37585,29,140,6,10.031
442,28,ok,10,24,14,True,True,37773,23,151,10,9.9055
441,28,ok,3,10,7,True,True,37679,14,149,3,10.2755
438,28,ok,2,7,5,True,True,37396,14,141,2,12.6133
444,28,ok,2,6,4,True,True,37962,12,149,2,9.9017
439,28,ok,11,31,20,True,True,37490,28,142,11,13.6234
445,28,ok,11,29,18,True,True,38056,26,137,11,11.2214
446,28,ok,4,7,3,True,True,38151,32,157,4,11.2978
448,28,ok,6,17,11,True,True,38340,20,140,6,11.1371
449,28,ok,11,29,18,True,True,38434,27,141,11,11.3935
443,28,ok,7,17,10,True,True,37868,29,146,7,12.782
447,28,ok,3,14,11,True,True,38245,22,140,3,11.9889
452,28,ok,4,12,8,True,True,38718,34,143,4,10.2392
450,28,ok,2,5,3,True,True,38529,17,286,2,12.0724
451,28,ok,19,53,34,True,True,38623,25,148,19,11.8062
454,28,ok,6,17,11,True,True,38907,34,154,6,11.4265
455,28,ok,7,21,14,True,True,39001,26,144,7,11.3768
456,28,ok,2,9,7,True,True,39096,16,141,2,11.3779
453,28,ok,3,9,6,True,True,38812,15,146,3,11.6542
457,28,ok,11,29,18,True,True,39191,34,137,11,11.5554
459,28,ok,3,9,6,True,True,39380,17,165,3,11.9014
458,28,ok,6,16,10,True,True,39285,24,136,6,12.1756
460,28,ok,10,28,18,True,True,39475,17,149,10,12.0033
463,28,ok,11,28,17,True,True,39759,29,145,11,11.8079
462,28,ok,2,6,4,True,True,39664,19,142,2,12.5234
465,28,ok,3,10,7,True,True,39948,14,143,3,12.3209
461,28,ok,7,17,10,True,True,39569,45,153,7,13.8246
464,28,ok,4,9,5,True,True,39854,31,157,4,13.3589
466,28,ok,6,16,10,True,True,40043,28,137,6,11.9238
467,28,ok,11,28,17,True,True,40138,32,142,11,12.4714
468,28,ok,2,8,6,True,True,40233,13,278,2,12.7772
471,28,ok,3,10,7,True,True,40517,13,145,3,13.4663
473,28,ok,7,17,10,True,True,40707,44,146,7,13.6885
1,29,ok,28,28,0,True,True,63,2,3,28,0.0009
2,29,ok,6,8,2,True,True,106,3,13,6,0.0006
3,29,ok,9,15,6,True,True,154,3,18,9,0.001
4,29,ok,8,14,6,True,True,206,3,16,8,0.0013
5,29,ok,15,23,8,True,True,260,5,10,15,0.0023
6,29,ok,4,9,5,True,True,316,4,45,4,0.0018
7,29,ok,21,42,21,True,True,373,4,11,21,0.0038
8,29,ok,6,10,4,True,True,432,5,20,6,0.0028
9,29,ok,9,13,4,True,True,492,5,37,9,0.0037
10,29,ok,8,14,6,True,True,554,6,20,8,0.0065
11,29,ok,15,28,13,True,True,616,7,15,15,0.0113
12,29,ok,4,6,2,True,True,679,6,70,4,0.0068
13,29,ok,21,40,19,True,True,743,5,15,21,0.0082
14,29,ok,6,9,3,True,True,808,6,28,6,0.0068
15,29,ok,9,15,6,True,True,873,5,36,9,0.0108
474,28,ok,2,7,5,True,True,40802,20,168,2,12.3035
16,29,ok,8,13,5,True,True,939,6,28,8,0.0087
17,29,ok,15,29,14,True,True,1006,10,19,15,0.012
18,29,ok,4,9,5,True,True,1073,5,73,4,0.0104
20,29,ok,6,14,8,True,True,1209,8,30,6,0.0126
19,29,ok,21,46,25,True,True,1141,7,17,21,0.018
21,29,ok,9,14,5,True,True,1277,7,41,9,0.0142
22,29,ok,8,17,9,True,True,1347,7,34,8,0.0197
23,29,ok,15,27,12,True,True,1416,10,18,15,0.0182
24,29,ok,4,8,4,True,True,1486,5,85,4,0.0198
25,29,ok,21,44,23,True,True,1556,9,20,21,0.0235
26,29,ok,6,15,9,True,True,1627,8,31,6,0.0249
27,29,ok,9,19,10,True,True,1698,6,46,9,0.0227
28,29,ok,8,20,12,True,True,1770,8,35,8,0.0255
29,29,ok,15,33,18,True,True,1841,9,22,15,0.0293
30,29,ok,4,8,4,True,True,1914,9,93,4,0.0239
31,29,ok,21,46,25,True,True,1986,9,20,21,0.035
32,29,ok,6,9,3,True,True,2059,9,42,6,0.0302
33,29,ok,9,16,7,True,True,2132,8,59,9,0.0314
34,29,ok,8,17,9,True,True,2205,11,36,8,0.0325
472,28,ok,6,19,13,True,True,40612,19,144,6,14.2035
470,28,ok,4,6,2,True,True,40423,32,139,4,14.4407
35,29,ok,15,30,15,True,True,2279,9,24,15,0.0382
36,29,ok,4,12,8,True,True,2352,6,94,4,0.0351
38,29,ok,6,10,4,True,True,2501,7,39,6,0.0395
37,29,ok,21,37,16,True,True,2426,8,20,21,0.0509
39,29,ok,9,19,10,True,True,2575,8,48,9,0.0444
40,29,ok,8,14,6,True,True,2650,9,37,8,0.0452
469,28,ok,19,43,24,True,True,40328,20,156,19,14.7172
41,29,ok,15,31,16,True,True,2725,12,23,15,0.0558
42,29,ok,4,12,8,True,True,2801,6,104,4,0.0624
44,29,ok,6,13,7,True,True,2952,9,40,6,0.0534
43,29,ok,21,54,33,True,True,2876,10,21,21,0.0649
45,29,ok,9,22,13,True,True,3028,9,61,9,0.0585
46,29,ok,8,14,6,True,True,3104,8,40,8,0.0633
47,29,ok,15,28,13,True,True,3180,12,27,15,0.0722
48,29,ok,4,11,7,True,True,3257,9,99,4,0.063
49,29,ok,21,48,27,True,True,3334,11,23,21,0.0772
50,29,ok,6,13,7,True,True,3411,12,39,6,0.069
51,29,ok,9,20,11,True,True,3488,9,51,9,0.0733
52,29,ok,8,22,14,True,True,3565,9,46,8,0.0865
53,29,ok,15,34,19,True,True,3642,13,22,15,0.0846
54,29,ok,4,13,9,True,True,3720,7,112,4,0.0781
55,29,ok,21,47,26,True,True,3798,12,24,21,0.0962
56,29,ok,6,13,7,True,True,3876,9,46,6,0.0881
57,29,ok,9,23,14,True,True,3954,9,58,9,0.0964
58,29,ok,8,19,11,True,True,4032,10,47,8,0.1063
59,29,ok,15,40,25,True,True,4111,13,23,15,0.1061
60,29,ok,4,8,4,True,True,4190,10,107,4,0.0983
61,29,ok,21,41,20,True,True,4268,11,26,21,0.1165
62,29,ok,6,24,18,True,True,4347,8,42,6,0.1206
63,29,ok,9,17,8,True,True,4426,9,59,9,0.1262
64,29,ok,8,22,14,True,True,4506,8,48,8,0.1158
65,29,ok,15,34,19,True,True,4585,13,23,15,0.1261
66,29,ok,4,11,7,True,True,4665,8,109,4,0.1252
68,29,ok,6,14,8,True,True,4824,12,48,6,0.128
67,29,ok,21,56,35,True,True,4744,12,27,21,0.1601
69,29,ok,9,21,12,True,True,4904,10,63,9,0.1408
70,29,ok,8,19,11,True,True,4984,9,46,8,0.1398
477,28,ok,3,13,10,True,True,41087,14,166,3,12.3774
71,29,ok,15,31,16,True,True,5064,13,29,15,0.1599
72,29,ok,4,10,6,True,True,5145,13,124,4,0.1472
74,29,ok,6,15,9,True,True,5306,13,47,6,0.1574
73,29,ok,21,42,21,True,True,5225,14,31,21,0.1882
75,29,ok,9,20,11,True,True,5387,10,61,9,0.1621
76,29,ok,8,21,13,True,True,5467,14,53,8,0.1666
77,29,ok,15,39,24,True,True,5548,18,27,15,0.1918
78,29,ok,4,12,8,True,True,5630,11,121,4,0.1755
79,29,ok,21,47,26,True,True,5711,14,26,21,0.1945
81,29,ok,9,22,13,True,True,5874,10,68,9,0.1927
80,29,ok,6,10,4,True,True,5792,10,54,6,0.2208
82,29,ok,8,17,9,True,True,5955,13,51,8,0.2503
83,29,ok,15,36,21,True,True,6037,17,29,15,0.2852
84,29,ok,4,7,3,True,True,6119,9,135,4,0.3106
86,29,ok,6,16,10,True,True,6282,11,50,6,0.2605
85,29,ok,21,38,17,True,True,6200,11,28,21,0.4164
87,29,ok,9,27,18,True,True,6365,11,68,9,0.4106
88,29,ok,8,16,8,True,True,6447,12,55,8,0.3832
89,29,ok,15,32,17,True,True,6529,11,26,15,0.3582
475,28,ok,11,27,16,True,True,40897,34,146,11,13.7294
90,29,ok,4,9,5,True,True,6612,9,130,4,0.3172
91,29,ok,21,62,41,True,True,6694,14,37,21,0.296
476,28,ok,6,15,9,True,True,40992,29,139,6,13.6545
93,29,ok,9,23,14,True,True,6859,10,76,9,0.2843
94,29,ok,8,17,9,True,True,6942,10,51,8,0.268
95,29,ok,15,31,16,True,True,7025,17,31,15,0.2774
98,29,ok,6,10,4,True,True,7275,18,56,6,0.2822
92,29,ok,6,11,5,True,True,6777,12,50,6,0.463
96,29,ok,4,12,8,True,True,7108,13,131,4,0.3497
97,29,ok,21,50,29,True,True,7191,13,31,21,0.3887
479,28,ok,7,18,11,True,True,41277,33,148,7,13.2001
99,29,ok,9,24,15,True,True,7358,12,73,9,0.3068
101,29,ok,15,30,15,True,True,7525,15,26,15,0.3178
100,29,ok,8,26,18,True,True,7441,10,51,8,0.323
102,29,ok,4,9,5,True,True,7608,15,134,4,0.3064
103,29,ok,21,48,27,True,True,7692,10,29,21,0.3378
105,29,ok,9,26,17,True,True,7860,9,67,9,0.7444
104,29,ok,6,19,13,True,True,7776,11,55,6,0.8632
106,29,ok,8,20,12,True,True,7944,13,56,8,1.3141
107,29,ok,15,37,22,True,True,8028,18,32,15,1.2717
478,28,ok,10,32,22,True,True,41182,13,150,10,14.5167
108,29,ok,4,9,5,True,True,8112,8,135,4,1.3059
110,29,ok,6,10,4,True,True,8280,15,51,6,1.3009
109,29,ok,21,52,31,True,True,8196,15,32,21,1.304
480,28,ok,2,4,2,True,True,41372,17,159,2,14.4277
111,29,ok,9,26,17,True,True,8365,11,70,9,1.3233
112,29,ok,8,17,9,True,True,8449,15,52,8,1.3007
114,29,ok,4,10,6,True,True,8618,12,144,4,0.9011
116,29,ok,6,13,7,True,True,8788,12,51,6,0.4029
113,29,ok,15,29,14,True,True,8534,12,32,15,1.0627
117,29,ok,9,24,15,True,True,8873,9,72,9,0.4247
115,29,ok,21,50,29,True,True,8703,13,30,21,0.4674
120,29,ok,4,16,12,True,True,9128,9,140,4,0.443
119,29,ok,15,29,14,True,True,9043,18,32,15,0.4541
118,29,ok,8,17,9,True,True,8958,18,58,8,0.5095
121,29,ok,21,54,33,True,True,9213,14,32,21,0.4757
483,28,ok,3,7,4,True,True,41658,17,148,3,13.9366
122,29,ok,6,14,8,True,True,9298,16,61,6,0.4586
482,28,ok,4,13,9,True,True,41563,20,149,4,14.4194
123,29,ok,9,23,14,True,True,9384,14,74,9,0.4578
484,28,ok,6,19,13,True,True,41753,25,150,6,13.0848
485,28,ok,11,31,20,True,True,41848,26,150,11,12.9173
481,28,ok,11,23,12,True,True,41467,36,155,11,14.7044
125,29,ok,15,36,21,True,True,9554,16,33,15,0.4878
124,29,ok,8,26,18,True,True,9469,10,53,8,0.548
127,29,ok,21,50,29,True,True,9726,13,32,21,0.5225
126,29,ok,4,7,3,True,True,9640,11,148,4,0.552
128,29,ok,6,18,12,True,True,9811,12,55,6,0.5349
129,29,ok,9,24,15,True,True,9897,14,74,9,0.5212
130,29,ok,8,19,11,True,True,9983,13,59,8,0.5215
131,29,ok,15,34,19,True,True,10069,16,30,15,0.5546
132,29,ok,4,10,6,True,True,10155,14,152,4,0.5235
134,29,ok,6,16,10,True,True,10327,12,58,6,0.5549
136,29,ok,8,26,18,True,True,10499,12,57,8,0.5851
133,29,ok,21,47,26,True,True,10241,13,30,21,0.6365
135,29,ok,9,24,15,True,True,10413,9,77,9,0.6116
487,28,ok,19,57,38,True,True,42038,22,151,19,13.4356
138,29,ok,4,12,8,True,True,10672,10,147,4,0.5734
137,29,ok,15,31,16,True,True,10586,13,31,15,0.6001
140,29,ok,6,12,6,True,True,10845,12,56,6,0.5938
139,29,ok,21,55,34,True,True,10758,21,36,21,0.6617
141,29,ok,9,17,8,True,True,10932,14,75,9,0.6979
142,29,ok,8,21,13,True,True,11018,14,57,8,0.6512
486,28,ok,2,7,5,True,True,41943,12,292,2,13.797
144,29,ok,4,12,8,True,True,11192,13,148,4,0.6793
146,29,ok,6,17,11,True,True,11365,13,57,6,0.6826
145,29,ok,21,48,27,True,True,11279,14,34,21,0.723
143,29,ok,15,34,19,True,True,11105,16,32,15,0.8132
148,29,ok,8,17,9,True,True,11539,13,65,8,0.7174
147,29,ok,9,18,9,True,True,11452,16,76,9,0.8255
149,29,ok,15,32,17,True,True,11627,19,36,15,0.7384
150,29,ok,4,9,5,True,True,11714,10,163,4,0.7244
151,29,ok,21,57,36,True,True,11801,12,32,21,0.794
152,29,ok,6,17,11,True,True,11888,11,57,6,0.7759
153,29,ok,9,21,12,True,True,11976,17,80,9,0.7769
154,29,ok,8,22,14,True,True,12063,11,58,8,0.7615
155,29,ok,15,31,16,True,True,12150,18,30,15,0.7684
156,29,ok,4,10,6,True,True,12238,9,148,4,0.7602
157,29,ok,21,64,43,True,True,12325,19,31,21,0.8817
159,29,ok,9,23,14,True,True,12501,12,84,9,0.8159
158,29,ok,6,16,10,True,True,12413,13,64,6,0.9002
161,29,ok,15,41,26,True,True,12676,18,36,15,0.8736
162,29,ok,4,8,4,True,True,12764,11,168,4,0.8275
163,29,ok,21,49,28,True,True,12852,16,34,21,0.9022
165,29,ok,9,20,11,True,True,13028,16,92,9,0.8831
164,29,ok,6,14,8,True,True,12940,18,61,6,1.044
160,29,ok,8,19,11,True,True,12589,17,60,8,1.1955
167,29,ok,15,35,20,True,True,13204,18,34,15,0.9359
168,29,ok,4,11,7,True,True,13293,9,166,4,0.9138
166,29,ok,8,17,9,True,True,13116,13,61,8,1.0046
488,28,ok,4,8,4,True,True,42133,27,156,4,14.08
172,29,ok,8,17,9,True,True,13646,13,68,8,0.9424
170,29,ok,6,14,8,True,True,13469,14,60,6,0.9868
171,29,ok,9,22,13,True,True,13558,16,81,9,0.9905
169,29,ok,21,55,34,True,True,13381,17,36,21,1.0352
173,29,ok,15,30,15,True,True,13734,18,38,15,0.9827
174,29,ok,4,13,9,True,True,13823,9,170,4,0.9631
176,29,ok,6,19,13,True,True,14000,10,62,6,1.9081
175,29,ok,21,46,25,True,True,13911,17,36,21,1.9392
492,28,ok,2,6,4,True,True,42515,21,147,2,14.2557
178,29,ok,8,24,16,True,True,14178,15,64,8,1.9308
179,29,ok,15,35,20,True,True,14266,15,34,15,1.958
180,29,ok,4,12,8,True,True,14355,12,169,4,1.9429
177,29,ok,9,24,15,True,True,14089,12,79,9,2.1517
491,28,ok,7,16,9,True,True,42419,31,170,7,14.7838
182,29,ok,6,11,5,True,True,14533,14,66,6,2.0446
185,29,ok,15,41,26,True,True,14800,23,33,15,2.0316
184,29,ok,8,25,17,True,True,14711,14,65,8,2.0652
181,29,ok,21,54,33,True,True,14444,19,34,21,2.282
490,28,ok,6,14,8,True,True,42324,30,151,6,15.3304
186,29,ok,4,16,12,True,True,14889,16,159,4,2.1793
183,29,ok,9,23,14,True,True,14622,12,87,9,2.2811
190,29,ok,8,22,14,True,True,15246,14,61,8,2.1234
193,29,ok,21,52,31,True,True,15514,16,32,21,2.1299
189,29,ok,9,27,18,True,True,15157,11,86,9,2.3059
191,29,ok,15,36,21,True,True,15336,25,34,15,2.3335
494,28,ok,6,15,9,True,True,42705,35,146,6,13.5331
188,29,ok,6,14,8,True,True,15068,17,67,6,2.443
194,29,ok,6,12,6,True,True,15604,13,61,6,1.2296
493,28,ok,11,31,20,True,True,42610,33,149,11,14.7209
187,29,ok,21,55,34,True,True,14978,14,33,21,2.65
195,29,ok,9,25,16,True,True,15694,12,88,9,1.3099
192,29,ok,4,10,6,True,True,15425,10,164,4,2.6144
196,29,ok,8,22,14,True,True,15783,14,63,8,1.3093
197,29,ok,15,36,21,True,True,15873,15,33,15,1.3412
198,29,ok,4,7,3,True,True,15963,13,173,4,1.3107
496,28,ok,10,28,18,True,True,42896,15,144,10,13.7351
489,28,ok,3,8,5,True,True,42229,22,150,3,16.4636
199,29,ok,21,54,33,True,True,16052,20,38,21,1.3944
497,28,ok,7,17,10,True,True,42991,28,142,7,13.9868
201,29,ok,9,18,9,True,True,16232,15,87,9,1.4243
200,29,ok,6,11,5,True,True,16142,15,62,6,1.5889
202,29,ok,8,23,15,True,True,16322,16,63,8,1.4312
204,29,ok,4,10,6,True,True,16502,11,156,4,1.4116
203,29,ok,15,35,20,True,True,16412,16,37,15,1.4541
495,28,ok,3,6,3,True,True,42800,13,148,3,14.3981
206,29,ok,6,17,11,True,True,16682,27,63,6,1.527
208,29,ok,8,21,13,True,True,16862,17,60,8,1.47
207,29,ok,9,26,17,True,True,16772,13,88,9,1.6919
210,29,ok,4,12,8,True,True,17043,11,160,4,1.477
209,29,ok,15,38,23,True,True,16952,18,36,15,1.7163
213,29,ok,9,23,14,True,True,17314,17,92,9,1.5025
212,29,ok,6,17,11,True,True,17223,16,62,6,1.6284
211,29,ok,21,47,26,True,True,17133,15,34,21,1.715
215,29,ok,15,28,13,True,True,17494,23,38,15,1.5664
205,29,ok,21,54,33,True,True,16592,14,35,21,2.1742
216,29,ok,4,10,6,True,True,17585,13,169,4,1.6145
218,29,ok,6,17,11,True,True,17766,16,68,6,1.6965
221,29,ok,15,33,18,True,True,18038,17,36,15,2.6512
222,29,ok,4,9,5,True,True,18129,15,166,4,2.6372
223,29,ok,21,61,40,True,True,18220,13,37,21,2.6808
219,29,ok,9,22,13,True,True,17857,13,88,9,2.8474
499,28,ok,11,32,21,True,True,43182,30,156,11,14.9895
214,29,ok,8,20,12,True,True,17404,13,63,8,3.2011
224,29,ok,6,15,9,True,True,18311,14,70,6,2.7313
225,29,ok,9,26,17,True,True,18401,13,89,9,2.7727
226,29,ok,8,17,9,True,True,18492,14,65,8,2.7796
228,29,ok,4,12,8,True,True,18674,15,162,4,2.7783
227,29,ok,15,33,18,True,True,18583,23,34,15,2.8563
220,29,ok,8,16,8,True,True,17947,13,65,8,3.2623
231,29,ok,9,24,15,True,True,18948,16,99,9,2.7922
217,29,ok,21,61,40,True,True,17676,18,40,21,3.6851
232,29,ok,8,20,12,True,True,19039,15,65,8,3.0106
229,29,ok,21,49,28,True,True,18765,14,34,21,3.2889
230,29,ok,6,14,8,True,True,18856,12,62,6,3.2781
233,29,ok,15,41,26,True,True,19130,24,35,15,3.0643
234,29,ok,4,13,9,True,True,19221,10,176,4,3.0734
236,29,ok,6,15,9,True,True,19404,21,68,6,2.9144
498,28,ok,2,8,6,True,True,43087,15,147,2,16.7381
500,28,ok,4,10,6,True,True,43277,35,145,4,14.0157
235,29,ok,21,52,31,True,True,19312,15,35,21,3.0943
237,29,ok,9,24,15,True,True,19495,12,91,9,3.0197
242,29,ok,6,22,16,True,True,19952,18,63,6,3.022
241,29,ok,21,55,34,True,True,19861,15,37,21,3.0668
239,29,ok,15,34,19,True,True,19678,17,37,15,3.3375
238,29,ok,8,23,15,True,True,19586,16,66,8,3.5192
240,29,ok,4,13,9,True,True,19769,12,174,4,3.4362
244,29,ok,8,19,11,True,True,20136,18,70,8,3.224
243,29,ok,9,18,9,True,True,20044,17,95,9,3.4335
246,29,ok,4,10,6,True,True,20319,15,164,4,2.1537
245,29,ok,15,36,21,True,True,20227,18,36,15,2.169
247,29,ok,21,58,37,True,True,20411,15,36,21,2.2233
248,29,ok,6,15,9,True,True,20502,15,72,6,2.2064
249,29,ok,9,28,19,True,True,20594,12,89,9,2.1752
250,29,ok,8,23,15,True,True,20686,19,66,8,2.2245
252,29,ok,4,13,9,True,True,20870,14,186,4,2.2968
251,29,ok,15,38,23,True,True,20778,17,37,15,2.657
254,29,ok,6,17,11,True,True,21054,29,77,6,2.3149
255,29,ok,9,26,17,True,True,21146,14,91,9,2.3484
257,29,ok,15,42,27,True,True,21330,20,35,15,2.3574
258,29,ok,4,13,9,True,True,21422,9,183,4,3.3961
256,29,ok,8,22,14,True,True,21238,16,68,8,3.785
262,29,ok,8,23,15,True,True,21791,13,75,8,3.4507
264,29,ok,4,14,10,True,True,21976,11,180,4,3.4366
253,29,ok,21,57,36,True,True,20962,17,38,21,4.258
265,29,ok,21,59,38,True,True,22068,16,38,21,3.5525
266,29,ok,6,17,11,True,True,22161,15,66,6,3.4891
260,29,ok,6,14,8,True,True,21607,18,72,6,3.7706
267,29,ok,9,16,7,True,True,22253,14,94,9,3.5178
261,29,ok,9,28,19,True,True,21699,16,98,9,3.8625
268,29,ok,8,20,12,True,True,22345,20,69,8,3.5574
263,29,ok,15,34,19,True,True,21883,22,38,15,3.8692
269,29,ok,15,35,20,True,True,22438,22,38,15,3.4558
270,29,ok,4,14,10,True,True,22530,13,186,4,3.4963
259,29,ok,21,59,38,True,True,21514,16,39,21,4.4941
276,29,ok,4,13,9,True,True,23086,12,171,4,3.6219
274,29,ok,8,17,9,True,True,22901,18,66,8,3.6967
278,29,ok,6,12,6,True,True,23272,22,69,6,3.611
271,29,ok,21,55,34,True,True,22623,21,36,21,4.037
277,29,ok,21,56,35,True,True,23179,16,37,21,3.7883
280,29,ok,8,25,17,True,True,23458,14,73,8,3.6956
279,29,ok,9,27,18,True,True,23365,14,96,9,3.8143
272,29,ok,6,17,11,True,True,22716,19,75,6,4.1004
281,29,ok,15,31,16,True,True,23551,20,38,15,3.7864
275,29,ok,15,43,28,True,True,22994,24,39,15,4.2296
282,29,ok,4,9,5,True,True,23644,12,187,4,3.8223
284,29,ok,6,21,15,True,True,23830,11,71,6,3.9225
285,29,ok,9,25,16,True,True,23923,16,96,9,3.9596
273,29,ok,9,19,10,True,True,22808,17,92,9,4.8479
286,29,ok,8,15,7,True,True,24016,19,69,8,3.8272
283,29,ok,21,53,32,True,True,23737,19,39,21,5.3576
287,29,ok,15,38,23,True,True,24109,23,39,15,4.0364
290,29,ok,6,17,11,True,True,24388,20,68,6,4.0609
289,29,ok,21,59,38,True,True,24295,17,41,21,4.1633
288,29,ok,4,13,9,True,True,24202,13,179,4,4.4346
292,29,ok,8,16,8,True,True,24575,21,69,8,4.0685
293,29,ok,15,35,20,True,True,24668,20,37,15,4.2019
295,29,ok,21,51,30,True,True,24855,19,41,21,4.2753
297,29,ok,9,26,17,True,True,25042,15,107,9,4.2725
299,29,ok,15,32,17,True,True,25229,24,40,15,4.1887
300,29,ok,4,12,8,True,True,25322,16,180,4,4.2448
294,29,ok,4,15,11,True,True,24762,22,183,4,4.739
298,29,ok,8,16,8,True,True,25135,16,76,8,4.6148
296,29,ok,6,21,15,True,True,24948,19,75,6,4.838
302,29,ok,6,13,7,True,True,25509,25,72,6,4.2982
291,29,ok,9,28,19,True,True,24482,15,90,9,5.3759
304,29,ok,8,25,17,True,True,25696,16,72,8,4.2769
303,29,ok,9,22,13,True,True,25603,16,97,9,4.4535
306,29,ok,4,16,12,True,True,25884,19,180,4,4.4331
307,29,ok,21,52,31,True,True,25978,16,36,21,4.4296
308,29,ok,6,19,13,True,True,26071,22,67,6,4.4942
310,29,ok,8,20,12,True,True,26259,18,73,8,5.1966
305,29,ok,15,52,37,True,True,25790,30,38,15,5.9068
312,29,ok,4,9,5,True,True,26447,15,207,4,5.4334
309,29,ok,9,23,14,True,True,26165,13,109,9,6.1023
301,29,ok,21,61,40,True,True,25416,16,36,21,6.7674
316,29,ok,8,17,9,True,True,26822,19,72,8,5.423
311,29,ok,15,43,28,True,True,26353,22,37,15,6.0048
314,29,ok,6,10,4,True,True,26634,20,75,6,5.5337
313,29,ok,21,62,41,True,True,26540,15,41,21,5.6496
318,29,ok,4,11,7,True,True,27010,14,185,4,4.7794
317,29,ok,15,36,21,True,True,26916,26,42,15,5.3214
320,29,ok,6,17,11,True,True,27199,19,79,6,4.7856
319,29,ok,21,59,38,True,True,27104,18,41,21,4.945
322,29,ok,8,21,13,True,True,27387,13,69,8,4.8423
315,29,ok,9,17,8,True,True,26728,14,96,9,7.1291
323,29,ok,15,39,24,True,True,27481,20,42,15,4.9693
324,29,ok,4,11,7,True,True,27575,18,187,4,4.8978
326,29,ok,6,13,7,True,True,27764,17,71,6,4.7904
325,29,ok,21,51,30,True,True,27669,20,39,21,5.1052
327,29,ok,9,23,14,True,True,27858,17,94,9,4.932
321,29,ok,9,24,15,True,True,27293,16,101,9,5.6483
333,29,ok,9,22,13,True,True,28424,13,90,9,5.9737
331,29,ok,21,55,34,True,True,28236,19,39,21,6.0953
329,29,ok,15,36,21,True,True,28047,19,47,15,6.6052
334,29,ok,8,17,9,True,True,28519,16,70,8,6.1099
328,29,ok,8,19,11,True,True,27952,15,73,8,6.8602
335,29,ok,15,36,21,True,True,28613,33,43,15,6.1253
336,29,ok,4,12,8,True,True,28708,19,191,4,6.0705
330,29,ok,4,11,7,True,True,28141,17,194,4,6.8063
337,29,ok,21,58,37,True,True,28803,14,38,21,6.3866
338,29,ok,6,14,8,True,True,28897,24,72,6,5.6371
340,29,ok,8,18,10,True,True,29086,19,72,8,5.4589
343,29,ok,21,47,26,True,True,29371,22,43,21,5.5019
345,29,ok,9,22,13,True,True,29560,14,103,9,5.6223
339,29,ok,9,27,18,True,True,28992,14,95,9,6.1762
346,29,ok,8,18,10,True,True,29655,19,78,8,5.6874
332,29,ok,6,19,13,True,True,28330,14,71,6,8.0687
344,29,ok,6,18,12,True,True,29465,20,81,6,6.0048
341,29,ok,15,39,24,True,True,29181,19,40,15,6.53
347,29,ok,15,41,26,True,True,29750,23,43,15,5.814
349,29,ok,21,55,34,True,True,29940,24,40,21,6.8721
350,29,ok,6,18,12,True,True,30034,20,76,6,6.8
351,29,ok,9,24,15,True,True,30129,16,93,9,6.7834
342,29,ok,4,14,10,True,True,29276,13,187,4,8.3845
348,29,ok,4,13,9,True,True,29845,12,191,4,7.2124
353,29,ok,15,42,27,True,True,30319,20,45,15,6.9752
354,29,ok,4,14,10,True,True,30414,20,193,4,6.9001
355,29,ok,21,55,34,True,True,30509,23,41,21,6.875
357,29,ok,9,23,14,True,True,30700,17,101,9,6.9347
356,29,ok,6,17,11,True,True,30604,26,77,6,6.9732
359,29,ok,15,43,28,True,True,30890,22,39,15,5.9971
360,29,ok,4,19,15,True,True,30985,14,189,4,6.0922
358,29,ok,8,19,11,True,True,30795,15,71,8,8.2116
364,29,ok,8,27,19,True,True,31366,21,69,8,6.1822
365,29,ok,15,40,25,True,True,31461,22,41,15,6.1787
362,29,ok,6,14,8,True,True,31175,22,74,6,6.3584
352,29,ok,8,25,17,True,True,30224,18,67,8,8.8899
368,29,ok,6,18,12,True,True,31747,23,72,6,7.2039
367,29,ok,21,49,28,True,True,31652,17,41,21,7.4827
361,29,ok,21,49,28,True,True,31080,18,41,21,8.2126
363,29,ok,9,31,22,True,True,31271,19,98,9,8.233
369,29,ok,9,22,13,True,True,31843,16,100,9,7.5184
366,29,ok,4,11,7,True,True,31557,15,188,4,8.1958
370,29,ok,8,26,18,True,True,31938,27,78,8,7.3539
371,29,ok,15,41,26,True,True,32034,21,41,15,7.6521
372,29,ok,4,11,7,True,True,32129,17,184,4,8.0698
373,29,ok,21,54,33,True,True,32225,17,40,21,8.0324
375,29,ok,9,29,20,True,True,32416,18,101,9,8.2228
377,29,ok,15,44,29,True,True,32607,23,40,15,7.9062
376,29,ok,8,20,12,True,True,32511,23,71,8,8.2749
378,29,ok,4,10,6,True,True,32702,12,185,4,6.8059
380,29,ok,6,16,10,True,True,32894,15,73,6,6.7621
374,29,ok,6,22,16,True,True,32320,17,73,6,9.2026
379,29,ok,21,52,31,True,True,32798,17,42,21,6.9639
384,29,ok,4,12,8,True,True,33277,14,194,4,8.0332
382,29,ok,8,29,21,True,True,33085,14,71,8,8.4486
383,29,ok,15,41,26,True,True,33181,18,40,15,8.4967
385,29,ok,21,60,39,True,True,33372,16,41,21,8.6855
387,29,ok,9,25,16,True,True,33564,16,117,9,8.5538
381,29,ok,9,21,12,True,True,32989,17,106,9,9.3552
388,29,ok,8,21,13,True,True,33660,21,75,8,7.9509
386,29,ok,6,15,9,True,True,33468,16,75,6,9.3259
389,29,ok,15,39,24,True,True,33756,29,41,15,8.9605
393,29,ok,9,28,19,True,True,34140,16,112,9,8.912
394,29,ok,8,21,13,True,True,34236,16,76,8,9.8044
391,29,ok,21,50,29,True,True,33948,18,44,21,10.0003
396,29,ok,4,9,5,True,True,34428,16,190,4,8.4577
392,29,ok,6,16,10,True,True,34044,24,77,6,10.3428
400,29,ok,8,18,10,True,True,34812,24,72,8,8.4909
398,29,ok,6,16,10,True,True,34620,22,79,6,8.6503
390,29,ok,4,13,9,True,True,33852,13,186,4,10.8639
395,29,ok,15,49,34,True,True,34332,26,39,15,9.4438
397,29,ok,21,57,36,True,True,34524,22,38,21,9.2162
401,29,ok,15,38,23,True,True,34908,28,40,15,8.8533
399,29,ok,9,29,20,True,True,34716,14,98,9,9.4293
404,29,ok,6,16,10,True,True,35197,16,76,6,9.0856
402,29,ok,4,16,12,True,True,35004,13,194,4,9.5794
403,29,ok,21,52,31,True,True,35101,24,40,21,9.2335
407,29,ok,15,37,22,True,True,35486,28,38,15,8.5834
405,29,ok,9,25,16,True,True,35293,23,102,9,10.4165
409,29,ok,21,56,35,True,True,35678,16,41,21,9.8569
411,29,ok,9,25,16,True,True,35871,17,104,9,9.9369
410,29,ok,6,15,9,True,True,35775,22,76,6,10.1457
412,29,ok,8,28,20,True,True,35967,16,77,8,8.7339
408,29,ok,4,7,3,True,True,35582,12,203,4,10.8029
406,29,ok,8,26,18,True,True,35389,14,78,8,11.9197
414,29,ok,4,14,10,True,True,36160,11,196,4,9.4735
413,29,ok,15,45,30,True,True,36064,19,45,15,9.8185
417,29,ok,9,27,18,True,True,36450,14,122,9,9.6763
416,29,ok,6,12,6,True,True,36353,20,75,6,10.032
418,29,ok,8,28,20,True,True,36546,18,78,8,9.8815
420,29,ok,4,13,9,True,True,36739,13,199,4,10.2917
415,29,ok,21,58,37,True,True,36257,16,41,21,12.0793
423,29,ok,9,26,17,True,True,37029,16,99,9,9.411
421,29,ok,21,56,35,True,True,36836,18,44,21,10.5163
422,29,ok,6,17,11,True,True,36933,16,77,6,9.5021
424,29,ok,8,21,13,True,True,37126,17,85,8,9.4378
425,29,ok,15,40,25,True,True,37223,23,41,15,9.673
426,29,ok,4,12,8,True,True,37319,17,197,4,9.5295
429,29,ok,9,23,14,True,True,37610,16,108,9,9.7217
419,29,ok,15,35,20,True,True,36643,21,43,15,12.8652
431,29,ok,15,31,16,True,True,37803,21,44,15,9.5792
427,29,ok,21,63,42,True,True,37416,20,43,21,10.6873
428,29,ok,6,16,10,True,True,37513,22,77,6,12.6934
436,29,ok,8,22,14,True,True,38288,16,79,8,10.7076
432,29,ok,4,10,6,True,True,37900,18,196,4,12.1471
435,29,ok,9,26,17,True,True,38191,15,102,9,11.3412
430,29,ok,8,18,10,True,True,37706,15,77,8,13.2091
433,29,ok,21,58,37,True,True,37997,24,45,21,12.4689
440,29,ok,6,12,6,True,True,38675,42,80,6,10.1981
439,29,ok,21,61,40,True,True,38578,20,47,21,10.3282
441,29,ok,9,26,17,True,True,38772,20,107,9,10.0172
434,29,ok,6,17,11,True,True,38094,20,82,6,14.0394
437,29,ok,15,40,25,True,True,38384,21,49,15,12.4144
443,29,ok,15,40,25,True,True,38967,20,40,15,11.3367
438,29,ok,4,10,6,True,True,38481,12,197,4,12.9179
444,29,ok,4,14,10,True,True,39064,15,194,4,11.337
442,29,ok,8,24,16,True,True,38869,19,73,8,12.7079
445,29,ok,21,50,29,True,True,39161,21,41,21,12.3518
446,29,ok,6,16,10,True,True,39258,20,75,6,12.2154
448,29,ok,8,19,11,True,True,39452,18,78,8,11.9651
447,29,ok,9,29,20,True,True,39355,17,102,9,13.3905
450,29,ok,4,9,5,True,True,39647,14,199,4,11.7677
452,29,ok,6,18,12,True,True,39841,20,78,6,11.5635
449,29,ok,15,40,25,True,True,39549,36,40,15,12.2254
453,29,ok,9,23,14,True,True,39938,22,101,9,11.7304
454,29,ok,8,20,12,True,True,40036,16,76,8,11.7241
456,29,ok,4,12,8,True,True,40230,20,219,4,11.7023
455,29,ok,15,45,30,True,True,40133,30,40,15,11.9349
451,29,ok,21,51,30,True,True,39744,17,43,21,12.6616
457,29,ok,21,52,31,True,True,40328,18,39,21,12.1528
458,29,ok,6,14,8,True,True,40425,16,77,6,12.4826
459,29,ok,9,28,19,True,True,40522,16,110,9,12.7161
460,29,ok,8,27,19,True,True,40620,14,77,8,14.1343
464,29,ok,6,22,16,True,True,41009,22,77,6,12.3545
463,29,ok,21,66,45,True,True,40912,18,44,21,12.7417
468,29,ok,4,13,9,True,True,41400,15,202,4,12.407
462,29,ok,4,10,6,True,True,40815,16,196,4,13.8958
469,29,ok,21,49,28,True,True,41497,20,44,21,12.4295
461,29,ok,15,38,23,True,True,40717,19,48,15,14.1939
465,29,ok,9,31,22,True,True,41107,17,108,9,13.6497
466,29,ok,8,22,14,True,True,41205,14,79,8,14.1357
471,29,ok,9,24,15,True,True,41692,24,106,9,12.7006
467,29,ok,15,31,16,True,True,41302,22,41,15,14.4538
1,30,ok,29,29,0,True,True,65,2,3,29,0.0009
2,30,ok,4,4,0,True,True,110,3,7,4,0.0006
3,30,ok,8,10,2,True,True,159,5,6,8,0.0009
4,30,ok,4,6,2,True,True,212,5,17,4,0.0011
5,30,ok,9,12,3,True,True,268,7,6,9,0.0016
6,30,ok,5,10,5,True,True,325,7,11,5,0.0019
7,30,ok,4,8,4,True,True,385,4,33,4,0.0022
8,30,ok,8,10,2,True,True,445,5,27,8,0.0029
9,30,ok,13,20,7,True,True,507,8,10,13,0.004
10,30,ok,3,5,2,True,True,571,9,14,3,0.0036
11,30,ok,10,17,7,True,True,635,11,9,10,0.0068
12,30,ok,3,6,3,True,True,700,9,28,3,0.0059
13,30,ok,17,30,13,True,True,765,9,11,17,0.0102
14,30,ok,2,3,1,True,True,832,5,77,2,0.0091
15,30,ok,22,42,20,True,True,899,8,10,22,0.0139
16,30,ok,4,7,3,True,True,967,7,34,4,0.0081
17,30,ok,9,15,6,True,True,1036,12,9,9,0.0101
18,30,ok,4,8,4,True,True,1105,10,19,4,0.01
19,30,ok,8,16,8,True,True,1175,10,12,8,0.0157
20,30,ok,5,7,2,True,True,1245,8,28,5,0.0123
21,30,ok,5,9,4,True,True,1315,6,56,5,0.015
22,30,ok,8,13,5,True,True,1386,8,17,8,0.0225
23,30,ok,10,16,6,True,True,1458,13,11,10,0.0199
24,30,ok,3,7,4,True,True,1530,22,31,3,0.0162
25,30,ok,13,25,12,True,True,1602,15,11,13,0.022
26,30,ok,3,6,3,True,True,1675,18,21,3,0.0211
27,30,ok,16,30,14,True,True,1748,10,13,16,0.028
28,30,ok,2,3,1,True,True,1822,6,191,2,0.022
29,30,ok,29,64,35,True,True,1896,9,12,29,0.0374
470,29,ok,6,16,10,True,True,41595,21,74,6,13.2222
30,30,ok,4,8,4,True,True,1970,12,24,4,0.0267
31,30,ok,8,14,6,True,True,2044,14,12,8,0.0338
32,30,ok,4,8,4,True,True,2119,8,33,4,0.04
33,30,ok,9,17,8,True,True,2194,18,12,9,0.032
472,29,ok,8,22,14,True,True,41790,15,81,8,12.5734
34,30,ok,5,10,5,True,True,2270,10,22,5,0.0583
35,30,ok,4,10,6,True,True,2345,7,63,4,0.0519
36,30,ok,8,17,9,True,True,2421,8,36,8,0.0379
38,30,ok,3,7,4,True,True,2574,15,23,3,0.0402
37,30,ok,13,24,11,True,True,2497,19,13,13,0.067
39,30,ok,10,13,3,True,True,2651,17,15,10,0.0527
40,30,ok,3,5,2,True,True,2728,10,38,3,0.0439
42,30,ok,2,6,4,True,True,2882,8,112,2,0.0476
41,30,ok,17,36,19,True,True,2805,16,15,17,0.06
44,30,ok,4,8,4,True,True,3038,12,41,4,0.0523
43,30,ok,22,39,17,True,True,2960,11,14,22,0.0801
45,30,ok,9,15,6,True,True,3116,18,15,9,0.0725
473,29,ok,15,47,32,True,True,41888,22,43,15,12.7777
46,30,ok,4,8,4,True,True,3194,13,25,4,0.0589
47,30,ok,8,14,6,True,True,3273,19,18,8,0.0817
48,30,ok,5,11,6,True,True,3352,16,46,5,0.0632
49,30,ok,5,10,5,True,True,3430,8,66,5,0.0707
50,30,ok,8,16,8,True,True,3510,13,24,8,0.0702
51,30,ok,10,17,7,True,True,3589,17,15,10,0.0923
52,30,ok,3,7,4,True,True,3668,25,46,3,0.0904
53,30,ok,13,19,6,True,True,3748,18,14,13,0.0816
54,30,ok,3,7,4,True,True,3828,23,24,3,0.0847
55,30,ok,16,32,16,True,True,3908,11,14,16,0.1065
56,30,ok,2,3,1,True,True,3988,6,249,2,0.1079
58,30,ok,4,7,3,True,True,4149,10,29,4,0.0921
57,30,ok,29,57,28,True,True,4069,11,16,29,0.1116
59,30,ok,8,17,9,True,True,4230,22,16,8,0.1156
61,30,ok,9,21,12,True,True,4392,19,16,9,0.1084
62,30,ok,5,12,7,True,True,4473,11,28,5,0.1142
60,30,ok,4,7,3,True,True,4311,14,43,4,0.1442
63,30,ok,4,7,3,True,True,4554,9,75,4,0.1199
64,30,ok,8,13,5,True,True,4636,10,43,8,0.1337
65,30,ok,13,30,17,True,True,4718,17,17,13,0.1283
66,30,ok,3,9,6,True,True,4799,22,27,3,0.1526
68,30,ok,3,7,4,True,True,4963,10,48,3,0.1275
67,30,ok,10,20,10,True,True,4881,19,17,10,0.1661
69,30,ok,17,30,13,True,True,5046,13,16,17,0.1479
70,30,ok,2,7,5,True,True,5128,9,140,2,0.1503
71,30,ok,22,45,23,True,True,5211,13,17,22,0.16
72,30,ok,4,6,2,True,True,5293,17,44,4,0.1545
73,30,ok,9,15,6,True,True,5376,19,17,9,0.1557
74,30,ok,4,9,5,True,True,5459,17,28,4,0.1894
76,30,ok,5,12,7,True,True,5625,17,45,5,0.1674
75,30,ok,8,15,7,True,True,5542,12,19,8,0.1777
474,29,ok,4,13,9,True,True,41985,16,198,4,13.5277
77,30,ok,5,7,2,True,True,5708,13,79,5,0.1757
79,30,ok,10,27,17,True,True,5875,19,17,10,0.1899
80,30,ok,3,6,3,True,True,5959,14,48,3,0.1891
78,30,ok,8,22,14,True,True,5792,11,30,8,0.2728
81,30,ok,13,30,17,True,True,6043,18,22,13,0.2055
82,30,ok,3,7,4,True,True,6126,16,30,3,0.2138
83,30,ok,16,29,13,True,True,6210,19,17,16,0.2153
84,30,ok,2,7,5,True,True,6295,10,290,2,0.2125
86,30,ok,4,7,3,True,True,6463,20,29,4,0.2183
87,30,ok,8,20,12,True,True,6547,32,19,8,0.2344
85,30,ok,29,83,54,True,True,6379,11,19,29,1.3096
89,30,ok,9,20,11,True,True,6717,28,21,9,1.1111
90,30,ok,5,9,4,True,True,6801,16,30,5,1.1134
91,30,ok,4,8,4,True,True,6886,18,81,4,1.1209
88,30,ok,4,9,5,True,True,6632,16,54,4,1.1967
476,29,ok,6,14,8,True,True,42181,20,76,6,14.0467
93,30,ok,13,27,14,True,True,7056,14,17,13,0.2738
475,29,ok,21,71,50,True,True,42083,14,50,21,14.9006
94,30,ok,3,6,3,True,True,7142,27,33,3,0.2875
95,30,ok,10,27,17,True,True,7227,21,20,10,0.2968
97,30,ok,17,32,15,True,True,7398,20,17,17,0.2916
478,29,ok,8,23,15,True,True,42376,19,79,8,13.9064
92,30,ok,8,18,10,True,True,6971,14,49,8,0.5251
98,30,ok,2,7,5,True,True,7483,7,149,2,0.3118
100,30,ok,4,11,7,True,True,7655,12,50,4,0.305
96,30,ok,3,7,4,True,True,7312,15,46,3,0.551
99,30,ok,22,52,30,True,True,7569,13,17,22,0.3282
101,30,ok,9,20,11,True,True,7741,22,19,9,0.3184
102,30,ok,4,10,6,True,True,7826,17,31,4,0.307
103,30,ok,8,15,7,True,True,7913,21,17,8,0.3355
104,30,ok,5,13,8,True,True,7999,13,50,5,0.3825
105,30,ok,5,10,5,True,True,8085,12,79,5,0.3458
106,30,ok,8,18,10,True,True,8171,12,31,8,0.3468
480,29,ok,4,11,7,True,True,42572,24,209,4,12.7977
108,30,ok,3,9,6,True,True,8344,16,57,3,0.3795
109,30,ok,13,28,15,True,True,8431,19,22,13,0.3818
110,30,ok,3,9,6,True,True,8517,18,29,3,0.379
107,30,ok,10,22,12,True,True,8258,21,21,10,0.4547
111,30,ok,16,33,17,True,True,8604,16,21,16,0.397
112,30,ok,2,5,3,True,True,8691,9,296,2,0.383
114,30,ok,4,7,3,True,True,8865,19,29,4,0.4012
113,30,ok,29,84,55,True,True,8778,14,20,29,0.4735
484,29,ok,8,27,19,True,True,42963,19,74,8,12.6758
477,29,ok,9,29,20,True,True,42279,18,109,9,14.8605
115,30,ok,8,19,11,True,True,8952,27,22,8,0.4247
118,30,ok,5,8,3,True,True,9214,16,36,5,0.426
116,30,ok,4,8,4,True,True,9039,21,52,4,0.469
117,30,ok,9,21,12,True,True,9126,17,18,9,0.4493
482,29,ok,6,12,6,True,True,42768,26,74,6,13.1567
120,30,ok,8,23,15,True,True,9389,11,54,8,0.4493
119,30,ok,4,13,9,True,True,9301,9,95,4,0.6623
121,30,ok,13,30,17,True,True,9476,22,20,13,0.4971
122,30,ok,3,8,5,True,True,9564,21,33,3,0.4659
123,30,ok,10,20,10,True,True,9652,23,19,10,0.4954
124,30,ok,3,8,5,True,True,9739,15,58,3,0.4669
126,30,ok,2,6,4,True,True,9915,10,171,2,0.4989
125,30,ok,17,42,25,True,True,9827,15,21,17,0.5135
127,30,ok,22,49,27,True,True,10003,13,20,22,0.5362
129,30,ok,9,17,8,True,True,10180,31,21,9,0.5429
128,30,ok,4,10,6,True,True,10091,12,57,4,0.5795
485,29,ok,15,38,23,True,True,43061,20,43,15,12.8554
130,30,ok,4,8,4,True,True,10268,13,36,4,0.5429
479,29,ok,15,29,14,True,True,42474,21,43,15,14.1605
131,30,ok,8,15,7,True,True,10356,23,20,8,0.5874
133,30,ok,5,12,7,True,True,10533,15,94,5,0.5663
486,29,ok,4,16,12,True,True,43159,15,218,4,13.0485
134,30,ok,8,11,3,True,True,10622,12,33,8,0.6082
136,30,ok,3,6,3,True,True,10799,15,60,3,0.58
135,30,ok,10,21,11,True,True,10710,18,21,10,0.6057
137,30,ok,13,21,8,True,True,10888,19,19,13,0.5903
132,30,ok,5,11,6,True,True,10445,13,56,5,0.8028
138,30,ok,3,4,1,True,True,10976,32,34,3,0.6258
140,30,ok,2,8,6,True,True,11154,14,344,2,0.6265
139,30,ok,16,34,18,True,True,11065,16,19,16,0.6882
142,30,ok,4,11,7,True,True,11332,26,34,4,0.6394
143,30,ok,8,20,12,True,True,11421,20,22,8,0.6606
144,30,ok,4,14,10,True,True,11511,14,57,4,0.7502
141,30,ok,29,69,40,True,True,11243,13,22,29,0.8452
145,30,ok,9,15,6,True,True,11600,23,20,9,0.738
147,30,ok,4,10,6,True,True,11779,15,88,4,0.7109
146,30,ok,5,13,8,True,True,11689,15,34,5,0.7458
148,30,ok,8,22,14,True,True,11868,13,60,8,1.6203
149,30,ok,13,25,12,True,True,11958,25,23,13,1.5945
150,30,ok,3,9,6,True,True,12047,23,31,3,1.6246
151,30,ok,10,21,11,True,True,12137,29,20,10,1.6506
153,30,ok,17,33,16,True,True,12317,18,21,17,1.6878
154,30,ok,2,5,3,True,True,12406,11,175,2,1.6292
156,30,ok,4,10,6,True,True,12586,13,64,4,1.6302
155,30,ok,22,61,39,True,True,12496,20,21,22,1.7581
157,30,ok,9,18,9,True,True,12676,26,21,9,1.7029
152,30,ok,3,7,4,True,True,12227,14,61,3,1.9771
488,29,ok,6,17,11,True,True,43355,24,76,6,14.3948
158,30,ok,4,10,6,True,True,12766,17,33,4,1.79
160,30,ok,5,11,6,True,True,12947,16,60,5,1.7355
159,30,ok,8,19,11,True,True,12857,24,25,8,1.8582
161,30,ok,5,13,8,True,True,13037,15,95,5,1.7339
162,30,ok,8,20,12,True,True,13127,11,34,8,1.7556
489,29,ok,9,26,17,True,True,43453,17,104,9,14.2229
164,30,ok,3,7,4,True,True,13308,20,61,3,0.8718
163,30,ok,10,26,16,True,True,13218,34,21,10,0.8835
166,30,ok,3,8,5,True,True,13489,24,38,3,0.9009
165,30,ok,13,35,22,True,True,13399,24,21,13,0.966
483,29,ok,9,30,21,True,True,42865,21,115,9,16.6302
168,30,ok,2,6,4,True,True,13671,14,342,2,0.9312
167,30,ok,16,35,19,True,True,13580,21,22,16,0.9876
169,30,ok,29,72,43,True,True,13761,13,23,29,0.9927
170,30,ok,4,10,6,True,True,13852,15,36,4,0.9644
171,30,ok,8,14,6,True,True,13943,34,23,8,0.9927
173,30,ok,9,19,10,True,True,14125,32,21,9,1.0548
175,30,ok,4,10,6,True,True,14307,11,98,4,1.0266
481,29,ok,21,63,42,True,True,42670,20,45,21,17.4327
487,29,ok,21,65,44,True,True,43257,16,42,21,16.4059
177,30,ok,13,27,14,True,True,14489,25,22,13,1.0493
174,30,ok,5,11,6,True,True,14216,21,38,5,1.1955
176,30,ok,8,20,12,True,True,14398,16,62,8,1.2068
180,30,ok,3,5,2,True,True,14763,30,65,3,1.0684
179,30,ok,10,26,16,True,True,14672,26,22,10,1.1406
181,30,ok,17,35,18,True,True,14854,20,20,17,1.1679
172,30,ok,4,10,6,True,True,14034,21,62,4,1.6079
182,30,ok,2,6,4,True,True,14946,10,182,2,1.0954
183,30,ok,22,50,28,True,True,15037,30,21,22,1.2138
185,30,ok,9,19,10,True,True,15220,21,20,9,1.1715
186,30,ok,4,7,3,True,True,15312,20,37,4,1.1903
187,30,ok,8,19,11,True,True,15404,20,26,8,1.1697
184,30,ok,4,9,5,True,True,15129,13,61,4,1.325
178,30,ok,3,7,4,True,True,14580,17,33,3,1.7222
189,30,ok,5,16,11,True,True,15587,11,105,5,1.2182
188,30,ok,5,10,5,True,True,15495,15,67,5,1.2815
190,30,ok,8,25,17,True,True,15679,12,33,8,1.2451
493,29,ok,21,66,45,True,True,43845,24,41,21,13.1962
192,30,ok,3,9,6,True,True,15863,18,65,3,1.2636
194,30,ok,3,9,6,True,True,16047,22,37,3,1.2367
492,29,ok,4,12,8,True,True,43747,15,202,4,13.4749
191,30,ok,10,21,11,True,True,15771,23,22,10,1.4518
490,29,ok,8,24,16,True,True,43551,24,74,8,17.3147
193,30,ok,13,31,18,True,True,15955,31,24,13,2.4481
197,30,ok,29,77,48,True,True,16323,15,23,29,2.3028
198,30,ok,4,11,7,True,True,16415,29,37,4,2.2987
195,30,ok,16,40,24,True,True,16139,20,22,16,2.5039
199,30,ok,8,19,11,True,True,16508,47,21,8,2.3053
196,30,ok,2,6,4,True,True,16231,13,390,2,2.4863
201,30,ok,9,17,8,True,True,16692,21,22,9,2.3242
202,30,ok,5,15,10,True,True,16785,15,37,5,2.297
203,30,ok,4,10,6,True,True,16877,15,100,4,2.3283
204,30,ok,8,16,8,True,True,16970,15,73,8,2.3816
205,30,ok,13,22,9,True,True,17062,28,23,13,2.3584
494,29,ok,6,17,11,True,True,43943,19,83,6,14.2145
496,29,ok,8,26,18,True,True,44139,15,82,8,14.1718
206,30,ok,3,5,2,True,True,17155,27,37,3,2.5528
208,30,ok,3,8,5,True,True,17340,14,61,3,2.4238
200,30,ok,4,11,7,True,True,16600,28,64,4,3.0117
210,30,ok,2,8,6,True,True,17526,12,187,2,2.4117
209,30,ok,17,42,25,True,True,17433,19,22,17,2.6209
491,29,ok,15,35,20,True,True,43649,25,44,15,16.5045
211,30,ok,22,58,36,True,True,17618,18,22,22,2.5008
212,30,ok,4,7,3,True,True,17711,22,61,4,2.4694
213,30,ok,9,18,9,True,True,17804,21,24,9,2.4984
214,30,ok,4,13,9,True,True,17897,18,34,4,2.5386
207,30,ok,10,20,10,True,True,17247,28,24,10,3.2233
215,30,ok,8,18,10,True,True,17990,37,23,8,2.6762
218,30,ok,8,23,15,True,True,18269,14,41,8,1.6744
219,30,ok,10,25,15,True,True,18363,35,23,10,1.7235
216,30,ok,5,16,11,True,True,18083,13,72,5,1.916
221,30,ok,13,29,16,True,True,18549,22,22,13,1.7842
217,30,ok,5,13,8,True,True,18176,21,104,5,1.9814
223,30,ok,16,32,16,True,True,18736,22,26,16,1.8562
220,30,ok,3,9,6,True,True,18456,19,72,3,1.9801
224,30,ok,2,5,3,True,True,18829,15,380,2,1.7975
222,30,ok,3,8,5,True,True,18642,25,38,3,2.0194
225,30,ok,29,74,45,True,True,18922,15,22,29,1.9008
227,30,ok,8,20,12,True,True,19109,25,24,8,1.7861
226,30,ok,4,9,5,True,True,19016,29,38,4,1.8416
228,30,ok,4,12,8,True,True,19203,17,67,4,1.8336
495,29,ok,9,25,16,True,True,44041,19,107,9,15.9813
229,30,ok,9,15,6,True,True,19297,44,25,9,1.8478
499,29,ok,21,54,33,True,True,44433,23,45,21,14.4003
231,30,ok,4,6,2,True,True,19484,18,104,4,1.8918
500,29,ok,6,17,11,True,True,44532,17,80,6,14.2748
230,30,ok,5,12,7,True,True,19390,20,36,5,2.0705
233,30,ok,13,33,20,True,True,19671,21,21,13,1.9835
234,30,ok,3,10,7,True,True,19765,30,42,3,1.9846
236,30,ok,3,5,2,True,True,19953,29,62,3,2.8724
238,30,ok,2,7,5,True,True,20141,11,203,2,2.9779
497,29,ok,15,42,27,True,True,44237,22,44,15,17.527
235,30,ok,10,22,12,True,True,19859,26,23,10,3.2484
232,30,ok,8,20,12,True,True,19578,16,63,8,3.5212
237,30,ok,17,38,21,True,True,20047,16,24,17,3.1584
239,30,ok,22,47,25,True,True,20235,22,23,22,3.193
241,30,ok,9,19,10,True,True,20423,29,22,9,3.0649
242,30,ok,4,11,7,True,True,20517,20,43,4,3.029
240,30,ok,4,11,7,True,True,20329,15,64,4,3.3576
243,30,ok,8,14,6,True,True,20611,36,25,8,3.2167
245,30,ok,5,15,10,True,True,20799,13,108,5,3.0983
244,30,ok,5,14,9,True,True,20705,17,62,5,3.2775
247,30,ok,10,21,11,True,True,20988,29,25,10,3.2111
249,30,ok,13,37,24,True,True,21177,27,26,13,3.2707
248,30,ok,3,9,6,True,True,21082,28,67,3,3.3965
246,30,ok,8,29,21,True,True,20894,13,40,8,3.5127
252,30,ok,2,6,4,True,True,21460,8,375,2,3.1775
498,29,ok,4,10,6,True,True,44335,20,205,4,18.6875
251,30,ok,16,30,14,True,True,21366,21,25,16,3.2995
254,30,ok,4,8,4,True,True,21649,27,41,4,3.229
256,30,ok,4,12,8,True,True,21838,21,67,4,3.309
253,30,ok,29,76,47,True,True,21555,14,25,29,3.6107
257,30,ok,9,23,14,True,True,21933,29,23,9,3.4041
258,30,ok,5,13,8,True,True,22028,18,37,5,3.3593
255,30,ok,8,16,8,True,True,21744,25,23,8,3.5829
260,30,ok,8,23,15,True,True,22217,14,64,8,3.4975
250,30,ok,3,9,6,True,True,21271,30,36,3,4.2694
259,30,ok,4,11,7,True,True,22122,13,121,4,3.6873
261,30,ok,13,23,10,True,True,22312,28,24,13,3.4519
262,30,ok,3,7,4,True,True,22407,33,37,3,3.4782
264,30,ok,3,6,3,True,True,22597,26,64,3,2.5066
266,30,ok,2,5,3,True,True,22787,13,200,2,2.5292
263,30,ok,10,23,13,True,True,22502,27,23,10,2.8885
269,30,ok,9,19,10,True,True,23072,27,24,9,3.6464
265,30,ok,17,43,26,True,True,22692,20,22,17,4.0302
270,30,ok,4,12,8,True,True,23167,19,40,4,3.7214
271,30,ok,8,15,7,True,True,23262,30,25,8,3.7101
272,30,ok,5,12,7,True,True,23357,15,66,5,3.6886
274,30,ok,8,20,12,True,True,23548,17,38,8,3.6767
267,30,ok,22,51,29,True,True,22882,19,23,22,4.7262
275,30,ok,10,24,14,True,True,23643,27,23,10,3.9176
268,30,ok,4,7,3,True,True,22977,16,78,4,4.738
276,30,ok,3,8,5,True,True,23738,31,68,3,3.8844
273,30,ok,5,17,12,True,True,23453,19,113,5,4.1994
277,30,ok,13,28,15,True,True,23834,21,23,13,3.8238
280,30,ok,2,4,2,True,True,24120,14,389,2,3.7977
281,30,ok,29,86,57,True,True,24216,18,22,29,4.0248
283,30,ok,8,20,12,True,True,24407,28,24,8,3.9003
282,30,ok,4,13,9,True,True,24311,20,45,4,4.0358
278,30,ok,3,10,7,True,True,23929,16,41,3,4.2915
279,30,ok,16,40,24,True,True,24025,27,24,16,4.3528
284,30,ok,4,9,5,True,True,24502,23,71,4,4.0804
287,30,ok,4,12,8,True,True,24789,15,114,4,3.9738
285,30,ok,9,18,9,True,True,24598,36,24,9,4.354
286,30,ok,5,16,11,True,True,24694,15,42,5,4.349
292,30,ok,3,9,6,True,True,25268,39,68,3,4.1673
288,30,ok,8,22,14,True,True,24885,18,72,8,4.5147
289,30,ok,13,34,21,True,True,24981,27,29,13,4.4362
290,30,ok,3,8,5,True,True,25077,19,38,3,4.4934
294,30,ok,2,4,2,True,True,25460,14,220,2,4.1914
291,30,ok,10,27,17,True,True,25173,32,25,10,4.5837
293,30,ok,17,42,25,True,True,25364,21,25,17,4.5638
295,30,ok,22,53,31,True,True,25556,23,23,22,4.3369
297,30,ok,9,22,13,True,True,25748,29,24,9,4.2588
296,30,ok,4,7,3,True,True,25652,29,70,4,5.6718
300,30,ok,5,11,6,True,True,26037,18,74,5,4.3219
301,30,ok,5,12,7,True,True,26133,11,113,5,4.4236
302,30,ok,8,22,14,True,True,26229,14,39,8,4.4168
299,30,ok,8,16,8,True,True,25940,33,23,8,4.7255
298,30,ok,4,11,7,True,True,25844,26,40,4,4.928
306,30,ok,3,8,5,True,True,26614,22,44,3,4.5254
308,30,ok,2,5,3,True,True,26807,14,388,2,4.4945
304,30,ok,3,10,7,True,True,26421,16,72,3,4.6128
303,30,ok,10,18,8,True,True,26325,37,27,10,4.7736
305,30,ok,13,28,15,True,True,26518,28,23,13,4.9356
309,30,ok,29,74,45,True,True,26903,19,25,29,4.7382
311,30,ok,8,13,5,True,True,27096,31,23,8,4.6135
307,30,ok,16,34,18,True,True,26710,27,25,16,5.1744
312,30,ok,4,8,4,True,True,27192,36,73,4,4.6767
310,30,ok,4,14,10,True,True,26999,20,42,4,4.7187
315,30,ok,4,8,4,True,True,27482,15,120,4,4.7631
316,30,ok,8,23,15,True,True,27579,16,75,8,4.7902
313,30,ok,9,19,10,True,True,27289,45,25,9,5.4156
314,30,ok,5,14,9,True,True,27385,19,41,5,5.4107
318,30,ok,3,9,6,True,True,27772,48,40,3,5.0601
317,30,ok,13,34,21,True,True,27675,19,24,13,5.1601
319,30,ok,10,22,12,True,True,27869,34,25,10,4.8558
321,30,ok,17,43,26,True,True,28062,24,28,17,5.1673
323,30,ok,22,52,30,True,True,28256,23,26,22,5.9538
320,30,ok,3,6,3,True,True,27965,21,72,3,6.3037
326,30,ok,4,9,5,True,True,28546,19,42,4,5.9056
325,30,ok,9,24,15,True,True,28449,33,25,9,6.1785
324,30,ok,4,6,2,True,True,28352,27,70,4,6.213
322,30,ok,2,5,3,True,True,28159,11,224,2,6.5089
327,30,ok,8,15,7,True,True,28643,32,24,8,5.0934
329,30,ok,5,18,13,True,True,28837,14,117,5,5.1804
330,30,ok,8,22,14,True,True,28934,16,42,8,5.2443
332,30,ok,3,8,5,True,True,29128,31,68,3,5.3492
328,30,ok,5,15,10,True,True,28740,20,73,5,5.8467
331,30,ok,10,23,13,True,True,29031,26,24,10,5.7696
334,30,ok,3,6,3,True,True,29322,28,41,3,5.3249
336,30,ok,2,7,5,True,True,29517,11,409,2,5.334
335,30,ok,16,39,23,True,True,29420,26,25,16,5.4743
333,30,ok,13,25,12,True,True,29225,24,26,13,6.1635
339,30,ok,8,18,10,True,True,29808,37,25,8,5.4625
340,30,ok,4,8,4,True,True,29906,23,69,4,5.3799
342,30,ok,5,12,7,True,True,30100,20,42,5,5.6317
338,30,ok,4,16,12,True,True,29711,18,40,4,6.4515
341,30,ok,9,23,14,True,True,30003,35,25,9,6.7357
344,30,ok,8,19,11,True,True,30295,13,74,8,6.6899
343,30,ok,4,9,5,True,True,30198,18,117,4,7.3651
337,30,ok,29,77,48,True,True,29614,18,23,29,8.094
350,30,ok,2,5,3,True,True,30880,17,212,2,6.6871
345,30,ok,13,30,17,True,True,30393,32,25,13,7.3655
348,30,ok,3,10,7,True,True,30685,18,74,3,6.8276
349,30,ok,17,43,26,True,True,30783,28,24,17,6.8651
347,30,ok,10,22,12,True,True,30588,24,26,10,7.5335
352,30,ok,4,13,9,True,True,31075,20,76,4,5.8819
354,30,ok,4,9,5,True,True,31271,31,42,4,5.8424
351,30,ok,22,71,49,True,True,30978,24,28,22,7.0097
353,30,ok,9,20,11,True,True,31173,32,25,9,6.1018
346,30,ok,3,6,3,True,True,30490,28,44,3,7.9068
356,30,ok,5,11,6,True,True,31466,23,71,5,6.2343
355,30,ok,8,18,10,True,True,31368,40,28,8,6.268
358,30,ok,8,26,18,True,True,31662,21,42,8,6.1016
357,30,ok,5,14,9,True,True,31564,11,120,5,7.3255
359,30,ok,10,20,10,True,True,31759,25,26,10,7.0153
360,30,ok,3,6,3,True,True,31857,45,74,3,7.0366
361,30,ok,13,27,14,True,True,31955,31,27,13,7.4056
364,30,ok,2,5,3,True,True,32249,12,419,2,7.2792
366,30,ok,4,10,6,True,True,32445,26,45,4,7.2169
365,30,ok,29,77,48,True,True,32347,16,28,29,7.3869
362,30,ok,3,8,5,True,True,32053,26,42,3,7.9703
368,30,ok,4,14,10,True,True,32641,40,70,4,7.2862
363,30,ok,16,42,26,True,True,32151,23,23,16,8.0327
369,30,ok,9,24,15,True,True,32739,28,25,9,7.3008
371,30,ok,4,13,9,True,True,32935,22,138,4,6.8325
370,30,ok,5,20,15,True,True,32837,14,41,5,7.4288
367,30,ok,8,21,13,True,True,32543,33,28,8,8.2831
372,30,ok,8,22,14,True,True,33033,14,79,8,6.8623
373,30,ok,13,34,21,True,True,33131,22,24,13,7.6282
374,30,ok,3,8,5,True,True,33229,23,46,3,7.4505
376,30,ok,3,8,5,True,True,33426,19,76,3,7.4343
375,30,ok,10,21,11,True,True,33328,27,25,10,8.2036
378,30,ok,2,10,8,True,True,33622,12,234,2,8.0165
381,30,ok,9,21,12,True,True,33917,26,28,9,7.7377
382,30,ok,4,11,7,True,True,34016,18,47,4,7.7224
379,30,ok,22,61,39,True,True,33721,23,27,22,8.4362
383,30,ok,8,17,9,True,True,34114,35,27,8,7.9626
377,30,ok,17,38,21,True,True,33524,25,28,17,8.8563
384,30,ok,5,12,7,True,True,34213,13,74,5,8.3153
380,30,ok,4,9,5,True,True,33819,30,77,4,8.8259
388,30,ok,3,10,7,True,True,34607,42,77,3,7.927
387,30,ok,10,20,10,True,True,34508,26,25,10,8.1769
385,30,ok,5,12,7,True,True,34311,14,129,5,9.5527
386,30,ok,8,14,6,True,True,34410,21,45,8,9.4513
390,30,ok,3,6,3,True,True,34804,65,41,3,8.1074
391,30,ok,16,40,24,True,True,34902,21,24,16,8.2029
389,30,ok,13,38,25,True,True,34705,38,27,13,8.7459
392,30,ok,2,5,3,True,True,35001,14,419,2,8.2443
394,30,ok,4,12,8,True,True,35198,21,45,4,8.1989
393,30,ok,29,71,42,True,True,35100,21,25,29,8.4403
395,30,ok,8,15,7,True,True,35297,35,27,8,8.3863
397,30,ok,9,24,15,True,True,35494,31,28,9,8.3826
399,30,ok,4,11,7,True,True,35692,32,121,4,8.3475
400,30,ok,8,21,13,True,True,35791,16,75,8,9.3357
396,30,ok,4,16,12,True,True,35396,15,75,4,10.2986
398,30,ok,5,8,3,True,True,35593,21,42,5,10.0305
401,30,ok,13,39,26,True,True,35890,26,25,13,9.5884
403,30,ok,10,23,13,True,True,36087,37,32,10,9.4807
404,30,ok,3,9,6,True,True,36186,23,79,3,8.7411
405,30,ok,17,48,31,True,True,36285,22,28,17,8.8589
406,30,ok,2,6,4,True,True,36384,11,219,2,8.5363
402,30,ok,3,10,7,True,True,35988,24,42,3,10.5525
410,30,ok,4,12,8,True,True,36780,17,43,4,8.7119
408,30,ok,4,10,6,True,True,36582,15,77,4,9.1026
409,30,ok,9,26,17,True,True,36681,49,27,9,8.9436
407,30,ok,22,66,44,True,True,36483,25,27,22,10.623
412,30,ok,5,12,7,True,True,36978,17,73,5,10.1328
411,30,ok,8,20,12,True,True,36879,38,26,8,10.6618
416,30,ok,3,9,6,True,True,37375,17,76,3,10.044
413,30,ok,5,12,7,True,True,37077,22,121,5,10.8495
417,30,ok,13,31,18,True,True,37474,33,28,13,10.4729
414,30,ok,8,19,11,True,True,37176,20,42,8,10.8198
420,30,ok,2,7,5,True,True,37772,12,441,2,9.2551
415,30,ok,10,21,11,True,True,37276,28,26,10,11.0429
418,30,ok,3,11,8,True,True,37573,29,43,3,10.0412
419,30,ok,16,38,22,True,True,37672,27,26,16,10.1801
421,30,ok,29,79,50,True,True,37871,19,27,29,9.9038
423,30,ok,8,20,12,True,True,38070,31,26,8,10.6343
422,30,ok,4,6,2,True,True,37970,25,41,4,11.2539
424,30,ok,4,12,8,True,True,38169,17,80,4,10.3057
426,30,ok,5,11,6,True,True,38368,21,42,5,10.3138
425,30,ok,9,24,15,True,True,38268,45,27,9,10.4326
427,30,ok,4,14,10,True,True,38467,18,113,4,10.4158
428,30,ok,8,23,15,True,True,38567,17,80,8,10.4456
429,30,ok,13,32,19,True,True,38666,33,27,13,9.884
432,30,ok,3,8,5,True,True,38965,19,74,3,9.7645
430,30,ok,3,6,3,True,True,38766,22,46,3,10.121
431,30,ok,10,27,17,True,True,38865,34,25,10,10.4042
436,30,ok,4,14,10,True,True,39363,23,75,4,11.0819
434,30,ok,2,4,2,True,True,39164,18,228,2,11.5859
435,30,ok,22,52,30,True,True,39263,22,27,22,11.4608
433,30,ok,17,44,27,True,True,39064,22,27,17,12.1786
437,30,ok,9,22,13,True,True,39463,29,29,9,12.105
439,30,ok,8,15,7,True,True,39662,37,26,8,11.1302
442,30,ok,8,24,16,True,True,39961,16,45,8,10.308
438,30,ok,4,10,6,True,True,39562,18,50,4,12.3507
441,30,ok,5,16,11,True,True,39861,18,125,5,11.1207
444,30,ok,3,7,4,True,True,40161,24,77,3,11.3413
440,30,ok,5,13,8,True,True,39762,17,75,5,13.624
445,30,ok,13,33,20,True,True,40260,35,25,13,11.3687
446,30,ok,3,7,4,True,True,40360,25,48,3,11.2808
447,30,ok,16,34,18,True,True,40460,24,26,16,11.3324
448,30,ok,2,6,4,True,True,40560,18,436,2,11.3569
443,30,ok,10,27,17,True,True,40061,33,30,10,12.409
449,30,ok,29,82,53,True,True,40660,24,27,29,11.8873
450,30,ok,4,12,8,True,True,40760,17,43,4,12.06
455,30,ok,4,10,6,True,True,41260,20,135,4,10.6724
451,30,ok,8,23,15,True,True,40860,33,26,8,12.5655
452,30,ok,4,12,8,True,True,40960,22,80,4,12.6274
456,30,ok,8,20,12,True,True,41360,18,74,8,10.8789
453,30,ok,9,20,11,True,True,41060,45,27,9,12.4725
457,30,ok,13,34,21,True,True,41460,47,33,13,12.1901
459,30,ok,10,24,14,True,True,41660,41,26,10,11.9445
454,30,ok,5,9,4,True,True,41160,18,45,5,13.0404
458,30,ok,3,9,6,True,True,41560,19,43,3,12.2274
460,30,ok,3,11,8,True,True,41760,49,75,3,12.3685
461,30,ok,17,48,31,True,True,41860,22,26,17,12.2341
462,30,ok,2,5,3,True,True,41960,13,250,2,12.2151
463,30,ok,22,56,34,True,True,42060,27,25,22,13.5678
464,30,ok,4,9,5,True,True,42161,23,75,4,12.2971
466,30,ok,4,8,4,True,True,42361,29,48,4,12.5043
465,30,ok,9,20,11,True,True,42261,34,30,9,12.824
469,30,ok,5,16,11,True,True,42662,15,129,5,12.426
468,30,ok,5,11,6,True,True,42562,25,82,5,13.4826
467,30,ok,8,19,11,True,True,42461,33,29,8,14.3779
470,30,ok,8,29,21,True,True,42762,16,44,8,12.9971
1,31,ok,30,30,0,True,True,67,2,3,30,0.0199
2,31,ok,8,11,3,True,True,113,3,13,8,0.0155
3,31,ok,24,40,16,True,True,164,4,6,24,0.0435
4,31,ok,8,11,3,True,True,219,4,30,8,0.0281
5,31,ok,30,55,25,True,True,276,3,7,30,0.0728
6,31,ok,8,17,9,True,True,335,4,18,8,0.0503
7,31,ok,24,39,15,True,True,396,6,7,24,0.0928
8,31,ok,8,13,5,True,True,459,5,37,8,0.0769
9,31,ok,30,54,24,True,True,523,6,10,30,0.1447
10,31,ok,8,15,7,True,True,587,6,21,8,0.039
11,31,ok,24,38,14,True,True,653,6,9,24,0.0068
12,31,ok,8,15,7,True,True,720,6,45,8,0.0055
13,31,ok,30,56,26,True,True,788,6,11,30,0.0099
14,31,ok,8,14,6,True,True,856,6,31,8,0.0072
15,31,ok,24,43,19,True,True,925,9,11,24,0.0108
16,31,ok,8,15,7,True,True,995,7,44,8,0.0087
17,31,ok,30,55,25,True,True,1066,6,11,30,0.0151
18,31,ok,8,14,6,True,True,1137,7,33,8,0.0116
19,31,ok,24,49,25,True,True,1208,9,11,24,0.0181
20,31,ok,8,18,10,True,True,1281,8,50,8,0.015
21,31,ok,30,53,23,True,True,1353,8,11,30,0.022
22,31,ok,8,15,7,True,True,1426,7,32,8,0.0163
23,31,ok,24,45,21,True,True,1500,7,11,24,0.0242
24,31,ok,8,16,8,True,True,1574,7,57,8,0.019
25,31,ok,30,58,28,True,True,1648,8,13,30,0.0271
26,31,ok,8,20,12,True,True,1723,8,31,8,0.022
27,31,ok,24,43,19,True,True,1798,9,12,24,0.0287
28,31,ok,8,13,5,True,True,1874,9,53,8,0.0249
29,31,ok,30,68,38,True,True,1950,8,12,30,0.0357
30,31,ok,8,14,6,True,True,2026,7,34,8,0.0267
31,31,ok,24,40,16,True,True,2102,8,15,24,0.0349
32,31,ok,8,17,9,True,True,2179,8,60,8,0.0322
33,31,ok,30,63,33,True,True,2257,8,15,30,0.0435
34,31,ok,8,19,11,True,True,2334,8,36,8,0.0366
35,31,ok,24,48,24,True,True,2412,9,11,24,0.0489
36,31,ok,8,21,13,True,True,2490,6,72,8,0.0399
37,31,ok,30,70,40,True,True,2568,10,15,30,0.0555
38,31,ok,8,15,7,True,True,2647,9,37,8,0.0424
39,31,ok,24,53,29,True,True,2726,10,16,24,0.0566
40,31,ok,8,18,10,True,True,2805,7,69,8,0.0495
41,31,ok,30,72,42,True,True,2884,9,16,30,0.0718
42,31,ok,8,15,7,True,True,2964,8,36,8,0.0533
43,31,ok,24,52,28,True,True,3043,12,14,24,0.0685
44,31,ok,8,13,5,True,True,3124,11,76,8,0.0591
45,31,ok,30,72,42,True,True,3204,10,15,30,0.0787
46,31,ok,8,17,9,True,True,3284,8,42,8,0.0664
47,31,ok,24,54,30,True,True,3365,11,15,24,0.0815
48,31,ok,8,15,7,True,True,3446,9,72,8,0.0689
49,31,ok,30,62,32,True,True,3527,11,14,30,0.0907
475,30,ok,16,35,19,True,True,43264,25,30,16,13.1665
50,31,ok,8,15,7,True,True,3608,9,41,8,0.0719
51,31,ok,24,52,28,True,True,3690,11,14,24,0.1057
477,30,ok,29,71,42,True,True,43465,19,31,29,13.0331
472,30,ok,3,10,7,True,True,42963,25,78,3,14.6567
52,31,ok,8,20,12,True,True,3772,8,75,8,0.08
476,30,ok,2,9,7,True,True,43364,13,470,2,13.1667
54,31,ok,8,15,7,True,True,3936,10,40,8,0.0895
478,30,ok,4,9,5,True,True,43565,25,43,4,12.9852
53,31,ok,30,66,36,True,True,3853,11,16,30,0.1188
55,31,ok,24,48,24,True,True,4018,14,17,24,0.106
56,31,ok,8,18,10,True,True,4100,9,73,8,0.0949
57,31,ok,30,57,27,True,True,4183,10,18,30,0.1315
58,31,ok,8,19,11,True,True,4266,9,40,8,0.1072
473,30,ok,13,29,16,True,True,43063,33,27,13,13.7775
59,31,ok,24,51,27,True,True,4349,13,14,24,0.1386
60,31,ok,8,17,9,True,True,4432,11,82,8,0.1303
62,31,ok,8,18,10,True,True,4598,10,41,8,0.1151
61,31,ok,30,60,30,True,True,4515,11,17,30,0.1304
64,31,ok,8,20,12,True,True,4766,9,78,8,0.128
63,31,ok,24,51,27,True,True,4682,12,16,24,0.1647
68,31,ok,8,18,10,True,True,5102,8,79,8,0.137
471,30,ok,10,26,16,True,True,42862,49,27,10,15.2214
66,31,ok,8,16,8,True,True,4934,8,44,8,0.1533
65,31,ok,30,72,42,True,True,4850,12,17,30,0.1591
67,31,ok,24,57,33,True,True,5018,11,20,24,0.1875
69,31,ok,30,76,46,True,True,5187,12,17,30,0.1866
70,31,ok,8,26,18,True,True,5271,8,46,8,0.1533
72,31,ok,8,20,12,True,True,5441,10,79,8,0.1577
73,31,ok,30,72,42,True,True,5526,10,15,30,0.1875
71,31,ok,24,55,31,True,True,5356,11,17,24,0.2255
75,31,ok,24,52,28,True,True,5696,11,18,24,0.1998
74,31,ok,8,24,16,True,True,5611,9,49,8,0.2039
76,31,ok,8,16,8,True,True,5782,10,88,8,0.2119
77,31,ok,30,67,37,True,True,5867,11,18,30,0.2261
78,31,ok,8,18,10,True,True,5953,9,54,8,0.1878
79,31,ok,24,41,17,True,True,6039,13,18,24,0.2122
80,31,ok,8,21,13,True,True,6125,12,83,8,0.2019
81,31,ok,30,63,33,True,True,6211,13,19,30,0.246
82,31,ok,8,21,13,True,True,6297,10,49,8,0.2484
83,31,ok,24,55,31,True,True,6383,13,20,24,0.26
84,31,ok,8,24,16,True,True,6470,9,98,8,0.262
86,31,ok,8,21,13,True,True,6643,10,51,8,0.233
474,30,ok,3,11,8,True,True,43164,19,46,3,14.3723
85,31,ok,30,71,41,True,True,6556,14,20,30,0.2924
87,31,ok,24,50,26,True,True,6730,14,18,24,0.2615
88,31,ok,8,19,11,True,True,6817,11,94,8,0.2367
90,31,ok,8,23,15,True,True,6991,10,49,8,0.2513
89,31,ok,30,60,30,True,True,6904,11,19,30,0.309
91,31,ok,24,51,27,True,True,7078,14,18,24,0.3445
94,31,ok,8,20,12,True,True,7340,14,51,8,0.2723
92,31,ok,8,22,14,True,True,7165,14,92,8,0.303
93,31,ok,30,83,53,True,True,7253,13,18,30,0.3081
480,30,ok,4,10,6,True,True,43766,30,82,4,13.2147
95,31,ok,24,57,33,True,True,7428,11,19,24,0.3074
96,31,ok,8,25,17,True,True,7515,11,92,8,0.2957
97,31,ok,30,76,46,True,True,7603,14,17,30,0.3611
98,31,ok,8,17,9,True,True,7691,9,57,8,0.3062
99,31,ok,24,53,29,True,True,7779,13,16,24,0.3469
479,30,ok,8,14,6,True,True,43666,55,26,8,14.19
104,31,ok,8,17,9,True,True,8221,13,94,8,1.2603
101,31,ok,30,73,43,True,True,7955,11,19,30,1.2766
100,31,ok,8,18,10,True,True,7867,11,92,8,1.2982
102,31,ok,8,23,15,True,True,8044,11,51,8,1.3151
103,31,ok,24,57,33,True,True,8132,17,18,24,1.3116
106,31,ok,8,19,11,True,True,8398,9,49,8,1.2767
105,31,ok,30,71,41,True,True,8309,13,21,30,1.3305
481,30,ok,9,22,13,True,True,43867,34,27,9,14.398
107,31,ok,24,49,25,True,True,8487,18,19,24,1.3096
108,31,ok,8,26,18,True,True,8575,12,88,8,1.3574
112,31,ok,8,20,12,True,True,8932,10,97,8,0.3819
110,31,ok,8,21,13,True,True,8753,11,59,8,1.3691
111,31,ok,24,53,29,True,True,8843,12,22,24,0.4142
115,31,ok,24,51,27,True,True,9200,15,20,24,0.4431
109,31,ok,30,71,41,True,True,8664,11,20,30,1.4872
114,31,ok,8,16,8,True,True,9110,10,55,8,0.4767
116,31,ok,8,28,20,True,True,9290,12,101,8,0.4455
113,31,ok,30,71,41,True,True,9021,14,20,30,0.5473
118,31,ok,8,24,16,True,True,9469,13,58,8,0.566
119,31,ok,24,55,31,True,True,9559,14,18,24,0.484
117,31,ok,30,84,54,True,True,9379,12,18,30,0.6152
120,31,ok,8,20,12,True,True,9649,10,93,8,0.5443
121,31,ok,30,78,48,True,True,9739,12,17,30,0.5269
123,31,ok,24,55,31,True,True,9919,18,21,24,0.5106
122,31,ok,8,20,12,True,True,9829,11,54,8,0.5344
124,31,ok,8,17,9,True,True,10009,12,99,8,0.5033
125,31,ok,30,73,43,True,True,10099,12,20,30,0.5932
127,31,ok,24,61,37,True,True,10280,14,21,24,0.5622
126,31,ok,8,21,13,True,True,10189,12,62,8,0.6437
128,31,ok,8,19,11,True,True,10370,13,103,8,0.6303
129,31,ok,30,65,35,True,True,10461,13,19,30,0.6244
130,31,ok,8,19,11,True,True,10552,13,55,8,0.6285
131,31,ok,24,58,34,True,True,10642,17,20,24,0.6778
132,31,ok,8,17,9,True,True,10733,11,99,8,0.614
134,31,ok,8,23,15,True,True,10915,14,54,8,0.5895
133,31,ok,30,73,43,True,True,10824,14,23,30,0.6614
135,31,ok,24,56,32,True,True,11006,23,28,24,0.6525
136,31,ok,8,17,9,True,True,11097,12,100,8,0.6258
485,30,ok,13,33,20,True,True,44269,37,27,13,14.6393
137,31,ok,30,62,32,True,True,11188,15,20,30,0.6988
138,31,ok,8,22,14,True,True,11280,10,59,8,0.7069
483,30,ok,4,12,8,True,True,44068,21,126,4,15.1846
487,30,ok,10,21,11,True,True,44470,30,26,10,13.5393
484,30,ok,8,25,17,True,True,44169,23,82,8,14.9787
140,31,ok,8,17,9,True,True,11462,15,100,8,0.7998
488,30,ok,3,7,4,True,True,44571,20,83,3,13.3483
139,31,ok,24,49,25,True,True,11371,16,21,24,0.8983
141,31,ok,30,79,49,True,True,11554,13,21,30,0.7896
144,31,ok,8,16,8,True,True,11828,14,95,8,0.6966
142,31,ok,8,20,12,True,True,11645,11,61,8,0.8671
143,31,ok,24,53,29,True,True,11737,14,19,24,0.8295
145,31,ok,30,78,48,True,True,11920,16,19,30,0.7554
482,30,ok,5,12,7,True,True,43967,15,43,5,15.746
146,31,ok,8,19,11,True,True,12012,9,57,8,0.7094
486,30,ok,3,7,4,True,True,44370,28,46,3,14.1047
148,31,ok,8,18,10,True,True,12196,12,102,8,0.7133
147,31,ok,24,68,44,True,True,12104,15,23,24,0.7884
149,31,ok,30,68,38,True,True,12288,16,20,30,0.796
490,30,ok,2,8,6,True,True,44772,12,247,2,13.6602
150,31,ok,8,23,15,True,True,12380,13,60,8,0.8042
152,31,ok,8,25,17,True,True,12564,13,103,8,0.7791
153,31,ok,30,72,42,True,True,12656,14,21,30,0.8608
151,31,ok,24,64,40,True,True,12472,17,19,24,0.9223
154,31,ok,8,16,8,True,True,12749,17,59,8,0.8393
155,31,ok,24,55,31,True,True,12841,17,22,24,0.8432
156,31,ok,8,19,11,True,True,12933,12,105,8,0.8684
158,31,ok,8,16,8,True,True,13118,18,59,8,0.9425
489,30,ok,17,46,29,True,True,44672,30,27,17,14.2534
159,31,ok,24,57,33,True,True,13211,15,21,24,0.9279
157,31,ok,30,81,51,True,True,13026,13,21,30,2.0062
162,31,ok,8,17,9,True,True,13489,12,61,8,1.8226
164,31,ok,8,24,16,True,True,13675,14,111,8,1.8495
160,31,ok,8,18,10,True,True,13304,12,100,8,1.9734
166,31,ok,8,26,18,True,True,13861,18,60,8,1.9004
161,31,ok,30,71,41,True,True,13396,18,21,30,2.004
165,31,ok,30,77,47,True,True,13768,13,21,30,1.9532
167,31,ok,24,58,34,True,True,13954,19,20,24,1.9407
163,31,ok,24,54,30,True,True,13582,17,21,24,2.0969
168,31,ok,8,25,17,True,True,14047,13,108,8,1.9512
492,30,ok,4,14,10,True,True,44974,34,82,4,14.441
170,31,ok,8,21,13,True,True,14234,11,60,8,1.9083
169,31,ok,30,72,42,True,True,14140,14,23,30,2.0773
171,31,ok,24,58,34,True,True,14327,21,22,24,1.9938
174,31,ok,8,18,10,True,True,14607,11,57,8,1.9558
493,30,ok,9,25,16,True,True,45075,40,27,9,14.6485
172,31,ok,8,23,15,True,True,14420,13,104,8,2.0647
173,31,ok,30,69,39,True,True,14514,16,21,30,2.1546
491,30,ok,22,62,40,True,True,44873,22,29,22,15.0345
175,31,ok,24,59,35,True,True,14701,20,21,24,2.1086
178,31,ok,8,24,16,True,True,14982,12,58,8,1.9862
176,31,ok,8,22,14,True,True,14794,11,120,8,2.1749
179,31,ok,24,68,44,True,True,15075,16,21,24,2.0825
182,31,ok,8,17,9,True,True,15357,17,57,8,1.1997
177,31,ok,30,76,46,True,True,14888,15,23,30,2.3079
181,31,ok,30,74,44,True,True,15263,16,22,30,1.2634
184,31,ok,8,23,15,True,True,15545,18,113,8,1.2077
186,31,ok,8,19,11,True,True,15733,13,70,8,1.2441
180,31,ok,8,22,14,True,True,15169,12,106,8,1.4353
494,30,ok,4,8,4,True,True,45175,21,49,4,13.7546
187,31,ok,24,63,39,True,True,15827,19,24,24,1.3306
190,31,ok,8,21,13,True,True,16110,12,61,8,1.2466
185,31,ok,30,74,44,True,True,15639,15,23,30,1.4948
183,31,ok,24,70,46,True,True,15451,17,22,24,1.5988
189,31,ok,30,74,44,True,True,16016,20,21,30,1.3982
192,31,ok,8,25,17,True,True,16299,11,120,8,1.291
191,31,ok,24,54,30,True,True,16204,16,26,24,1.3792
188,31,ok,8,20,12,True,True,15921,13,111,8,1.534
194,31,ok,8,18,10,True,True,16488,16,62,8,1.3541
195,31,ok,24,58,34,True,True,16582,20,22,24,1.368
193,31,ok,30,69,39,True,True,16393,15,23,30,1.4742
196,31,ok,8,19,11,True,True,16677,14,115,8,1.3549
198,31,ok,8,17,9,True,True,16866,19,61,8,1.3849
200,31,ok,8,20,12,True,True,17056,14,110,8,2.2379
199,31,ok,24,59,35,True,True,16961,19,24,24,2.3409
197,31,ok,30,74,44,True,True,16772,17,22,30,2.402
202,31,ok,8,26,18,True,True,17246,12,65,8,2.2476
201,31,ok,30,80,50,True,True,17151,14,22,30,2.413
203,31,ok,24,50,26,True,True,17341,19,23,24,2.3992
205,31,ok,30,76,46,True,True,17531,14,22,30,2.3848
204,31,ok,8,21,13,True,True,17436,14,120,8,2.417
206,31,ok,8,23,15,True,True,17626,16,59,8,2.3464
210,31,ok,8,19,11,True,True,18007,14,60,8,2.3848
207,31,ok,24,56,32,True,True,17721,22,23,24,2.5741
209,31,ok,30,80,50,True,True,17912,19,24,30,2.4608
208,31,ok,8,20,12,True,True,17816,12,114,8,2.6884
211,31,ok,24,72,48,True,True,18102,17,21,24,2.5704
496,30,ok,5,13,8,True,True,45377,19,83,5,15.3226
214,31,ok,8,23,15,True,True,18388,13,76,8,2.5432
212,31,ok,8,19,11,True,True,18198,22,117,8,2.61
216,31,ok,8,17,9,True,True,18579,15,114,8,2.5193
215,31,ok,24,58,34,True,True,18484,18,24,24,2.5635
218,31,ok,8,17,9,True,True,18771,15,65,8,2.5279
213,31,ok,30,78,48,True,True,18293,16,24,30,2.8836
219,31,ok,24,57,33,True,True,18866,19,24,24,2.6182
495,30,ok,8,19,11,True,True,45276,36,28,8,16.2288
217,31,ok,30,62,32,True,True,18675,17,24,30,2.9975
220,31,ok,8,25,17,True,True,18962,13,122,8,2.8187
222,31,ok,8,21,13,True,True,19154,14,66,8,2.5836
221,31,ok,30,78,48,True,True,19058,18,22,30,2.8837
223,31,ok,24,57,33,True,True,19250,20,26,24,1.9056
224,31,ok,8,28,20,True,True,19346,12,120,8,1.9002
226,31,ok,8,21,13,True,True,19538,16,68,8,1.8874
227,31,ok,24,58,34,True,True,19634,19,26,24,1.974
225,31,ok,30,71,41,True,True,19442,16,23,30,2.2234
497,30,ok,5,12,7,True,True,45478,21,122,5,16.4704
498,30,ok,8,18,10,True,True,45579,24,45,8,15.8564
231,31,ok,24,54,30,True,True,20018,22,22,24,2.0418
228,31,ok,8,23,15,True,True,19730,15,117,8,2.1054
230,31,ok,8,22,14,True,True,19922,15,64,8,2.1309
499,30,ok,10,21,11,True,True,45680,37,28,10,15.1657
229,31,ok,30,71,41,True,True,19826,17,23,30,2.382
232,31,ok,8,25,17,True,True,20114,14,110,8,2.1086
235,31,ok,24,60,36,True,True,20403,19,23,24,2.0785
236,31,ok,8,26,18,True,True,20500,14,121,8,2.0716
234,31,ok,8,23,15,True,True,20307,15,65,8,2.2469
500,30,ok,3,8,5,True,True,45781,30,74,3,15.4283
238,31,ok,8,22,14,True,True,20693,13,64,8,2.0807
233,31,ok,30,76,46,True,True,20211,16,22,30,2.3566
237,31,ok,30,75,45,True,True,20596,19,24,30,2.2532
241,31,ok,30,72,42,True,True,20982,15,26,30,2.2061
240,31,ok,8,18,10,True,True,20886,16,119,8,2.5244
239,31,ok,24,51,27,True,True,20789,15,27,24,3.4893
244,31,ok,8,20,12,True,True,21273,12,126,8,3.1403
243,31,ok,24,64,40,True,True,21176,19,28,24,3.218
242,31,ok,8,26,18,True,True,21079,17,62,8,3.2926
245,31,ok,30,65,35,True,True,21369,19,24,30,3.3189
248,31,ok,8,19,11,True,True,21660,16,110,8,3.2804
250,31,ok,8,19,11,True,True,21854,18,64,8,3.2952
246,31,ok,8,23,15,True,True,21466,12,67,8,3.5907
247,31,ok,24,62,38,True,True,21563,21,24,24,3.6195
251,31,ok,24,56,32,True,True,21951,16,25,24,3.3569
252,31,ok,8,25,17,True,True,22048,15,115,8,3.3497
249,31,ok,30,78,48,True,True,21757,14,24,30,3.8168
253,31,ok,30,78,48,True,True,22145,19,23,30,3.4403
254,31,ok,8,16,8,True,True,22242,14,72,8,3.658
257,31,ok,30,78,48,True,True,22534,18,21,30,3.5794
255,31,ok,24,62,38,True,True,22339,22,23,24,3.8001
259,31,ok,24,68,44,True,True,22728,22,22,24,3.5993
260,31,ok,8,19,11,True,True,22826,16,123,8,3.538
256,31,ok,8,22,14,True,True,22436,14,118,8,3.7777
262,31,ok,8,15,7,True,True,23020,14,69,8,3.6165
258,31,ok,8,25,17,True,True,22631,15,67,8,3.9252
264,31,ok,8,24,16,True,True,23215,14,118,8,3.5129
263,31,ok,24,51,27,True,True,23118,20,23,24,3.5979
266,31,ok,8,21,13,True,True,23410,15,63,8,3.7208
267,31,ok,24,54,30,True,True,23508,20,24,24,3.8006
268,31,ok,8,19,11,True,True,23606,20,113,8,3.7863
261,31,ok,30,80,50,True,True,22923,15,24,30,4.1838
270,31,ok,8,23,15,True,True,23801,16,70,8,3.6987
265,31,ok,30,89,59,True,True,23313,14,23,30,4.0555
269,31,ok,30,79,49,True,True,23703,19,25,30,3.9804
273,31,ok,30,64,34,True,True,24094,18,27,30,2.918
274,31,ok,8,23,15,True,True,24192,13,70,8,2.9437
271,31,ok,24,65,41,True,True,23899,19,25,24,4.0304
275,31,ok,24,67,43,True,True,24290,17,24,24,4.0118
272,31,ok,8,18,10,True,True,23996,14,119,8,4.0637
276,31,ok,8,18,10,True,True,24388,17,119,8,3.9131
277,31,ok,30,83,53,True,True,24486,20,23,30,4.0688
278,31,ok,8,18,10,True,True,24584,15,63,8,3.9916
280,31,ok,8,17,9,True,True,24780,14,120,8,4.1547
282,31,ok,8,31,23,True,True,24976,15,65,8,4.1453
281,31,ok,30,80,50,True,True,24878,15,22,30,4.2333
279,31,ok,24,55,31,True,True,24682,27,25,24,4.5416
284,31,ok,8,22,14,True,True,25173,13,118,8,4.1813
283,31,ok,24,66,42,True,True,25074,15,23,24,4.3938
286,31,ok,8,24,16,True,True,25369,13,65,8,4.1295
288,31,ok,8,17,9,True,True,25566,13,119,8,4.1004
285,31,ok,30,72,42,True,True,25271,16,24,30,4.6541
289,31,ok,30,73,43,True,True,25664,20,27,30,4.3539
287,31,ok,24,63,39,True,True,25467,16,28,24,4.4503
290,31,ok,8,15,7,True,True,25762,19,64,8,4.487
292,31,ok,8,17,9,True,True,25959,18,126,8,4.4098
294,31,ok,8,22,14,True,True,26156,20,73,8,4.3691
293,31,ok,30,87,57,True,True,26058,16,25,30,4.4571
291,31,ok,24,67,43,True,True,25861,23,27,24,5.643
295,31,ok,24,62,38,True,True,26255,21,23,24,5.2979
296,31,ok,8,23,15,True,True,26353,14,118,8,5.3359
299,31,ok,24,54,30,True,True,26649,19,23,24,5.368
298,31,ok,8,25,17,True,True,26551,24,65,8,5.4022
297,31,ok,30,78,48,True,True,26452,18,24,30,5.6006
300,31,ok,8,24,16,True,True,26748,13,121,8,5.6405
303,31,ok,24,55,31,True,True,27044,25,25,24,5.4014
301,31,ok,30,86,56,True,True,26847,17,24,30,6.1071
304,31,ok,8,27,19,True,True,27143,19,138,8,5.7259
306,31,ok,8,26,18,True,True,27341,13,68,8,4.7938
307,31,ok,24,51,27,True,True,27440,25,26,24,4.7416
302,31,ok,8,21,13,True,True,26946,17,66,8,6.0274
305,31,ok,30,87,57,True,True,27242,15,25,30,4.9106
308,31,ok,8,24,16,True,True,27539,15,134,8,4.9167
310,31,ok,8,18,10,True,True,27737,18,72,8,4.6756
309,31,ok,30,88,58,True,True,27638,18,24,30,5.3221
311,31,ok,24,62,38,True,True,27836,17,25,24,5.2613
315,31,ok,24,51,27,True,True,28233,26,25,24,4.9928
312,31,ok,8,19,11,True,True,27935,17,127,8,5.4769
313,31,ok,30,78,48,True,True,28034,23,24,30,6.2187
316,31,ok,8,22,14,True,True,28332,14,132,8,5.7487
314,31,ok,8,20,12,True,True,28133,16,72,8,6.5711
320,31,ok,8,22,14,True,True,28729,16,125,8,5.8457
317,31,ok,30,80,50,True,True,28431,20,24,30,6.2769
322,31,ok,8,22,14,True,True,28928,14,73,8,5.792
318,31,ok,8,24,16,True,True,28530,15,67,8,6.1621
319,31,ok,24,62,38,True,True,28630,20,25,24,6.1586
324,31,ok,8,22,14,True,True,29127,14,129,8,5.9688
323,31,ok,24,56,32,True,True,29027,22,25,24,6.0289
326,31,ok,8,18,10,True,True,29326,19,67,8,5.0821
321,31,ok,30,73,43,True,True,28828,15,25,30,6.5302
325,31,ok,30,85,55,True,True,29226,18,23,30,5.3273
327,31,ok,24,70,46,True,True,29425,16,26,24,5.3415
328,31,ok,8,31,23,True,True,29525,11,131,8,5.3618
330,31,ok,8,30,22,True,True,29724,11,73,8,5.2927
329,31,ok,30,80,50,True,True,29624,18,26,30,5.5635
332,31,ok,8,23,15,True,True,29923,18,126,8,5.251
331,31,ok,24,66,42,True,True,29824,18,24,24,5.661
334,31,ok,8,22,14,True,True,30123,15,68,8,6.6516
335,31,ok,24,60,36,True,True,30223,19,24,24,6.6917
333,31,ok,30,75,45,True,True,30023,21,25,30,6.7751
337,31,ok,30,84,54,True,True,30422,18,28,30,6.8123
338,31,ok,8,18,10,True,True,30522,21,72,8,6.9624
340,31,ok,8,17,9,True,True,30722,19,124,8,6.4494
336,31,ok,8,18,10,True,True,30322,14,134,8,7.202
339,31,ok,24,68,44,True,True,30622,21,28,24,7.1979
342,31,ok,8,23,15,True,True,30922,17,74,8,6.852
343,31,ok,24,57,33,True,True,31022,21,24,24,6.7835
341,31,ok,30,75,45,True,True,30822,15,25,30,7.3989
345,31,ok,30,78,48,True,True,31222,21,28,30,6.0234
346,31,ok,8,19,11,True,True,31322,21,73,8,6.016
348,31,ok,8,25,17,True,True,31522,16,129,8,5.8697
350,31,ok,8,21,13,True,True,31723,17,71,8,6.6843
344,31,ok,8,23,15,True,True,31122,18,134,8,8.5459
349,31,ok,30,91,61,True,True,31622,18,26,30,7.2621
351,31,ok,24,58,34,True,True,31823,21,28,24,7.1704
354,31,ok,8,21,13,True,True,32124,20,71,8,6.9717
353,31,ok,30,86,56,True,True,32023,22,25,30,7.121
347,31,ok,24,62,38,True,True,31422,22,24,24,7.7581
355,31,ok,24,65,41,True,True,32224,18,27,24,7.0871
357,31,ok,30,75,45,True,True,32425,19,26,30,7.1281
356,31,ok,8,24,16,True,True,32324,15,131,8,7.3895
352,31,ok,8,25,17,True,True,31923,17,128,8,7.9427
358,31,ok,8,22,14,True,True,32525,17,77,8,7.1865
360,31,ok,8,26,18,True,True,32726,16,138,8,7.2079
359,31,ok,24,65,41,True,True,32626,17,26,24,7.4113
362,31,ok,8,30,22,True,True,32927,19,77,8,7.1482
361,31,ok,30,67,37,True,True,32826,16,25,30,7.3977
363,31,ok,24,65,41,True,True,33028,20,27,24,7.6641
364,31,ok,8,27,19,True,True,33128,22,128,8,7.5138
365,31,ok,30,87,57,True,True,33229,23,26,30,7.6957
366,31,ok,8,19,11,True,True,33329,18,72,8,7.7258
367,31,ok,24,67,43,True,True,33430,26,26,24,7.6527
368,31,ok,8,19,11,True,True,33531,21,132,8,7.6033
369,31,ok,30,75,45,True,True,33631,17,26,30,7.801
370,31,ok,8,19,11,True,True,33732,18,73,8,7.9402
371,31,ok,24,68,44,True,True,33833,25,26,24,7.8862
372,31,ok,8,21,13,True,True,33934,15,132,8,7.5636
373,31,ok,30,81,51,True,True,34034,19,26,30,7.7672
374,31,ok,8,19,11,True,True,34135,17,74,8,7.6909
375,31,ok,24,63,39,True,True,34236,20,27,24,7.9572
376,31,ok,8,17,9,True,True,34337,21,132,8,9.1549
378,31,ok,8,20,12,True,True,34539,14,78,8,8.0325
377,31,ok,30,82,52,True,True,34438,19,26,30,9.1222
380,31,ok,8,20,12,True,True,34741,20,130,8,8.3145
384,31,ok,8,19,11,True,True,35145,18,136,8,8.095
381,31,ok,30,83,53,True,True,34842,23,27,30,8.3301
383,31,ok,24,64,40,True,True,35044,25,25,24,8.39
382,31,ok,8,16,8,True,True,34943,17,81,8,8.7359
379,31,ok,24,67,43,True,True,34640,20,28,24,9.3787
387,31,ok,24,55,31,True,True,35448,23,26,24,8.2945
386,31,ok,8,21,13,True,True,35347,18,73,8,8.4401
388,31,ok,8,28,20,True,True,35549,14,132,8,8.6443
390,31,ok,8,21,13,True,True,35752,18,72,8,8.4435
389,31,ok,30,91,61,True,True,35651,23,25,30,8.7337
391,31,ok,24,57,33,True,True,35853,26,28,24,8.563
392,31,ok,8,22,14,True,True,35954,12,135,8,8.4912
393,31,ok,30,81,51,True,True,36056,19,26,30,8.4985
385,31,ok,30,92,62,True,True,35246,20,25,30,9.8658
394,31,ok,8,20,12,True,True,36157,16,71,8,9.989
398,31,ok,8,23,15,True,True,36563,23,74,8,8.4613
395,31,ok,24,66,42,True,True,36258,27,26,24,9.1197
396,31,ok,8,18,10,True,True,36360,18,134,8,8.9442
397,31,ok,30,86,56,True,True,36461,18,27,30,9.3951
400,31,ok,8,23,15,True,True,36766,20,130,8,9.038
401,31,ok,30,78,48,True,True,36867,23,31,30,8.9527
399,31,ok,24,72,48,True,True,36664,19,28,24,9.5965
402,31,ok,8,23,15,True,True,36969,22,71,8,9.2241
403,31,ok,24,59,35,True,True,37070,30,29,24,10.3176
404,31,ok,8,21,13,True,True,37172,13,130,8,10.0423
405,31,ok,30,82,52,True,True,37273,19,25,30,10.0225
406,31,ok,8,21,13,True,True,37375,15,74,8,10.116
407,31,ok,24,56,32,True,True,37476,25,25,24,9.1813
408,31,ok,8,26,18,True,True,37578,18,136,8,9.196
409,31,ok,30,86,56,True,True,37680,17,26,30,9.6225
410,31,ok,8,16,8,True,True,37782,19,72,8,9.1049
411,31,ok,24,67,43,True,True,37883,24,27,24,9.3313
413,31,ok,30,79,49,True,True,38087,17,26,30,9.4818
412,31,ok,8,18,10,True,True,37985,19,134,8,9.7926
417,31,ok,30,81,51,True,True,38494,20,27,30,10.5804
418,31,ok,8,26,18,True,True,38596,16,78,8,10.3064
416,31,ok,8,20,12,True,True,38392,19,137,8,11.1089
419,31,ok,24,61,37,True,True,38698,21,28,24,10.7079
414,31,ok,8,25,17,True,True,38189,13,73,8,11.5922
422,31,ok,8,24,16,True,True,39004,12,73,8,10.5622
421,31,ok,30,84,54,True,True,38902,20,26,30,10.739
423,31,ok,24,68,44,True,True,39106,20,27,24,10.6481
415,31,ok,24,72,48,True,True,38290,27,25,24,11.8794
420,31,ok,8,20,12,True,True,38800,19,133,8,12.0835
424,31,ok,8,17,9,True,True,39208,19,135,8,11.8776
426,31,ok,8,21,13,True,True,39412,18,83,8,9.6652
425,31,ok,30,87,57,True,True,39310,24,28,30,11.4261
428,31,ok,8,23,15,True,True,39616,15,141,8,11.1491
427,31,ok,24,59,35,True,True,39514,24,26,24,11.3916
430,31,ok,8,26,18,True,True,39821,12,82,8,11.1686
429,31,ok,30,86,56,True,True,39718,21,28,30,11.375
431,31,ok,24,58,34,True,True,39923,21,30,24,11.2032
432,31,ok,8,25,17,True,True,40025,14,147,8,11.4709
433,31,ok,30,71,41,True,True,40127,17,27,30,11.6459
435,31,ok,24,64,40,True,True,40332,23,26,24,10.5362
434,31,ok,8,29,21,True,True,40229,17,74,8,10.6558
436,31,ok,8,24,16,True,True,40434,20,145,8,10.8477
438,31,ok,8,23,15,True,True,40639,18,77,8,10.2012
437,31,ok,30,75,45,True,True,40536,23,27,30,11.0307
439,31,ok,24,60,36,True,True,40741,25,27,24,11.6441
440,31,ok,8,19,11,True,True,40843,17,148,8,11.5373
441,31,ok,30,82,52,True,True,40946,19,26,30,11.7784
443,31,ok,24,68,44,True,True,41151,26,28,24,11.8829
444,31,ok,8,27,19,True,True,41253,16,135,8,11.9917
446,31,ok,8,22,14,True,True,41458,21,76,8,10.7517
445,31,ok,30,81,51,True,True,41356,27,29,30,10.8497
442,31,ok,8,22,14,True,True,41048,16,79,8,12.9983
448,31,ok,8,22,14,True,True,41663,20,141,8,10.8019
450,31,ok,8,20,12,True,True,41868,17,72,8,11.8728
447,31,ok,24,52,28,True,True,41561,21,26,24,12.5176
452,31,ok,8,26,18,True,True,42074,23,132,8,12.7512
451,31,ok,24,65,41,True,True,41971,29,28,24,13.2057
453,31,ok,30,88,58,True,True,42176,17,26,30,12.9647
456,31,ok,8,18,10,True,True,42484,17,143,8,12.0494
454,31,ok,8,25,17,True,True,42279,19,75,8,12.8426
455,31,ok,24,66,42,True,True,42382,23,26,24,12.4053
449,31,ok,30,91,61,True,True,41766,19,27,30,14.3594
457,31,ok,30,87,57,True,True,42587,18,27,30,12.9676
458,31,ok,8,21,13,True,True,42690,16,80,8,12.8575
460,31,ok,8,17,9,True,True,42895,17,147,8,12.8064
462,31,ok,8,22,14,True,True,43101,18,77,8,12.7363
459,31,ok,24,68,44,True,True,42793,24,27,24,13.4713
461,31,ok,30,76,46,True,True,42998,19,35,30,13.0004
463,31,ok,24,62,38,True,True,43204,30,28,24,13.2154
464,31,ok,8,21,13,True,True,43307,15,143,8,12.8409
466,31,ok,8,30,22,True,True,43513,14,79,8,13.5363
465,31,ok,30,94,64,True,True,43410,19,26,30,14.1459
467,31,ok,24,59,35,True,True,43616,21,30,24,14.263
469,31,ok,30,79,49,True,True,43822,19,28,30,13.9214
470,31,ok,8,22,14,True,True,43925,22,77,8,12.8743
468,31,ok,8,22,14,True,True,43719,19,137,8,14.978
1,32,ok,31,31,0,True,True,69,2,3,31,0.001
2,32,ok,6,6,0,True,True,117,4,8,6,0.0014
3,32,ok,5,6,1,True,True,169,6,12,5,0.001
4,32,ok,10,16,6,True,True,225,5,8,10,0.0021
5,32,ok,5,7,2,True,True,284,6,19,5,0.0015
6,32,ok,6,12,6,True,True,345,4,23,6,0.004
7,32,ok,13,18,5,True,True,408,11,7,13,0.0055
8,32,ok,6,9,3,True,True,472,9,11,6,0.0043
9,32,ok,7,16,9,True,True,538,5,16,7,0.004
10,32,ok,4,9,5,True,True,604,5,46,4,0.0057
11,32,ok,21,38,17,True,True,672,9,8,21,0.014
12,32,ok,3,5,2,True,True,741,10,35,3,0.0052
13,32,ok,13,21,8,True,True,810,14,8,13,0.0078
14,32,ok,9,19,10,True,True,881,12,15,9,0.008
15,32,ok,3,8,5,True,True,952,7,84,3,0.0108
16,32,ok,16,38,22,True,True,1023,8,14,16,0.013
17,32,ok,11,22,11,True,True,1096,13,13,11,0.011
18,32,ok,3,9,6,True,True,1169,8,35,3,0.0142
19,32,ok,19,33,14,True,True,1242,13,10,19,0.0155
20,32,ok,3,6,3,True,True,1316,6,70,3,0.0229
21,32,ok,11,34,23,True,True,1391,7,22,11,0.0252
22,32,ok,7,15,8,True,True,1466,15,16,7,0.0183
472,31,ok,8,26,18,True,True,44131,18,133,8,12.6826
23,32,ok,11,17,6,True,True,1542,20,11,11,0.0183
24,32,ok,4,8,4,True,True,1618,9,40,4,0.017
25,32,ok,7,17,10,True,True,1694,8,48,7,0.0244
26,32,ok,11,26,15,True,True,1771,10,20,11,0.0228
28,32,ok,7,18,11,True,True,1926,18,17,7,0.0242
27,32,ok,5,13,8,True,True,1848,15,23,5,0.029
29,32,ok,17,42,25,True,True,2004,16,13,17,0.0317
30,32,ok,2,6,4,True,True,2082,10,179,2,0.0318
32,32,ok,6,14,8,True,True,2239,22,16,6,0.0381
31,32,ok,31,73,42,True,True,2160,12,10,31,0.0434
33,32,ok,5,16,11,True,True,2319,11,21,5,0.0385
34,32,ok,10,28,18,True,True,2398,14,21,10,0.0372
36,32,ok,6,18,12,True,True,2558,11,41,6,0.0387
35,32,ok,5,10,5,True,True,2478,15,39,5,0.0412
37,32,ok,13,25,12,True,True,2639,19,13,13,0.0434
38,32,ok,6,12,6,True,True,2719,20,18,6,0.0481
39,32,ok,7,16,9,True,True,2800,12,23,7,0.0442
40,32,ok,4,8,4,True,True,2882,7,61,4,0.0586
41,32,ok,21,49,28,True,True,2963,16,10,21,0.0597
42,32,ok,3,7,4,True,True,3045,15,40,3,0.0538
43,32,ok,13,26,13,True,True,3127,23,12,13,0.0577
44,32,ok,9,20,11,True,True,3209,21,18,9,0.0627
45,32,ok,3,9,6,True,True,3291,7,113,3,0.0558
46,32,ok,16,42,26,True,True,3374,12,19,16,0.0813
47,32,ok,11,26,15,True,True,3457,19,11,11,0.0671
48,32,ok,3,8,5,True,True,3540,14,51,3,0.0683
49,32,ok,19,43,24,True,True,3623,18,11,19,0.0789
50,32,ok,3,9,6,True,True,3707,13,82,3,0.0736
471,31,ok,24,71,47,True,True,44028,21,27,24,13.7949
51,32,ok,11,32,21,True,True,3790,13,29,11,0.0812
52,32,ok,7,17,10,True,True,3874,26,21,7,0.0918
54,32,ok,4,11,7,True,True,4043,13,51,4,0.0829
53,32,ok,11,22,11,True,True,3958,24,11,11,0.1084
55,32,ok,7,16,9,True,True,4127,12,50,7,0.1041
56,32,ok,11,27,16,True,True,4212,11,18,11,0.096
57,32,ok,5,10,5,True,True,4297,27,27,5,0.0955
58,32,ok,7,18,11,True,True,4382,17,20,7,0.1194
60,32,ok,2,7,5,True,True,4552,11,189,2,0.1008
59,32,ok,17,36,19,True,True,4467,16,12,17,0.1124
62,32,ok,6,13,7,True,True,4723,23,21,6,0.1076
63,32,ok,5,10,5,True,True,4809,19,32,5,0.1108
61,32,ok,31,87,56,True,True,4638,16,13,31,0.1781
64,32,ok,10,29,19,True,True,4895,19,18,10,0.1221
65,32,ok,5,12,7,True,True,4981,20,48,5,0.1178
473,31,ok,30,87,57,True,True,44234,20,27,30,13.1977
66,32,ok,6,19,13,True,True,5067,10,51,6,0.1541
68,32,ok,6,12,6,True,True,5241,20,21,6,0.3089
67,32,ok,13,29,16,True,True,5154,29,13,13,0.9794
69,32,ok,7,20,13,True,True,5327,13,28,7,1.0708
70,32,ok,4,12,8,True,True,5414,12,83,4,1.1082
71,32,ok,21,53,32,True,True,5501,23,14,21,0.9159
476,31,ok,8,23,15,True,True,44543,15,147,8,13.7596
72,32,ok,3,11,8,True,True,5588,13,47,3,0.2793
474,31,ok,8,25,17,True,True,44337,16,70,8,14.2614
73,32,ok,13,40,27,True,True,5676,25,14,13,0.1636
75,32,ok,3,6,3,True,True,5851,14,124,3,0.1514
74,32,ok,9,26,17,True,True,5763,18,25,9,0.1847
76,32,ok,16,43,27,True,True,5938,15,20,16,0.1858
77,32,ok,11,24,13,True,True,6026,33,19,11,0.1902
78,32,ok,3,9,6,True,True,6114,36,50,3,0.1721
79,32,ok,19,47,28,True,True,6202,19,14,19,0.1987
80,32,ok,3,6,3,True,True,6290,13,78,3,0.1782
82,32,ok,7,21,14,True,True,6467,24,22,7,0.1982
81,32,ok,11,29,18,True,True,6379,13,28,11,0.2698
84,32,ok,4,12,8,True,True,6645,15,53,4,0.1992
83,32,ok,11,27,16,True,True,6556,24,15,11,0.2375
85,32,ok,7,15,8,True,True,6733,15,47,7,0.2208
86,32,ok,11,28,17,True,True,6822,21,21,11,0.225
87,32,ok,5,15,10,True,True,6911,24,29,5,0.2223
89,32,ok,17,40,23,True,True,7090,25,15,17,0.2551
88,32,ok,7,17,10,True,True,7001,24,21,7,0.2875
90,32,ok,2,4,2,True,True,7179,12,237,2,0.2966
91,32,ok,31,101,70,True,True,7269,14,14,31,0.3014
92,32,ok,6,19,13,True,True,7358,32,26,6,0.2528
478,31,ok,8,22,14,True,True,44750,19,77,8,14.024
93,32,ok,5,12,7,True,True,7448,18,31,5,0.2571
94,32,ok,10,22,12,True,True,7538,21,23,10,0.261
475,31,ok,24,55,31,True,True,44440,28,29,24,14.7704
95,32,ok,5,14,9,True,True,7628,21,51,5,0.3142
98,32,ok,6,14,8,True,True,7898,24,23,6,0.2811
97,32,ok,13,32,19,True,True,7808,44,15,13,0.2921
96,32,ok,6,18,12,True,True,7718,18,49,6,0.3542
99,32,ok,7,21,14,True,True,7989,16,30,7,0.3126
100,32,ok,4,12,8,True,True,8079,19,82,4,0.2989
101,32,ok,21,47,26,True,True,8170,21,13,21,0.3293
102,32,ok,3,10,7,True,True,8260,14,52,3,0.4258
104,32,ok,9,25,16,True,True,8442,26,23,9,0.3387
479,31,ok,24,59,35,True,True,44853,21,28,24,13.3844
103,32,ok,13,30,17,True,True,8351,54,15,13,0.4463
105,32,ok,3,11,8,True,True,8533,13,129,3,0.3933
107,32,ok,11,20,9,True,True,8715,37,15,11,0.37
108,32,ok,3,8,5,True,True,8806,19,58,3,0.3541
106,32,ok,16,51,35,True,True,8624,17,21,16,0.4149
477,31,ok,30,100,70,True,True,44646,21,26,30,15.2496
109,32,ok,19,44,25,True,True,8897,23,16,19,0.3796
480,31,ok,8,21,13,True,True,44956,20,147,8,13.4223
111,32,ok,11,33,22,True,True,9080,15,31,11,0.3889
110,32,ok,3,4,1,True,True,8989,19,90,3,0.4705
112,32,ok,7,17,10,True,True,9172,25,24,7,0.4167
115,32,ok,7,20,13,True,True,9447,19,48,7,0.4113
114,32,ok,4,11,7,True,True,9355,22,54,4,0.4194
116,32,ok,11,30,19,True,True,9539,17,23,11,0.4291
117,32,ok,5,15,10,True,True,9631,25,31,5,0.47
113,32,ok,11,29,18,True,True,9263,33,14,11,0.5345
118,32,ok,7,17,10,True,True,9723,32,25,7,0.4442
119,32,ok,17,55,38,True,True,9815,22,16,17,0.47
120,32,ok,2,6,4,True,True,9908,19,221,2,0.4277
123,32,ok,5,14,9,True,True,10185,31,30,5,0.4634
122,32,ok,6,15,9,True,True,10092,27,22,6,0.5184
121,32,ok,31,89,58,True,True,10000,25,15,31,0.5611
124,32,ok,10,35,25,True,True,10277,15,23,10,0.5018
125,32,ok,5,12,7,True,True,10370,15,46,5,0.5192
126,32,ok,6,20,14,True,True,10463,15,55,6,0.4935
127,32,ok,13,37,24,True,True,10556,55,16,13,0.5755
129,32,ok,7,30,23,True,True,10741,24,32,7,0.5545
128,32,ok,6,18,12,True,True,10649,36,26,6,0.597
481,31,ok,30,71,41,True,True,45059,20,28,30,13.6669
130,32,ok,4,10,6,True,True,10835,15,96,4,0.6491
131,32,ok,21,56,35,True,True,10928,31,14,21,0.6163
132,32,ok,3,13,10,True,True,11021,28,56,3,0.5336
133,32,ok,13,37,24,True,True,11114,33,14,13,1.4961
135,32,ok,3,8,5,True,True,11301,14,130,3,1.536
137,32,ok,11,29,18,True,True,11488,28,14,11,1.5103
134,32,ok,9,26,17,True,True,11208,22,24,9,1.578
136,32,ok,16,51,35,True,True,11394,17,24,16,1.5395
139,32,ok,19,55,36,True,True,11675,30,14,19,1.5766
140,32,ok,3,9,6,True,True,11769,12,98,3,1.5823
138,32,ok,3,12,9,True,True,11582,17,65,3,1.6188
482,31,ok,8,21,13,True,True,45162,15,77,8,14.7657
141,32,ok,11,32,21,True,True,11863,15,31,11,1.5597
142,32,ok,7,21,14,True,True,11957,37,24,7,1.6086
144,32,ok,4,13,9,True,True,12145,25,55,4,1.5612
143,32,ok,11,19,8,True,True,12051,50,16,11,1.6444
145,32,ok,7,23,16,True,True,12239,16,52,7,0.685
146,32,ok,11,35,24,True,True,12333,25,24,11,0.6995
147,32,ok,5,15,10,True,True,12428,50,30,5,0.7209
148,32,ok,7,15,8,True,True,12522,31,24,7,0.7372
149,32,ok,17,55,38,True,True,12616,27,15,17,0.7961
485,31,ok,30,75,45,True,True,45472,20,27,30,14.5934
483,31,ok,24,57,33,True,True,45266,27,29,24,15.2928
486,31,ok,8,23,15,True,True,45576,16,75,8,14.6574
150,32,ok,2,5,3,True,True,12711,18,240,2,0.7234
151,32,ok,31,87,56,True,True,12805,20,15,31,0.8029
153,32,ok,5,16,11,True,True,12995,33,36,5,0.7701
152,32,ok,6,17,11,True,True,12900,25,24,6,0.8379
154,32,ok,10,31,21,True,True,13089,26,27,10,0.8282
155,32,ok,5,12,7,True,True,13184,33,50,5,0.7578
156,32,ok,6,27,21,True,True,13279,18,57,6,0.8383
157,32,ok,13,37,24,True,True,13374,38,15,13,0.8554
158,32,ok,6,14,8,True,True,13469,39,27,6,0.8091
159,32,ok,7,22,15,True,True,13564,25,35,7,0.8296
484,31,ok,8,29,21,True,True,45369,24,142,8,15.5371
160,32,ok,4,13,9,True,True,13659,19,101,4,0.8559
487,31,ok,24,63,39,True,True,45679,21,27,24,15.165
162,32,ok,3,13,10,True,True,13850,32,57,3,0.8733
161,32,ok,21,64,43,True,True,13754,28,17,21,0.9972
163,32,ok,13,37,24,True,True,13945,43,17,13,0.9258
488,31,ok,8,25,17,True,True,45782,16,140,8,13.4973
165,32,ok,3,11,8,True,True,14136,19,131,3,0.9105
164,32,ok,9,26,17,True,True,14040,26,23,9,1.0148
166,32,ok,16,54,38,True,True,14231,17,25,16,0.9752
167,32,ok,11,29,18,True,True,14327,33,15,11,0.9158
168,32,ok,3,12,9,True,True,14422,39,57,3,0.9267
169,32,ok,19,57,38,True,True,14518,31,14,19,1.0488
170,32,ok,3,9,6,True,True,14614,12,91,3,0.9537
171,32,ok,11,30,19,True,True,14709,20,31,11,1.0038
172,32,ok,7,20,13,True,True,14805,33,28,7,1.0004
174,32,ok,4,18,14,True,True,14997,25,57,4,1.1058
173,32,ok,11,23,12,True,True,14901,33,16,11,1.1256
175,32,ok,7,20,13,True,True,15093,32,59,7,1.027
177,32,ok,5,18,13,True,True,15285,53,38,5,1.1034
178,32,ok,7,22,15,True,True,15381,25,25,7,1.0792
176,32,ok,11,41,30,True,True,15189,23,24,11,1.2576
179,32,ok,17,51,34,True,True,15478,35,15,17,1.1365
180,32,ok,2,5,3,True,True,15574,15,227,2,1.5458
182,32,ok,6,20,14,True,True,15767,42,24,6,1.9796
183,32,ok,5,17,12,True,True,15863,26,35,5,2.0543
181,32,ok,31,111,80,True,True,15670,20,17,31,2.141
185,32,ok,5,19,14,True,True,16056,21,51,5,2.0611
187,32,ok,13,36,23,True,True,16249,46,17,13,2.0762
492,31,ok,8,22,14,True,True,46196,13,135,8,14.7511
184,32,ok,10,25,15,True,True,15959,29,28,10,2.3333
190,32,ok,4,10,6,True,True,16540,19,97,4,2.0725
189,32,ok,7,22,15,True,True,16443,28,37,7,2.1474
186,32,ok,6,23,17,True,True,16153,19,57,6,2.3458
188,32,ok,6,17,11,True,True,16346,36,26,6,2.2303
489,31,ok,30,73,43,True,True,45886,22,29,30,15.781
191,32,ok,21,62,41,True,True,16636,32,16,21,2.2091
193,32,ok,13,34,21,True,True,16830,44,17,13,2.138
493,31,ok,30,80,50,True,True,46299,17,28,30,15.196
490,31,ok,8,22,14,True,True,45989,14,78,8,15.4902
194,32,ok,9,27,18,True,True,16927,34,27,9,2.1508
192,32,ok,3,10,7,True,True,16733,30,67,3,2.2097
195,32,ok,3,9,6,True,True,17024,15,133,3,2.2079
196,32,ok,16,57,41,True,True,17121,24,25,16,2.2555
198,32,ok,3,13,10,True,True,17316,26,54,3,2.2109
200,32,ok,3,10,7,True,True,17510,27,92,3,1.3433
197,32,ok,11,34,23,True,True,17219,28,18,11,2.3511
199,32,ok,19,59,40,True,True,17413,34,18,19,1.9393
491,31,ok,24,67,43,True,True,46093,27,27,24,15.9708
201,32,ok,11,32,21,True,True,17608,24,35,11,1.431
203,32,ok,11,22,11,True,True,17803,62,15,11,1.4724
204,32,ok,4,12,8,True,True,17900,35,59,4,1.4088
202,32,ok,7,23,16,True,True,17705,36,24,7,1.6227
205,32,ok,7,18,11,True,True,17998,18,60,7,1.5149
207,32,ok,5,15,10,True,True,18193,27,35,5,1.4582
208,32,ok,7,25,18,True,True,18291,44,23,7,1.56
210,32,ok,2,4,2,True,True,18486,22,245,2,1.5059
494,31,ok,8,19,11,True,True,46403,22,85,8,15.643
206,32,ok,11,35,24,True,True,18095,36,26,11,1.7275
211,32,ok,31,106,75,True,True,18584,31,15,31,1.676
212,32,ok,6,16,10,True,True,18682,47,26,6,1.5708
209,32,ok,17,58,41,True,True,18388,30,15,17,1.8106
213,32,ok,5,19,14,True,True,18780,29,37,5,1.5535
496,31,ok,8,25,17,True,True,46610,17,137,8,14.6879
495,31,ok,24,66,42,True,True,46506,27,28,24,15.6802
215,32,ok,5,15,10,True,True,18976,37,57,5,1.5935
216,32,ok,6,18,12,True,True,19074,19,59,6,1.6039
214,32,ok,10,36,26,True,True,18878,19,24,10,1.6342
217,32,ok,13,44,31,True,True,19172,50,15,13,1.7288
218,32,ok,6,19,13,True,True,19270,28,28,6,1.6568
219,32,ok,7,21,14,True,True,19368,39,35,7,1.6804
220,32,ok,4,15,11,True,True,19467,18,99,4,1.7181
222,32,ok,3,9,6,True,True,19663,30,63,3,2.6318
223,32,ok,13,38,25,True,True,19762,59,18,13,2.6386
221,32,ok,21,59,38,True,True,19565,28,16,21,2.7769
498,31,ok,8,14,6,True,True,46817,19,82,8,15.3785
224,32,ok,9,26,17,True,True,19860,24,27,9,2.7046
225,32,ok,3,7,4,True,True,19959,18,133,3,2.7204
497,31,ok,30,76,46,True,True,46714,21,26,30,16.0789
499,31,ok,24,64,40,True,True,46921,24,25,24,15.3277
227,32,ok,11,29,18,True,True,20156,41,17,11,2.7342
226,32,ok,16,43,27,True,True,20057,27,26,16,2.7851
230,32,ok,3,10,7,True,True,20452,16,104,3,2.7306
229,32,ok,19,57,38,True,True,20353,35,16,19,2.8977
232,32,ok,7,19,12,True,True,20649,41,27,7,2.8373
233,32,ok,11,26,15,True,True,20748,47,18,11,2.8654
235,32,ok,7,19,12,True,True,20946,24,57,7,2.8542
228,32,ok,3,9,6,True,True,20254,43,56,3,3.3887
234,32,ok,4,17,13,True,True,20847,29,61,4,3.0195
236,32,ok,11,30,19,True,True,21045,36,26,11,2.9612
238,32,ok,7,13,6,True,True,21243,34,29,7,2.8803
231,32,ok,11,35,24,True,True,20550,24,39,11,3.4014
242,32,ok,6,15,9,True,True,21639,48,25,6,3.0093
240,32,ok,2,5,3,True,True,21441,14,255,2,3.1497
243,32,ok,5,15,10,True,True,21738,49,36,5,3.074
241,32,ok,31,95,64,True,True,21540,25,16,31,3.1901
239,32,ok,17,60,43,True,True,21342,27,16,17,3.2661
245,32,ok,5,12,7,True,True,21937,32,60,5,3.08
500,31,ok,8,28,20,True,True,47024,16,135,8,16.7055
237,32,ok,5,15,10,True,True,21144,42,34,5,3.6455
246,32,ok,6,28,22,True,True,22036,30,62,6,3.1171
247,32,ok,13,38,25,True,True,22136,43,16,13,3.1858
248,32,ok,6,18,12,True,True,22235,35,25,6,2.2344
244,32,ok,10,32,22,True,True,21838,26,27,10,3.7703
252,32,ok,3,9,6,True,True,22633,44,68,3,2.2493
250,32,ok,4,21,17,True,True,22434,18,103,4,2.3933
249,32,ok,7,20,13,True,True,22335,27,38,7,2.4412
253,32,ok,13,36,23,True,True,22733,58,17,13,2.3283
251,32,ok,21,72,51,True,True,22534,35,17,21,2.4318
255,32,ok,3,12,9,True,True,22932,19,130,3,2.2788
254,32,ok,9,24,15,True,True,22833,45,27,9,2.3444
256,32,ok,16,48,32,True,True,23032,25,26,16,2.4181
257,32,ok,11,34,23,True,True,23132,28,19,11,3.5388
258,32,ok,3,10,7,True,True,23232,25,72,3,3.3519
259,32,ok,19,47,28,True,True,23332,24,16,19,3.4293
260,32,ok,3,10,7,True,True,23432,24,107,3,3.346
261,32,ok,11,44,33,True,True,23531,23,36,11,3.51
262,32,ok,7,22,15,True,True,23631,38,28,7,3.4006
264,32,ok,4,13,9,True,True,23831,31,61,4,3.4139
265,32,ok,7,19,12,True,True,23932,23,60,7,3.4377
266,32,ok,11,31,20,True,True,24032,27,26,11,3.5025
268,32,ok,7,24,17,True,True,24232,35,28,7,3.4997
263,32,ok,11,28,17,True,True,23731,44,16,11,3.867
270,32,ok,2,7,5,True,True,24433,11,268,2,3.6698
269,32,ok,17,43,26,True,True,24332,32,16,17,3.7948
267,32,ok,5,14,9,True,True,24132,45,37,5,3.9485
272,32,ok,6,16,10,True,True,24633,46,27,6,3.7842
273,32,ok,5,19,14,True,True,24734,29,40,5,3.6957
274,32,ok,10,33,23,True,True,24834,26,24,10,3.6951
271,32,ok,31,110,79,True,True,24533,30,17,31,3.9399
276,32,ok,6,26,20,True,True,25035,27,62,6,3.8248
277,32,ok,13,30,17,True,True,25135,47,17,13,3.8037
278,32,ok,6,15,9,True,True,25236,47,26,6,3.7614
275,32,ok,5,11,6,True,True,24934,42,57,5,4.0228
280,32,ok,4,15,11,True,True,25437,14,110,4,3.695
281,32,ok,21,66,45,True,True,25538,31,18,21,3.9272
285,32,ok,3,7,4,True,True,25941,19,157,3,3.824
283,32,ok,13,36,23,True,True,25739,44,17,13,3.9211
282,32,ok,3,10,7,True,True,25639,51,59,3,4.0101
284,32,ok,9,24,15,True,True,25840,47,25,9,4.0265
286,32,ok,16,55,39,True,True,26042,25,28,16,3.9882
279,32,ok,7,32,25,True,True,25337,28,38,7,4.287
287,32,ok,11,30,19,True,True,26143,54,17,11,3.9276
288,32,ok,3,12,9,True,True,26243,33,61,3,3.9835
289,32,ok,19,57,38,True,True,26344,34,16,19,4.3253
290,32,ok,3,7,4,True,True,26445,34,110,3,4.1581
291,32,ok,11,45,34,True,True,26546,21,35,11,4.1618
293,32,ok,11,28,17,True,True,26748,43,17,11,4.1438
292,32,ok,7,22,15,True,True,26647,43,27,7,4.2156
295,32,ok,7,22,15,True,True,26951,21,67,7,4.234
294,32,ok,4,12,8,True,True,26850,36,61,4,4.3624
296,32,ok,11,39,28,True,True,27052,34,26,11,4.227
297,32,ok,5,21,16,True,True,27153,37,38,5,4.2187
298,32,ok,7,22,15,True,True,27254,47,26,7,4.4995
299,32,ok,17,48,31,True,True,27356,38,17,17,4.3186
303,32,ok,5,12,7,True,True,27761,45,37,5,4.352
300,32,ok,2,7,5,True,True,27457,17,263,2,4.5681
302,32,ok,6,13,7,True,True,27660,48,29,6,4.5438
305,32,ok,5,20,15,True,True,27964,30,61,5,4.4623
301,32,ok,31,92,61,True,True,27558,32,15,31,4.7239
304,32,ok,10,31,21,True,True,27862,37,29,10,4.5709
306,32,ok,6,26,20,True,True,28065,25,63,6,4.5224
307,32,ok,13,38,25,True,True,28167,40,18,13,4.5491
308,32,ok,6,20,14,True,True,28269,31,29,6,4.552
309,32,ok,7,22,15,True,True,28370,26,36,7,4.5959
312,32,ok,3,13,10,True,True,28675,28,65,3,5.4363
311,32,ok,21,77,56,True,True,28573,41,18,21,5.5086
314,32,ok,9,23,14,True,True,28879,44,27,9,5.7253
310,32,ok,4,15,11,True,True,28472,25,100,4,6.1284
315,32,ok,3,11,8,True,True,28980,24,145,3,5.6932
316,32,ok,16,59,43,True,True,29082,22,29,16,5.7159
318,32,ok,3,12,9,True,True,29286,27,62,3,5.7324
313,32,ok,13,36,23,True,True,28777,46,18,13,6.2451
319,32,ok,19,65,46,True,True,29388,33,17,19,4.8659
317,32,ok,11,27,16,True,True,29184,72,17,11,6.5643
320,32,ok,3,7,4,True,True,29490,18,104,3,5.0577
321,32,ok,11,43,32,True,True,29592,25,41,11,5.1918
323,32,ok,11,35,24,True,True,29796,42,19,11,4.8965
322,32,ok,7,21,14,True,True,29694,36,29,7,5.2331
325,32,ok,7,29,22,True,True,30000,35,58,7,5.0002
324,32,ok,4,15,11,True,True,29898,28,64,4,5.3805
327,32,ok,5,17,12,True,True,30204,41,40,5,5.1903
328,32,ok,7,19,12,True,True,30306,36,30,7,5.0012
329,32,ok,17,48,31,True,True,30409,39,19,17,5.1942
330,32,ok,2,8,6,True,True,30511,22,267,2,6.208
326,32,ok,11,42,31,True,True,30102,26,28,11,6.9046
332,32,ok,6,27,21,True,True,30715,38,28,6,6.2663
331,32,ok,31,111,80,True,True,30613,28,18,31,6.4262
333,32,ok,5,16,11,True,True,30818,68,35,5,6.4058
334,32,ok,10,36,26,True,True,30920,30,28,10,6.3514
335,32,ok,5,14,9,True,True,31022,28,63,5,6.3422
336,32,ok,6,23,17,True,True,31125,25,66,6,6.3837
337,32,ok,13,43,30,True,True,31227,42,18,13,6.359
338,32,ok,6,17,11,True,True,31330,46,27,6,6.4177
340,32,ok,4,15,11,True,True,31535,30,113,4,6.6249
339,32,ok,7,24,17,True,True,31432,41,37,7,6.8456
342,32,ok,3,10,7,True,True,31740,39,61,3,5.6406
341,32,ok,21,61,40,True,True,31637,45,19,21,5.8689
345,32,ok,3,14,11,True,True,32048,17,148,3,5.6859
343,32,ok,13,35,22,True,True,31843,59,18,13,5.7848
347,32,ok,11,30,19,True,True,32253,39,18,11,5.828
346,32,ok,16,51,35,True,True,32151,32,28,16,6.0074
344,32,ok,9,31,22,True,True,31945,36,28,9,6.1684
349,32,ok,19,63,44,True,True,32459,36,19,19,6.8741
348,32,ok,3,12,9,True,True,32356,36,66,3,6.9821
350,32,ok,3,7,4,True,True,32562,28,103,3,6.844
351,32,ok,11,45,34,True,True,32665,24,36,11,6.9378
352,32,ok,7,20,13,True,True,32767,52,27,7,6.965
354,32,ok,4,12,8,True,True,32973,33,62,4,7.0998
353,32,ok,11,32,21,True,True,32870,82,17,11,7.2516
356,32,ok,11,32,21,True,True,33179,32,28,11,7.1683
358,32,ok,7,22,15,True,True,33385,66,29,7,7.0314
357,32,ok,5,15,10,True,True,33282,36,36,5,7.4918
355,32,ok,7,25,18,True,True,33076,24,72,7,7.8474
360,32,ok,2,7,5,True,True,33591,21,283,2,6.123
359,32,ok,17,56,39,True,True,33488,38,17,17,8.5151
362,32,ok,6,17,11,True,True,33798,51,27,6,7.1524
365,32,ok,5,9,4,True,True,34107,39,59,5,7.2037
363,32,ok,5,11,6,True,True,33901,48,42,5,7.765
364,32,ok,10,27,17,True,True,34004,28,29,10,7.7663
366,32,ok,6,20,14,True,True,34210,28,68,6,7.7371
361,32,ok,31,113,82,True,True,33694,30,20,31,8.5039
368,32,ok,6,21,15,True,True,34417,47,30,6,7.7822
367,32,ok,13,43,30,True,True,34314,56,20,13,8.5455
369,32,ok,7,22,15,True,True,34520,50,40,7,8.2656
372,32,ok,3,8,5,True,True,34831,42,62,3,7.6021
370,32,ok,4,19,15,True,True,34624,22,114,4,8.2031
374,32,ok,9,32,23,True,True,35037,36,26,9,7.6688
371,32,ok,21,59,38,True,True,34727,40,20,21,8.4027
373,32,ok,13,41,28,True,True,34934,55,18,13,9.0695
375,32,ok,3,7,4,True,True,35141,28,144,3,9.1142
376,32,ok,16,61,45,True,True,35244,25,26,16,8.9222
378,32,ok,3,10,7,True,True,35452,33,68,3,9.0517
380,32,ok,3,14,11,True,True,35659,41,109,3,8.057
377,32,ok,11,24,13,True,True,35348,45,18,11,9.5215
379,32,ok,19,58,39,True,True,35555,43,18,19,8.4934
382,32,ok,7,25,18,True,True,35866,46,29,7,7.9301
385,32,ok,7,22,15,True,True,36177,33,71,7,7.9067
383,32,ok,11,31,20,True,True,35970,57,17,11,8.6857
387,32,ok,5,19,14,True,True,36385,23,37,5,8.1493
384,32,ok,4,14,10,True,True,36074,51,68,4,8.843
381,32,ok,11,38,27,True,True,35762,32,38,11,9.5935
390,32,ok,2,10,8,True,True,36696,22,258,2,9.0128
386,32,ok,11,36,25,True,True,36281,41,29,11,9.7925
388,32,ok,7,27,20,True,True,36489,37,29,7,9.2945
389,32,ok,17,63,46,True,True,36593,41,20,17,9.6533
393,32,ok,5,16,11,True,True,37008,38,42,5,8.0742
392,32,ok,6,19,13,True,True,36904,43,28,6,8.8126
398,32,ok,6,19,13,True,True,37528,55,27,6,8.4319
396,32,ok,6,19,13,True,True,37320,19,69,6,8.8016
395,32,ok,5,17,12,True,True,37216,30,71,5,9.127
394,32,ok,10,38,28,True,True,37112,44,29,10,9.2624
391,32,ok,31,102,71,True,True,36800,32,19,31,10.2593
399,32,ok,7,25,18,True,True,37632,37,38,7,8.5788
400,32,ok,4,18,14,True,True,37737,31,109,4,8.6178
401,32,ok,21,60,39,True,True,37841,36,17,21,9.8533
402,32,ok,3,11,8,True,True,37945,54,67,3,9.8217
403,32,ok,13,42,29,True,True,38049,59,17,13,9.5572
404,32,ok,9,26,17,True,True,38153,38,29,9,9.5553
405,32,ok,3,9,6,True,True,38258,22,147,3,8.8887
407,32,ok,11,38,27,True,True,38466,43,20,11,8.888
406,32,ok,16,57,41,True,True,38362,29,29,16,9.1271
397,32,ok,13,38,25,True,True,37424,47,19,13,12.0497
408,32,ok,3,8,5,True,True,38570,40,64,3,9.3388
409,32,ok,19,51,32,True,True,38675,33,17,19,9.1182
411,32,ok,11,43,32,True,True,38884,26,37,11,9.4153
412,32,ok,7,24,17,True,True,38988,30,31,7,9.4755
413,32,ok,11,27,16,True,True,39092,62,18,11,9.1559
414,32,ok,4,19,15,True,True,39197,23,70,4,10.6263
416,32,ok,11,36,25,True,True,39406,40,27,11,10.6721
410,32,ok,3,9,6,True,True,38779,30,111,3,12.4785
415,32,ok,7,25,18,True,True,39301,26,66,7,11.075
420,32,ok,2,10,8,True,True,39824,14,284,2,9.5187
419,32,ok,17,52,35,True,True,39719,34,18,17,10.1
418,32,ok,7,21,14,True,True,39615,38,31,7,10.2815
421,32,ok,31,92,61,True,True,39929,30,19,31,10.2699
422,32,ok,6,17,11,True,True,40033,40,32,6,10.3255
423,32,ok,5,16,11,True,True,40138,40,38,5,11.4109
424,32,ok,10,33,23,True,True,40243,33,30,10,11.254
417,32,ok,5,16,11,True,True,39510,61,44,5,14.5668
426,32,ok,6,25,19,True,True,40452,28,69,6,11.4763
430,32,ok,4,12,8,True,True,40871,20,110,4,11.3618
425,32,ok,5,12,7,True,True,40347,26,69,5,12.2188
427,32,ok,13,32,19,True,True,40557,47,18,13,12.3332
429,32,ok,7,25,18,True,True,40767,30,39,7,12.1699
431,32,ok,21,54,33,True,True,40976,33,20,21,11.0012
436,32,ok,16,50,34,True,True,41501,31,32,16,11.38
432,32,ok,3,9,6,True,True,41081,35,64,3,12.4268
433,32,ok,13,42,29,True,True,41186,41,17,13,12.4448
435,32,ok,3,11,8,True,True,41396,21,146,3,12.193
434,32,ok,9,30,21,True,True,41291,33,30,9,12.6449
428,32,ok,6,15,9,True,True,40662,41,29,6,14.9943
437,32,ok,11,29,18,True,True,41606,57,18,11,12.4404
438,32,ok,3,8,5,True,True,41711,45,72,3,12.4129
439,32,ok,19,54,35,True,True,41816,46,18,19,12.1011
440,32,ok,3,10,7,True,True,41921,33,102,3,12.374
441,32,ok,11,40,29,True,True,42026,31,39,11,12.5996
442,32,ok,7,19,12,True,True,42131,45,31,7,13.8014
443,32,ok,11,31,20,True,True,42236,52,19,11,14.0634
444,32,ok,4,19,15,True,True,42341,25,77,4,12.7138
448,32,ok,7,24,17,True,True,42762,57,27,7,12.4825
445,32,ok,7,20,13,True,True,42447,35,64,7,13.1485
446,32,ok,11,42,31,True,True,42552,35,30,11,13.4565
450,32,ok,2,5,3,True,True,42973,17,295,2,12.7021
451,32,ok,31,129,98,True,True,43078,36,18,31,12.4793
449,32,ok,17,58,41,True,True,42867,50,20,17,13.5067
447,32,ok,5,16,11,True,True,42657,33,40,5,15.3455
452,32,ok,6,19,13,True,True,43183,48,34,6,14.1469
456,32,ok,6,27,21,True,True,43605,30,63,6,11.9013
453,32,ok,5,16,11,True,True,43289,56,38,5,13.293
458,32,ok,6,19,13,True,True,43816,40,30,6,12.5398
457,32,ok,13,38,25,True,True,43710,55,18,13,12.6642
455,32,ok,5,15,10,True,True,43499,34,67,5,13.7642
460,32,ok,4,12,8,True,True,44027,24,115,4,12.4737
461,32,ok,21,66,45,True,True,44132,33,19,21,12.475
454,32,ok,10,34,24,True,True,43394,35,31,10,14.4987
459,32,ok,7,20,13,True,True,43921,44,41,7,14.2983
464,32,ok,9,25,16,True,True,44449,41,32,9,12.3247
463,32,ok,13,42,29,True,True,44343,56,19,13,12.4235
465,32,ok,3,9,6,True,True,44554,25,157,3,13.0385
467,32,ok,11,32,21,True,True,44766,48,21,11,12.6977
462,32,ok,3,13,10,True,True,44238,33,69,3,13.7063
466,32,ok,16,56,40,True,True,44660,36,27,16,13.7309
469,32,ok,19,53,34,True,True,44977,55,18,19,13.1891
471,32,ok,11,44,33,True,True,45188,27,44,11,12.8661
470,32,ok,3,10,7,True,True,45083,34,129,3,13.2606
1,33,ok,32,32,0,True,True,72,2,3,32,0.001
2,33,ok,2,2,0,True,True,120,4,23,2,0.0006
3,33,ok,11,15,4,True,True,174,4,23,11,0.0012
4,33,ok,2,3,1,True,True,232,4,28,2,0.0011
5,33,ok,13,20,7,True,True,292,5,53,13,0.0021
6,33,ok,2,4,2,True,True,355,6,53,2,0.0018
7,33,ok,11,19,8,True,True,419,4,67,11,0.003
8,33,ok,2,3,1,True,True,485,4,71,2,0.0027
9,33,ok,17,33,16,True,True,553,5,64,17,0.0052
10,33,ok,2,6,4,True,True,621,4,73,2,0.0039
11,33,ok,11,20,9,True,True,691,7,84,11,0.0057
12,33,ok,2,4,2,True,True,761,6,79,2,0.0051
13,33,ok,13,27,14,True,True,832,8,102,13,0.0077
14,33,ok,2,4,2,True,True,905,5,79,2,0.0065
15,33,ok,11,17,6,True,True,978,11,91,11,0.0087
16,33,ok,2,3,1,True,True,1051,7,85,2,0.0079
17,33,ok,17,38,21,True,True,1126,7,88,17,0.0472
18,33,ok,2,3,1,True,True,1200,6,104,2,0.0099
19,33,ok,11,15,4,True,True,1276,7,95,11,0.0129
20,33,ok,2,4,2,True,True,1352,5,94,2,0.012
21,33,ok,13,24,11,True,True,1429,8,98,13,0.0158
22,33,ok,2,3,1,True,True,1506,5,100,2,0.0135
23,33,ok,11,22,11,True,True,1583,10,96,11,0.0175
24,33,ok,2,3,1,True,True,1661,7,118,2,0.017
25,33,ok,17,35,18,True,True,1740,6,107,17,0.0754
26,33,ok,2,5,3,True,True,1818,6,108,2,0.0301
468,32,ok,3,11,8,True,True,44871,45,65,3,13.8334
27,33,ok,11,24,13,True,True,1898,8,111,11,0.0459
29,33,ok,13,25,12,True,True,2057,12,121,13,0.0456
28,33,ok,2,6,4,True,True,1977,6,116,2,0.0519
31,33,ok,11,19,8,True,True,2218,11,107,11,0.035
30,33,ok,2,4,2,True,True,2138,8,119,2,0.0516
32,33,ok,2,2,0,True,True,2299,10,127,2,0.0581
33,33,ok,17,29,12,True,True,2381,8,128,17,0.0747
34,33,ok,2,3,1,True,True,2462,8,110,2,0.0656
35,33,ok,11,22,11,True,True,2544,10,117,11,0.0678
36,33,ok,2,6,4,True,True,2627,6,116,2,0.0484
38,33,ok,2,6,4,True,True,2792,6,126,2,0.0592
37,33,ok,13,31,18,True,True,2709,9,114,13,0.0858
40,33,ok,2,4,2,True,True,2958,7,134,2,0.0736
39,33,ok,11,18,7,True,True,2875,9,131,11,0.0882
42,33,ok,2,4,2,True,True,3126,9,132,2,0.3223
41,33,ok,17,38,21,True,True,3042,8,129,17,0.4408
44,33,ok,2,5,3,True,True,3294,6,131,2,0.692
43,33,ok,11,19,8,True,True,3210,8,128,11,0.8432
46,33,ok,2,5,3,True,True,3464,7,132,2,0.0874
45,33,ok,13,25,12,True,True,3379,12,129,13,0.1347
472,32,ok,7,25,18,True,True,45294,65,30,7,14.0372
48,33,ok,2,4,2,True,True,3634,9,136,2,0.0832
49,33,ok,17,32,15,True,True,3719,9,128,17,0.0851
47,33,ok,11,22,11,True,True,3549,14,149,11,0.1317
50,33,ok,2,4,2,True,True,3805,8,134,2,0.0895
51,33,ok,11,20,9,True,True,3891,11,140,11,0.0827
52,33,ok,2,3,1,True,True,3977,8,128,2,0.1491
54,33,ok,2,7,5,True,True,4150,5,148,2,0.0853
53,33,ok,13,26,13,True,True,4063,12,156,13,0.1136
56,33,ok,2,4,2,True,True,4323,7,157,2,0.0973
55,33,ok,11,22,11,True,True,4236,15,136,11,0.1409
57,33,ok,17,39,22,True,True,4410,12,151,17,0.1368
58,33,ok,2,5,3,True,True,4497,8,153,2,0.1014
60,33,ok,2,6,4,True,True,4672,10,146,2,0.1383
59,33,ok,11,17,6,True,True,4585,12,164,11,0.1641
61,33,ok,13,33,20,True,True,4760,10,153,13,0.1309
62,33,ok,2,5,3,True,True,4848,9,154,2,0.14
64,33,ok,2,4,2,True,True,5024,9,153,2,0.1351
63,33,ok,11,20,9,True,True,4936,11,156,11,0.1816
66,33,ok,2,5,3,True,True,5201,7,150,2,0.1508
65,33,ok,17,34,17,True,True,5112,11,153,17,0.2142
67,33,ok,11,23,12,True,True,5290,13,146,11,0.25
68,33,ok,2,5,3,True,True,5378,10,160,2,0.1385
69,33,ok,13,26,13,True,True,5467,15,159,13,0.2078
71,33,ok,11,23,12,True,True,5646,12,147,11,0.1768
473,32,ok,11,35,24,True,True,45400,57,18,11,13.9404
70,33,ok,2,6,4,True,True,5556,6,165,2,0.262
72,33,ok,2,4,2,True,True,5735,7,170,2,0.225
73,33,ok,17,31,14,True,True,5825,12,149,17,0.1734
74,33,ok,2,8,6,True,True,5914,7,164,2,0.2036
75,33,ok,11,21,10,True,True,6004,12,162,11,0.3067
77,33,ok,13,27,14,True,True,6184,12,157,13,0.2022
76,33,ok,2,6,4,True,True,6094,8,161,2,0.2486
78,33,ok,2,7,5,True,True,6275,10,165,2,0.2447
80,33,ok,2,6,4,True,True,6455,7,167,2,0.2238
79,33,ok,11,23,12,True,True,6365,20,166,11,0.2974
81,33,ok,17,42,25,True,True,6546,9,158,17,0.2828
82,33,ok,2,4,2,True,True,6637,9,165,2,0.2461
474,32,ok,4,21,17,True,True,45506,35,67,4,14.2827
83,33,ok,11,28,17,True,True,6728,12,171,11,0.2468
476,32,ok,11,42,31,True,True,45717,36,33,11,13.376
85,33,ok,13,29,16,True,True,6910,13,173,13,0.3137
86,33,ok,2,5,3,True,True,7001,8,162,2,0.2831
87,33,ok,11,28,17,True,True,7092,15,171,11,0.2811
84,33,ok,2,6,4,True,True,6819,8,168,2,0.413
88,33,ok,2,6,4,True,True,7184,9,168,2,0.271
89,33,ok,17,38,21,True,True,7275,12,162,17,0.2925
90,33,ok,2,4,2,True,True,7367,9,159,2,0.2966
92,33,ok,2,6,4,True,True,7551,9,169,2,0.2885
91,33,ok,11,18,7,True,True,7459,19,168,11,0.3663
94,33,ok,2,4,2,True,True,7735,13,169,2,0.2991
93,33,ok,13,28,15,True,True,7643,14,164,13,0.3876
95,33,ok,11,23,12,True,True,7827,15,167,11,0.3459
96,33,ok,2,7,5,True,True,7920,9,174,2,0.4111
97,33,ok,17,33,16,True,True,8012,12,165,17,0.3604
99,33,ok,11,28,17,True,True,8197,11,176,11,0.3537
98,33,ok,2,6,4,True,True,8105,10,177,2,0.3906
100,33,ok,2,7,5,True,True,8290,8,162,2,1.2917
475,32,ok,7,22,15,True,True,45612,24,72,7,15.6709
101,33,ok,13,31,18,True,True,8383,16,174,13,1.2792
477,32,ok,5,14,9,True,True,45823,54,41,5,14.9895
479,32,ok,17,55,38,True,True,46035,43,20,17,14.5178
103,33,ok,11,29,18,True,True,8569,18,173,11,1.3082
104,33,ok,2,5,3,True,True,8662,11,173,2,1.2682
102,33,ok,2,4,2,True,True,8476,10,177,2,1.3793
105,33,ok,17,51,34,True,True,8755,11,183,17,1.4052
106,33,ok,2,6,4,True,True,8849,11,178,2,0.4391
108,33,ok,2,8,6,True,True,9036,6,182,2,0.3918
107,33,ok,11,28,17,True,True,8942,12,173,11,0.4936
110,33,ok,2,5,3,True,True,9223,9,169,2,0.4013
109,33,ok,13,38,25,True,True,9130,16,176,13,0.4352
112,33,ok,2,5,3,True,True,9411,10,183,2,0.432
111,33,ok,11,22,11,True,True,9317,14,170,11,0.4477
481,32,ok,31,99,68,True,True,46247,35,18,31,14.468
113,33,ok,17,39,22,True,True,9505,12,178,17,0.6
478,32,ok,7,17,10,True,True,45929,52,32,7,15.274
114,33,ok,2,9,7,True,True,9599,11,188,2,0.5145
116,33,ok,2,6,4,True,True,9788,10,174,2,0.4591
115,33,ok,11,28,17,True,True,9693,16,185,11,0.534
117,33,ok,13,28,15,True,True,9882,14,184,13,0.5551
118,33,ok,2,7,5,True,True,9976,10,175,2,0.4721
119,33,ok,11,19,8,True,True,10071,13,179,11,0.5017
120,33,ok,2,5,3,True,True,10166,11,190,2,0.4799
121,33,ok,17,46,29,True,True,10260,13,192,17,0.5379
122,33,ok,2,5,3,True,True,10355,11,179,2,0.5026
126,33,ok,2,5,3,True,True,10735,8,183,2,0.5187
124,33,ok,2,8,6,True,True,10545,8,180,2,0.5322
123,33,ok,11,27,16,True,True,10450,13,190,11,0.6971
125,33,ok,13,32,19,True,True,10640,15,175,13,0.6954
127,33,ok,11,21,10,True,True,10830,15,183,11,0.7165
129,33,ok,17,36,19,True,True,11021,13,176,17,0.6127
128,33,ok,2,4,2,True,True,10926,8,187,2,0.6726
130,33,ok,2,3,1,True,True,11116,12,181,2,0.664
131,33,ok,11,25,14,True,True,11212,18,190,11,0.6395
483,32,ok,5,19,14,True,True,46459,46,40,5,13.991
132,33,ok,2,3,1,True,True,11308,17,189,2,0.7234
133,33,ok,13,32,19,True,True,11403,21,190,13,0.6393
484,32,ok,10,29,19,True,True,46565,48,29,10,13.5852
134,33,ok,2,8,6,True,True,11499,8,185,2,0.6458
135,33,ok,11,31,20,True,True,11595,19,194,11,0.675
482,32,ok,6,19,13,True,True,46353,64,28,6,14.551
136,33,ok,2,5,3,True,True,11691,9,205,2,0.6857
138,33,ok,2,6,4,True,True,11883,9,188,2,0.6451
139,33,ok,11,25,14,True,True,11979,13,187,11,0.6811
140,33,ok,2,4,2,True,True,12075,9,202,2,0.6603
137,33,ok,17,40,23,True,True,11787,13,198,17,0.7656
142,33,ok,2,7,5,True,True,12268,10,192,2,0.7066
141,33,ok,13,32,19,True,True,12171,13,187,13,0.7775
480,32,ok,2,7,5,True,True,46141,32,289,2,16.6626
144,33,ok,2,6,4,True,True,12461,12,187,2,0.7639
143,33,ok,11,26,15,True,True,12364,16,181,11,0.7918
145,33,ok,17,35,18,True,True,12557,12,185,17,0.7676
146,33,ok,2,5,3,True,True,12654,13,192,2,0.7877
486,32,ok,6,19,13,True,True,46777,25,69,6,13.3484
147,33,ok,11,20,9,True,True,12750,14,191,11,0.8044
148,33,ok,2,6,4,True,True,12847,10,194,2,0.7765
149,33,ok,13,28,15,True,True,12944,18,199,13,0.846
150,33,ok,2,4,2,True,True,13041,13,192,2,0.7687
151,33,ok,11,23,12,True,True,13138,13,194,11,0.8404
152,33,ok,2,5,3,True,True,13235,13,191,2,0.7997
153,33,ok,17,42,25,True,True,13332,14,192,17,0.8499
154,33,ok,2,8,6,True,True,13429,10,202,2,1.8262
487,32,ok,13,37,24,True,True,46883,59,19,13,14.6655
156,33,ok,2,6,4,True,True,13624,10,208,2,1.8129
155,33,ok,11,29,18,True,True,13526,12,199,11,1.8708
488,32,ok,6,17,11,True,True,46989,63,31,6,14.5779
157,33,ok,13,27,14,True,True,13721,22,189,13,1.9472
160,33,ok,2,6,4,True,True,14013,9,200,2,1.8111
158,33,ok,2,7,5,True,True,13818,12,201,2,1.8699
159,33,ok,11,20,9,True,True,13916,16,205,11,1.8725
485,32,ok,5,16,11,True,True,46671,29,69,5,16.0647
161,33,ok,17,39,22,True,True,14111,15,207,17,1.902
164,33,ok,2,6,4,True,True,14404,13,232,2,1.9172
163,33,ok,11,26,15,True,True,14306,17,194,11,1.9229
162,33,ok,2,5,3,True,True,14209,8,200,2,2.0429
165,33,ok,13,32,19,True,True,14502,24,203,13,1.9573
166,33,ok,2,6,4,True,True,14600,14,205,2,2.0736
167,33,ok,11,23,12,True,True,14698,17,191,11,1.9697
168,33,ok,2,4,2,True,True,14796,16,197,2,2.0009
170,33,ok,2,7,5,True,True,14992,10,200,2,1.0936
169,33,ok,17,44,27,True,True,14894,16,215,17,2.1555
172,33,ok,2,6,4,True,True,15189,17,201,2,1.0318
489,32,ok,7,23,16,True,True,47095,48,40,7,15.5113
176,33,ok,2,4,2,True,True,15582,13,228,2,1.1022
171,33,ok,11,27,16,True,True,15091,23,202,11,1.4535
174,33,ok,2,7,5,True,True,15386,18,205,2,1.3158
175,33,ok,11,24,13,True,True,15484,19,214,11,1.1827
491,32,ok,21,59,38,True,True,47307,44,19,21,15.3289
177,33,ok,17,41,24,True,True,15681,14,219,17,1.197
493,32,ok,13,33,20,True,True,47520,63,19,13,14.0674
178,33,ok,2,4,2,True,True,15780,10,212,2,1.2556
180,33,ok,2,7,5,True,True,15977,11,206,2,1.1531
173,33,ok,13,32,19,True,True,15287,12,206,13,1.5268
182,33,ok,2,7,5,True,True,16175,11,212,2,1.1918
179,33,ok,11,21,10,True,True,15878,17,194,11,1.3438
181,33,ok,13,38,25,True,True,16076,14,219,13,1.3571
494,32,ok,9,29,20,True,True,47626,50,31,9,14.4403
183,33,ok,11,29,18,True,True,16274,20,220,11,1.3866
186,33,ok,2,9,7,True,True,16571,8,225,2,1.2549
184,33,ok,2,9,7,True,True,16373,11,203,2,1.4118
185,33,ok,17,37,20,True,True,16472,13,204,17,1.3367
492,32,ok,3,12,9,True,True,47413,41,67,3,14.9051
188,33,ok,2,3,1,True,True,16769,9,198,2,1.3439
187,33,ok,11,27,16,True,True,16670,19,218,11,1.5045
190,33,ok,2,7,5,True,True,16967,9,200,2,1.2982
490,32,ok,4,14,10,True,True,47201,29,123,4,16.4108
189,33,ok,13,27,14,True,True,16868,22,202,13,1.4804
191,33,ok,11,32,21,True,True,17067,22,204,11,1.4893
192,33,ok,2,6,4,True,True,17166,11,215,2,1.3931
194,33,ok,2,6,4,True,True,17365,9,216,2,2.3427
196,33,ok,2,4,2,True,True,17564,13,204,2,2.3822
195,33,ok,11,29,18,True,True,17465,15,207,11,2.4481
193,33,ok,17,47,30,True,True,17266,13,210,17,2.4977
200,33,ok,2,6,4,True,True,17963,13,213,2,2.3238
198,33,ok,2,6,4,True,True,17764,10,200,2,2.3981
199,33,ok,11,32,21,True,True,17863,18,213,11,2.4217
496,32,ok,16,59,43,True,True,47838,28,31,16,15.3636
202,33,ok,2,7,5,True,True,18163,14,207,2,2.343
197,33,ok,13,31,18,True,True,17664,15,220,13,2.6954
204,33,ok,2,6,4,True,True,18363,11,232,2,2.465
203,33,ok,11,24,13,True,True,18263,20,207,11,2.6342
205,33,ok,13,34,21,True,True,18463,13,203,13,2.5037
206,33,ok,2,7,5,True,True,18563,11,234,2,2.5262
495,32,ok,3,11,8,True,True,47732,32,155,3,16.1804
207,33,ok,11,25,14,True,True,18663,23,211,11,2.6431
201,33,ok,17,36,19,True,True,18063,14,219,17,3.1028
208,33,ok,2,7,5,True,True,18763,8,217,2,2.6469
209,33,ok,17,43,26,True,True,18864,14,213,17,2.644
210,33,ok,2,7,5,True,True,18964,11,222,2,2.5415
213,33,ok,13,36,23,True,True,19265,18,226,13,2.5938
497,32,ok,11,27,16,True,True,47944,75,19,11,16.2921
498,32,ok,3,10,7,True,True,48051,36,68,3,15.8387
499,32,ok,19,54,35,True,True,48157,50,19,19,15.5254
214,33,ok,2,4,2,True,True,19366,15,204,2,2.6313
211,33,ok,11,21,10,True,True,19064,19,209,11,2.7245
212,33,ok,2,7,5,True,True,19165,12,201,2,2.7451
215,33,ok,11,26,15,True,True,19466,23,213,11,2.8417
216,33,ok,2,5,3,True,True,19567,15,223,2,2.8441
217,33,ok,17,49,32,True,True,19667,15,218,17,2.8607
222,33,ok,2,7,5,True,True,20171,10,214,2,1.8397
219,33,ok,11,26,15,True,True,19869,16,223,11,1.9319
220,33,ok,2,7,5,True,True,19969,12,214,2,1.9118
221,33,ok,13,29,16,True,True,20070,17,233,13,1.9529
226,33,ok,2,7,5,True,True,20575,11,212,2,1.8817
225,33,ok,17,41,24,True,True,20474,20,219,17,1.9591
218,33,ok,2,6,4,True,True,19768,12,212,2,2.2701
224,33,ok,2,7,5,True,True,20373,11,231,2,2.0715
223,33,ok,11,25,14,True,True,20272,13,217,11,2.116
227,33,ok,11,32,21,True,True,20676,15,217,11,2.2151
228,33,ok,2,7,5,True,True,20777,10,216,2,2.082
229,33,ok,13,35,22,True,True,20878,13,218,13,2.0802
230,33,ok,2,4,2,True,True,20980,10,229,2,2.0496
231,33,ok,11,20,9,True,True,21081,15,203,11,2.2046
232,33,ok,2,7,5,True,True,21182,10,229,2,2.7233
500,32,ok,3,11,8,True,True,48263,31,116,3,18.1096
236,33,ok,2,8,6,True,True,21588,14,219,2,3.0283
235,33,ok,11,33,22,True,True,21486,23,217,11,3.1921
233,33,ok,17,54,37,True,True,21283,13,212,17,3.2481
238,33,ok,2,5,3,True,True,21791,11,236,2,3.0353
237,33,ok,13,33,20,True,True,21689,18,225,13,3.1815
239,33,ok,11,35,24,True,True,21892,15,233,11,3.1904
242,33,ok,2,6,4,True,True,22197,11,240,2,3.1805
243,33,ok,11,21,10,True,True,22299,20,217,11,3.2163
241,33,ok,17,43,26,True,True,22096,16,213,17,3.3802
234,33,ok,2,5,3,True,True,21385,12,238,2,3.7067
244,33,ok,2,7,5,True,True,22401,15,226,2,3.4302
245,33,ok,13,33,20,True,True,22503,17,231,13,3.49
240,33,ok,2,8,6,True,True,21994,11,235,2,3.8832
248,33,ok,2,6,4,True,True,22809,13,220,2,3.2362
246,33,ok,2,9,7,True,True,22605,9,218,2,3.4
247,33,ok,11,27,16,True,True,22707,15,232,11,3.4634
250,33,ok,2,5,3,True,True,23013,12,223,2,3.4207
252,33,ok,2,5,3,True,True,23217,13,219,2,3.3196
249,33,ok,17,46,29,True,True,22911,13,223,17,3.5265
253,33,ok,13,38,25,True,True,23319,19,211,13,3.4433
251,33,ok,11,22,11,True,True,23115,16,221,11,3.7373
256,33,ok,2,5,3,True,True,23626,13,230,2,3.7087
255,33,ok,11,26,15,True,True,23523,19,249,11,3.7502
258,33,ok,2,4,2,True,True,23830,13,225,2,3.6229
254,33,ok,2,4,2,True,True,23421,15,227,2,4.1
260,33,ok,2,7,5,True,True,24035,9,222,2,3.5982
259,33,ok,11,24,13,True,True,23933,26,226,11,3.6796
257,33,ok,17,41,24,True,True,23728,14,219,17,3.9153
262,33,ok,2,7,5,True,True,24240,15,212,2,3.177
264,33,ok,2,7,5,True,True,24445,16,230,2,2.7458
261,33,ok,13,31,18,True,True,24138,16,246,13,3.8766
263,33,ok,11,29,18,True,True,24343,20,239,11,2.8979
267,33,ok,11,24,13,True,True,24753,22,226,11,2.8269
268,33,ok,2,5,3,True,True,24856,15,236,2,2.8847
270,33,ok,2,5,3,True,True,25062,15,234,2,2.9349
269,33,ok,13,35,22,True,True,24959,16,227,13,3.6527
265,33,ok,17,47,30,True,True,24548,19,220,17,4.2397
271,33,ok,11,23,12,True,True,25165,19,243,11,3.8882
266,33,ok,2,7,5,True,True,24651,11,239,2,4.2529
272,33,ok,2,5,3,True,True,25268,15,252,2,3.9569
274,33,ok,2,9,7,True,True,25473,11,228,2,4.1521
277,33,ok,13,25,12,True,True,25783,18,224,13,4.0175
278,33,ok,2,4,2,True,True,25886,18,227,2,4.1651
281,33,ok,17,42,25,True,True,26195,21,239,17,4.1826
275,33,ok,11,29,18,True,True,25577,21,229,11,4.5509
273,33,ok,17,46,29,True,True,25371,18,243,17,5.0902
280,33,ok,2,4,2,True,True,26092,13,251,2,4.3097
283,33,ok,11,23,12,True,True,26402,17,234,11,4.1509
282,33,ok,2,5,3,True,True,26299,13,222,2,4.3207
279,33,ok,11,28,17,True,True,25989,25,241,11,4.6222
276,33,ok,2,5,3,True,True,25680,10,236,2,5.106
286,33,ok,2,3,1,True,True,26712,13,230,2,4.4325
285,33,ok,13,38,25,True,True,26609,22,217,13,4.6393
287,33,ok,11,21,10,True,True,26815,22,224,11,4.5346
289,33,ok,17,50,33,True,True,27022,17,231,17,4.4662
288,33,ok,2,5,3,True,True,26919,16,237,2,4.4846
284,33,ok,2,6,4,True,True,26505,9,217,2,5.2799
290,33,ok,2,7,5,True,True,27126,11,240,2,4.794
291,33,ok,11,24,13,True,True,27229,18,239,11,5.627
293,33,ok,13,33,20,True,True,27437,16,230,13,5.5387
292,33,ok,2,5,3,True,True,27333,15,232,2,5.5864
294,33,ok,2,8,6,True,True,27540,13,253,2,5.553
295,33,ok,11,29,18,True,True,27644,23,231,11,5.5662
296,33,ok,2,6,4,True,True,27748,12,238,2,5.3759
297,33,ok,17,44,27,True,True,27852,16,238,17,5.546
298,33,ok,2,6,4,True,True,27955,13,230,2,5.5411
299,33,ok,11,30,19,True,True,28059,25,232,11,5.028
301,33,ok,13,30,17,True,True,28267,16,230,13,4.813
303,33,ok,11,26,15,True,True,28475,16,237,11,4.9442
300,33,ok,2,3,1,True,True,28163,13,251,2,5.2107
302,33,ok,2,6,4,True,True,28371,9,228,2,5.2296
304,33,ok,2,7,5,True,True,28579,15,244,2,4.786
305,33,ok,17,47,30,True,True,28683,14,232,17,4.8307
306,33,ok,2,7,5,True,True,28787,11,233,2,5.0339
307,33,ok,11,31,20,True,True,28891,30,247,11,4.8229
311,33,ok,11,24,13,True,True,29308,24,238,11,4.8854
310,33,ok,2,5,3,True,True,29204,16,236,2,5.0439
308,33,ok,2,6,4,True,True,28995,12,232,2,6.2075
312,33,ok,2,6,4,True,True,29412,12,237,2,6.0912
313,33,ok,17,48,31,True,True,29517,18,246,17,6.2349
315,33,ok,11,26,15,True,True,29725,16,234,11,6.2236
309,33,ok,13,37,24,True,True,29100,21,235,13,7.0091
316,33,ok,2,5,3,True,True,29830,11,247,2,6.3601
318,33,ok,2,9,7,True,True,30039,12,266,2,6.2007
314,33,ok,2,4,2,True,True,29621,20,230,2,6.8518
317,33,ok,13,30,17,True,True,29934,20,242,13,6.346
319,33,ok,11,25,14,True,True,30143,23,233,11,6.4916
323,33,ok,11,24,13,True,True,30561,20,241,11,5.4486
321,33,ok,17,44,27,True,True,30352,17,232,17,6.6843
327,33,ok,11,26,15,True,True,30980,19,258,11,5.4962
322,33,ok,2,6,4,True,True,30457,18,248,2,5.8174
320,33,ok,2,6,4,True,True,30248,18,239,2,6.8944
328,33,ok,2,6,4,True,True,31085,10,246,2,5.4002
325,33,ok,13,50,37,True,True,30771,21,236,13,5.9002
324,33,ok,2,7,5,True,True,30666,11,236,2,6.2227
329,33,ok,17,43,26,True,True,31190,17,254,17,5.9059
331,33,ok,11,25,14,True,True,31400,34,244,11,6.7396
326,33,ok,2,6,4,True,True,30876,20,233,2,7.5771
330,33,ok,2,5,3,True,True,31295,13,236,2,6.979
335,33,ok,11,25,14,True,True,31819,37,254,11,6.6871
334,33,ok,2,7,5,True,True,31714,16,233,2,6.7416
332,33,ok,2,6,4,True,True,31504,13,249,2,6.9133
333,33,ok,13,40,27,True,True,31609,21,238,13,7.1148
336,33,ok,2,6,4,True,True,31924,12,248,2,6.7163
338,33,ok,2,9,7,True,True,32134,14,252,2,6.9267
339,33,ok,11,26,15,True,True,32240,21,262,11,7.101
342,33,ok,2,5,3,True,True,32555,20,229,2,5.9943
341,33,ok,13,37,24,True,True,32450,17,241,13,6.0793
337,33,ok,17,45,28,True,True,32029,20,238,17,7.6927
343,33,ok,11,22,11,True,True,32660,26,241,11,6.0729
344,33,ok,2,8,6,True,True,32766,13,246,2,7.0112
345,33,ok,17,46,29,True,True,32871,18,264,17,7.2035
340,33,ok,2,7,5,True,True,32345,15,256,2,9.3784
346,33,ok,2,7,5,True,True,32976,11,233,2,7.222
347,33,ok,11,32,21,True,True,33082,21,241,11,7.3413
349,33,ok,13,30,17,True,True,33292,19,237,13,7.5876
348,33,ok,2,7,5,True,True,33187,12,249,2,7.7388
352,33,ok,2,7,5,True,True,33609,16,252,2,7.186
350,33,ok,2,8,6,True,True,33398,11,252,2,7.7333
355,33,ok,11,28,17,True,True,33925,22,246,11,7.27
354,33,ok,2,7,5,True,True,33820,9,232,2,7.318
353,33,ok,17,39,22,True,True,33714,18,239,17,7.7312
358,33,ok,2,6,4,True,True,34242,13,246,2,7.3832
356,33,ok,2,5,3,True,True,34031,10,258,2,7.9549
359,33,ok,11,30,19,True,True,34348,24,237,11,7.3115
351,33,ok,11,31,20,True,True,33503,21,268,11,8.8331
362,33,ok,2,7,5,True,True,34665,10,255,2,6.6182
361,33,ok,17,53,36,True,True,34559,20,257,17,7.6778
357,33,ok,13,41,28,True,True,34137,26,257,13,9.6446
360,33,ok,2,5,3,True,True,34454,16,255,2,8.1214
367,33,ok,11,24,13,True,True,35194,19,250,11,7.61
365,33,ok,13,36,23,True,True,34983,19,264,13,8.0065
364,33,ok,2,4,2,True,True,34877,12,253,2,8.2361
363,33,ok,11,32,21,True,True,34771,21,240,11,8.2515
366,33,ok,2,6,4,True,True,35088,19,249,2,8.0795
370,33,ok,2,6,4,True,True,35512,15,250,2,7.7912
369,33,ok,17,48,31,True,True,35406,18,247,17,8.117
372,33,ok,2,6,4,True,True,35724,17,242,2,7.8597
368,33,ok,2,7,5,True,True,35300,14,258,2,8.5933
371,33,ok,11,28,17,True,True,35618,17,249,11,8.2626
374,33,ok,2,7,5,True,True,35936,12,263,2,6.9312
373,33,ok,13,37,24,True,True,35830,22,247,13,9.3753
375,33,ok,11,20,9,True,True,36043,22,239,11,8.0707
377,33,ok,17,43,26,True,True,36255,14,254,17,8.8917
379,33,ok,11,26,15,True,True,36467,16,247,11,8.4115
380,33,ok,2,9,7,True,True,36574,11,265,2,8.3635
378,33,ok,2,5,3,True,True,36361,13,241,2,8.8502
384,33,ok,2,6,4,True,True,36999,9,267,2,8.3904
376,33,ok,2,6,4,True,True,36149,15,251,2,9.5909
382,33,ok,2,9,7,True,True,36786,11,250,2,8.7293
381,33,ok,13,29,16,True,True,36680,18,242,13,9.0222
383,33,ok,11,26,15,True,True,36892,19,251,11,8.8491
387,33,ok,11,35,24,True,True,37318,20,251,11,8.819
386,33,ok,2,9,7,True,True,37212,21,246,2,9.498
388,33,ok,2,7,5,True,True,37424,11,272,2,9.3957
385,33,ok,17,48,31,True,True,37105,22,254,17,9.9124
390,33,ok,2,6,4,True,True,37637,12,251,2,9.419
392,33,ok,2,4,2,True,True,37851,13,266,2,8.4172
389,33,ok,13,32,19,True,True,37531,26,267,13,10.4561
394,33,ok,2,5,3,True,True,38064,19,252,2,8.7724
395,33,ok,11,32,21,True,True,38170,19,264,11,8.8437
396,33,ok,2,4,2,True,True,38277,16,263,2,9.0082
393,33,ok,17,42,25,True,True,37957,18,236,17,9.5903
397,33,ok,13,41,28,True,True,38384,21,250,13,9.1033
391,33,ok,11,26,15,True,True,37744,21,244,11,10.2508
398,33,ok,2,7,5,True,True,38490,14,240,2,9.4961
399,33,ok,11,30,19,True,True,38597,27,247,11,10.1744
401,33,ok,17,43,26,True,True,38811,18,244,17,10.0215
403,33,ok,11,26,15,True,True,39024,28,251,11,10.6755
402,33,ok,2,7,5,True,True,38918,23,243,2,11.1002
406,33,ok,2,10,8,True,True,39345,11,259,2,9.296
404,33,ok,2,6,4,True,True,39131,14,242,2,10.7757
405,33,ok,13,37,24,True,True,39238,20,267,13,9.8146
400,33,ok,2,7,5,True,True,38704,15,265,2,13.5516
408,33,ok,2,5,3,True,True,39559,18,268,2,10.4476
410,33,ok,2,9,7,True,True,39773,18,259,2,10.402
409,33,ok,17,46,29,True,True,39666,22,259,17,10.5588
407,33,ok,11,34,23,True,True,39452,23,267,11,10.9244
411,33,ok,11,28,17,True,True,39880,27,264,11,10.9833
414,33,ok,2,7,5,True,True,40201,9,262,2,10.7675
415,33,ok,11,35,24,True,True,40308,21,243,11,11.0217
416,33,ok,2,7,5,True,True,40416,14,257,2,10.2504
418,33,ok,2,4,2,True,True,40630,21,274,2,9.6502
419,33,ok,11,33,22,True,True,40737,21,266,11,9.8733
420,33,ok,2,6,4,True,True,40844,16,258,2,9.8489
417,33,ok,17,46,29,True,True,40523,26,270,17,11.5203
421,33,ok,13,42,29,True,True,40952,20,257,13,11.137
413,33,ok,13,37,24,True,True,40094,25,246,13,14.3114
412,33,ok,2,5,3,True,True,39987,17,254,2,14.4879
423,33,ok,11,24,13,True,True,41166,17,263,11,11.1408
424,33,ok,2,8,6,True,True,41274,11,267,2,11.083
422,33,ok,2,8,6,True,True,41059,15,244,2,11.3862
426,33,ok,2,4,2,True,True,41489,13,251,2,11.6938
425,33,ok,17,51,34,True,True,41381,18,252,17,11.7822
427,33,ok,11,28,17,True,True,41596,19,248,11,11.7869
429,33,ok,13,32,19,True,True,41811,26,254,13,12.7241
430,33,ok,2,7,5,True,True,41918,19,273,2,11.4422
432,33,ok,2,7,5,True,True,42133,15,266,2,11.2327
434,33,ok,2,6,4,True,True,42349,13,251,2,11.5813
431,33,ok,11,27,16,True,True,42026,21,248,11,12.8998
433,33,ok,17,49,32,True,True,42241,19,257,17,11.9632
436,33,ok,2,5,3,True,True,42564,17,273,2,12.6579
428,33,ok,2,4,2,True,True,41703,17,257,2,16.49
435,33,ok,11,24,13,True,True,42456,25,254,11,13.0964
438,33,ok,2,7,5,True,True,42779,12,259,2,11.7132
439,33,ok,11,31,20,True,True,42887,23,253,11,11.7695
440,33,ok,2,7,5,True,True,42994,13,261,2,11.7114
437,33,ok,13,32,19,True,True,42671,25,249,13,12.514
443,33,ok,11,34,23,True,True,43318,18,258,11,11.693
441,33,ok,17,46,29,True,True,43102,20,251,17,12.5063
442,33,ok,2,7,5,True,True,43210,16,262,2,12.4841
446,33,ok,2,9,7,True,True,43641,12,249,2,13.319
444,33,ok,2,6,4,True,True,43426,18,261,2,13.3942
445,33,ok,13,26,13,True,True,43533,22,250,13,13.4409
447,33,ok,11,32,21,True,True,43749,19,263,11,13.3288
448,33,ok,2,10,8,True,True,43857,10,260,2,13.76
452,33,ok,2,6,4,True,True,44289,9,259,2,11.9314
451,33,ok,11,28,17,True,True,44181,21,253,11,12.3269
454,33,ok,2,7,5,True,True,44505,11,247,2,12.503
453,33,ok,13,34,21,True,True,44397,24,279,13,12.6298
449,33,ok,17,51,34,True,True,43965,19,251,17,14.2252
458,33,ok,2,6,4,True,True,44937,18,266,2,13.4487
450,33,ok,2,7,5,True,True,44073,11,265,2,15.6809
456,33,ok,2,7,5,True,True,44721,12,256,2,14.0338
457,33,ok,17,42,25,True,True,44829,25,258,17,14.2289
459,33,ok,11,30,19,True,True,45045,25,276,11,12.6675
455,33,ok,11,35,24,True,True,44613,22,259,11,15.5001
461,33,ok,13,32,19,True,True,45262,27,256,13,12.6763
460,33,ok,2,6,4,True,True,45154,18,264,2,13.7392
465,33,ok,17,41,24,True,True,45695,19,274,17,13.0063
462,33,ok,2,6,4,True,True,45370,15,269,2,14.6285
464,33,ok,2,10,8,True,True,45586,11,255,2,15.1676
466,33,ok,2,6,4,True,True,45803,13,256,2,14.0536
463,33,ok,11,37,26,True,True,45478,19,265,11,15.8113
470,33,ok,2,7,5,True,True,46236,14,252,2,13.3935
467,33,ok,11,28,17,True,True,45911,24,265,11,14.4292
471,33,ok,11,26,15,True,True,46345,24,266,11,14.5452
468,33,ok,2,7,5,True,True,46020,11,253,2,15.5731
1,34,ok,33,33,0,True,True,74,2,3,33,0.0011
2,34,ok,6,8,2,True,True,124,4,13,6,0.0007
3,34,ok,15,21,6,True,True,179,4,6,15,0.0013
4,34,ok,8,10,2,True,True,238,4,14,8,0.0014
5,34,ok,9,14,5,True,True,300,4,21,9,0.0021
6,34,ok,12,17,5,True,True,365,4,18,12,0.0025
7,34,ok,15,19,4,True,True,431,9,7,15,0.0034
8,34,ok,6,11,5,True,True,498,7,22,6,0.0033
9,34,ok,21,33,12,True,True,568,7,10,21,0.0056
10,34,ok,4,7,3,True,True,638,5,87,4,0.0044
11,34,ok,33,55,22,True,True,709,5,10,33,0.0089
12,34,ok,6,12,6,True,True,781,9,24,6,0.0058
13,34,ok,15,24,9,True,True,855,8,10,15,0.0079
14,34,ok,8,12,4,True,True,929,7,23,8,0.0077
15,34,ok,9,23,14,True,True,1004,7,34,9,0.0097
16,34,ok,12,20,8,True,True,1079,6,31,12,0.0105
17,34,ok,15,24,9,True,True,1155,11,13,15,0.0122
18,34,ok,6,11,5,True,True,1232,18,29,6,0.0133
19,34,ok,21,33,12,True,True,1310,9,13,21,0.0165
20,34,ok,4,11,7,True,True,1388,5,111,4,0.0136
21,34,ok,33,63,30,True,True,1466,7,12,33,0.0231
22,34,ok,6,16,10,True,True,1545,11,36,6,0.0196
23,34,ok,15,24,9,True,True,1625,15,11,15,0.0199
24,34,ok,8,11,3,True,True,1705,8,28,8,0.021
25,34,ok,9,20,11,True,True,1785,6,44,9,0.0221
26,34,ok,12,27,15,True,True,1866,7,39,12,0.0246
27,34,ok,15,27,12,True,True,1947,14,13,15,0.0264
28,34,ok,6,12,6,True,True,2029,11,35,6,0.0251
469,33,ok,13,36,23,True,True,46128,21,260,13,15.8056
29,34,ok,21,43,22,True,True,2111,9,12,21,0.0337
30,34,ok,4,10,6,True,True,2193,7,153,4,0.0329
32,34,ok,6,10,4,True,True,2359,14,38,6,0.0389
31,34,ok,33,63,30,True,True,2276,8,15,33,0.0427
473,33,ok,17,47,30,True,True,46562,16,262,17,14.7552
34,34,ok,8,16,8,True,True,2526,11,37,8,0.0369
33,34,ok,15,33,18,True,True,2442,14,15,15,0.0469
35,34,ok,9,16,7,True,True,2610,6,55,9,0.0389
36,34,ok,12,20,8,True,True,2695,8,44,12,0.0426
37,34,ok,15,36,21,True,True,2779,14,15,15,0.056
38,34,ok,6,12,6,True,True,2864,9,41,6,0.0706
472,33,ok,2,10,8,True,True,46453,11,270,2,14.8814
39,34,ok,21,35,14,True,True,2949,12,15,21,0.067
40,34,ok,4,9,5,True,True,3035,7,151,4,0.0512
42,34,ok,6,10,4,True,True,3206,14,34,6,0.0605
41,34,ok,33,70,37,True,True,3120,10,15,33,0.073
44,34,ok,8,13,5,True,True,3379,11,43,8,0.0613
43,34,ok,15,31,16,True,True,3293,12,17,15,0.0785
45,34,ok,9,25,16,True,True,3466,8,47,9,0.0719
46,34,ok,12,28,16,True,True,3553,8,39,12,0.0818
47,34,ok,15,27,12,True,True,3640,19,15,15,0.0874
48,34,ok,6,13,7,True,True,3727,15,39,6,0.0799
50,34,ok,4,9,5,True,True,3903,6,164,4,0.0755
49,34,ok,21,44,23,True,True,3815,12,14,21,0.0931
52,34,ok,6,15,9,True,True,4079,16,39,6,0.0926
51,34,ok,33,74,41,True,True,3991,9,16,33,0.1409
53,34,ok,15,34,19,True,True,4167,15,17,15,0.102
54,34,ok,8,17,9,True,True,4256,12,48,8,0.1031
55,34,ok,9,19,10,True,True,4345,9,49,9,0.1116
58,34,ok,6,13,7,True,True,4613,15,48,6,0.1126
57,34,ok,15,27,12,True,True,4523,16,16,15,0.1186
56,34,ok,12,30,18,True,True,4434,10,40,12,0.1416
59,34,ok,21,45,24,True,True,4702,12,15,21,0.133
60,34,ok,4,7,3,True,True,4792,9,178,4,0.1222
61,34,ok,33,70,37,True,True,4882,11,16,33,0.1522
62,34,ok,6,15,9,True,True,4972,19,46,6,0.155
63,34,ok,15,34,19,True,True,5062,19,15,15,0.1432
64,34,ok,8,17,9,True,True,5153,14,49,8,0.1412
65,34,ok,9,18,9,True,True,5243,8,57,9,0.1528
66,34,ok,12,24,12,True,True,5334,10,46,12,0.1767
67,34,ok,15,32,17,True,True,5425,16,21,15,0.1548
68,34,ok,6,12,6,True,True,5516,17,45,6,0.151
69,34,ok,21,38,17,True,True,5607,15,19,21,0.1744
70,34,ok,4,11,7,True,True,5698,9,177,4,0.2095
71,34,ok,33,73,40,True,True,5790,11,19,33,0.199
72,34,ok,6,14,8,True,True,5882,11,47,6,0.1715
73,34,ok,15,37,22,True,True,5973,20,18,15,0.2244
474,33,ok,2,10,8,True,True,46670,16,256,2,15.4196
75,34,ok,9,20,11,True,True,6157,14,60,9,0.1878
76,34,ok,12,29,17,True,True,6250,11,54,12,0.198
74,34,ok,8,18,10,True,True,6065,11,51,8,0.2908
78,34,ok,6,13,7,True,True,6435,12,48,6,0.1947
77,34,ok,15,33,18,True,True,6342,27,18,15,0.2522
80,34,ok,4,10,6,True,True,6620,8,199,4,0.2179
79,34,ok,21,48,27,True,True,6527,19,17,21,0.2468
82,34,ok,6,16,10,True,True,6806,18,51,6,0.2321
83,34,ok,15,31,16,True,True,6899,15,18,15,0.2898
84,34,ok,8,20,12,True,True,6992,9,51,8,0.3028
85,34,ok,9,18,9,True,True,7086,12,57,9,0.3048
81,34,ok,33,81,48,True,True,6713,10,17,33,0.5096
86,34,ok,12,32,20,True,True,7179,13,53,12,1.11
87,34,ok,15,27,12,True,True,7273,16,17,15,1.1313
88,34,ok,6,12,6,True,True,7367,16,47,6,1.1432
89,34,ok,21,48,27,True,True,7460,18,17,21,1.1563
476,33,ok,2,4,2,True,True,46887,13,254,2,15.9347
91,34,ok,33,72,39,True,True,7649,12,18,33,0.3524
478,33,ok,2,7,5,True,True,47104,12,266,2,15.7179
92,34,ok,6,16,10,True,True,7743,15,50,6,0.3546
90,34,ok,4,9,5,True,True,7554,9,213,4,1.3868
93,34,ok,15,31,16,True,True,7837,22,19,15,0.3006
94,34,ok,8,15,7,True,True,7932,12,51,8,0.3102
96,34,ok,12,28,16,True,True,8121,12,50,12,0.3461
97,34,ok,15,37,22,True,True,8216,21,18,15,0.3902
100,34,ok,4,11,7,True,True,8501,7,206,4,0.3533
98,34,ok,6,14,8,True,True,8310,15,53,6,0.3803
475,33,ok,11,22,11,True,True,46779,24,281,11,16.4778
95,34,ok,9,21,12,True,True,8026,13,60,9,0.5069
101,34,ok,33,76,43,True,True,8596,13,21,33,0.4291
480,33,ok,2,4,2,True,True,47321,19,279,2,14.9805
102,34,ok,6,11,5,True,True,8691,20,52,6,0.4053
477,33,ok,13,31,18,True,True,46996,34,252,13,16.6638
99,34,ok,21,49,28,True,True,8405,18,19,21,0.7588
103,34,ok,15,31,16,True,True,8786,22,18,15,0.461
104,34,ok,8,14,6,True,True,8882,19,57,8,0.4115
106,34,ok,12,27,15,True,True,9073,13,50,12,0.4014
105,34,ok,9,18,9,True,True,8978,12,64,9,0.4216
108,34,ok,6,16,10,True,True,9265,16,58,6,0.4337
479,33,ok,11,29,18,True,True,47213,23,273,11,15.7895
107,34,ok,15,32,17,True,True,9169,20,19,15,0.5837
110,34,ok,4,8,4,True,True,9457,10,219,4,0.4143
109,34,ok,21,40,19,True,True,9361,14,20,21,0.5457
111,34,ok,33,75,42,True,True,9553,16,21,33,0.5023
481,33,ok,17,45,28,True,True,47430,20,254,17,15.3452
112,34,ok,6,16,10,True,True,9649,16,55,6,0.4386
113,34,ok,15,29,14,True,True,9746,22,19,15,0.4594
115,34,ok,9,18,9,True,True,9939,12,73,9,0.4671
114,34,ok,8,21,13,True,True,9842,15,55,8,0.4902
116,34,ok,12,33,21,True,True,10035,14,57,12,0.4911
482,33,ok,2,7,5,True,True,47539,17,260,2,15.0001
118,34,ok,6,12,6,True,True,10229,14,54,6,0.4783
117,34,ok,15,35,20,True,True,10132,21,19,15,0.506
119,34,ok,21,49,28,True,True,10326,14,20,21,0.5384
120,34,ok,4,11,7,True,True,10423,15,236,4,0.5004
122,34,ok,6,15,9,True,True,10617,17,58,6,0.511
121,34,ok,33,81,48,True,True,10520,13,21,33,0.6008
123,34,ok,15,30,15,True,True,10714,20,21,15,0.5621
124,34,ok,8,20,12,True,True,10812,17,57,8,0.5727
125,34,ok,9,18,9,True,True,10909,14,63,9,0.5512
126,34,ok,12,32,20,True,True,11007,13,62,12,0.5783
128,34,ok,6,13,7,True,True,11202,14,63,6,0.5895
127,34,ok,15,31,16,True,True,11104,24,20,15,0.619
129,34,ok,21,43,22,True,True,11300,17,26,21,0.6397
130,34,ok,4,8,4,True,True,11397,11,230,4,0.603
131,34,ok,33,71,38,True,True,11495,14,24,33,0.6762
132,34,ok,6,15,9,True,True,11593,22,54,6,0.6154
133,34,ok,15,33,18,True,True,11691,20,21,15,0.6641
134,34,ok,8,16,8,True,True,11790,16,54,8,0.6223
135,34,ok,9,24,15,True,True,11888,10,69,9,0.7092
136,34,ok,12,30,18,True,True,11986,14,56,12,0.6982
138,34,ok,6,15,9,True,True,12183,16,59,6,0.716
137,34,ok,15,42,27,True,True,12084,20,22,15,0.738
139,34,ok,21,50,29,True,True,12281,17,23,21,0.7315
140,34,ok,4,7,3,True,True,12380,12,223,4,0.7055
142,34,ok,6,10,4,True,True,12577,22,60,6,0.818
141,34,ok,33,75,42,True,True,12479,13,19,33,1.754
143,34,ok,15,32,17,True,True,12676,20,23,15,1.6786
144,34,ok,8,17,9,True,True,12775,13,55,8,1.6873
145,34,ok,9,26,17,True,True,12874,10,69,9,1.6909
146,34,ok,12,38,26,True,True,12973,12,59,12,1.8329
484,33,ok,2,3,1,True,True,47756,16,250,2,17.4257
485,33,ok,13,34,21,True,True,47865,21,288,13,15.6905
147,34,ok,15,33,18,True,True,13072,22,24,15,1.8074
483,33,ok,11,25,14,True,True,47647,26,260,11,17.7962
148,34,ok,6,13,7,True,True,13171,16,59,6,1.783
150,34,ok,4,11,7,True,True,13370,16,238,4,1.7424
151,34,ok,33,85,52,True,True,13469,13,22,33,1.8822
153,34,ok,15,41,26,True,True,13668,28,21,15,1.8309
152,34,ok,6,14,8,True,True,13569,19,58,6,1.8716
487,33,ok,11,33,22,True,True,48082,29,265,11,15.6402
154,34,ok,8,16,8,True,True,13768,14,56,8,1.8484
486,33,ok,2,5,3,True,True,47973,15,260,2,16.013
149,34,ok,21,48,27,True,True,13270,18,24,21,2.1995
155,34,ok,9,20,11,True,True,13867,14,74,9,1.0992
489,33,ok,17,47,30,True,True,48300,16,266,17,15.8456
160,34,ok,4,10,6,True,True,14367,13,266,4,1.0258
162,34,ok,6,14,8,True,True,14567,24,63,6,1.0031
157,34,ok,15,33,18,True,True,14067,19,21,15,1.3403
159,34,ok,21,43,22,True,True,14267,18,24,21,1.1017
161,34,ok,33,71,38,True,True,14467,13,21,33,1.127
165,34,ok,9,21,12,True,True,14867,12,70,9,1.0271
164,34,ok,8,17,9,True,True,14767,14,65,8,1.0978
156,34,ok,12,35,23,True,True,13967,14,60,12,1.7003
163,34,ok,15,27,12,True,True,14667,26,21,15,1.2558
490,33,ok,2,6,4,True,True,48408,17,279,2,16.0715
167,34,ok,15,30,15,True,True,15068,20,23,15,1.1333
158,34,ok,6,13,7,True,True,14167,23,63,6,1.7593
169,34,ok,21,51,30,True,True,15269,20,21,21,1.1593
168,34,ok,6,14,8,True,True,15169,23,61,6,1.2271
166,34,ok,12,28,16,True,True,14968,17,61,12,1.4299
171,34,ok,33,79,46,True,True,15470,17,23,33,1.3224
174,34,ok,8,20,12,True,True,15773,14,62,8,1.2942
170,34,ok,4,8,4,True,True,15370,12,254,4,2.3561
172,34,ok,6,14,8,True,True,15571,15,61,6,2.3639
491,33,ok,11,29,18,True,True,48517,22,277,11,16.8258
176,34,ok,12,26,14,True,True,15975,16,63,12,2.0369
173,34,ok,15,38,23,True,True,15672,16,22,15,2.4277
175,34,ok,9,24,15,True,True,15874,16,74,9,2.0979
180,34,ok,4,10,6,True,True,16379,12,281,4,2.0345
178,34,ok,6,15,9,True,True,16177,18,60,6,2.2455
179,34,ok,21,43,22,True,True,16278,21,23,21,2.2278
183,34,ok,15,35,20,True,True,16683,22,22,15,2.1057
177,34,ok,15,35,20,True,True,16076,23,21,15,2.4931
181,34,ok,33,75,42,True,True,16480,17,22,33,2.3322
185,34,ok,9,21,12,True,True,16886,12,76,9,2.1567
488,33,ok,2,7,5,True,True,48191,15,267,2,18.6535
187,34,ok,15,28,13,True,True,17089,21,21,15,2.2112
184,34,ok,8,18,10,True,True,16784,13,63,8,2.4805
188,34,ok,6,12,6,True,True,17191,29,65,6,2.3137
182,34,ok,6,15,9,True,True,16582,15,63,6,2.7441
190,34,ok,4,12,8,True,True,17394,11,266,4,2.3
492,33,ok,2,7,5,True,True,48626,16,275,2,17.7496
189,34,ok,21,46,25,True,True,17292,21,24,21,2.4503
191,34,ok,33,84,51,True,True,17496,12,22,33,2.1963
186,34,ok,12,24,12,True,True,16987,16,63,12,2.8761
195,34,ok,9,26,17,True,True,17904,15,82,9,1.4474
192,34,ok,6,13,7,True,True,17598,17,70,6,1.6491
193,34,ok,15,45,30,True,True,17700,29,23,15,1.6199
493,33,ok,13,41,28,True,True,48735,20,252,13,16.128
194,34,ok,8,16,8,True,True,17802,26,65,8,1.6087
197,34,ok,15,37,22,True,True,18108,33,24,15,1.5771
198,34,ok,6,19,13,True,True,18210,20,69,6,1.5312
196,34,ok,12,38,26,True,True,18006,13,61,12,1.7516
200,34,ok,4,12,8,True,True,18414,15,272,4,1.6095
201,34,ok,33,82,49,True,True,18517,15,21,33,1.6166
199,34,ok,21,45,24,True,True,18312,16,23,21,1.7415
202,34,ok,6,11,5,True,True,18619,19,63,6,1.6611
204,34,ok,8,19,11,True,True,18824,16,64,8,1.6694
203,34,ok,15,32,17,True,True,18722,22,20,15,1.8103
206,34,ok,12,33,21,True,True,19029,16,66,12,1.7671
495,33,ok,11,32,21,True,True,48953,24,259,11,16.1133
208,34,ok,6,15,9,True,True,19234,20,64,6,1.8096
205,34,ok,9,21,12,True,True,18927,12,78,9,2.0606
207,34,ok,15,25,10,True,True,19132,26,21,15,1.8849
210,34,ok,4,8,4,True,True,19440,14,257,4,2.5791
213,34,ok,15,38,23,True,True,19749,38,23,15,2.6539
215,34,ok,9,21,12,True,True,19955,13,76,9,2.6291
212,34,ok,6,16,10,True,True,19646,12,60,6,3.1027
209,34,ok,21,52,31,True,True,19337,18,22,21,3.4805
217,34,ok,15,39,24,True,True,20161,22,22,15,2.9805
220,34,ok,4,12,8,True,True,20470,10,270,4,2.8643
216,34,ok,12,27,15,True,True,20058,15,63,12,3.0193
211,34,ok,33,81,48,True,True,19543,15,24,33,3.3804
214,34,ok,8,17,9,True,True,19852,20,65,8,3.2131
219,34,ok,21,51,30,True,True,20367,20,26,21,3.0549
218,34,ok,6,16,10,True,True,20264,16,68,6,3.1792
221,34,ok,33,83,50,True,True,20574,18,25,33,3.0069
499,33,ok,11,30,19,True,True,49388,25,256,11,17.5244
494,33,ok,2,7,5,True,True,48844,20,273,2,19.0105
223,34,ok,15,38,23,True,True,20780,30,25,15,3.0048
500,33,ok,2,3,1,True,True,49497,21,267,2,16.1381
224,34,ok,8,19,11,True,True,20884,19,64,8,2.9385
222,34,ok,6,14,8,True,True,20677,23,69,6,3.2667
226,34,ok,12,28,16,True,True,21091,17,70,12,2.9989
225,34,ok,9,20,11,True,True,20987,19,78,9,3.1843
227,34,ok,15,38,23,True,True,21195,26,22,15,3.1811
229,34,ok,21,47,26,True,True,21402,25,23,21,3.2347
230,34,ok,4,13,9,True,True,21506,20,267,4,3.1765
228,34,ok,6,14,8,True,True,21298,24,61,6,3.574
498,33,ok,2,5,3,True,True,49280,18,288,2,18.7926
233,34,ok,15,36,21,True,True,21817,19,24,15,3.2527
234,34,ok,8,16,8,True,True,21921,18,68,8,2.3073
232,34,ok,6,17,11,True,True,21713,17,63,6,3.3603
497,33,ok,17,44,27,True,True,49171,20,262,17,19.0333
231,34,ok,33,87,54,True,True,21609,16,23,33,3.3849
236,34,ok,12,31,19,True,True,22129,13,62,12,2.4411
235,34,ok,9,22,13,True,True,22025,15,80,9,2.6221
237,34,ok,15,37,22,True,True,22233,25,22,15,2.4638
496,33,ok,2,6,4,True,True,49062,16,265,2,21.0679
238,34,ok,6,13,7,True,True,22337,24,63,6,3.4019
243,34,ok,15,32,17,True,True,22858,29,22,15,3.378
244,34,ok,8,18,10,True,True,22962,17,65,8,3.3953
242,34,ok,6,19,13,True,True,22754,20,63,6,3.515
241,34,ok,33,78,45,True,True,22649,15,24,33,3.5738
245,34,ok,9,26,17,True,True,23067,11,85,9,3.3944
246,34,ok,12,32,20,True,True,23171,13,64,12,3.4307
247,34,ok,15,30,15,True,True,23275,30,24,15,3.5896
248,34,ok,6,14,8,True,True,23380,21,66,6,3.5317
250,34,ok,4,9,5,True,True,23589,11,293,4,3.5065
240,34,ok,4,10,6,True,True,22545,12,266,4,4.1884
254,34,ok,8,20,12,True,True,24008,23,68,8,3.528
249,34,ok,21,51,30,True,True,23484,20,25,21,3.8274
239,34,ok,21,43,22,True,True,22441,27,22,21,4.2828
251,34,ok,33,85,52,True,True,23694,17,25,33,4.0486
252,34,ok,6,14,8,True,True,23798,20,69,6,3.9652
253,34,ok,15,33,18,True,True,23903,28,23,15,3.9809
255,34,ok,9,24,15,True,True,24113,15,89,9,3.967
256,34,ok,12,36,24,True,True,24217,15,68,12,3.9038
257,34,ok,15,33,18,True,True,24322,26,23,15,3.7827
258,34,ok,6,17,11,True,True,24427,22,72,6,3.7519
262,34,ok,6,15,9,True,True,24847,16,70,6,3.6527
260,34,ok,4,14,10,True,True,24637,15,295,4,3.9045
264,34,ok,8,20,12,True,True,25057,18,70,8,3.8219
259,34,ok,21,53,32,True,True,24532,20,27,21,4.0162
263,34,ok,15,40,25,True,True,24952,21,23,15,3.9676
261,34,ok,33,79,46,True,True,24742,16,26,33,4.0423
265,34,ok,9,23,14,True,True,25162,13,91,9,4.1739
266,34,ok,12,28,16,True,True,25268,14,67,12,4.2404
267,34,ok,15,36,21,True,True,25373,29,26,15,4.0987
270,34,ok,4,13,9,True,True,25689,10,279,4,3.1845
269,34,ok,21,43,22,True,True,25584,23,25,21,4.1063
275,34,ok,9,23,14,True,True,26216,17,84,9,4.0253
271,34,ok,33,92,59,True,True,25794,18,26,33,4.2662
274,34,ok,8,22,14,True,True,26111,18,72,8,4.2066
268,34,ok,6,16,10,True,True,25478,25,72,6,4.5363
272,34,ok,6,19,13,True,True,25900,24,74,6,4.3696
273,34,ok,15,38,23,True,True,26005,24,24,15,4.3281
276,34,ok,12,34,22,True,True,26322,14,67,12,4.2761
277,34,ok,15,35,20,True,True,26428,24,26,15,4.4006
280,34,ok,4,6,2,True,True,26745,17,290,4,4.1046
278,34,ok,6,15,9,True,True,26533,28,71,6,4.4755
285,34,ok,9,26,17,True,True,27274,15,91,9,4.3023
283,34,ok,15,34,19,True,True,27062,32,26,15,4.514
282,34,ok,6,16,10,True,True,26956,19,72,6,4.8262
281,34,ok,33,79,46,True,True,26850,18,27,33,5.0392
279,34,ok,21,44,23,True,True,26639,18,23,21,5.1708
284,34,ok,8,27,19,True,True,27168,18,73,8,4.917
286,34,ok,12,34,22,True,True,27380,14,67,12,4.594
288,34,ok,6,17,11,True,True,27592,20,67,6,4.4799
287,34,ok,15,32,17,True,True,27486,32,25,15,4.8017
289,34,ok,21,54,33,True,True,27698,24,29,21,4.9703
293,34,ok,15,34,19,True,True,28123,22,23,15,4.6876
291,34,ok,33,89,56,True,True,27910,18,24,33,4.8204
294,34,ok,8,29,21,True,True,28229,24,69,8,4.6664
290,34,ok,4,15,11,True,True,27804,10,283,4,5.0615
295,34,ok,9,23,14,True,True,28335,16,83,9,4.8541
292,34,ok,6,16,10,True,True,28016,22,72,6,5.1601
296,34,ok,12,37,25,True,True,28441,15,72,12,5.5557
298,34,ok,6,16,10,True,True,28654,20,72,6,5.7563
297,34,ok,15,33,18,True,True,28548,30,26,15,5.9048
299,34,ok,21,53,32,True,True,28761,29,24,21,5.9106
301,34,ok,33,89,56,True,True,28973,16,24,33,4.939
300,34,ok,4,11,7,True,True,28867,10,292,4,5.1636
302,34,ok,6,18,12,True,True,29080,16,74,6,4.9979
304,34,ok,8,22,14,True,True,29293,14,70,8,5.0727
305,34,ok,9,25,16,True,True,29400,16,84,9,5.1003
306,34,ok,12,26,14,True,True,29506,17,71,12,5.1284
303,34,ok,15,30,15,True,True,29187,33,25,15,5.5266
307,34,ok,15,33,18,True,True,29613,31,24,15,5.4543
309,34,ok,21,58,37,True,True,29827,22,26,21,5.3235
312,34,ok,6,15,9,True,True,30147,28,87,6,5.0177
311,34,ok,33,89,56,True,True,30040,20,28,33,5.1915
313,34,ok,15,44,29,True,True,30254,28,24,15,5.2741
308,34,ok,6,11,5,True,True,29720,29,71,6,6.2196
310,34,ok,4,9,5,True,True,29933,13,294,4,7.3979
318,34,ok,6,13,7,True,True,30789,23,75,6,6.2568
317,34,ok,15,27,12,True,True,30682,37,25,15,6.4175
314,34,ok,8,18,10,True,True,30361,18,76,8,6.8626
316,34,ok,12,29,17,True,True,30575,14,65,12,6.7329
320,34,ok,4,11,7,True,True,31003,14,297,4,6.3633
322,34,ok,6,14,8,True,True,31217,22,72,6,6.4948
323,34,ok,15,33,18,True,True,31325,28,27,15,6.5971
319,34,ok,21,57,36,True,True,30896,26,27,21,6.9146
321,34,ok,33,81,48,True,True,31110,19,26,33,6.7013
315,34,ok,9,23,14,True,True,30468,13,88,9,7.5479
325,34,ok,9,24,15,True,True,31539,16,87,9,6.6657
327,34,ok,15,31,16,True,True,31754,33,24,15,5.5517
324,34,ok,8,24,16,True,True,31432,14,72,8,7.2566
328,34,ok,6,17,11,True,True,31861,29,71,6,5.7697
326,34,ok,12,32,20,True,True,31646,18,73,12,7.4149
329,34,ok,21,56,35,True,True,31968,23,27,21,5.9763
330,34,ok,4,14,10,True,True,32076,17,286,4,5.8024
331,34,ok,33,86,53,True,True,32183,16,27,33,5.8516
333,34,ok,15,31,16,True,True,32398,26,24,15,6.8928
334,34,ok,8,15,7,True,True,32506,18,85,8,6.9108
332,34,ok,6,13,7,True,True,32291,24,74,6,7.2994
335,34,ok,9,22,13,True,True,32613,20,86,9,7.0291
336,34,ok,12,28,16,True,True,32721,16,71,12,7.0873
337,34,ok,15,40,25,True,True,32829,31,29,15,7.4537
339,34,ok,21,54,33,True,True,33044,21,26,21,7.1785
338,34,ok,6,14,8,True,True,32936,24,69,6,7.2716
340,34,ok,4,12,8,True,True,33152,11,289,4,6.8709
341,34,ok,33,80,47,True,True,33260,16,30,33,7.1276
342,34,ok,6,13,7,True,True,33367,18,75,6,7.216
345,34,ok,9,23,14,True,True,33691,16,87,9,6.3651
346,34,ok,12,27,15,True,True,33799,17,75,12,6.3775
343,34,ok,15,32,17,True,True,33475,26,30,15,8.0642
349,34,ok,21,58,37,True,True,34123,22,29,21,7.775
348,34,ok,6,15,9,True,True,34015,42,72,6,8.2852
351,34,ok,33,81,48,True,True,34339,21,25,33,7.71
353,34,ok,15,37,22,True,True,34555,24,25,15,7.7198
352,34,ok,6,12,6,True,True,34447,41,77,6,7.9193
355,34,ok,9,24,15,True,True,34771,14,89,9,7.8024
356,34,ok,12,38,26,True,True,34880,18,84,12,7.5705
347,34,ok,15,33,18,True,True,33907,27,27,15,9.0965
344,34,ok,8,32,24,True,True,33583,19,73,8,9.7338
354,34,ok,8,20,12,True,True,34663,19,70,8,8.8581
350,34,ok,4,17,13,True,True,34231,11,292,4,9.2677
357,34,ok,15,34,19,True,True,34988,30,26,15,8.4458
360,34,ok,4,16,12,True,True,35313,13,304,4,7.7948
362,34,ok,6,14,8,True,True,35529,20,71,6,7.7299
359,34,ok,21,49,28,True,True,35204,25,26,21,8.4447
361,34,ok,33,90,57,True,True,35421,18,28,33,8.0958
363,34,ok,15,44,29,True,True,35638,25,24,15,7.9558
364,34,ok,8,29,21,True,True,35746,17,70,8,8.1564
366,34,ok,12,26,14,True,True,35963,16,73,12,8.2657
358,34,ok,6,15,9,True,True,35096,20,74,6,10.5016
367,34,ok,15,39,24,True,True,36072,31,26,15,8.2387
365,34,ok,9,33,24,True,True,35855,19,85,9,8.4155
370,34,ok,4,13,9,True,True,36397,11,326,4,8.2155
371,34,ok,33,88,55,True,True,36506,19,26,33,8.1707
372,34,ok,6,10,4,True,True,36615,20,74,6,7.9351
368,34,ok,6,12,6,True,True,36180,23,77,6,8.5636
369,34,ok,21,55,34,True,True,36289,21,27,21,8.7146
373,34,ok,15,40,25,True,True,36723,28,26,15,8.553
374,34,ok,8,15,7,True,True,36832,20,73,8,8.5655
375,34,ok,9,30,21,True,True,36941,16,87,9,9.8293
376,34,ok,12,37,25,True,True,37050,15,69,12,9.7007
377,34,ok,15,35,20,True,True,37158,37,28,15,8.4946
380,34,ok,4,17,13,True,True,37485,13,328,4,8.766
378,34,ok,6,16,10,True,True,37267,25,75,6,8.8642
383,34,ok,15,38,23,True,True,37812,36,26,15,8.726
381,34,ok,33,85,52,True,True,37594,16,25,33,9.1173
382,34,ok,6,17,11,True,True,37703,21,76,6,9.0432
384,34,ok,8,23,15,True,True,37921,20,74,8,9.0505
388,34,ok,6,13,7,True,True,38357,20,75,6,9.1063
390,34,ok,4,10,6,True,True,38575,15,310,4,10.0448
389,34,ok,21,50,29,True,True,38466,27,31,21,10.4523
379,34,ok,21,51,30,True,True,37376,24,25,21,12.1081
386,34,ok,12,33,21,True,True,38139,16,71,12,10.8688
393,34,ok,15,38,23,True,True,38903,30,26,15,9.0579
392,34,ok,6,15,9,True,True,38793,28,70,6,10.4222
391,34,ok,33,82,49,True,True,38684,19,27,33,10.9177
387,34,ok,15,32,17,True,True,38248,32,28,15,11.8033
394,34,ok,8,18,10,True,True,39012,16,76,8,9.8446
396,34,ok,12,31,19,True,True,39231,13,78,12,9.5824
397,34,ok,15,40,25,True,True,39340,32,26,15,9.7456
400,34,ok,4,10,6,True,True,39668,13,310,4,9.2235
385,34,ok,9,23,14,True,True,38030,16,89,9,12.7853
395,34,ok,9,24,15,True,True,39121,21,91,9,10.2671
399,34,ok,21,59,38,True,True,39559,21,28,21,9.6327
402,34,ok,6,10,4,True,True,39887,21,71,6,9.5476
401,34,ok,33,97,64,True,True,39777,18,28,33,10.0513
398,34,ok,6,19,13,True,True,39449,22,69,6,11.6415
403,34,ok,15,35,20,True,True,39996,27,26,15,10.8731
404,34,ok,8,20,12,True,True,40106,23,74,8,11.0029
405,34,ok,9,23,14,True,True,40215,14,90,9,10.4279
406,34,ok,12,29,17,True,True,40325,17,74,12,9.8347
408,34,ok,6,17,11,True,True,40544,23,79,6,10.042
407,34,ok,15,41,26,True,True,40434,29,27,15,10.7387
409,34,ok,21,42,21,True,True,40654,22,29,21,10.9208
412,34,ok,6,19,13,True,True,40983,35,74,6,10.4837
410,34,ok,4,10,6,True,True,40763,16,329,4,11.3335
411,34,ok,33,84,51,True,True,40873,23,26,33,11.4064
414,34,ok,8,22,14,True,True,41202,21,78,8,11.5725
416,34,ok,12,38,26,True,True,41422,17,72,12,9.8738
415,34,ok,9,30,21,True,True,41312,16,91,9,11.1427
413,34,ok,15,39,24,True,True,41092,38,29,15,12.4161
420,34,ok,4,12,8,True,True,41861,19,322,4,10.8097
419,34,ok,21,59,38,True,True,41751,27,26,21,11.2696
418,34,ok,6,19,13,True,True,41641,21,78,6,11.3767
417,34,ok,15,37,22,True,True,41532,30,29,15,11.7373
422,34,ok,6,15,9,True,True,42081,22,78,6,10.9833
426,34,ok,12,28,16,True,True,42521,19,77,12,11.5009
428,34,ok,6,21,15,True,True,42741,24,73,6,11.7202
430,34,ok,4,9,5,True,True,42961,19,325,4,11.5288
427,34,ok,15,37,22,True,True,42631,40,30,15,12.2107
423,34,ok,15,31,16,True,True,42191,34,26,15,13.0205
429,34,ok,21,58,37,True,True,42851,38,29,21,12.2563
431,34,ok,33,85,52,True,True,43072,20,26,33,12.0247
425,34,ok,9,28,19,True,True,42411,19,95,9,13.0122
424,34,ok,8,20,12,True,True,42301,21,77,8,13.0873
433,34,ok,15,41,26,True,True,43292,34,26,15,11.0542
421,34,ok,33,93,60,True,True,41971,22,28,33,15.7208
432,34,ok,6,21,15,True,True,43182,26,80,6,13.5669
434,34,ok,8,22,14,True,True,43402,20,81,8,12.6236
435,34,ok,9,26,17,True,True,43513,19,91,9,12.1961
436,34,ok,12,36,24,True,True,43623,19,75,12,12.5421
437,34,ok,15,41,26,True,True,43733,39,28,15,12.4617
439,34,ok,21,51,30,True,True,43954,32,29,21,12.1746
440,34,ok,4,13,9,True,True,44064,14,320,4,12.6292
438,34,ok,6,15,9,True,True,43843,21,73,6,14.1798
441,34,ok,33,86,53,True,True,44175,20,27,33,13.0429
442,34,ok,6,21,15,True,True,44285,37,73,6,13.2994
443,34,ok,15,36,21,True,True,44395,25,26,15,12.9311
444,34,ok,8,23,15,True,True,44506,19,76,8,12.5848
445,34,ok,9,24,15,True,True,44616,16,94,9,12.5571
447,34,ok,15,33,18,True,True,44837,27,27,15,13.6353
446,34,ok,12,43,31,True,True,44727,15,82,12,14.0355
450,34,ok,4,7,3,True,True,45169,15,323,4,12.5615
449,34,ok,21,48,27,True,True,45059,26,26,21,12.6817
448,34,ok,6,12,6,True,True,44948,40,76,6,13.9286
452,34,ok,6,14,8,True,True,45390,23,72,6,13.6108
453,34,ok,15,45,30,True,True,45501,30,31,15,12.5148
451,34,ok,33,103,70,True,True,45280,19,26,33,14.3348
454,34,ok,8,18,10,True,True,45612,19,72,8,12.5607
455,34,ok,9,28,19,True,True,45723,16,95,9,13.7873
456,34,ok,12,36,24,True,True,45833,17,76,12,14.0851
459,34,ok,21,54,33,True,True,46166,26,27,21,13.7133
457,34,ok,15,39,24,True,True,45944,30,28,15,14.1269
458,34,ok,6,13,7,True,True,46055,25,76,6,14.1833
460,34,ok,4,9,5,True,True,46276,21,328,4,14.7175
461,34,ok,33,81,48,True,True,46387,19,25,33,14.8414
463,34,ok,15,37,22,True,True,46609,40,29,15,13.3719
465,34,ok,9,22,13,True,True,46831,15,102,9,14.3766
462,34,ok,6,15,9,True,True,46498,19,75,6,16.3665
466,34,ok,12,32,20,True,True,46942,18,75,12,14.4682
464,34,ok,8,18,10,True,True,46720,22,75,8,15.4552
467,34,ok,15,39,24,True,True,47053,28,27,15,15.2117
468,34,ok,6,12,6,True,True,47164,24,78,6,15.2984
470,34,ok,4,11,7,True,True,47386,17,317,4,14.4455
469,34,ok,21,57,36,True,True,47275,27,29,21,16.508
1,35,ok,34,34,0,True,True,76,2,3,34,0.0011
2,35,ok,4,4,0,True,True,127,5,7,4,0.0006
3,35,ok,16,19,3,True,True,184,6,5,16,0.0013
4,35,ok,4,5,1,True,True,245,4,18,4,0.0012
5,35,ok,18,25,7,True,True,308,7,8,18,0.0024
6,35,ok,4,9,5,True,True,374,5,12,4,0.0021
7,35,ok,20,32,12,True,True,442,7,7,20,0.0039
8,35,ok,4,6,2,True,True,512,4,41,4,0.003
9,35,ok,26,41,15,True,True,582,8,8,26,0.0061
10,35,ok,4,6,2,True,True,654,5,15,4,0.0041
11,35,ok,16,22,6,True,True,728,8,8,16,0.0065
12,35,ok,4,7,3,True,True,802,5,24,4,0.0055
13,35,ok,18,26,8,True,True,877,11,10,18,0.0085
14,35,ok,4,8,4,True,True,953,6,16,4,0.0072
15,35,ok,20,30,10,True,True,1029,9,10,20,0.0128
16,35,ok,4,10,6,True,True,1107,6,87,4,0.0119
17,35,ok,34,72,38,True,True,1185,6,12,34,0.0249
18,35,ok,4,10,6,True,True,1264,8,18,4,0.0125
19,35,ok,16,25,9,True,True,1343,11,11,16,0.0156
20,35,ok,4,8,4,True,True,1423,5,35,4,0.0136
21,35,ok,18,32,14,True,True,1504,7,11,18,0.0247
22,35,ok,4,8,4,True,True,1585,6,18,4,0.0163
23,35,ok,20,39,19,True,True,1666,9,12,20,0.0234
24,35,ok,4,9,5,True,True,1748,7,58,4,0.0185
25,35,ok,26,55,29,True,True,1830,8,13,26,0.0305
26,35,ok,4,7,3,True,True,1913,7,21,4,0.0222
27,35,ok,16,27,11,True,True,1997,14,14,16,0.0277
28,35,ok,4,10,6,True,True,2080,6,34,4,0.0247
29,35,ok,18,30,12,True,True,2164,13,11,18,0.032
30,35,ok,4,8,4,True,True,2249,7,20,4,0.0279
31,35,ok,20,40,20,True,True,2333,14,12,20,0.0393
32,35,ok,4,9,5,True,True,2419,7,123,4,0.0324
33,35,ok,34,60,26,True,True,2504,9,14,34,0.0507
34,35,ok,4,9,5,True,True,2590,10,22,4,0.0386
35,35,ok,16,24,8,True,True,2676,13,13,16,0.0432
36,35,ok,4,9,5,True,True,2762,7,37,4,0.0437
37,35,ok,18,34,16,True,True,2849,16,16,18,0.0499
38,35,ok,4,7,3,True,True,2936,9,21,4,0.0526
472,34,ok,6,16,10,True,True,47608,23,78,6,15.0645
39,35,ok,20,33,13,True,True,3023,11,15,20,0.0621
40,35,ok,4,8,4,True,True,3111,6,70,4,0.0606
41,35,ok,26,59,33,True,True,3199,11,17,26,0.0695
42,35,ok,4,10,6,True,True,3287,12,21,4,0.0544
44,35,ok,4,8,4,True,True,3464,7,43,4,0.0623
43,35,ok,16,29,13,True,True,3375,15,16,16,0.0776
46,35,ok,4,10,6,True,True,3642,8,26,4,0.0691
45,35,ok,18,43,25,True,True,3553,14,15,18,0.077
48,35,ok,4,10,6,True,True,3821,8,139,4,0.0764
47,35,ok,20,44,24,True,True,3731,12,14,20,0.0905
474,34,ok,8,21,13,True,True,47830,25,81,8,14.8793
50,35,ok,4,7,3,True,True,4000,10,25,4,0.0841
49,35,ok,34,75,41,True,True,3910,12,14,34,0.1134
52,35,ok,4,8,4,True,True,4181,10,47,4,0.0818
51,35,ok,16,35,19,True,True,4090,15,16,16,0.1244
53,35,ok,18,31,13,True,True,4271,16,17,18,0.1156
54,35,ok,4,10,6,True,True,4362,9,28,4,0.0921
55,35,ok,20,39,19,True,True,4453,15,14,20,0.1338
56,35,ok,4,10,6,True,True,4545,6,94,4,0.1092
57,35,ok,26,60,34,True,True,4636,12,16,26,0.1357
58,35,ok,4,9,5,True,True,4727,14,24,4,0.1082
59,35,ok,16,31,15,True,True,4819,16,15,16,0.1275
60,35,ok,4,7,3,True,True,4911,12,47,4,0.1281
61,35,ok,18,36,18,True,True,5003,22,18,18,0.1329
475,34,ok,9,28,19,True,True,47941,22,107,9,14.8937
62,35,ok,4,9,5,True,True,5096,9,25,4,0.1235
63,35,ok,20,40,20,True,True,5188,15,18,20,0.1532
64,35,ok,4,12,8,True,True,5281,7,154,4,0.1379
66,35,ok,4,10,6,True,True,5466,9,27,4,0.146
65,35,ok,34,74,40,True,True,5373,12,17,34,0.1679
473,34,ok,15,39,24,True,True,47719,33,28,15,15.6398
67,35,ok,16,33,17,True,True,5560,17,18,16,0.1703
68,35,ok,4,14,10,True,True,5653,8,46,4,0.1486
70,35,ok,4,7,3,True,True,5840,13,26,4,0.1525
69,35,ok,18,39,21,True,True,5746,16,18,18,0.1749
71,35,ok,20,38,18,True,True,5934,16,17,20,0.1944
72,35,ok,4,9,5,True,True,6028,8,93,4,0.174
73,35,ok,26,53,27,True,True,6122,12,17,26,0.1981
74,35,ok,4,8,4,True,True,6216,11,29,4,0.1789
75,35,ok,16,35,19,True,True,6310,13,19,16,0.2005
76,35,ok,4,9,5,True,True,6405,12,54,4,0.2165
78,35,ok,4,11,7,True,True,6594,10,28,4,0.1996
77,35,ok,18,45,27,True,True,6499,27,18,18,0.2417
79,35,ok,20,41,21,True,True,6689,15,17,20,0.2298
476,34,ok,12,31,19,True,True,48053,17,79,12,15.7733
80,35,ok,4,13,9,True,True,6784,10,170,4,0.6365
82,35,ok,4,13,9,True,True,6974,12,30,4,1.1576
81,35,ok,34,77,43,True,True,6879,14,19,34,1.2268
83,35,ok,16,32,16,True,True,7070,19,22,16,1.2066
84,35,ok,4,8,4,True,True,7165,10,51,4,1.1692
86,35,ok,4,11,7,True,True,7357,10,32,4,0.7735
85,35,ok,18,38,20,True,True,7261,21,18,18,0.8633
87,35,ok,20,42,22,True,True,7453,16,18,20,0.278
88,35,ok,4,9,5,True,True,7549,10,91,4,0.2733
480,34,ok,4,15,11,True,True,48498,15,316,4,14.9878
90,35,ok,4,10,6,True,True,7741,9,33,4,0.3215
89,35,ok,26,57,31,True,True,7645,14,19,26,0.3362
92,35,ok,4,12,8,True,True,7934,8,56,4,0.2759
91,35,ok,16,30,14,True,True,7838,19,19,16,0.3309
479,34,ok,21,53,32,True,True,48386,24,27,21,15.1789
93,35,ok,18,39,21,True,True,8031,21,19,18,0.3116
94,35,ok,4,10,6,True,True,8127,8,30,4,0.3063
95,35,ok,20,43,23,True,True,8224,18,20,20,0.3308
96,35,ok,4,10,6,True,True,8321,8,176,4,0.3198
98,35,ok,4,19,15,True,True,8516,15,32,4,0.3241
97,35,ok,34,85,51,True,True,8418,11,20,34,0.4068
99,35,ok,16,33,17,True,True,8613,15,20,16,0.36
100,35,ok,4,15,11,True,True,8710,7,52,4,0.3886
478,34,ok,6,15,9,True,True,48275,27,82,6,15.8852
101,35,ok,18,41,23,True,True,8808,21,19,18,0.3828
102,35,ok,4,10,6,True,True,8905,11,30,4,0.4167
104,35,ok,4,8,4,True,True,9101,9,100,4,0.362
477,34,ok,15,42,27,True,True,48164,30,29,15,16.3653
103,35,ok,20,37,17,True,True,9003,18,21,20,0.4237
105,35,ok,26,62,36,True,True,9199,18,20,26,0.4212
106,35,ok,4,12,8,True,True,9297,10,32,4,0.416
107,35,ok,16,37,21,True,True,9395,20,21,16,0.4595
109,35,ok,18,48,30,True,True,9592,18,20,18,0.4657
110,35,ok,4,12,8,True,True,9690,9,31,4,0.4269
471,34,ok,33,98,65,True,True,47497,20,27,33,19.701
112,35,ok,4,11,7,True,True,9887,9,180,4,0.427
111,35,ok,20,49,29,True,True,9789,14,22,20,0.4736
108,35,ok,4,9,5,True,True,9493,10,56,4,0.6176
114,35,ok,4,13,9,True,True,10085,11,32,4,0.4549
115,35,ok,16,36,20,True,True,10184,21,20,16,0.4804
113,35,ok,34,86,52,True,True,9986,13,19,34,0.5537
116,35,ok,4,10,6,True,True,10283,10,58,4,0.4781
117,35,ok,18,38,20,True,True,10382,15,20,18,0.5191
118,35,ok,4,15,11,True,True,10481,12,32,4,0.5111
119,35,ok,20,36,16,True,True,10580,27,19,20,0.5314
122,35,ok,4,8,4,True,True,10878,12,35,4,0.5326
121,35,ok,26,57,31,True,True,10779,14,20,26,0.5583
124,35,ok,4,10,6,True,True,11078,12,59,4,0.5539
123,35,ok,16,32,16,True,True,10978,18,19,16,0.6586
125,35,ok,18,43,25,True,True,11177,21,22,18,0.5953
120,35,ok,4,11,7,True,True,10679,12,110,4,0.742
126,35,ok,4,13,9,True,True,11277,11,31,4,0.609
127,35,ok,20,47,27,True,True,11377,18,19,20,0.6334
128,35,ok,4,9,5,True,True,11477,12,186,4,0.6018
481,34,ok,33,84,51,True,True,48609,24,27,33,16.2141
130,35,ok,4,10,6,True,True,11678,12,32,4,0.604
482,34,ok,6,11,5,True,True,48720,28,80,6,16.7287
129,35,ok,34,76,42,True,True,11577,14,20,34,1.563
132,35,ok,4,9,5,True,True,11878,11,61,4,1.4138
131,35,ok,16,32,16,True,True,11778,21,22,16,1.4942
133,35,ok,18,39,21,True,True,11979,21,21,18,1.49
134,35,ok,4,10,6,True,True,12079,10,34,4,1.4885
135,35,ok,20,36,16,True,True,12180,21,21,20,1.4786
138,35,ok,4,12,8,True,True,12482,9,32,4,1.5201
137,35,ok,26,66,40,True,True,12381,21,20,26,1.5821
140,35,ok,4,11,7,True,True,12684,11,61,4,1.5093
483,34,ok,15,39,24,True,True,48832,38,28,15,17.0588
139,35,ok,16,35,19,True,True,12583,20,21,16,1.6898
141,35,ok,18,42,24,True,True,12785,23,21,18,1.5643
136,35,ok,4,9,5,True,True,12280,13,103,4,1.9068
142,35,ok,4,10,6,True,True,12886,11,30,4,0.7202
485,34,ok,9,25,16,True,True,49054,20,92,9,16.7834
144,35,ok,4,9,5,True,True,13088,11,196,4,0.742
484,34,ok,8,23,15,True,True,48943,29,79,8,16.9252
143,35,ok,20,46,26,True,True,12987,16,19,20,0.8893
146,35,ok,4,10,6,True,True,13291,12,35,4,0.7728
488,34,ok,6,18,12,True,True,49388,27,79,6,14.994
145,35,ok,34,79,45,True,True,13190,15,20,34,0.9248
148,35,ok,4,13,9,True,True,13494,14,60,4,0.8145
147,35,ok,16,31,15,True,True,13393,23,20,16,0.9017
486,34,ok,12,35,23,True,True,49166,19,79,12,15.7886
149,35,ok,18,40,22,True,True,13596,16,22,18,0.9103
150,35,ok,4,10,6,True,True,13698,12,35,4,0.9144
487,34,ok,15,38,23,True,True,49277,37,30,15,15.4206
151,35,ok,20,47,27,True,True,13799,18,22,20,0.8993
154,35,ok,4,8,4,True,True,14105,11,33,4,0.8582
153,35,ok,26,52,26,True,True,14003,18,22,26,0.9659
156,35,ok,4,11,7,True,True,14309,11,62,4,0.9356
158,35,ok,4,12,8,True,True,14514,13,36,4,0.9785
157,35,ok,18,37,19,True,True,14412,17,20,18,0.9883
155,35,ok,16,32,16,True,True,14207,22,22,16,1.1243
152,35,ok,4,11,7,True,True,13901,10,112,4,1.2782
159,35,ok,20,44,24,True,True,14616,18,20,20,1.0775
489,34,ok,21,51,30,True,True,49500,29,28,21,15.6575
160,35,ok,4,11,7,True,True,14719,8,216,4,1.0372
162,35,ok,4,12,8,True,True,14923,11,33,4,1.0316
161,35,ok,34,78,44,True,True,14821,14,21,34,1.0833
163,35,ok,16,40,24,True,True,15026,20,23,16,1.0552
164,35,ok,4,10,6,True,True,15129,13,61,4,1.0159
166,35,ok,4,12,8,True,True,15334,11,34,4,1.0806
165,35,ok,18,38,20,True,True,15231,32,21,18,1.1552
167,35,ok,20,38,18,True,True,15437,20,21,20,1.1134
168,35,ok,4,10,6,True,True,15540,12,111,4,1.0995
170,35,ok,4,8,4,True,True,15746,17,37,4,1.0763
169,35,ok,26,52,26,True,True,15643,22,23,26,1.1889
172,35,ok,4,9,5,True,True,15952,15,65,4,1.0969
171,35,ok,16,40,24,True,True,15849,16,24,16,1.2746
173,35,ok,18,39,21,True,True,16055,16,19,18,1.2212
491,34,ok,33,94,61,True,True,49723,20,29,33,15.9541
174,35,ok,4,13,9,True,True,16159,12,39,4,1.2334
175,35,ok,20,49,29,True,True,16262,18,22,20,1.2905
176,35,ok,4,13,9,True,True,16365,13,217,4,1.2684
179,35,ok,16,35,19,True,True,16676,26,22,16,1.2668
180,35,ok,4,8,4,True,True,16780,14,71,4,1.6454
178,35,ok,4,7,3,True,True,16572,13,35,4,2.1425
184,35,ok,4,15,11,True,True,17195,11,113,4,2.2007
182,35,ok,4,12,8,True,True,16987,13,38,4,2.2869
181,35,ok,18,47,29,True,True,16883,21,24,18,2.335
183,35,ok,20,45,25,True,True,17091,18,22,20,2.3024
490,34,ok,4,10,6,True,True,49611,23,349,4,18.0747
492,34,ok,6,14,8,True,True,49834,37,81,6,17.3181
177,35,ok,34,89,55,True,True,16469,18,23,34,2.7273
186,35,ok,4,9,5,True,True,17403,12,37,4,2.283
185,35,ok,26,57,31,True,True,17299,17,21,26,2.4248
189,35,ok,18,40,22,True,True,17715,21,23,18,2.3096
188,35,ok,4,7,3,True,True,17611,15,63,4,2.3265
187,35,ok,16,35,19,True,True,17507,23,22,16,2.3722
190,35,ok,4,7,3,True,True,17819,13,38,4,2.415
191,35,ok,20,47,27,True,True,17923,16,23,20,2.3416
192,35,ok,4,11,7,True,True,18028,11,212,4,2.4892
194,35,ok,4,8,4,True,True,18236,14,37,4,2.4161
494,34,ok,8,25,17,True,True,50057,23,76,8,16.6105
193,35,ok,34,83,49,True,True,18132,16,23,34,2.5345
196,35,ok,4,12,8,True,True,18445,14,66,4,2.4596
195,35,ok,16,30,14,True,True,18341,23,22,16,2.5401
198,35,ok,4,9,5,True,True,18655,17,40,4,2.4586
197,35,ok,18,38,20,True,True,18550,36,23,18,2.6005
199,35,ok,20,54,34,True,True,18759,24,21,20,2.1108
200,35,ok,4,12,8,True,True,18864,13,117,4,1.6955
496,34,ok,12,29,17,True,True,50281,22,78,12,16.6456
201,35,ok,26,56,30,True,True,18969,19,24,26,1.6454
204,35,ok,4,7,3,True,True,19284,10,66,4,1.6177
202,35,ok,4,9,5,True,True,19074,14,36,4,1.699
203,35,ok,16,30,14,True,True,19179,26,23,16,1.7365
205,35,ok,18,39,21,True,True,19389,41,22,18,1.679
206,35,ok,4,15,11,True,True,19494,11,38,4,1.7094
208,35,ok,4,13,9,True,True,19704,11,214,4,1.6735
210,35,ok,4,12,8,True,True,19914,11,37,4,1.7639
211,35,ok,16,38,22,True,True,20020,25,23,16,1.7634
212,35,ok,4,11,7,True,True,20125,15,65,4,1.767
209,35,ok,34,95,61,True,True,19809,13,22,34,1.9752
495,34,ok,9,31,22,True,True,50169,18,94,9,17.8649
207,35,ok,20,39,19,True,True,19599,22,23,20,2.1935
213,35,ok,18,41,23,True,True,20231,16,22,18,1.8475
214,35,ok,4,12,8,True,True,20336,12,38,4,1.8168
493,34,ok,15,33,18,True,True,49946,34,33,15,19.5971
216,35,ok,4,11,7,True,True,20547,11,115,4,2.7158
498,34,ok,6,19,13,True,True,50504,26,77,6,17.8702
215,35,ok,20,45,25,True,True,20441,18,22,20,2.9707
218,35,ok,4,8,4,True,True,20758,20,39,4,2.9878
217,35,ok,26,61,35,True,True,20653,15,24,26,3.077
219,35,ok,16,37,21,True,True,20864,25,25,16,2.964
220,35,ok,4,10,6,True,True,20970,12,67,4,2.9572
221,35,ok,18,46,28,True,True,21076,23,24,18,2.9047
222,35,ok,4,13,9,True,True,21181,11,41,4,2.9201
223,35,ok,20,48,28,True,True,21287,22,22,20,2.9697
224,35,ok,4,10,6,True,True,21393,14,218,4,3.1318
226,35,ok,4,15,11,True,True,21605,11,41,4,3.0071
500,34,ok,4,15,11,True,True,50727,24,325,4,16.2774
227,35,ok,16,34,18,True,True,21711,23,25,16,3.0883
228,35,ok,4,9,5,True,True,21817,11,69,4,3.0775
230,35,ok,4,13,9,True,True,22030,12,41,4,3.0347
499,34,ok,21,53,32,True,True,50616,26,31,21,18.1058
231,35,ok,20,44,24,True,True,22136,23,21,20,3.1182
232,35,ok,4,8,4,True,True,22242,13,118,4,3.1517
229,35,ok,18,39,21,True,True,21924,22,24,18,3.3428
225,35,ok,34,78,44,True,True,21499,16,24,34,3.6448
234,35,ok,4,8,4,True,True,22455,16,36,4,3.113
233,35,ok,26,69,43,True,True,22349,15,25,26,3.1415
235,35,ok,16,34,18,True,True,22562,29,28,16,3.2139
237,35,ok,18,37,19,True,True,22775,26,24,18,3.152
497,34,ok,15,34,19,True,True,50392,24,25,15,20.2756
236,35,ok,4,11,7,True,True,22668,11,76,4,3.3481
240,35,ok,4,12,8,True,True,23094,17,219,4,3.1741
239,35,ok,20,42,22,True,True,22988,20,22,20,3.2777
242,35,ok,4,9,5,True,True,23308,13,39,4,2.3652
238,35,ok,4,18,14,True,True,22881,10,38,4,3.8438
243,35,ok,16,34,18,True,True,23415,22,24,16,2.4391
244,35,ok,4,13,9,True,True,23522,16,67,4,2.5215
241,35,ok,34,95,61,True,True,23201,16,23,34,4.12
246,35,ok,4,11,7,True,True,23735,13,42,4,2.6163
248,35,ok,4,12,8,True,True,23949,10,126,4,2.6265
247,35,ok,20,47,27,True,True,23842,20,23,20,2.6446
245,35,ok,18,40,22,True,True,23628,28,24,18,2.7392
249,35,ok,26,48,22,True,True,24056,23,22,26,2.6474
251,35,ok,16,34,18,True,True,24271,26,23,16,2.5488
250,35,ok,4,10,6,True,True,24163,11,38,4,2.6268
252,35,ok,4,13,9,True,True,24378,11,66,4,3.6832
253,35,ok,18,39,21,True,True,24485,18,23,18,3.6553
254,35,ok,4,7,3,True,True,24592,15,40,4,3.7159
255,35,ok,20,51,31,True,True,24700,23,23,20,3.748
256,35,ok,4,11,7,True,True,24807,13,232,4,3.7545
257,35,ok,34,89,55,True,True,24914,15,25,34,3.8629
258,35,ok,4,9,5,True,True,25022,10,43,4,3.8285
259,35,ok,16,38,22,True,True,25129,28,23,16,3.7951
260,35,ok,4,7,3,True,True,25237,11,70,4,3.7925
261,35,ok,18,54,36,True,True,25344,29,24,18,3.974
264,35,ok,4,12,8,True,True,25667,10,128,4,3.779
263,35,ok,20,47,27,True,True,25559,22,25,20,3.9736
266,35,ok,4,11,7,True,True,25883,14,41,4,3.8053
265,35,ok,26,67,41,True,True,25775,20,24,26,4.0539
267,35,ok,16,42,26,True,True,25990,25,25,16,4.0471
262,35,ok,4,10,6,True,True,25452,13,36,4,4.4798
269,35,ok,18,48,30,True,True,26206,23,25,18,3.9606
270,35,ok,4,8,4,True,True,26314,17,41,4,4.0081
268,35,ok,4,11,7,True,True,26098,10,72,4,4.3419
271,35,ok,20,45,25,True,True,26422,21,26,20,4.1603
273,35,ok,34,78,44,True,True,26638,16,24,34,4.3266
274,35,ok,4,11,7,True,True,26746,14,42,4,4.3983
280,35,ok,4,7,3,True,True,27395,18,124,4,4.2426
276,35,ok,4,10,6,True,True,26962,18,66,4,4.3332
278,35,ok,4,15,11,True,True,27179,19,37,4,4.3214
275,35,ok,16,42,26,True,True,26854,24,24,16,4.518
281,35,ok,26,73,47,True,True,27503,18,27,26,5.3047
277,35,ok,18,36,18,True,True,27070,26,25,18,5.4367
272,35,ok,4,15,11,True,True,26530,13,255,4,5.9798
282,35,ok,4,8,4,True,True,27612,16,42,4,5.3573
279,35,ok,20,47,27,True,True,27287,19,22,20,5.5757
284,35,ok,4,11,7,True,True,27829,15,72,4,4.4232
283,35,ok,16,36,20,True,True,27720,24,24,16,4.4853
288,35,ok,4,14,10,True,True,28263,14,237,4,4.5003
287,35,ok,20,51,31,True,True,28154,29,25,20,4.6626
286,35,ok,4,10,6,True,True,28046,13,46,4,4.7016
290,35,ok,4,14,10,True,True,28480,13,38,4,4.6468
285,35,ok,18,40,22,True,True,27937,23,23,18,5.2048
291,35,ok,16,39,23,True,True,28589,25,23,16,4.7119
293,35,ok,18,45,27,True,True,28806,34,25,18,4.6767
289,35,ok,34,87,53,True,True,28371,17,24,34,5.1249
294,35,ok,4,17,13,True,True,28915,15,43,4,4.6215
292,35,ok,4,10,6,True,True,28697,15,68,4,5.0005
296,35,ok,4,11,7,True,True,29133,16,127,4,4.6408
298,35,ok,4,10,6,True,True,29350,11,43,4,4.7321
299,35,ok,16,38,22,True,True,29459,23,24,16,4.7282
300,35,ok,4,9,5,True,True,29568,14,69,4,4.7463
297,35,ok,26,64,38,True,True,29241,20,24,26,4.9709
302,35,ok,4,13,9,True,True,29787,12,40,4,4.8084
295,35,ok,20,53,33,True,True,29024,32,23,20,5.853
301,35,ok,18,43,25,True,True,29677,27,24,18,5.2991
303,35,ok,20,36,16,True,True,29896,27,25,20,5.0658
304,35,ok,4,15,11,True,True,30005,11,237,4,6.1304
306,35,ok,4,10,6,True,True,30223,13,43,4,5.9341
308,35,ok,4,9,5,True,True,30442,13,70,4,5.8987
305,35,ok,34,93,59,True,True,30114,20,23,34,6.1044
307,35,ok,16,32,16,True,True,30332,30,24,16,6.1699
309,35,ok,18,35,17,True,True,30551,19,26,18,5.1318
310,35,ok,4,13,9,True,True,30660,11,42,4,5.5644
312,35,ok,4,9,5,True,True,30879,12,134,4,5.5449
315,35,ok,16,46,30,True,True,31208,22,25,16,5.2573
314,35,ok,4,13,9,True,True,31098,14,41,4,5.3289
313,35,ok,26,63,37,True,True,30989,20,24,26,5.6968
311,35,ok,20,53,33,True,True,30770,25,25,20,6.1585
317,35,ok,18,46,28,True,True,31427,33,26,18,5.557
316,35,ok,4,20,16,True,True,31317,11,71,4,5.6512
318,35,ok,4,11,7,True,True,31536,16,45,4,5.6298
319,35,ok,20,50,30,True,True,31646,21,26,20,5.5265
322,35,ok,4,11,7,True,True,31975,16,42,4,5.4041
321,35,ok,34,89,55,True,True,31865,16,26,34,6.465
324,35,ok,4,8,4,True,True,32195,12,70,4,6.4261
320,35,ok,4,10,6,True,True,31756,16,264,4,6.984
323,35,ok,16,40,24,True,True,32085,28,26,16,6.7625
328,35,ok,4,11,7,True,True,32634,12,133,4,6.4555
325,35,ok,18,45,27,True,True,32305,37,26,18,6.8501
326,35,ok,4,14,10,True,True,32415,14,42,4,6.8153
327,35,ok,20,57,37,True,True,32524,19,27,20,6.7676
330,35,ok,4,14,10,True,True,32854,12,43,4,6.8383
329,35,ok,26,62,36,True,True,32744,20,25,26,7.1396
331,35,ok,16,36,20,True,True,32964,23,27,16,6.843
332,35,ok,4,11,7,True,True,33074,12,83,4,6.8663
333,35,ok,18,38,20,True,True,33185,25,27,18,7.1388
334,35,ok,4,15,11,True,True,33295,13,40,4,6.8737
335,35,ok,20,50,30,True,True,33405,25,26,20,6.2753
336,35,ok,4,12,8,True,True,33515,11,242,4,6.2377
338,35,ok,4,11,7,True,True,33736,18,44,4,6.1096
339,35,ok,16,35,19,True,True,33846,37,28,16,6.2709
337,35,ok,34,88,54,True,True,33625,18,26,34,6.5687
340,35,ok,4,7,3,True,True,33956,20,71,4,6.3558
342,35,ok,4,12,8,True,True,34177,18,46,4,6.9335
343,35,ok,20,53,33,True,True,34287,21,24,20,7.4613
341,35,ok,18,45,27,True,True,34067,20,23,18,7.7008
345,35,ok,26,72,46,True,True,34508,27,28,26,7.5369
344,35,ok,4,8,4,True,True,34398,17,131,4,7.6015
346,35,ok,4,12,8,True,True,34619,13,40,4,7.4671
348,35,ok,4,19,15,True,True,34840,16,72,4,7.3912
349,35,ok,18,39,21,True,True,34950,25,26,18,7.4194
347,35,ok,16,45,29,True,True,34729,26,28,16,7.789
351,35,ok,20,43,23,True,True,35172,23,26,20,7.5479
350,35,ok,4,9,5,True,True,35061,14,42,4,8.0205
352,35,ok,4,10,6,True,True,35282,17,255,4,7.159
355,35,ok,16,45,29,True,True,35615,22,28,16,6.8435
354,35,ok,4,12,8,True,True,35504,17,43,4,6.8929
358,35,ok,4,9,5,True,True,35947,12,42,4,6.788
353,35,ok,34,93,59,True,True,35393,18,24,34,7.5048
356,35,ok,4,11,7,True,True,35725,15,73,4,7.0509
357,35,ok,18,41,23,True,True,35836,32,26,18,8.0607
359,35,ok,20,56,36,True,True,36058,19,33,20,8.005
360,35,ok,4,16,12,True,True,36169,18,141,4,7.9179
362,35,ok,4,9,5,True,True,36391,13,43,4,8.0026
363,35,ok,16,44,28,True,True,36502,26,28,16,8.041
361,35,ok,26,72,46,True,True,36280,24,25,26,8.4041
364,35,ok,4,12,8,True,True,36613,15,76,4,8.0781
365,35,ok,18,38,20,True,True,36724,22,25,18,8.2046
368,35,ok,4,14,10,True,True,37057,15,255,4,8.1145
367,35,ok,20,48,28,True,True,36946,23,28,20,8.2319
366,35,ok,4,14,10,True,True,36835,18,43,4,8.4265
370,35,ok,4,12,8,True,True,37280,20,44,4,8.2016
371,35,ok,16,39,23,True,True,37391,21,31,16,8.2711
369,35,ok,34,95,61,True,True,37168,21,25,34,8.4521
372,35,ok,4,9,5,True,True,37502,16,73,4,7.3581
373,35,ok,18,53,35,True,True,37613,36,26,18,8.2984
376,35,ok,4,11,7,True,True,37947,16,149,4,8.3638
374,35,ok,4,8,4,True,True,37725,18,46,4,8.5236
375,35,ok,20,43,23,True,True,37836,26,26,20,8.6977
377,35,ok,26,72,46,True,True,38059,23,28,26,8.9293
378,35,ok,4,13,9,True,True,38170,16,46,4,8.682
380,35,ok,4,15,11,True,True,38393,14,72,4,8.5803
379,35,ok,16,35,19,True,True,38282,26,26,16,9.0087
381,35,ok,18,49,31,True,True,38505,24,24,18,8.9786
382,35,ok,4,13,9,True,True,38616,14,41,4,9.1272
384,35,ok,4,9,5,True,True,38839,13,244,4,10.2072
383,35,ok,20,56,36,True,True,38728,24,26,20,10.6298
387,35,ok,16,28,12,True,True,39174,29,26,16,9.9888
388,35,ok,4,13,9,True,True,39286,16,71,4,9.9866
385,35,ok,34,83,49,True,True,38951,19,24,34,10.6561
389,35,ok,18,46,28,True,True,39398,27,29,18,9.3422
386,35,ok,4,12,8,True,True,39063,14,45,4,10.5988
390,35,ok,4,11,7,True,True,39510,19,44,4,9.4903
391,35,ok,20,53,33,True,True,39621,26,27,20,9.61
392,35,ok,4,13,9,True,True,39733,14,148,4,9.3449
394,35,ok,4,14,10,True,True,39957,15,44,4,9.4548
393,35,ok,26,69,43,True,True,39845,23,25,26,9.704
395,35,ok,16,38,22,True,True,40069,25,26,16,10.7634
396,35,ok,4,13,9,True,True,40181,13,73,4,10.8276
399,35,ok,20,46,26,True,True,40517,21,30,20,10.5691
398,35,ok,4,15,11,True,True,40405,17,44,4,10.7887
401,35,ok,34,98,64,True,True,40741,16,26,34,10.7625
402,35,ok,4,11,7,True,True,40853,17,43,4,11.0136
397,35,ok,18,43,25,True,True,40293,26,29,18,11.8895
404,35,ok,4,12,8,True,True,41077,15,73,4,9.7111
405,35,ok,18,43,25,True,True,41189,31,25,18,9.6419
400,35,ok,4,13,9,True,True,40629,19,257,4,11.9352
403,35,ok,16,37,21,True,True,40965,31,29,16,12.0511
406,35,ok,4,12,8,True,True,41301,18,42,4,10.1824
409,35,ok,26,61,35,True,True,41638,20,29,26,11.0098
411,35,ok,16,38,22,True,True,41863,36,28,16,10.7871
408,35,ok,4,8,4,True,True,41526,14,136,4,11.3461
407,35,ok,20,49,29,True,True,41413,33,30,20,11.9276
410,35,ok,4,14,10,True,True,41750,15,47,4,11.2786
412,35,ok,4,12,8,True,True,41975,17,77,4,11.1653
414,35,ok,4,11,7,True,True,42200,14,47,4,10.05
416,35,ok,4,12,8,True,True,42424,17,268,4,10.3059
413,35,ok,18,56,38,True,True,42087,21,26,18,12.1057
418,35,ok,4,12,8,True,True,42649,14,44,4,10.1314
415,35,ok,20,50,30,True,True,42312,31,27,20,10.4139
417,35,ok,34,88,54,True,True,42537,18,27,34,11.9835
419,35,ok,16,35,19,True,True,42762,29,26,16,11.7668
420,35,ok,4,7,3,True,True,42874,20,76,4,11.8724
422,35,ok,4,13,9,True,True,43100,17,47,4,11.6446
423,35,ok,20,56,36,True,True,43212,25,27,20,11.4217
421,35,ok,18,36,18,True,True,42987,25,27,18,12.7647
424,35,ok,4,17,13,True,True,43325,12,144,4,11.8849
425,35,ok,26,64,38,True,True,43437,20,28,26,11.8216
426,35,ok,4,11,7,True,True,43550,15,45,4,10.8634
430,35,ok,4,12,8,True,True,44001,13,44,4,11.4979
427,35,ok,16,40,24,True,True,43663,30,26,16,13.1064
429,35,ok,18,43,25,True,True,43888,27,28,18,12.7276
428,35,ok,4,9,5,True,True,43776,21,72,4,12.819
431,35,ok,20,46,26,True,True,44114,25,26,20,12.3562
434,35,ok,4,14,10,True,True,44452,12,42,4,11.9516
433,35,ok,34,91,57,True,True,44340,19,28,34,12.1888
432,35,ok,4,11,7,True,True,44227,15,256,4,12.6214
435,35,ok,16,35,19,True,True,44565,37,27,16,13.6667
437,35,ok,18,42,24,True,True,44791,41,26,18,13.3448
436,35,ok,4,11,7,True,True,44678,19,75,4,13.4823
438,35,ok,4,13,9,True,True,44904,13,41,4,12.4563
440,35,ok,4,14,10,True,True,45130,11,144,4,12.4702
439,35,ok,20,52,32,True,True,45017,29,27,20,13.2504
442,35,ok,4,12,8,True,True,45356,14,42,4,13.0386
441,35,ok,26,66,40,True,True,45243,26,30,26,13.2791
443,35,ok,16,35,19,True,True,45469,29,26,16,13.0365
446,35,ok,4,10,6,True,True,45809,17,43,4,12.1984
444,35,ok,4,14,10,True,True,45582,16,77,4,13.2685
445,35,ok,18,35,17,True,True,45696,42,30,18,13.6165
448,35,ok,4,13,9,True,True,46035,13,272,4,13.7381
447,35,ok,20,49,29,True,True,45922,22,25,20,14.463
450,35,ok,4,9,5,True,True,46262,20,47,4,12.8722
451,35,ok,16,40,24,True,True,46375,24,28,16,13.0191
449,35,ok,34,95,61,True,True,46148,20,27,34,13.3788
452,35,ok,4,13,9,True,True,46488,17,78,4,13.0
454,35,ok,4,12,8,True,True,46715,20,45,4,13.0658
453,35,ok,18,48,30,True,True,46602,24,30,18,14.5123
456,35,ok,4,13,9,True,True,46942,14,147,4,13.8084
455,35,ok,20,48,28,True,True,46828,25,27,20,14.4286
457,35,ok,26,70,44,True,True,47055,27,28,26,15.3283
458,35,ok,4,11,7,True,True,47168,16,45,4,13.3342
461,35,ok,18,44,26,True,True,47509,43,26,18,15.0423
459,35,ok,16,38,22,True,True,47282,24,28,16,15.4999
460,35,ok,4,14,10,True,True,47395,22,80,4,15.4944
463,35,ok,20,51,31,True,True,47736,30,27,20,15.3731
464,35,ok,4,8,4,True,True,47850,24,277,4,15.3573
468,35,ok,4,9,5,True,True,48304,20,78,4,13.5158
467,35,ok,16,39,23,True,True,48190,32,32,16,14.3717
462,35,ok,4,10,6,True,True,47622,13,41,4,16.5616
466,35,ok,4,11,7,True,True,48077,16,46,4,14.8371
469,35,ok,18,42,24,True,True,48418,34,27,18,14.0637
470,35,ok,4,10,6,True,True,48531,20,46,4,15.5059
465,35,ok,34,100,66,True,True,47963,18,26,34,18.4024
1,36,ok,35,35,0,True,True,78,2,3,35,0.0012
2,36,ok,6,7,1,True,True,131,4,12,6,0.0007
3,36,ok,12,20,8,True,True,189,3,11,12,0.0014
4,36,ok,8,15,7,True,True,251,3,24,8,0.0015
5,36,ok,25,38,13,True,True,317,5,6,25,0.0031
6,36,ok,4,8,4,True,True,384,4,46,4,0.0024
7,36,ok,28,44,16,True,True,454,7,7,28,0.0049
8,36,ok,6,12,6,True,True,525,5,32,6,0.014
9,36,ok,15,29,14,True,True,597,6,18,15,0.0064
10,36,ok,8,13,5,True,True,671,6,24,8,0.0145
11,36,ok,22,42,20,True,True,746,9,8,22,0.0122
12,36,ok,4,11,7,True,True,822,7,103,4,0.0058
13,36,ok,35,69,34,True,True,899,7,8,35,0.0264
14,36,ok,6,10,4,True,True,977,9,22,6,0.0076
15,36,ok,12,22,10,True,True,1055,7,19,12,0.0149
16,36,ok,8,15,7,True,True,1135,7,48,8,0.0167
17,36,ok,25,46,21,True,True,1215,13,10,25,0.0216
18,36,ok,4,9,5,True,True,1295,6,64,4,0.0115
19,36,ok,28,58,30,True,True,1377,10,11,28,0.0305
20,36,ok,6,12,6,True,True,1459,5,43,6,0.0158
21,36,ok,15,34,19,True,True,1541,6,22,15,0.0246
22,36,ok,8,19,11,True,True,1624,9,30,8,0.0239
23,36,ok,22,43,21,True,True,1707,15,10,22,0.0357
24,36,ok,4,10,6,True,True,1791,7,135,4,0.035
25,36,ok,35,67,32,True,True,1876,9,10,35,0.0375
26,36,ok,6,13,7,True,True,1961,11,31,6,0.0244
27,36,ok,12,24,12,True,True,2046,9,29,12,0.0298
28,36,ok,8,19,11,True,True,2132,10,52,8,0.0286
29,36,ok,25,51,26,True,True,2218,13,14,25,0.0423
473,35,ok,26,70,44,True,True,48873,28,28,26,15.3352
30,36,ok,4,7,3,True,True,2304,6,97,4,0.0281
32,36,ok,6,12,6,True,True,2478,8,52,6,0.033
31,36,ok,28,53,25,True,True,2391,15,12,28,0.0437
33,36,ok,15,30,15,True,True,2566,9,25,15,0.0395
34,36,ok,8,19,11,True,True,2653,10,32,8,0.0385
36,36,ok,4,11,7,True,True,2830,10,160,4,0.0417
35,36,ok,22,49,27,True,True,2742,12,13,22,0.0496
38,36,ok,6,16,10,True,True,3008,10,34,6,0.0468
37,36,ok,35,71,36,True,True,2919,9,14,35,0.0621
39,36,ok,12,29,17,True,True,3097,10,28,12,0.0535
40,36,ok,8,25,17,True,True,3187,8,52,8,0.0549
474,35,ok,4,13,9,True,True,48986,17,45,4,15.2191
41,36,ok,25,49,24,True,True,3277,11,15,25,0.0666
42,36,ok,4,12,8,True,True,3367,11,96,4,0.0614
44,36,ok,6,11,5,True,True,3548,17,60,6,0.0605
43,36,ok,28,55,27,True,True,3458,12,15,28,0.0749
45,36,ok,15,41,26,True,True,3639,12,28,15,0.0952
46,36,ok,8,24,16,True,True,3730,11,34,8,0.0807
47,36,ok,22,44,22,True,True,3822,13,13,22,0.0854
48,36,ok,4,11,7,True,True,3914,8,180,4,0.0843
471,35,ok,20,47,27,True,True,48645,25,27,20,16.0497
50,36,ok,6,14,8,True,True,4098,9,37,6,0.0786
49,36,ok,35,83,48,True,True,4005,12,14,35,0.1338
52,36,ok,8,15,7,True,True,4282,10,73,8,0.0878
51,36,ok,12,25,13,True,True,4190,11,30,12,0.1199
53,36,ok,25,55,30,True,True,4375,16,13,25,0.1148
54,36,ok,4,9,5,True,True,4468,9,96,4,0.1267
55,36,ok,28,68,40,True,True,4561,13,16,28,0.1234
56,36,ok,6,15,9,True,True,4655,11,66,6,0.1323
57,36,ok,15,40,25,True,True,4748,12,33,15,0.1594
58,36,ok,8,17,9,True,True,4842,12,42,8,0.1296
59,36,ok,22,55,33,True,True,4936,15,13,22,0.1557
60,36,ok,4,8,4,True,True,5030,11,190,4,0.1873
62,36,ok,6,12,6,True,True,5219,15,40,6,0.1267
63,36,ok,12,24,12,True,True,5314,11,31,12,0.1334
61,36,ok,35,84,49,True,True,5124,11,14,35,0.2224
64,36,ok,8,16,8,True,True,5408,10,68,8,0.1713
65,36,ok,25,57,32,True,True,5504,22,15,25,0.1612
66,36,ok,4,8,4,True,True,5599,15,109,4,0.1382
67,36,ok,28,62,34,True,True,5694,12,17,28,0.1745
68,36,ok,6,18,12,True,True,5790,13,70,6,0.168
69,36,ok,15,33,18,True,True,5885,12,33,15,0.1764
70,36,ok,8,19,11,True,True,5981,9,42,8,0.1668
71,36,ok,22,50,28,True,True,6077,18,15,22,0.1892
72,36,ok,4,11,7,True,True,6173,8,200,4,0.1679
74,36,ok,6,15,9,True,True,6366,18,39,6,0.194
73,36,ok,35,82,47,True,True,6269,16,15,35,0.2242
478,35,ok,4,10,6,True,True,49442,22,48,4,15.3325
75,36,ok,12,35,23,True,True,6462,16,37,12,1.0747
76,36,ok,8,17,9,True,True,6559,11,78,8,1.0838
476,35,ok,4,11,7,True,True,49214,18,83,4,16.4533
78,36,ok,4,10,6,True,True,6753,12,105,4,1.0723
77,36,ok,25,61,36,True,True,6656,17,14,25,1.1199
80,36,ok,6,15,9,True,True,6947,16,75,6,0.2144
79,36,ok,28,65,37,True,True,6850,15,16,28,0.261
472,35,ok,4,16,12,True,True,48759,14,151,4,18.1789
81,36,ok,15,38,23,True,True,7045,15,32,15,0.2643
82,36,ok,8,21,13,True,True,7142,16,46,8,0.2367
83,36,ok,22,55,33,True,True,7240,18,17,22,0.3255
84,36,ok,4,10,6,True,True,7338,11,226,4,0.2943
85,36,ok,35,89,54,True,True,7436,15,17,35,0.3096
86,36,ok,6,16,10,True,True,7534,18,39,6,0.3357
89,36,ok,25,60,35,True,True,7829,19,19,25,0.3148
88,36,ok,8,16,8,True,True,7730,12,76,8,0.3471
87,36,ok,12,30,18,True,True,7632,17,34,12,0.4318
475,35,ok,16,34,18,True,True,49100,41,26,16,17.6735
90,36,ok,4,10,6,True,True,7927,14,113,4,0.3191
477,35,ok,18,46,28,True,True,49328,37,27,18,16.3469
92,36,ok,6,12,6,True,True,8125,15,77,6,0.2821
91,36,ok,28,71,43,True,True,8026,15,16,28,0.3593
93,36,ok,15,34,19,True,True,8224,15,36,15,0.346
94,36,ok,8,17,9,True,True,8323,15,46,8,0.3071
95,36,ok,22,50,28,True,True,8422,18,19,22,0.3381
480,35,ok,4,8,4,True,True,49670,15,263,4,15.3543
96,36,ok,4,9,5,True,True,8521,15,213,4,0.3435
98,36,ok,6,15,9,True,True,8720,15,46,6,0.3384
99,36,ok,12,34,22,True,True,8820,20,38,12,0.3499
100,36,ok,8,20,12,True,True,8919,13,83,8,0.3523
97,36,ok,35,83,48,True,True,8621,14,17,35,0.4317
101,36,ok,25,60,35,True,True,9019,17,20,25,0.3898
102,36,ok,4,9,5,True,True,9119,17,129,4,0.3426
104,36,ok,6,16,10,True,True,9319,15,78,6,0.3753
103,36,ok,28,66,38,True,True,9219,14,19,28,0.4689
482,35,ok,4,10,6,True,True,49898,14,51,4,15.5005
105,36,ok,15,40,25,True,True,9420,20,36,15,0.4488
106,36,ok,8,23,15,True,True,9520,17,46,8,0.464
108,36,ok,4,10,6,True,True,9721,10,220,4,0.4857
110,36,ok,6,17,11,True,True,9922,21,57,6,0.5096
479,35,ok,20,46,26,True,True,49556,24,28,20,16.3799
107,36,ok,22,43,21,True,True,9620,18,18,22,0.6491
112,36,ok,8,18,10,True,True,10124,16,81,8,0.5043
111,36,ok,12,31,19,True,True,10023,20,39,12,0.6704
109,36,ok,35,94,59,True,True,9822,17,16,35,0.7964
481,35,ok,34,92,58,True,True,49784,18,29,34,16.0474
113,36,ok,25,67,42,True,True,10225,24,18,25,0.605
114,36,ok,4,8,4,True,True,10326,14,122,4,0.5693
115,36,ok,28,63,35,True,True,10427,21,22,28,0.566
116,36,ok,6,12,6,True,True,10529,22,89,6,0.5808
117,36,ok,15,41,26,True,True,10630,13,39,15,0.5106
118,36,ok,8,23,15,True,True,10732,15,54,8,0.5217
119,36,ok,22,45,23,True,True,10833,23,17,22,0.5618
122,36,ok,6,18,12,True,True,11139,14,46,6,0.5291
483,35,ok,16,38,22,True,True,50012,40,26,16,16.125
120,36,ok,4,8,4,True,True,10935,12,230,4,0.6862
123,36,ok,12,27,15,True,True,11241,18,43,12,0.6763
121,36,ok,35,93,58,True,True,11037,13,20,35,0.8175
128,36,ok,6,11,5,True,True,11752,21,87,6,0.5881
125,36,ok,25,61,36,True,True,11445,19,17,25,0.6622
130,36,ok,8,22,14,True,True,11957,12,54,8,0.6048
126,36,ok,4,10,6,True,True,11547,13,121,4,0.6832
124,36,ok,8,22,14,True,True,11343,16,89,8,0.7315
129,36,ok,15,32,17,True,True,11854,15,46,15,0.6602
127,36,ok,28,64,36,True,True,11649,24,17,28,0.8129
131,36,ok,22,51,29,True,True,12059,18,19,22,0.689
132,36,ok,4,9,5,True,True,12162,19,230,4,0.8901
133,36,ok,35,84,49,True,True,12265,15,21,35,1.5557
134,36,ok,6,14,8,True,True,12368,10,51,6,1.4795
135,36,ok,12,33,21,True,True,12471,18,41,12,1.5578
138,36,ok,4,8,4,True,True,12780,13,133,4,1.5233
136,36,ok,8,16,8,True,True,12574,16,83,8,1.6088
140,36,ok,6,16,10,True,True,12987,15,87,6,1.5322
139,36,ok,28,75,47,True,True,12883,22,18,28,1.6346
137,36,ok,25,60,35,True,True,12677,20,18,25,1.696
143,36,ok,22,52,30,True,True,13297,25,18,22,1.6441
141,36,ok,15,39,24,True,True,13090,20,40,15,1.6938
485,35,ok,18,44,26,True,True,50240,32,31,18,16.4952
484,35,ok,4,11,7,True,True,50126,14,76,4,17.3132
142,36,ok,8,28,20,True,True,13194,14,57,8,1.8099
146,36,ok,6,18,12,True,True,13608,14,52,6,1.3682
145,36,ok,35,97,62,True,True,13505,15,18,35,1.6925
147,36,ok,12,34,22,True,True,13712,20,44,12,0.7847
148,36,ok,8,21,13,True,True,13816,12,96,8,0.7873
144,36,ok,4,15,11,True,True,13401,10,239,4,1.9207
149,36,ok,25,68,43,True,True,13920,27,19,25,0.9229
150,36,ok,4,9,5,True,True,14024,18,123,4,0.8952
152,36,ok,6,14,8,True,True,14233,21,97,6,0.8282
153,36,ok,15,35,20,True,True,14337,14,43,15,0.9787
151,36,ok,28,70,42,True,True,14129,21,20,28,1.1118
155,36,ok,22,51,29,True,True,14546,23,20,22,1.0199
156,36,ok,4,12,8,True,True,14651,18,257,4,1.0318
154,36,ok,8,22,14,True,True,14442,14,50,8,1.1571
158,36,ok,6,14,8,True,True,14860,15,53,6,1.0024
157,36,ok,35,95,60,True,True,14755,18,21,35,1.106
160,36,ok,8,22,14,True,True,15069,15,93,8,1.1104
162,36,ok,4,12,8,True,True,15279,12,133,4,0.9802
161,36,ok,25,73,48,True,True,15174,18,20,25,1.1793
486,35,ok,4,10,6,True,True,50354,16,46,4,17.795
163,36,ok,28,70,42,True,True,15384,20,21,28,1.2214
165,36,ok,15,45,30,True,True,15594,14,44,15,1.1173
166,36,ok,8,26,18,True,True,15700,13,52,8,1.0622
159,36,ok,12,38,26,True,True,14965,19,46,12,1.6009
167,36,ok,22,56,34,True,True,15805,21,19,22,1.1061
164,36,ok,6,21,15,True,True,15489,19,94,6,2.3586
168,36,ok,4,11,7,True,True,15910,16,269,4,1.8682
170,36,ok,6,16,10,True,True,16121,18,56,6,1.9244
488,35,ok,4,15,11,True,True,50582,18,140,4,17.2129
487,35,ok,20,45,25,True,True,50468,35,29,20,18.9214
169,36,ok,35,91,56,True,True,16016,24,22,35,2.2062
489,35,ok,26,72,46,True,True,50696,21,28,26,17.2438
173,36,ok,25,58,33,True,True,16438,20,22,25,2.0326
174,36,ok,4,10,6,True,True,16543,11,140,4,1.9708
171,36,ok,12,30,18,True,True,16227,25,45,12,2.1177
172,36,ok,8,21,13,True,True,16332,16,93,8,2.1345
176,36,ok,6,13,7,True,True,16755,33,100,6,1.9748
177,36,ok,15,37,22,True,True,16861,14,41,15,1.9838
175,36,ok,28,66,38,True,True,16649,22,23,28,2.0855
179,36,ok,22,60,38,True,True,17073,19,20,22,2.0515
178,36,ok,8,22,14,True,True,16967,17,54,8,2.202
180,36,ok,4,14,10,True,True,17179,13,270,4,2.0506
181,36,ok,35,91,56,True,True,17285,17,19,35,2.1639
183,36,ok,12,33,21,True,True,17498,15,44,12,2.1077
182,36,ok,6,14,8,True,True,17391,23,56,6,2.2344
184,36,ok,8,18,10,True,True,17604,15,106,8,1.4508
185,36,ok,25,57,32,True,True,17710,27,19,25,1.4677
490,35,ok,4,18,14,True,True,50810,13,49,4,15.8759
186,36,ok,4,8,4,True,True,17817,17,135,4,1.3982
190,36,ok,8,21,13,True,True,18243,14,57,8,1.3592
187,36,ok,28,77,49,True,True,17923,25,21,28,1.5152
188,36,ok,6,20,14,True,True,18030,13,100,6,1.4847
192,36,ok,4,12,8,True,True,18456,14,259,4,1.4766
191,36,ok,22,53,31,True,True,18350,25,21,22,1.5149
189,36,ok,15,43,28,True,True,18136,17,48,15,1.5776
195,36,ok,12,36,24,True,True,18777,23,49,12,1.4777
196,36,ok,8,28,20,True,True,18884,20,102,8,1.5105
194,36,ok,6,15,9,True,True,18670,30,57,6,1.6899
197,36,ok,25,66,41,True,True,18991,24,20,25,1.588
193,36,ok,35,92,57,True,True,18563,21,22,35,1.7815
198,36,ok,4,10,6,True,True,19098,12,144,4,1.5212
494,35,ok,4,12,8,True,True,51267,15,47,4,15.9149
200,36,ok,6,17,11,True,True,19312,17,98,6,1.6354
202,36,ok,8,18,10,True,True,19527,14,54,8,1.5678
492,35,ok,4,14,10,True,True,51038,18,77,4,16.6283
201,36,ok,15,43,28,True,True,19420,23,45,15,1.628
199,36,ok,28,74,46,True,True,19205,26,21,28,1.9317
495,35,ok,20,45,25,True,True,51381,30,28,20,16.2392
203,36,ok,22,57,35,True,True,19634,27,21,22,1.8059
204,36,ok,4,12,8,True,True,19742,13,266,4,1.7075
206,36,ok,6,17,11,True,True,19957,19,55,6,1.6934
205,36,ok,35,97,62,True,True,19849,18,21,35,2.5927
493,35,ok,18,38,20,True,True,51153,30,26,18,17.7812
208,36,ok,8,26,18,True,True,20172,12,102,8,2.6279
207,36,ok,12,25,13,True,True,20064,34,42,12,2.7888
209,36,ok,25,57,32,True,True,20280,24,23,25,2.77
212,36,ok,6,12,6,True,True,20603,21,103,6,2.7443
491,35,ok,16,34,18,True,True,50924,42,29,16,18.9128
211,36,ok,28,78,50,True,True,20495,26,21,28,2.8235
213,36,ok,15,43,28,True,True,20711,16,46,15,2.739
210,36,ok,4,12,8,True,True,20387,14,150,4,2.8763
214,36,ok,8,25,17,True,True,20819,18,59,8,2.7335
215,36,ok,22,56,34,True,True,20927,27,23,22,2.7984
218,36,ok,6,16,10,True,True,21251,19,58,6,2.8568
217,36,ok,35,87,52,True,True,21143,21,21,35,2.9314
216,36,ok,4,13,9,True,True,21035,18,283,4,2.9877
219,36,ok,12,27,15,True,True,21359,17,46,12,2.806
220,36,ok,8,27,19,True,True,21467,19,110,8,2.8473
222,36,ok,4,9,5,True,True,21684,16,152,4,2.8662
497,35,ok,34,99,65,True,True,51610,19,26,34,18.0964
224,36,ok,6,16,10,True,True,21901,19,108,6,2.8946
221,36,ok,25,73,48,True,True,21576,28,22,25,3.1045
496,35,ok,4,9,5,True,True,51495,13,289,4,18.4585
225,36,ok,15,35,20,True,True,22009,19,50,15,3.1003
226,36,ok,8,26,18,True,True,22118,23,54,8,3.0598
223,36,ok,28,68,40,True,True,21792,22,24,28,3.325
231,36,ok,12,32,20,True,True,22661,17,46,12,2.1376
228,36,ok,4,11,7,True,True,22335,12,286,4,3.3404
230,36,ok,6,14,8,True,True,22552,17,57,6,2.4156
227,36,ok,22,57,35,True,True,22226,29,20,22,3.4569
232,36,ok,8,20,12,True,True,22770,21,104,8,2.1502
229,36,ok,35,97,62,True,True,22444,18,22,35,3.3007
234,36,ok,4,12,8,True,True,22988,14,154,4,2.2673
233,36,ok,25,69,44,True,True,22879,22,19,25,2.4763
240,36,ok,4,16,12,True,True,23642,14,271,4,2.2718
235,36,ok,28,69,41,True,True,23097,27,20,28,2.3567
237,36,ok,15,48,33,True,True,23315,19,47,15,2.3634
239,36,ok,22,64,42,True,True,23533,25,27,22,2.3984
238,36,ok,8,20,12,True,True,23424,18,58,8,2.4151
500,35,ok,4,9,5,True,True,51953,17,79,4,17.5296
236,36,ok,6,21,15,True,True,23206,14,115,6,2.5878
242,36,ok,6,22,16,True,True,23860,20,58,6,3.3851
241,36,ok,35,95,60,True,True,23751,19,21,35,3.5418
244,36,ok,8,25,17,True,True,24079,13,108,8,3.4195
245,36,ok,25,67,42,True,True,24188,27,21,25,3.4031
246,36,ok,4,13,9,True,True,24298,18,152,4,3.3096
498,35,ok,4,10,6,True,True,51724,21,47,4,20.7645
243,36,ok,12,40,28,True,True,23970,20,46,12,3.5624
499,35,ok,16,42,26,True,True,51838,30,30,16,20.7994
248,36,ok,6,10,4,True,True,24517,18,106,6,3.3677
247,36,ok,28,69,41,True,True,24407,21,23,28,3.4537
249,36,ok,15,42,27,True,True,24626,16,47,15,3.4585
250,36,ok,8,24,16,True,True,24736,18,56,8,3.7675
252,36,ok,4,12,8,True,True,24955,15,278,4,3.7699
253,36,ok,35,104,69,True,True,25065,21,20,35,3.851
251,36,ok,22,67,45,True,True,24846,25,25,22,3.9396
254,36,ok,6,16,10,True,True,25175,19,58,6,3.8807
255,36,ok,12,32,20,True,True,25285,19,47,12,3.6893
259,36,ok,28,65,37,True,True,25724,22,23,28,3.7156
256,36,ok,8,26,18,True,True,25395,16,103,8,3.8017
258,36,ok,4,10,6,True,True,25614,19,156,4,3.8892
260,36,ok,6,19,13,True,True,25834,16,109,6,3.9114
257,36,ok,25,72,47,True,True,25504,22,24,25,4.023
264,36,ok,4,8,4,True,True,26275,13,292,4,3.6898
263,36,ok,22,56,34,True,True,26165,25,21,22,3.8132
261,36,ok,15,50,35,True,True,25944,17,50,15,4.0062
262,36,ok,8,20,12,True,True,26055,17,56,8,4.0059
266,36,ok,6,18,12,True,True,26495,21,59,6,3.7723
268,36,ok,8,27,19,True,True,26716,16,109,8,3.8927
265,36,ok,35,103,68,True,True,26385,18,20,35,4.1247
267,36,ok,12,29,17,True,True,26606,22,51,12,5.1298
269,36,ok,25,85,60,True,True,26826,18,22,25,5.1645
272,36,ok,6,20,14,True,True,27158,24,106,6,4.058
274,36,ok,8,24,16,True,True,27379,14,59,8,4.0226
270,36,ok,4,11,7,True,True,26937,19,144,4,4.225
275,36,ok,22,54,32,True,True,27490,27,22,22,4.0641
273,36,ok,15,49,34,True,True,27268,18,45,15,4.1431
271,36,ok,28,54,26,True,True,27047,27,24,28,4.4635
278,36,ok,6,16,10,True,True,27822,19,62,6,4.1341
279,36,ok,12,32,20,True,True,27933,18,47,12,4.1245
277,36,ok,35,87,52,True,True,27711,21,22,35,4.3381
276,36,ok,4,16,12,True,True,27600,13,308,4,4.5324
280,36,ok,8,19,11,True,True,28043,17,117,8,4.4921
282,36,ok,4,12,8,True,True,28265,15,159,4,4.4344
281,36,ok,25,67,42,True,True,28154,20,23,25,4.8742
286,36,ok,8,35,27,True,True,28709,16,57,8,4.5602
285,36,ok,15,52,37,True,True,28598,22,47,15,4.7776
284,36,ok,6,19,13,True,True,28487,20,114,6,4.8468
283,36,ok,28,79,51,True,True,28376,26,23,28,4.8668
288,36,ok,4,14,10,True,True,28931,15,286,4,5.3544
287,36,ok,22,57,35,True,True,28820,25,27,22,5.5423
291,36,ok,12,28,16,True,True,29265,25,47,12,5.6069
290,36,ok,6,16,10,True,True,29154,18,70,6,5.8134
292,36,ok,8,25,17,True,True,29376,15,108,8,5.6194
294,36,ok,4,14,10,True,True,29599,17,162,4,5.5193
289,36,ok,35,91,56,True,True,29042,19,23,35,6.0034
293,36,ok,25,64,39,True,True,29487,29,25,25,5.6403
295,36,ok,28,70,42,True,True,29710,24,26,28,5.7246
296,36,ok,6,20,14,True,True,29822,20,114,6,5.8513
298,36,ok,8,20,12,True,True,30044,17,59,8,6.0988
302,36,ok,6,22,16,True,True,30491,22,60,6,4.835
300,36,ok,4,14,10,True,True,30268,12,306,4,5.0607
297,36,ok,15,48,33,True,True,29933,18,52,15,6.3941
299,36,ok,22,56,34,True,True,30156,24,21,22,5.2924
304,36,ok,8,17,9,True,True,30714,17,108,8,4.9256
306,36,ok,4,11,7,True,True,30938,15,156,4,4.8438
303,36,ok,12,35,23,True,True,30602,31,48,12,5.093
305,36,ok,25,62,37,True,True,30826,28,24,25,5.2682
308,36,ok,6,14,8,True,True,31161,23,114,6,4.9799
310,36,ok,8,20,12,True,True,31385,14,74,8,4.9863
309,36,ok,15,40,25,True,True,31273,18,53,15,5.0764
307,36,ok,28,73,45,True,True,31049,21,21,28,5.1773
301,36,ok,35,89,54,True,True,30379,24,26,35,5.7461
311,36,ok,22,59,37,True,True,31497,26,23,22,6.601
312,36,ok,4,9,5,True,True,31609,16,292,4,6.0528
318,36,ok,4,9,5,True,True,32282,16,171,4,5.3146
313,36,ok,35,118,83,True,True,31721,22,23,35,6.6822
315,36,ok,12,29,17,True,True,31945,29,49,12,6.4546
314,36,ok,6,17,11,True,True,31833,19,62,6,6.6065
316,36,ok,8,24,16,True,True,32057,15,113,8,6.9479
321,36,ok,15,45,30,True,True,32618,18,49,15,5.4814
320,36,ok,6,19,13,True,True,32506,26,118,6,5.9241
319,36,ok,28,72,44,True,True,32394,26,25,28,6.3111
322,36,ok,8,24,16,True,True,32731,16,62,8,5.912
323,36,ok,22,59,37,True,True,32843,27,22,22,5.9631
324,36,ok,4,11,7,True,True,32955,17,301,4,6.0244
317,36,ok,25,75,50,True,True,32169,33,24,25,7.7783
325,36,ok,35,100,65,True,True,33068,20,26,35,6.3958
326,36,ok,6,21,15,True,True,33180,17,65,6,6.4201
328,36,ok,8,20,12,True,True,33405,17,112,8,7.0598
327,36,ok,12,41,29,True,True,33293,20,52,12,7.711
330,36,ok,4,6,2,True,True,33630,21,169,4,7.2716
329,36,ok,25,63,38,True,True,33518,21,26,25,7.3918
333,36,ok,15,50,35,True,True,33968,19,52,15,7.2696
331,36,ok,28,90,62,True,True,33743,28,25,28,7.5126
332,36,ok,6,19,13,True,True,33856,20,118,6,7.6577
335,36,ok,22,56,34,True,True,34194,29,23,22,7.4589
334,36,ok,8,23,15,True,True,34081,14,61,8,7.5759
339,36,ok,12,32,20,True,True,34645,23,52,12,7.4312
338,36,ok,6,18,12,True,True,34532,22,64,6,7.5913
336,36,ok,4,10,6,True,True,34306,15,305,4,7.93
340,36,ok,8,27,19,True,True,34758,21,111,8,7.8157
341,36,ok,25,71,46,True,True,34871,27,22,25,7.7542
337,36,ok,35,99,64,True,True,34419,18,22,35,8.1809
342,36,ok,4,14,10,True,True,34984,22,154,4,6.3322
346,36,ok,8,20,12,True,True,35436,24,66,8,7.2521
344,36,ok,6,13,7,True,True,35210,33,113,6,7.9445
347,36,ok,22,51,29,True,True,35549,35,25,22,7.6336
343,36,ok,28,81,53,True,True,35097,32,21,28,8.7502
345,36,ok,15,41,26,True,True,35323,20,49,15,8.6424
348,36,ok,4,12,8,True,True,35662,21,310,4,8.0182
349,36,ok,35,102,67,True,True,35775,20,25,35,8.0602
350,36,ok,6,20,14,True,True,35889,20,65,6,7.8205
352,36,ok,8,28,20,True,True,36115,21,109,8,7.8419
354,36,ok,4,20,16,True,True,36342,17,165,4,7.7022
351,36,ok,12,34,22,True,True,36002,30,47,12,8.1103
353,36,ok,25,78,53,True,True,36228,38,22,25,7.9751
355,36,ok,28,75,47,True,True,36455,26,23,28,8.2775
357,36,ok,15,44,29,True,True,36682,22,52,15,7.9227
358,36,ok,8,28,20,True,True,36795,21,64,8,7.3343
359,36,ok,22,61,39,True,True,36909,24,24,22,7.3855
360,36,ok,4,11,7,True,True,37022,16,318,4,7.0697
362,36,ok,6,15,9,True,True,37249,19,63,6,7.8808
356,36,ok,6,15,9,True,True,36568,17,113,6,9.9999
363,36,ok,12,35,23,True,True,37363,29,53,12,7.9361
361,36,ok,35,96,61,True,True,37136,21,24,35,8.2083
366,36,ok,4,9,5,True,True,37704,21,165,4,7.9388
364,36,ok,8,27,19,True,True,37477,21,114,8,8.3206
365,36,ok,25,73,48,True,True,37590,36,24,25,8.5139
370,36,ok,8,26,18,True,True,38159,17,65,8,8.2316
371,36,ok,22,64,42,True,True,38273,22,23,22,8.3704
369,36,ok,15,43,28,True,True,38045,20,53,15,8.6458
372,36,ok,4,16,12,True,True,38387,17,313,4,8.2812
368,36,ok,6,15,9,True,True,37931,37,121,6,9.1368
367,36,ok,28,82,54,True,True,37818,30,28,28,9.3326
373,36,ok,35,98,63,True,True,38501,32,24,35,8.7707
375,36,ok,12,29,17,True,True,38728,26,53,12,8.2125
376,36,ok,8,27,19,True,True,38842,28,121,8,8.4984
374,36,ok,6,16,10,True,True,38614,25,61,6,9.2521
378,36,ok,4,14,10,True,True,39070,19,167,4,8.4042
380,36,ok,6,20,14,True,True,39299,26,123,6,8.3599
381,36,ok,15,38,23,True,True,39413,24,56,15,9.1435
377,36,ok,25,66,41,True,True,38956,30,23,25,10.0598
383,36,ok,22,61,39,True,True,39641,27,23,22,9.0091
384,36,ok,4,8,4,True,True,39755,19,316,4,9.0011
382,36,ok,8,23,15,True,True,39527,23,67,8,9.2328
379,36,ok,28,72,44,True,True,39184,35,28,28,9.6675
386,36,ok,6,13,7,True,True,39984,29,74,6,9.0926
385,36,ok,35,98,63,True,True,39869,23,23,35,10.7626
387,36,ok,12,25,13,True,True,40098,19,58,12,10.1921
390,36,ok,4,13,9,True,True,40441,17,178,4,9.6195
388,36,ok,8,25,17,True,True,40212,19,118,8,9.9615
389,36,ok,25,69,44,True,True,40327,31,23,25,10.1903
394,36,ok,8,21,13,True,True,40899,19,65,8,8.9968
391,36,ok,28,77,49,True,True,40555,27,24,28,9.3657
393,36,ok,15,46,31,True,True,40784,19,55,15,9.2682
395,36,ok,22,53,31,True,True,41013,31,25,22,9.3266
392,36,ok,6,18,12,True,True,40670,19,114,6,9.8248
396,36,ok,4,15,11,True,True,41128,31,317,4,9.5244
398,36,ok,6,13,7,True,True,41357,27,71,6,9.272
397,36,ok,35,91,56,True,True,41242,22,25,35,11.14
399,36,ok,12,35,23,True,True,41471,32,53,12,10.4002
400,36,ok,8,22,14,True,True,41586,27,133,8,10.6217
401,36,ok,25,75,50,True,True,41701,30,26,25,10.611
402,36,ok,4,11,7,True,True,41815,17,174,4,10.76
404,36,ok,6,17,11,True,True,42045,24,114,6,11.1974
403,36,ok,28,80,52,True,True,41930,27,25,28,11.5332
405,36,ok,15,43,28,True,True,42160,20,53,15,10.1442
408,36,ok,4,12,8,True,True,42504,18,328,4,10.6171
407,36,ok,22,50,28,True,True,42389,30,24,22,11.3578
406,36,ok,8,23,15,True,True,42274,17,63,8,11.5922
409,36,ok,35,101,66,True,True,42619,27,23,35,11.0669
410,36,ok,6,17,11,True,True,42734,23,69,6,10.7665
413,36,ok,25,67,42,True,True,43079,25,25,25,10.8736
411,36,ok,12,35,23,True,True,42849,20,52,12,11.0061
412,36,ok,8,15,7,True,True,42964,25,119,8,11.1422
414,36,ok,4,15,11,True,True,43194,14,169,4,11.4701
416,36,ok,6,15,9,True,True,43424,26,119,6,11.4714
419,36,ok,22,70,48,True,True,43769,30,22,22,10.2576
418,36,ok,8,15,7,True,True,43654,21,68,8,11.673
415,36,ok,28,60,32,True,True,43309,27,23,28,13.8136
422,36,ok,6,16,10,True,True,44115,29,65,6,11.1272
421,36,ok,35,107,72,True,True,43999,21,25,35,11.4507
417,36,ok,15,44,29,True,True,43539,17,54,15,12.4827
424,36,ok,8,15,7,True,True,44345,19,119,8,11.3599
423,36,ok,12,36,24,True,True,44230,26,53,12,11.4778
426,36,ok,4,18,14,True,True,44576,20,173,4,11.5633
420,36,ok,4,14,10,True,True,43884,15,360,4,12.6363
427,36,ok,28,89,61,True,True,44691,30,23,28,12.1417
425,36,ok,25,56,31,True,True,44460,27,22,25,12.6545
430,36,ok,8,25,17,True,True,45037,24,70,8,10.7919
428,36,ok,6,16,10,True,True,44806,21,124,6,12.1211
429,36,ok,15,41,26,True,True,44922,18,54,15,10.9047
432,36,ok,4,13,9,True,True,45268,22,334,4,10.8814
431,36,ok,22,60,38,True,True,45153,31,24,22,12.5913
433,36,ok,35,109,74,True,True,45384,27,28,35,12.2971
434,36,ok,6,19,13,True,True,45499,25,78,6,12.1408
435,36,ok,12,32,20,True,True,45615,26,52,12,13.0327
436,36,ok,8,23,15,True,True,45730,18,127,8,13.7193
437,36,ok,25,69,44,True,True,45846,28,25,25,12.6039
440,36,ok,6,23,17,True,True,46193,30,131,6,12.0834
439,36,ok,28,82,54,True,True,46077,30,24,28,12.7549
441,36,ok,15,48,33,True,True,46308,21,54,15,12.4948
438,36,ok,4,9,5,True,True,45961,19,171,4,13.3043
442,36,ok,8,27,19,True,True,46424,17,71,8,12.6947
443,36,ok,22,67,45,True,True,46540,25,24,22,12.9499
445,36,ok,35,104,69,True,True,46771,26,23,35,12.8311
444,36,ok,4,11,7,True,True,46655,15,321,4,13.8081
447,36,ok,12,39,27,True,True,47003,29,49,12,13.2037
446,36,ok,6,15,9,True,True,46887,17,64,6,14.6439
451,36,ok,28,80,52,True,True,47466,29,27,28,12.7886
450,36,ok,4,16,12,True,True,47350,18,165,4,13.0901
453,36,ok,15,49,34,True,True,47698,28,51,15,12.7174
448,36,ok,8,22,14,True,True,47119,17,124,8,13.5951
454,36,ok,8,32,24,True,True,47814,23,66,8,12.8921
452,36,ok,6,14,8,True,True,47582,17,125,6,13.5433
455,36,ok,22,55,33,True,True,47930,28,26,22,12.8474
449,36,ok,25,82,57,True,True,47234,38,26,25,14.1358
456,36,ok,4,12,8,True,True,48046,19,332,4,13.933
458,36,ok,6,19,13,True,True,48278,21,68,6,14.5442
459,36,ok,12,31,19,True,True,48394,19,52,12,14.7427
457,36,ok,35,97,62,True,True,48162,30,23,35,15.5864
461,36,ok,25,78,53,True,True,48627,44,25,25,15.0713
462,36,ok,4,14,10,True,True,48743,15,184,4,14.7771
460,36,ok,8,22,14,True,True,48511,19,120,8,15.4346
464,36,ok,6,17,11,True,True,48975,22,120,6,13.5719
463,36,ok,28,80,52,True,True,48859,33,25,28,15.3793
465,36,ok,15,53,38,True,True,49092,23,58,15,14.7123
466,36,ok,8,28,20,True,True,49208,19,73,8,14.6066
468,36,ok,4,14,10,True,True,49440,21,337,4,13.64
470,36,ok,6,12,6,True,True,49673,31,66,6,14.0308
467,36,ok,22,54,32,True,True,49324,33,24,22,14.8622
469,36,ok,35,101,66,True,True,49557,25,23,35,14.8862
1,37,ok,36,36,0,True,True,80,2,3,36,0.0012
2,37,ok,6,8,2,True,True,134,3,20,6,0.0008
3,37,ok,9,16,7,True,True,194,3,22,9,0.002
4,37,ok,8,11,3,True,True,258,3,25,8,0.0017
5,37,ok,15,21,6,True,True,325,6,25,15,0.0024
6,37,ok,4,8,4,True,True,394,3,49,4,0.0025
7,37,ok,21,36,15,True,True,465,5,24,21,0.0045
8,37,ok,6,12,6,True,True,538,6,28,6,0.0036
9,37,ok,9,16,7,True,True,612,5,27,9,0.0045
10,37,ok,8,13,5,True,True,688,4,25,8,0.005
11,37,ok,15,23,8,True,True,765,8,30,15,0.0069
12,37,ok,4,8,4,True,True,842,4,66,4,0.006
13,37,ok,21,39,18,True,True,921,7,31,21,0.0134
14,37,ok,6,11,5,True,True,1001,8,39,6,0.009
15,37,ok,9,16,7,True,True,1081,7,38,9,0.0102
16,37,ok,8,18,10,True,True,1162,6,37,8,0.0113
17,37,ok,15,29,14,True,True,1244,8,38,15,0.0143
18,37,ok,4,7,3,True,True,1327,7,66,4,0.0169
19,37,ok,21,41,20,True,True,1410,7,40,21,0.0184
20,37,ok,6,12,6,True,True,1494,8,41,6,0.0158
21,37,ok,9,21,12,True,True,1578,6,48,9,0.0181
22,37,ok,8,18,10,True,True,1663,6,40,8,0.0255
23,37,ok,15,27,12,True,True,1749,8,38,15,0.027
24,37,ok,4,11,7,True,True,1834,7,84,4,0.0205
25,37,ok,21,45,24,True,True,1921,8,44,21,0.0328
26,37,ok,6,14,8,True,True,2008,12,45,6,0.0362
27,37,ok,9,18,9,True,True,2095,7,49,9,0.0276
28,37,ok,8,21,13,True,True,2183,5,47,8,0.0309
29,37,ok,15,30,15,True,True,2271,10,47,15,0.0408
30,37,ok,4,8,4,True,True,2359,8,89,4,0.3366
31,37,ok,21,47,26,True,True,2448,7,56,21,0.6983
471,36,ok,12,30,18,True,True,49789,18,53,12,15.4218
32,37,ok,6,10,4,True,True,2537,12,47,6,0.0385
34,37,ok,8,16,8,True,True,2717,6,47,8,0.0411
33,37,ok,9,21,12,True,True,2627,9,53,9,0.0563
35,37,ok,15,29,14,True,True,2807,13,51,15,0.0476
36,37,ok,4,9,5,True,True,2898,8,91,4,0.0515
37,37,ok,21,45,24,True,True,2988,9,46,21,0.0568
38,37,ok,6,11,5,True,True,3080,10,53,6,0.0756
39,37,ok,9,18,9,True,True,3171,9,49,9,0.0522
40,37,ok,8,18,10,True,True,3263,8,57,8,0.0761
41,37,ok,15,28,13,True,True,3355,13,51,15,0.0634
42,37,ok,4,7,3,True,True,3447,7,100,4,0.0831
43,37,ok,21,41,20,True,True,3540,8,56,21,0.0725
45,37,ok,9,21,12,True,True,3726,9,60,9,0.0762
44,37,ok,6,11,5,True,True,3633,10,57,6,0.0915
472,36,ok,8,19,11,True,True,49906,27,128,8,15.8239
46,37,ok,8,13,5,True,True,3819,10,57,8,0.0856
48,37,ok,4,10,6,True,True,4006,9,110,4,0.0765
47,37,ok,15,28,13,True,True,3912,12,65,15,0.1004
50,37,ok,6,18,12,True,True,4195,13,55,6,0.0854
49,37,ok,21,39,18,True,True,4100,13,61,21,0.1153
51,37,ok,9,18,9,True,True,4289,11,58,9,0.0991
52,37,ok,8,16,8,True,True,4384,10,61,8,0.0902
473,36,ok,25,73,48,True,True,50022,37,24,25,15.6418
53,37,ok,15,34,19,True,True,4479,11,57,15,0.1181
474,36,ok,4,17,13,True,True,50139,22,177,4,15.4223
54,37,ok,4,12,8,True,True,4574,7,124,4,0.1229
56,37,ok,6,11,5,True,True,4765,10,64,6,0.1032
55,37,ok,21,40,19,True,True,4669,9,56,21,0.118
57,37,ok,9,21,12,True,True,4860,9,66,9,0.1181
58,37,ok,8,20,12,True,True,4956,8,56,8,0.1255
59,37,ok,15,32,17,True,True,5053,15,55,15,0.176
60,37,ok,4,12,8,True,True,5149,12,125,4,0.1302
61,37,ok,21,49,28,True,True,5245,10,60,21,0.1412
62,37,ok,6,18,12,True,True,5342,9,59,6,0.134
63,37,ok,9,23,14,True,True,5439,11,70,9,0.137
64,37,ok,8,21,13,True,True,5536,10,62,8,0.1694
66,37,ok,4,6,2,True,True,5731,10,121,4,0.1473
65,37,ok,15,33,18,True,True,5633,12,54,15,0.2036
68,37,ok,6,11,5,True,True,5926,10,66,6,0.1594
67,37,ok,21,53,32,True,True,5828,11,62,21,0.1846
70,37,ok,8,13,5,True,True,6122,12,61,8,0.1742
69,37,ok,9,26,17,True,True,6024,10,67,9,0.2097
72,37,ok,4,10,6,True,True,6318,11,124,4,0.1767
73,37,ok,21,42,21,True,True,6417,12,73,21,0.1992
475,36,ok,28,80,52,True,True,50255,27,26,28,15.4893
71,37,ok,15,26,11,True,True,6220,15,59,15,0.2632
74,37,ok,6,15,9,True,True,6515,15,58,6,0.1887
76,37,ok,8,16,8,True,True,6713,11,69,8,0.2072
75,37,ok,9,22,13,True,True,6614,9,67,9,0.247
78,37,ok,4,12,8,True,True,6912,7,136,4,0.2168
77,37,ok,15,33,18,True,True,6812,12,65,15,0.2245
80,37,ok,6,14,8,True,True,7110,11,64,6,0.2218
79,37,ok,21,48,27,True,True,7011,12,63,21,0.2924
81,37,ok,9,23,14,True,True,7210,10,78,9,0.2469
82,37,ok,8,24,16,True,True,7310,11,64,8,0.2754
84,37,ok,4,10,6,True,True,7510,10,128,4,0.2433
83,37,ok,15,31,16,True,True,7410,18,67,15,0.2574
477,36,ok,15,47,32,True,True,50488,31,57,15,14.7114
86,37,ok,6,13,7,True,True,7710,12,69,6,0.2761
85,37,ok,21,48,27,True,True,7610,14,67,21,0.2801
87,37,ok,9,27,18,True,True,7811,9,67,9,0.2889
90,37,ok,4,9,5,True,True,8113,8,126,4,0.2786
88,37,ok,8,20,12,True,True,7912,12,84,8,0.3167
89,37,ok,15,38,23,True,True,8012,11,72,15,0.313
93,37,ok,9,27,18,True,True,8416,11,66,9,0.3178
92,37,ok,6,15,9,True,True,8315,16,65,6,0.3433
91,37,ok,21,46,25,True,True,8214,11,61,21,0.3858
94,37,ok,8,16,8,True,True,8518,10,69,8,0.3383
95,37,ok,15,38,23,True,True,8619,12,69,15,0.3711
97,37,ok,21,53,32,True,True,8822,10,69,21,0.3995
96,37,ok,4,10,6,True,True,8721,15,127,4,0.4697
98,37,ok,6,14,8,True,True,8924,11,79,6,0.3463
476,36,ok,6,17,11,True,True,50372,29,128,6,16.2627
100,37,ok,8,24,16,True,True,9128,11,69,8,0.3912
99,37,ok,9,22,13,True,True,9026,11,72,9,0.4679
101,37,ok,15,36,21,True,True,9230,16,61,15,0.4428
102,37,ok,4,12,8,True,True,9332,9,142,4,0.4126
103,37,ok,21,53,32,True,True,9435,10,68,21,0.4684
105,37,ok,9,27,18,True,True,9640,12,78,9,0.4068
104,37,ok,6,9,3,True,True,9537,10,71,6,0.4976
106,37,ok,8,19,11,True,True,9742,11,86,8,0.5357
107,37,ok,15,33,18,True,True,9845,14,72,15,0.4877
108,37,ok,4,8,4,True,True,9948,11,144,4,0.4916
110,37,ok,6,14,8,True,True,10154,9,83,6,1.4203
109,37,ok,21,45,24,True,True,10051,13,76,21,1.468
111,37,ok,9,21,12,True,True,10257,11,72,9,1.4161
112,37,ok,8,21,13,True,True,10360,14,71,8,1.4291
478,36,ok,8,23,15,True,True,50605,23,69,8,16.2487
482,36,ok,6,16,10,True,True,51071,15,71,6,15.9148
114,37,ok,4,12,8,True,True,10567,9,134,4,1.5035
113,37,ok,15,36,21,True,True,10464,14,82,15,1.5969
480,36,ok,4,17,13,True,True,50838,16,348,4,16.1265
116,37,ok,6,11,5,True,True,10774,14,75,6,1.5921
115,37,ok,21,45,24,True,True,10671,15,74,21,1.6606
117,37,ok,9,21,12,True,True,10878,11,70,9,0.6244
483,36,ok,12,31,19,True,True,51188,28,55,12,16.148
120,37,ok,4,9,5,True,True,11190,12,137,4,0.5308
119,37,ok,15,27,12,True,True,11086,19,73,15,0.5918
118,37,ok,8,19,11,True,True,10982,13,74,8,0.7188
122,37,ok,6,18,12,True,True,11398,13,79,6,0.5569
479,36,ok,22,62,40,True,True,50721,30,26,22,16.6619
121,37,ok,21,49,28,True,True,11294,16,74,21,0.7451
125,37,ok,15,34,19,True,True,11711,14,76,15,0.612
123,37,ok,9,22,13,True,True,11503,11,76,9,0.7401
124,37,ok,8,14,6,True,True,11607,11,71,8,0.7283
126,37,ok,4,7,3,True,True,11816,16,147,4,0.706
128,37,ok,6,17,11,True,True,12025,16,80,6,0.6425
129,37,ok,9,18,9,True,True,12130,12,73,9,0.6389
127,37,ok,21,51,30,True,True,11921,13,76,21,0.7568
130,37,ok,8,22,14,True,True,12235,12,75,8,0.6307
131,37,ok,15,37,22,True,True,12340,15,76,15,0.6629
132,37,ok,4,9,5,True,True,12445,12,146,4,0.6435
484,36,ok,8,29,21,True,True,51304,20,124,8,16.4542
133,37,ok,21,54,33,True,True,12550,13,78,21,0.6992
134,37,ok,6,13,7,True,True,12656,9,77,6,0.6811
136,37,ok,8,17,9,True,True,12866,11,75,8,0.6934
135,37,ok,9,22,13,True,True,12761,12,76,9,0.739
481,36,ok,35,96,61,True,True,50954,31,25,35,17.5596
137,37,ok,15,28,13,True,True,12972,20,72,15,0.7903
486,36,ok,4,8,4,True,True,51538,19,194,4,16.6286
138,37,ok,4,13,9,True,True,13077,10,149,4,0.8213
140,37,ok,6,14,8,True,True,13289,16,75,6,0.7236
141,37,ok,9,25,16,True,True,13395,11,83,9,0.7439
143,37,ok,15,33,18,True,True,13606,15,77,15,0.8178
144,37,ok,4,11,7,True,True,13713,11,146,4,0.7834
142,37,ok,8,21,13,True,True,13500,10,73,8,0.9201
145,37,ok,21,51,30,True,True,13819,13,74,21,0.8691
139,37,ok,21,55,34,True,True,13183,12,83,21,1.003
147,37,ok,9,22,13,True,True,14031,10,80,9,0.8445
146,37,ok,6,15,9,True,True,13925,11,79,6,0.9129
148,37,ok,8,21,13,True,True,14137,10,77,8,0.8491
150,37,ok,4,8,4,True,True,14350,14,164,4,0.8789
149,37,ok,15,35,20,True,True,14244,15,82,15,0.9071
151,37,ok,21,54,33,True,True,14457,14,75,21,1.8302
153,37,ok,9,23,14,True,True,14670,13,81,9,1.8601
152,37,ok,6,12,6,True,True,14564,14,83,6,1.9416
155,37,ok,15,33,18,True,True,14884,15,71,15,1.8592
156,37,ok,4,6,2,True,True,14991,13,154,4,1.8401
154,37,ok,8,19,11,True,True,14777,9,85,8,2.0183
157,37,ok,21,48,27,True,True,15098,11,80,21,1.8596
485,36,ok,25,62,37,True,True,51421,29,26,25,18.9533
158,37,ok,6,15,9,True,True,15205,12,96,6,1.8884
160,37,ok,8,19,11,True,True,15419,16,88,8,1.9064
159,37,ok,9,18,9,True,True,15312,11,84,9,1.9656
162,37,ok,4,14,10,True,True,15634,16,150,4,1.864
488,36,ok,6,17,11,True,True,51771,27,120,6,16.5072
161,37,ok,15,39,24,True,True,15526,19,77,15,2.0921
163,37,ok,21,63,42,True,True,15741,14,85,21,1.9595
164,37,ok,6,16,10,True,True,15849,21,83,6,1.9541
489,36,ok,15,55,40,True,True,51888,21,60,15,16.1075
165,37,ok,9,26,17,True,True,15956,14,87,9,1.9584
166,37,ok,8,30,22,True,True,16064,14,80,8,2.1708
167,37,ok,15,31,16,True,True,16171,16,77,15,1.1519
492,36,ok,4,8,4,True,True,52239,24,338,4,16.1253
170,37,ok,6,13,7,True,True,16495,18,81,6,1.1255
168,37,ok,4,12,8,True,True,16279,13,168,4,1.223
171,37,ok,9,23,14,True,True,16603,12,84,9,1.1414
169,37,ok,21,51,30,True,True,16387,18,76,21,1.3379
173,37,ok,15,36,21,True,True,16819,16,78,15,1.206
174,37,ok,4,9,5,True,True,16927,11,159,4,1.214
175,37,ok,21,50,29,True,True,17035,12,85,21,1.2475
491,36,ok,22,50,28,True,True,52122,33,23,22,16.5057
176,37,ok,6,12,6,True,True,17143,11,83,6,1.2104
172,37,ok,8,16,8,True,True,16711,15,83,8,1.4264
178,37,ok,8,18,10,True,True,17360,12,89,8,1.2244
177,37,ok,9,15,6,True,True,17252,11,90,9,1.3157
179,37,ok,15,34,19,True,True,17469,18,82,15,1.3266
180,37,ok,4,14,10,True,True,17577,10,158,4,1.4006
182,37,ok,6,18,12,True,True,17794,19,84,6,1.3811
181,37,ok,21,61,40,True,True,17686,15,80,21,1.4354
183,37,ok,9,20,11,True,True,17903,11,87,9,1.3101
490,36,ok,8,25,17,True,True,52005,18,66,8,17.1137
494,36,ok,6,19,13,True,True,52472,24,68,6,16.3165
493,36,ok,35,121,86,True,True,52355,24,27,35,16.8271
186,37,ok,4,10,6,True,True,18229,12,164,4,2.1137
185,37,ok,15,36,21,True,True,18120,15,78,15,2.2111
184,37,ok,8,19,11,True,True,18012,14,86,8,2.4811
188,37,ok,6,13,7,True,True,18447,16,90,6,2.1303
487,36,ok,28,77,49,True,True,51655,29,29,28,20.9509
190,37,ok,8,23,15,True,True,18665,14,81,8,2.1622
189,37,ok,9,17,8,True,True,18556,14,94,9,2.1808
187,37,ok,21,49,28,True,True,18338,18,80,21,2.3347
191,37,ok,15,33,18,True,True,18775,17,84,15,2.3321
193,37,ok,21,60,39,True,True,18993,14,91,21,2.3583
192,37,ok,4,13,9,True,True,18884,10,178,4,2.4167
195,37,ok,9,22,13,True,True,19212,11,90,9,2.3083
196,37,ok,8,14,6,True,True,19321,13,97,8,2.2952
194,37,ok,6,17,11,True,True,19102,13,82,6,2.4381
198,37,ok,4,9,5,True,True,19540,12,160,4,2.3534
197,37,ok,15,39,24,True,True,19431,19,83,15,2.4442
199,37,ok,21,55,34,True,True,19650,14,92,21,2.5438
200,37,ok,6,13,7,True,True,19759,14,88,6,2.4607
201,37,ok,9,22,13,True,True,19869,14,98,9,2.4337
204,37,ok,4,9,5,True,True,20199,11,162,4,2.398
206,37,ok,6,14,8,True,True,20418,17,81,6,2.4608
202,37,ok,8,19,11,True,True,19979,13,87,8,2.5671
205,37,ok,21,46,25,True,True,20308,20,91,21,2.4944
207,37,ok,9,28,19,True,True,20529,14,84,9,2.5189
203,37,ok,15,35,20,True,True,20089,16,86,15,2.6999
208,37,ok,8,25,17,True,True,20639,11,88,8,1.7343
209,37,ok,15,41,26,True,True,20749,23,91,15,1.9086
496,36,ok,8,27,19,True,True,52706,20,138,8,17.6258
211,37,ok,21,61,40,True,True,20969,15,85,21,1.8667
210,37,ok,4,17,13,True,True,20859,10,161,4,1.9498
213,37,ok,9,22,13,True,True,21190,13,95,9,1.8273
495,36,ok,12,29,17,True,True,52589,34,54,12,17.9388
212,37,ok,6,14,8,True,True,21079,18,89,6,1.9743
214,37,ok,8,19,11,True,True,21300,11,94,8,2.0114
215,37,ok,15,30,15,True,True,21411,17,79,15,1.9945
216,37,ok,4,13,9,True,True,21521,14,178,4,1.861
498,36,ok,4,15,11,True,True,52940,27,176,4,16.6419
217,37,ok,21,62,41,True,True,21632,15,86,21,2.054
220,37,ok,8,25,17,True,True,21964,15,94,8,1.9753
219,37,ok,9,25,16,True,True,21853,14,94,9,2.0867
218,37,ok,6,17,11,True,True,21742,12,86,6,2.1596
221,37,ok,15,32,17,True,True,22074,18,92,15,2.1261
222,37,ok,4,9,5,True,True,22185,9,180,4,2.1774
223,37,ok,21,57,36,True,True,22296,15,88,21,2.1954
500,36,ok,6,15,9,True,True,53174,23,121,6,17.3768
224,37,ok,6,16,10,True,True,22407,17,92,6,3.2296
227,37,ok,15,34,19,True,True,22740,22,93,15,3.0915
226,37,ok,8,27,19,True,True,22629,14,91,8,3.1726
228,37,ok,4,10,6,True,True,22851,10,203,4,3.06
225,37,ok,9,20,11,True,True,22518,12,95,9,3.3447
230,37,ok,6,14,8,True,True,23073,17,92,6,3.1693
497,36,ok,25,70,45,True,True,52823,34,24,25,19.4031
499,36,ok,28,76,48,True,True,53057,30,24,28,17.7703
231,37,ok,9,20,11,True,True,23185,12,91,9,3.1952
229,37,ok,21,54,33,True,True,22962,14,94,21,3.3821
232,37,ok,8,23,15,True,True,23296,13,92,8,3.3006
233,37,ok,15,41,26,True,True,23407,18,90,15,3.256
236,37,ok,6,21,15,True,True,23742,15,87,6,3.298
235,37,ok,21,49,28,True,True,23630,19,93,21,3.3986
238,37,ok,8,16,8,True,True,23965,14,95,8,3.3538
234,37,ok,4,8,4,True,True,23519,10,172,4,3.4958
239,37,ok,15,37,22,True,True,24076,27,101,15,3.475
237,37,ok,9,27,18,True,True,23853,15,95,9,3.6731
240,37,ok,4,14,10,True,True,24188,12,171,4,3.6797
242,37,ok,6,21,15,True,True,24411,14,88,6,3.5299
243,37,ok,9,20,11,True,True,24523,12,90,9,3.4625
244,37,ok,8,26,18,True,True,24635,10,91,8,3.4857
241,37,ok,21,45,24,True,True,24300,16,95,21,3.9064
245,37,ok,15,38,23,True,True,24747,25,91,15,3.6011
246,37,ok,4,13,9,True,True,24859,15,180,4,3.608
247,37,ok,21,52,31,True,True,24971,17,87,21,3.8112
248,37,ok,6,19,13,True,True,25083,13,92,6,3.8646
249,37,ok,9,20,11,True,True,25195,15,92,9,3.7885
251,37,ok,15,33,18,True,True,25419,21,88,15,3.648
250,37,ok,8,20,12,True,True,25307,13,93,8,3.8166
252,37,ok,4,9,5,True,True,25531,13,181,4,2.6955
254,37,ok,6,12,6,True,True,25756,13,87,6,2.7619
256,37,ok,8,24,16,True,True,25980,16,90,8,2.7734
258,37,ok,4,15,11,True,True,26205,16,175,4,3.211
255,37,ok,9,31,22,True,True,25868,18,90,9,3.9447
260,37,ok,6,15,9,True,True,26430,15,89,6,3.8018
253,37,ok,21,61,40,True,True,25643,15,90,21,4.1637
261,37,ok,9,28,19,True,True,26543,17,99,9,3.9096
257,37,ok,15,38,23,True,True,26093,16,91,15,4.2028
259,37,ok,21,53,32,True,True,26318,17,83,21,4.1445
262,37,ok,8,18,10,True,True,26655,17,99,8,4.1142
264,37,ok,4,9,5,True,True,26881,15,188,4,3.8908
263,37,ok,15,39,24,True,True,26768,18,100,15,4.2285
265,37,ok,21,51,30,True,True,26994,18,92,21,3.9757
267,37,ok,9,29,20,True,True,27219,13,97,9,3.9357
266,37,ok,6,14,8,True,True,27106,14,94,6,4.14
268,37,ok,8,23,15,True,True,27332,15,99,8,4.2936
269,37,ok,15,42,27,True,True,27445,20,84,15,4.1934
272,37,ok,6,15,9,True,True,27784,15,94,6,4.1391
273,37,ok,9,20,11,True,True,27897,17,97,9,4.2393
270,37,ok,4,16,12,True,True,27558,13,178,4,4.4261
274,37,ok,8,22,14,True,True,28010,14,94,8,4.1181
271,37,ok,21,55,34,True,True,27671,20,99,21,4.5721
276,37,ok,4,11,7,True,True,28236,13,180,4,4.2224
275,37,ok,15,42,27,True,True,28123,20,101,15,4.5455
277,37,ok,21,48,27,True,True,28350,18,100,21,4.4239
278,37,ok,6,15,9,True,True,28463,16,94,6,4.3375
280,37,ok,8,16,8,True,True,28690,16,92,8,4.4465
279,37,ok,9,28,19,True,True,28576,15,94,9,4.4645
281,37,ok,15,36,21,True,True,28803,20,97,15,4.5499
283,37,ok,21,55,34,True,True,29030,15,86,21,4.491
282,37,ok,4,10,6,True,True,28916,14,200,4,5.6159
284,37,ok,6,15,9,True,True,29143,27,99,6,5.3804
285,37,ok,9,27,18,True,True,29257,13,104,9,5.4174
286,37,ok,8,22,14,True,True,29370,15,92,8,5.1153
288,37,ok,4,16,12,True,True,29598,11,177,4,4.6314
287,37,ok,15,33,18,True,True,29484,21,92,15,4.7412
289,37,ok,21,47,26,True,True,29711,16,81,21,4.7148
292,37,ok,8,18,10,True,True,30053,16,98,8,4.6966
290,37,ok,6,14,8,True,True,29825,14,98,6,4.8062
291,37,ok,9,19,10,True,True,29939,17,106,9,5.0175
293,37,ok,15,32,17,True,True,30167,26,93,15,4.8357
294,37,ok,4,15,11,True,True,30280,12,189,4,4.8731
295,37,ok,21,59,38,True,True,30394,17,94,21,4.9849
296,37,ok,6,15,9,True,True,30508,11,96,6,4.9211
297,37,ok,9,20,11,True,True,30622,17,96,9,4.8885
298,37,ok,8,20,12,True,True,30736,14,105,8,4.9809
299,37,ok,15,41,26,True,True,30850,17,90,15,5.1622
300,37,ok,4,10,6,True,True,30964,16,194,4,5.17
301,37,ok,21,50,29,True,True,31079,16,95,21,5.0381
302,37,ok,6,12,6,True,True,31193,15,94,6,5.0448
303,37,ok,9,18,9,True,True,31307,25,105,9,6.1485
304,37,ok,8,22,14,True,True,31421,19,101,8,6.074
305,37,ok,15,38,23,True,True,31535,27,94,15,6.1059
306,37,ok,4,17,13,True,True,31650,19,191,4,6.0541
308,37,ok,6,18,12,True,True,31879,19,98,6,6.263
307,37,ok,21,44,23,True,True,31764,17,102,21,6.4006
309,37,ok,9,28,19,True,True,31993,18,99,9,6.4777
310,37,ok,8,17,9,True,True,32107,14,104,8,6.2892
311,37,ok,15,40,25,True,True,32222,18,103,15,6.3327
312,37,ok,4,10,6,True,True,32336,20,187,4,6.3152
313,37,ok,21,54,33,True,True,32451,17,106,21,6.3975
314,37,ok,6,13,7,True,True,32566,18,103,6,5.5067
315,37,ok,9,23,14,True,True,32680,14,98,9,5.754
316,37,ok,8,22,14,True,True,32795,11,95,8,5.6548
317,37,ok,15,43,28,True,True,32910,23,96,15,5.5246
318,37,ok,4,10,6,True,True,33024,16,185,4,5.6202
320,37,ok,6,19,13,True,True,33254,18,95,6,5.5353
319,37,ok,21,59,38,True,True,33139,16,94,21,5.9906
321,37,ok,9,29,20,True,True,33369,17,99,9,5.891
322,37,ok,8,24,16,True,True,33484,16,102,8,5.9773
325,37,ok,21,61,40,True,True,33828,21,96,21,6.1316
324,37,ok,4,10,6,True,True,33713,15,188,4,6.9588
323,37,ok,15,38,23,True,True,33598,23,97,15,7.2124
326,37,ok,6,17,11,True,True,33943,21,107,6,6.9966
328,37,ok,8,22,14,True,True,34174,20,113,8,6.8632
327,37,ok,9,26,17,True,True,34058,17,103,9,7.5204
329,37,ok,15,35,20,True,True,34289,23,96,15,7.221
331,37,ok,21,59,38,True,True,34519,17,93,21,7.0264
332,37,ok,6,15,9,True,True,34634,15,110,6,6.9684
330,37,ok,4,11,7,True,True,34404,19,197,4,7.2089
334,37,ok,8,20,12,True,True,34865,18,114,8,6.1399
333,37,ok,9,23,14,True,True,34749,13,101,9,7.7976
335,37,ok,15,48,33,True,True,34980,25,94,15,6.8154
338,37,ok,6,21,15,True,True,35326,17,102,6,6.4787
336,37,ok,4,10,6,True,True,35095,18,190,4,6.9714
337,37,ok,21,53,32,True,True,35211,18,100,21,8.1189
339,37,ok,9,19,10,True,True,35441,18,101,9,7.6448
341,37,ok,15,37,22,True,True,35672,19,90,15,7.5493
342,37,ok,4,10,6,True,True,35788,19,201,4,7.5846
344,37,ok,6,18,12,True,True,36019,17,102,6,7.5584
343,37,ok,21,49,28,True,True,35904,18,88,21,7.8505
340,37,ok,8,23,15,True,True,35557,14,105,8,8.2779
345,37,ok,9,25,16,True,True,36135,19,102,9,7.8177
348,37,ok,4,13,9,True,True,36482,13,195,4,7.9397
350,37,ok,6,16,10,True,True,36713,17,105,6,7.7945
347,37,ok,15,39,24,True,True,36366,24,93,15,8.281
349,37,ok,21,52,31,True,True,36598,21,106,21,8.0622
351,37,ok,9,25,16,True,True,36829,14,109,9,8.2848
346,37,ok,8,20,12,True,True,36250,15,99,8,9.1506
356,37,ok,6,16,10,True,True,37409,21,110,6,8.0512
355,37,ok,21,49,28,True,True,37293,16,96,21,8.4709
357,37,ok,9,19,10,True,True,37525,12,103,9,8.3438
353,37,ok,15,30,15,True,True,37061,18,97,15,10.0995
358,37,ok,8,20,12,True,True,37641,23,115,8,8.5087
354,37,ok,4,14,10,True,True,37177,15,198,4,9.9316
352,37,ok,8,19,11,True,True,36945,18,101,8,10.4904
360,37,ok,4,9,5,True,True,37873,15,194,4,8.4394
361,37,ok,21,53,32,True,True,37989,17,100,21,8.5586
359,37,ok,15,39,24,True,True,37757,19,94,15,9.0433
364,37,ok,8,20,12,True,True,38338,15,112,8,8.6126
363,37,ok,9,21,12,True,True,38221,20,102,9,8.9824
362,37,ok,6,13,7,True,True,38105,17,107,6,9.3395
368,37,ok,6,14,8,True,True,38803,16,109,6,9.5809
367,37,ok,21,57,36,True,True,38686,19,100,21,9.6292
366,37,ok,4,10,6,True,True,38570,11,185,4,10.0021
365,37,ok,15,32,17,True,True,38454,40,98,15,10.3951
370,37,ok,8,20,12,True,True,39035,20,115,8,8.7155
369,37,ok,9,27,18,True,True,38919,16,104,9,9.0195
374,37,ok,6,21,15,True,True,39501,11,107,6,8.5449
373,37,ok,21,55,34,True,True,39385,17,104,21,8.7203
371,37,ok,15,46,31,True,True,39152,17,96,15,9.3153
375,37,ok,9,28,19,True,True,39618,15,110,9,8.6281
372,37,ok,4,11,7,True,True,39268,13,198,4,9.5793
377,37,ok,15,36,21,True,True,39851,21,96,15,8.8798
376,37,ok,8,23,15,True,True,39734,19,106,8,9.4451
378,37,ok,4,11,7,True,True,39968,22,191,4,8.994
380,37,ok,6,14,8,True,True,40201,23,107,6,9.6043
379,37,ok,21,59,38,True,True,40084,18,103,21,10.2147
382,37,ok,8,28,20,True,True,40434,26,98,8,10.0518
381,37,ok,9,22,13,True,True,40318,20,106,9,10.1697
383,37,ok,15,37,22,True,True,40551,22,103,15,9.3709
384,37,ok,4,7,3,True,True,40668,14,195,4,9.2433
387,37,ok,9,22,13,True,True,41018,15,104,9,9.3087
385,37,ok,21,62,41,True,True,40785,21,104,21,11.0634
388,37,ok,8,21,13,True,True,41135,16,116,8,10.6811
386,37,ok,6,11,5,True,True,40902,25,112,6,10.9774
389,37,ok,15,39,24,True,True,41252,21,105,15,10.9334
390,37,ok,4,11,7,True,True,41369,18,189,4,10.7021
392,37,ok,6,18,12,True,True,41603,16,103,6,10.4108
393,37,ok,9,22,13,True,True,41720,14,104,9,10.4132
391,37,ok,21,53,32,True,True,41486,18,99,21,11.0905
395,37,ok,15,39,24,True,True,41954,20,95,15,10.9792
394,37,ok,8,21,13,True,True,41837,17,105,8,11.3679
396,37,ok,4,12,8,True,True,42072,14,213,4,9.5895
399,37,ok,9,30,21,True,True,42423,14,114,9,10.0647
400,37,ok,8,22,14,True,True,42540,16,117,8,9.9662
398,37,ok,6,14,8,True,True,42306,27,97,6,10.35
401,37,ok,15,38,23,True,True,42658,20,97,15,9.8483
397,37,ok,21,61,40,True,True,42189,21,103,21,10.4698
402,37,ok,4,15,11,True,True,42775,18,200,4,10.9231
403,37,ok,21,54,33,True,True,42892,16,109,21,11.2656
404,37,ok,6,16,10,True,True,43010,20,114,6,11.1379
405,37,ok,9,24,15,True,True,43127,16,115,9,11.3477
406,37,ok,8,14,6,True,True,43244,18,102,8,11.546
408,37,ok,4,12,8,True,True,43479,17,195,4,11.4718
409,37,ok,21,54,33,True,True,43597,25,103,21,11.2442
410,37,ok,6,14,8,True,True,43714,20,104,6,10.5792
407,37,ok,15,51,36,True,True,43362,21,103,15,11.8871
411,37,ok,9,30,21,True,True,43832,17,113,9,10.3618
413,37,ok,15,35,20,True,True,44067,28,101,15,11.6549
412,37,ok,8,22,14,True,True,43949,17,104,8,11.9355
414,37,ok,4,16,12,True,True,44185,11,204,4,11.4397
415,37,ok,21,59,38,True,True,44302,18,103,21,12.0457
416,37,ok,6,15,9,True,True,44420,20,107,6,11.7593
417,37,ok,9,28,19,True,True,44538,15,104,9,10.684
419,37,ok,15,37,22,True,True,44773,20,99,15,11.1062
420,37,ok,4,6,2,True,True,44891,14,205,4,12.0889
418,37,ok,8,21,13,True,True,44655,19,105,8,12.5415
423,37,ok,9,29,20,True,True,45244,16,116,9,11.8077
424,37,ok,8,23,15,True,True,45362,17,109,8,11.9729
422,37,ok,6,16,10,True,True,45126,18,112,6,12.5227
421,37,ok,21,60,39,True,True,45009,19,111,21,12.9917
425,37,ok,15,34,19,True,True,45480,21,107,15,11.9977
426,37,ok,4,7,3,True,True,45598,17,198,4,12.9111
429,37,ok,9,24,15,True,True,45952,14,105,9,12.9777
428,37,ok,6,16,10,True,True,45834,27,99,6,13.2027
427,37,ok,21,54,33,True,True,45716,16,100,21,14.4951
433,37,ok,21,56,35,True,True,46424,21,98,21,12.5621
431,37,ok,15,44,29,True,True,46188,24,98,15,14.0544
432,37,ok,4,11,7,True,True,46306,11,212,4,14.4243
430,37,ok,8,19,11,True,True,46070,19,102,8,14.7373
435,37,ok,9,31,22,True,True,46660,14,107,9,12.91
436,37,ok,8,25,17,True,True,46779,14,111,8,12.9133
434,37,ok,6,19,13,True,True,46542,14,104,6,13.2141
438,37,ok,4,16,12,True,True,47015,13,200,4,12.3453
437,37,ok,15,45,30,True,True,46897,23,114,15,12.8796
440,37,ok,6,15,9,True,True,47252,16,112,6,13.6241
442,37,ok,8,22,14,True,True,47488,18,107,8,13.7811
441,37,ok,9,21,12,True,True,47370,17,105,9,14.0714
439,37,ok,21,62,41,True,True,47133,14,104,21,14.714
444,37,ok,4,15,11,True,True,47725,16,201,4,13.4771
445,37,ok,21,56,35,True,True,47843,21,107,21,13.3432
443,37,ok,15,40,25,True,True,47606,21,103,15,14.058
447,37,ok,9,24,15,True,True,48080,17,114,9,14.6343
448,37,ok,8,24,16,True,True,48199,14,109,8,14.2391
446,37,ok,6,13,7,True,True,47962,16,113,6,15.1634
449,37,ok,15,45,30,True,True,48317,19,116,15,14.3676
450,37,ok,4,8,4,True,True,48436,26,195,4,13.3155
452,37,ok,6,16,10,True,True,48673,19,102,6,13.2129
451,37,ok,21,57,36,True,True,48554,21,108,21,14.298
454,37,ok,8,22,14,True,True,48910,14,115,8,13.8689
456,37,ok,4,11,7,True,True,49147,13,208,4,13.4008
455,37,ok,15,38,23,True,True,49029,21,108,15,13.9014
453,37,ok,9,30,21,True,True,48791,18,104,9,14.3593
457,37,ok,21,59,38,True,True,49266,16,102,21,14.8225
458,37,ok,6,15,9,True,True,49385,22,99,6,13.857
459,37,ok,9,27,18,True,True,49503,19,115,9,13.7388
460,37,ok,8,22,14,True,True,49622,13,108,8,14.4138
462,37,ok,4,9,5,True,True,49860,14,206,4,14.1149
465,37,ok,9,27,18,True,True,50216,21,104,9,13.7988
463,37,ok,21,61,40,True,True,49979,20,114,21,14.2039
464,37,ok,6,14,8,True,True,50097,22,115,6,14.0453
466,37,ok,8,19,11,True,True,50335,16,105,8,13.8156
461,37,ok,15,36,21,True,True,49741,22,115,15,15.0022
467,37,ok,15,45,30,True,True,50454,21,107,15,14.0145
468,37,ok,4,11,7,True,True,50573,17,209,4,14.9284
469,37,ok,21,67,46,True,True,50692,19,102,21,15.5997
470,37,ok,6,15,9,True,True,50811,19,106,6,14.1667
1,38,ok,37,37,0,True,True,82,2,3,37,0.0012
2,38,ok,4,4,0,True,True,138,5,7,4,0.0007
3,38,ok,4,6,2,True,True,199,4,12,4,0.001
4,38,ok,6,11,5,True,True,264,6,15,6,0.0015
5,38,ok,13,20,7,True,True,333,5,7,13,0.0023
6,38,ok,2,3,1,True,True,404,5,29,2,0.002
7,38,ok,16,23,7,True,True,476,8,9,16,0.0038
8,38,ok,6,11,5,True,True,551,6,22,6,0.0047
9,38,ok,5,12,7,True,True,627,3,41,5,0.0046
10,38,ok,10,20,10,True,True,704,5,13,10,0.006
11,38,ok,12,17,5,True,True,783,15,9,12,0.0069
12,38,ok,2,5,3,True,True,863,4,63,2,0.0062
13,38,ok,21,38,17,True,True,943,9,10,21,0.0107
14,38,ok,4,7,3,True,True,1025,11,17,4,0.0081
15,38,ok,4,8,4,True,True,1107,6,24,4,0.009
16,38,ok,6,15,9,True,True,1190,6,26,6,0.0108
17,38,ok,21,33,12,True,True,1274,8,11,21,0.0156
18,38,ok,2,3,1,True,True,1358,5,104,2,0.012
19,38,ok,28,54,26,True,True,1443,7,11,28,0.0221
20,38,ok,4,10,6,True,True,1529,8,31,4,0.0153
21,38,ok,5,12,7,True,True,1615,6,27,5,0.0173
22,38,ok,6,12,6,True,True,1702,8,26,6,0.0184
23,38,ok,12,19,7,True,True,1790,10,11,12,0.0213
24,38,ok,2,5,3,True,True,1878,6,86,2,0.0194
25,38,ok,21,41,20,True,True,1966,13,12,21,0.0284
471,37,ok,9,27,18,True,True,50930,20,119,9,14.0652
26,38,ok,6,14,8,True,True,2055,8,21,6,0.0251
27,38,ok,4,7,3,True,True,2144,7,74,4,0.0247
28,38,ok,10,19,9,True,True,2234,7,37,10,0.0307
29,38,ok,13,30,17,True,True,2324,16,12,13,0.0334
30,38,ok,2,3,1,True,True,2414,7,51,2,0.0286
31,38,ok,16,33,17,True,True,2505,17,12,16,0.0387
32,38,ok,4,6,2,True,True,2596,9,37,4,0.0336
33,38,ok,5,11,6,True,True,2688,9,33,5,0.0371
34,38,ok,6,9,3,True,True,2780,12,24,6,0.0388
35,38,ok,20,35,15,True,True,2872,12,15,20,0.0497
36,38,ok,2,4,2,True,True,2965,8,268,2,0.0465
38,38,ok,4,5,1,True,True,3151,12,21,4,0.0483
37,38,ok,37,81,44,True,True,3058,9,16,37,0.0681
39,38,ok,4,7,3,True,True,3245,11,30,4,0.0515
40,38,ok,6,10,4,True,True,3338,12,45,6,0.0535
41,38,ok,13,25,12,True,True,3433,17,14,13,0.0631
42,38,ok,2,5,3,True,True,3527,8,58,2,0.0565
43,38,ok,16,28,12,True,True,3622,16,14,16,0.0707
44,38,ok,6,12,6,True,True,3717,9,39,6,0.0648
45,38,ok,5,14,9,True,True,3812,11,78,5,0.074
46,38,ok,10,32,22,True,True,3907,8,22,10,0.0779
47,38,ok,12,17,5,True,True,4003,22,15,12,0.0813
48,38,ok,2,5,3,True,True,4099,8,108,2,0.0745
50,38,ok,4,10,6,True,True,4291,17,31,4,0.0828
49,38,ok,21,39,18,True,True,4195,18,16,21,0.0951
51,38,ok,4,6,2,True,True,4388,7,34,4,0.0853
472,37,ok,8,22,14,True,True,51049,20,106,8,14.5434
52,38,ok,6,9,3,True,True,4485,12,45,6,0.0949
53,38,ok,21,36,15,True,True,4582,13,15,21,0.1082
54,38,ok,2,5,3,True,True,4679,9,164,2,0.1057
55,38,ok,28,60,32,True,True,4777,11,16,28,0.1354
56,38,ok,4,7,3,True,True,4874,17,42,4,0.1033
58,38,ok,6,14,8,True,True,5070,12,28,6,0.1137
57,38,ok,5,14,9,True,True,4972,9,37,5,0.154
473,37,ok,15,32,17,True,True,51168,27,104,15,14.5655
59,38,ok,12,22,10,True,True,5169,18,18,12,0.1243
60,38,ok,2,6,4,True,True,5267,7,126,2,0.124
61,38,ok,21,47,26,True,True,5366,16,16,21,0.1496
62,38,ok,6,12,6,True,True,5465,10,27,6,0.1352
63,38,ok,4,9,5,True,True,5564,10,98,4,0.1335
64,38,ok,10,20,10,True,True,5663,8,48,10,0.1523
65,38,ok,13,24,11,True,True,5762,18,17,13,0.1547
66,38,ok,2,4,2,True,True,5862,9,61,2,0.1438
67,38,ok,16,31,15,True,True,5962,16,18,16,0.1655
68,38,ok,4,9,5,True,True,6062,13,49,4,0.1627
69,38,ok,5,10,5,True,True,6162,12,38,5,0.1604
70,38,ok,6,13,7,True,True,6262,13,28,6,0.1717
71,38,ok,20,40,20,True,True,6362,16,18,20,0.1926
72,38,ok,2,4,2,True,True,6463,10,376,2,0.1767
74,38,ok,4,11,7,True,True,6665,17,29,4,0.1886
73,38,ok,37,82,45,True,True,6564,10,17,37,0.2343
75,38,ok,4,9,5,True,True,6766,11,40,4,0.1921
76,38,ok,6,13,7,True,True,6867,14,51,6,0.2049
77,38,ok,13,23,10,True,True,6968,27,19,13,0.2152
78,38,ok,2,6,4,True,True,7070,7,72,2,0.2212
79,38,ok,16,35,19,True,True,7171,20,16,16,0.2338
80,38,ok,6,13,7,True,True,7273,12,52,6,0.2271
81,38,ok,5,12,7,True,True,7375,7,97,5,0.8949
82,38,ok,10,21,11,True,True,7477,10,30,10,1.2007
83,38,ok,12,20,8,True,True,7579,30,18,12,1.1891
474,37,ok,4,14,10,True,True,51287,12,205,4,15.3067
84,38,ok,2,6,4,True,True,7682,9,142,2,1.1964
86,38,ok,4,7,3,True,True,7887,19,29,4,0.2613
85,38,ok,21,39,18,True,True,7784,22,18,21,0.5819
87,38,ok,4,9,5,True,True,7989,12,41,4,0.2592
88,38,ok,6,11,5,True,True,8092,11,51,6,0.3065
89,38,ok,21,42,21,True,True,8195,22,18,21,0.3047
90,38,ok,2,6,4,True,True,8298,8,186,2,0.282
92,38,ok,4,8,4,True,True,8505,21,59,4,0.2908
91,38,ok,28,60,32,True,True,8401,16,21,28,0.3372
93,38,ok,5,15,10,True,True,8608,10,40,5,0.3192
94,38,ok,6,12,6,True,True,8712,13,39,6,0.3219
476,37,ok,6,11,5,True,True,51526,18,116,6,15.6593
475,37,ok,21,61,40,True,True,51406,23,108,21,15.8159
95,38,ok,12,29,17,True,True,8816,16,19,12,0.3366
96,38,ok,2,6,4,True,True,8919,9,136,2,0.3178
97,38,ok,21,48,27,True,True,9023,21,21,21,0.3621
98,38,ok,6,14,8,True,True,9127,9,32,6,0.3431
99,38,ok,4,13,9,True,True,9232,11,109,4,0.3572
100,38,ok,10,20,10,True,True,9336,12,49,10,0.3739
101,38,ok,13,28,15,True,True,9440,17,21,13,0.396
102,38,ok,2,8,6,True,True,9545,8,76,2,0.3632
103,38,ok,16,31,15,True,True,9649,20,21,16,0.3987
104,38,ok,4,10,6,True,True,9754,14,61,4,0.3854
105,38,ok,5,12,7,True,True,9859,11,46,5,0.3928
106,38,ok,6,12,6,True,True,9964,11,30,6,0.419
107,38,ok,20,37,17,True,True,10069,18,20,20,0.4498
108,38,ok,2,8,6,True,True,10174,9,384,2,0.4337
110,38,ok,4,9,5,True,True,10385,28,35,4,0.434
109,38,ok,37,75,38,True,True,10280,12,19,37,0.5162
111,38,ok,4,11,7,True,True,10490,12,50,4,0.4399
112,38,ok,6,16,10,True,True,10596,18,60,6,0.4569
113,38,ok,13,26,13,True,True,10702,25,20,13,0.486
114,38,ok,2,7,5,True,True,10807,10,77,2,0.4798
478,37,ok,8,19,11,True,True,51764,18,111,8,14.8267
115,38,ok,16,26,10,True,True,10913,37,20,16,0.5241
116,38,ok,6,14,8,True,True,11019,10,60,6,0.4862
117,38,ok,5,9,4,True,True,11125,14,108,5,0.5112
118,38,ok,10,23,13,True,True,11232,11,31,10,0.5304
477,37,ok,9,22,13,True,True,51645,18,108,9,15.1892
119,38,ok,12,26,14,True,True,11338,30,19,12,0.5328
120,38,ok,2,3,1,True,True,11444,10,147,2,0.5363
479,37,ok,15,34,19,True,True,51883,24,106,15,15.1849
122,38,ok,4,11,7,True,True,11657,20,34,4,0.5935
121,38,ok,21,39,18,True,True,11551,26,21,21,0.615
123,38,ok,4,9,5,True,True,11764,16,43,4,0.5846
124,38,ok,6,14,8,True,True,11871,12,60,6,0.5667
125,38,ok,21,47,26,True,True,11977,18,21,21,0.6298
126,38,ok,2,7,5,True,True,12084,7,237,2,0.5797
480,37,ok,4,8,4,True,True,52002,15,223,4,15.0891
128,38,ok,4,8,4,True,True,12298,15,59,4,0.5965
127,38,ok,28,59,31,True,True,12191,20,19,28,0.7504
481,37,ok,21,67,46,True,True,52122,19,106,21,15.1032
482,37,ok,6,16,10,True,True,52241,19,118,6,14.8078
129,38,ok,5,12,7,True,True,12405,14,46,5,0.8512
130,38,ok,6,14,8,True,True,12513,16,33,6,1.5939
131,38,ok,12,21,9,True,True,12620,39,19,12,1.6266
132,38,ok,2,5,3,True,True,12728,12,157,2,1.622
133,38,ok,21,38,17,True,True,12835,23,23,21,1.6614
134,38,ok,6,14,8,True,True,12943,12,37,6,1.607
136,38,ok,10,17,7,True,True,13158,13,63,10,1.6505
135,38,ok,4,10,6,True,True,13050,12,113,4,1.7196
137,38,ok,13,29,16,True,True,13266,40,21,13,1.6807
138,38,ok,2,7,5,True,True,13374,10,80,2,1.6455
141,38,ok,5,11,6,True,True,13698,11,45,5,1.6931
140,38,ok,4,10,6,True,True,13590,18,58,4,1.743
142,38,ok,6,15,9,True,True,13806,15,36,6,1.5041
139,38,ok,16,33,17,True,True,13482,22,25,16,1.7923
144,38,ok,2,5,3,True,True,14023,8,440,2,0.7851
143,38,ok,20,39,19,True,True,13915,23,20,20,0.9029
147,38,ok,4,8,4,True,True,14349,12,56,4,0.8041
146,38,ok,4,9,5,True,True,14240,33,34,4,0.8361
145,38,ok,37,94,57,True,True,14132,15,20,37,0.9556
148,38,ok,6,15,9,True,True,14458,16,60,6,0.8251
150,38,ok,2,6,4,True,True,14675,13,92,2,0.8491
485,37,ok,15,39,24,True,True,52599,29,105,15,15.8815
151,38,ok,16,37,21,True,True,14784,36,19,16,0.9022
149,38,ok,13,25,12,True,True,14566,30,21,13,0.9515
152,38,ok,6,16,10,True,True,14893,17,61,6,0.8865
153,38,ok,5,14,9,True,True,15002,13,126,5,0.9111
484,37,ok,8,22,14,True,True,52479,18,112,8,16.3387
483,37,ok,9,22,13,True,True,52360,19,110,9,16.6061
154,38,ok,10,26,16,True,True,15111,12,34,10,0.9295
486,37,ok,4,11,7,True,True,52718,15,201,4,16.22
487,37,ok,21,50,29,True,True,52837,20,113,21,16.0891
155,38,ok,12,28,16,True,True,15221,24,20,12,1.0281
156,38,ok,2,5,3,True,True,15330,16,175,2,0.9302
158,38,ok,4,9,5,True,True,15549,28,34,4,0.9516
159,38,ok,4,12,8,True,True,15658,13,48,4,1.0097
157,38,ok,21,51,30,True,True,15439,22,21,21,1.1048
160,38,ok,6,11,5,True,True,15768,21,64,6,1.0542
161,38,ok,21,39,18,True,True,15878,20,25,21,1.0921
162,38,ok,2,4,2,True,True,15987,10,235,2,1.1107
163,38,ok,28,68,40,True,True,16097,15,20,28,1.1408
165,38,ok,5,8,3,True,True,16317,12,48,5,1.1952
164,38,ok,4,8,4,True,True,16207,22,59,4,1.2522
166,38,ok,6,15,9,True,True,16427,28,37,6,1.1505
170,38,ok,6,14,8,True,True,16868,13,34,6,1.1422
167,38,ok,12,28,16,True,True,16537,26,23,12,1.2194
168,38,ok,2,6,4,True,True,16647,10,161,2,1.2315
169,38,ok,21,50,29,True,True,16757,26,25,21,1.3938
488,37,ok,6,18,12,True,True,52957,30,110,6,15.1805
171,38,ok,4,9,5,True,True,16978,15,124,4,1.3783
174,38,ok,2,8,6,True,True,17309,8,93,2,1.2631
173,38,ok,13,31,18,True,True,17199,20,22,13,1.3527
172,38,ok,10,28,18,True,True,17088,15,62,10,1.3759
177,38,ok,5,8,3,True,True,17641,14,49,5,2.2272
489,37,ok,9,27,18,True,True,53076,15,108,9,16.3572
176,38,ok,4,10,6,True,True,17531,24,60,4,2.3981
490,37,ok,8,22,14,True,True,53196,18,111,8,16.6375
178,38,ok,6,14,8,True,True,17752,21,35,6,2.5394
179,38,ok,20,46,26,True,True,17863,22,22,20,2.4163
175,38,ok,16,36,20,True,True,17420,28,20,16,2.785
180,38,ok,2,7,5,True,True,17974,11,455,2,2.3862
182,38,ok,4,9,5,True,True,18196,22,36,4,2.2847
181,38,ok,37,97,60,True,True,18085,13,24,37,2.5569
184,38,ok,6,17,11,True,True,18418,18,66,6,2.3126
185,38,ok,13,23,10,True,True,18530,36,21,13,2.3018
186,38,ok,2,7,5,True,True,18641,11,91,2,2.4313
187,38,ok,16,37,21,True,True,18752,22,22,16,2.5005
183,38,ok,4,9,5,True,True,18307,13,51,4,2.8056
189,38,ok,5,11,6,True,True,18975,15,147,5,2.43
191,38,ok,12,28,16,True,True,19198,28,21,12,2.4845
192,38,ok,2,5,3,True,True,19310,12,168,2,2.5074
188,38,ok,6,15,9,True,True,18864,16,64,6,2.6248
491,37,ok,15,45,30,True,True,53315,16,100,15,16.4462
193,38,ok,21,41,20,True,True,19422,28,21,21,2.6481
190,38,ok,10,28,18,True,True,19087,13,38,10,2.7421
195,38,ok,4,9,5,True,True,19645,10,53,4,1.5393
194,38,ok,4,8,4,True,True,19533,20,39,4,1.5815
196,38,ok,6,16,10,True,True,19757,23,62,6,1.6978
197,38,ok,21,46,25,True,True,19869,20,23,21,1.6831
494,37,ok,6,19,13,True,True,53674,20,116,6,16.5072
198,38,ok,2,6,4,True,True,19981,9,243,2,1.7418
201,38,ok,5,14,9,True,True,20317,11,62,5,1.7477
199,38,ok,28,69,41,True,True,20093,17,23,28,1.869
202,38,ok,6,16,10,True,True,20429,22,41,6,1.7103
496,37,ok,8,20,12,True,True,53913,18,111,8,16.5885
204,38,ok,2,5,3,True,True,20654,9,162,2,1.6886
200,38,ok,4,11,7,True,True,20205,21,61,4,1.9955
203,38,ok,12,30,18,True,True,20542,33,24,12,1.8255
205,38,ok,21,55,34,True,True,20766,20,25,21,1.7849
492,37,ok,4,12,8,True,True,53435,17,207,4,17.5005
206,38,ok,6,14,8,True,True,20879,15,42,6,1.8562
493,37,ok,21,60,39,True,True,53554,20,103,21,17.3103
207,38,ok,4,17,13,True,True,20991,16,132,4,1.8659
209,38,ok,13,23,10,True,True,21216,27,23,13,2.8513
210,38,ok,2,7,5,True,True,21329,15,93,2,2.8274
211,38,ok,16,30,14,True,True,21442,35,26,16,2.8667
213,38,ok,5,12,7,True,True,21667,14,53,5,2.8062
208,38,ok,10,35,25,True,True,21104,12,66,10,3.1026
495,37,ok,9,26,17,True,True,53793,19,116,9,18.6015
214,38,ok,6,14,8,True,True,21780,14,41,6,2.8581
216,38,ok,2,8,6,True,True,22006,12,471,2,2.8124
212,38,ok,4,9,5,True,True,21554,19,66,4,3.227
217,38,ok,37,98,61,True,True,22119,14,23,37,3.1948
218,38,ok,4,8,4,True,True,22232,20,42,4,2.9369
500,37,ok,6,21,15,True,True,54391,21,110,6,16.7596
498,37,ok,4,16,12,True,True,54152,18,210,4,18.875
215,38,ok,20,44,24,True,True,21893,19,22,20,3.4807
220,38,ok,6,15,9,True,True,22458,14,66,6,2.9197
497,37,ok,15,43,28,True,True,54032,22,96,15,19.2115
219,38,ok,4,12,8,True,True,22345,11,55,4,3.1333
222,38,ok,2,6,4,True,True,22685,11,95,2,3.0606
224,38,ok,6,12,6,True,True,22912,24,68,6,3.0283
223,38,ok,16,39,23,True,True,22798,31,25,16,3.1157
225,38,ok,5,18,13,True,True,23025,12,136,5,3.0949
226,38,ok,10,28,18,True,True,23138,16,47,10,3.084
499,37,ok,21,68,47,True,True,54272,19,111,21,18.1456
228,38,ok,2,5,3,True,True,23366,13,170,2,3.1434
221,38,ok,13,37,24,True,True,22572,25,22,13,3.664
229,38,ok,21,51,30,True,True,23479,26,24,21,3.2895
232,38,ok,6,17,11,True,True,23820,15,67,6,3.2322
230,38,ok,4,11,7,True,True,23593,28,39,4,3.5035
227,38,ok,12,23,11,True,True,23252,35,24,12,3.8252
233,38,ok,21,45,24,True,True,23934,24,23,21,3.4418
234,38,ok,2,6,4,True,True,24048,12,251,2,2.43
237,38,ok,5,14,9,True,True,24390,10,53,5,2.449
236,38,ok,4,9,5,True,True,24276,35,66,4,2.4732
235,38,ok,28,67,39,True,True,24162,17,25,28,2.5568
238,38,ok,6,13,7,True,True,24504,22,39,6,2.556
239,38,ok,12,28,16,True,True,24618,45,24,12,2.5587
231,38,ok,4,12,8,True,True,23707,17,60,4,4.0363
241,38,ok,21,47,26,True,True,24846,26,24,21,3.7884
242,38,ok,6,17,11,True,True,24960,15,39,6,3.7229
243,38,ok,4,15,11,True,True,25075,15,138,4,3.5587
244,38,ok,10,30,20,True,True,25189,13,72,10,3.6337
248,38,ok,4,11,7,True,True,25647,29,68,4,3.6527
246,38,ok,2,5,3,True,True,25418,13,103,2,3.866
240,38,ok,2,5,3,True,True,24732,12,175,2,4.4051
245,38,ok,13,34,21,True,True,25303,28,22,13,3.9188
247,38,ok,16,38,22,True,True,25532,24,24,16,3.8084
250,38,ok,6,14,8,True,True,25876,21,40,6,3.6903
249,38,ok,5,15,10,True,True,25761,14,56,5,3.8841
252,38,ok,2,5,3,True,True,26105,13,481,2,3.7981
254,38,ok,4,8,4,True,True,26335,34,39,4,3.6771
251,38,ok,20,43,23,True,True,25991,26,26,20,3.8344
256,38,ok,6,17,11,True,True,26564,16,67,6,3.7279
255,38,ok,4,10,6,True,True,26450,11,52,4,3.9084
257,38,ok,13,29,16,True,True,26679,31,23,13,3.9399
253,38,ok,37,100,63,True,True,26220,23,24,37,4.318
258,38,ok,2,5,3,True,True,26794,11,100,2,3.9243
259,38,ok,16,41,25,True,True,26909,38,26,16,3.8825
260,38,ok,6,17,11,True,True,27024,17,70,6,4.0504
264,38,ok,2,7,5,True,True,27485,13,186,2,4.0498
263,38,ok,12,25,13,True,True,27370,20,23,12,4.2706
267,38,ok,4,12,8,True,True,27831,19,59,4,4.0035
261,38,ok,5,17,12,True,True,27139,16,136,5,4.5882
262,38,ok,10,22,12,True,True,27255,16,38,10,4.6057
265,38,ok,21,62,41,True,True,27600,28,25,21,4.2495
268,38,ok,6,12,6,True,True,27946,24,67,6,4.3096
266,38,ok,4,9,5,True,True,27715,24,40,4,5.5956
269,38,ok,21,41,20,True,True,28062,22,23,21,5.5417
270,38,ok,2,6,4,True,True,28177,14,269,2,5.7642
273,38,ok,5,13,8,True,True,28524,17,57,5,4.3582
271,38,ok,28,68,40,True,True,28293,21,24,28,4.6006
272,38,ok,4,8,4,True,True,28408,32,70,4,4.4627
274,38,ok,6,11,5,True,True,28639,18,44,6,4.701
275,38,ok,12,25,13,True,True,28755,26,27,12,4.4606
276,38,ok,2,5,3,True,True,28871,17,180,2,4.5446
278,38,ok,6,18,12,True,True,29102,14,38,6,4.546
279,38,ok,4,9,5,True,True,29218,17,139,4,4.501
277,38,ok,21,52,31,True,True,28986,26,24,21,4.682
280,38,ok,10,25,15,True,True,29334,13,75,10,4.6863
281,38,ok,13,27,14,True,True,29450,43,24,13,4.6476
284,38,ok,4,13,9,True,True,29798,28,71,4,4.4899
282,38,ok,2,8,6,True,True,29566,13,106,2,4.6889
283,38,ok,16,32,16,True,True,29682,28,24,16,4.6901
285,38,ok,5,19,14,True,True,29914,16,58,5,4.6182
286,38,ok,6,13,7,True,True,30030,23,41,6,4.6656
287,38,ok,20,51,31,True,True,30146,29,23,20,4.6716
288,38,ok,2,10,8,True,True,30262,10,497,2,4.8707
290,38,ok,4,7,3,True,True,30495,25,46,4,5.0684
289,38,ok,37,91,54,True,True,30378,17,26,37,5.2403
291,38,ok,4,15,11,True,True,30611,11,52,4,5.0442
293,38,ok,13,24,11,True,True,30844,29,23,13,4.87
294,38,ok,2,6,4,True,True,30960,9,97,2,4.826
292,38,ok,6,12,6,True,True,30727,30,74,6,6.0477
297,38,ok,5,14,9,True,True,31309,10,144,5,5.8087
295,38,ok,16,37,21,True,True,31076,23,24,16,6.0307
296,38,ok,6,14,8,True,True,31193,13,83,6,5.9178
298,38,ok,10,26,16,True,True,31426,19,42,10,6.1976
302,38,ok,4,10,6,True,True,31893,18,44,4,5.1198
301,38,ok,21,45,24,True,True,31776,25,24,21,5.2162
304,38,ok,6,18,12,True,True,32126,19,72,6,5.0916
300,38,ok,2,6,4,True,True,31659,8,183,2,5.5445
299,38,ok,12,25,13,True,True,31543,33,26,12,5.7808
303,38,ok,4,16,12,True,True,32009,15,56,4,5.5275
306,38,ok,2,6,4,True,True,32360,15,283,2,5.5145
307,38,ok,28,65,37,True,True,32477,25,28,28,5.3834
308,38,ok,4,11,7,True,True,32594,29,73,4,5.5652
309,38,ok,5,15,10,True,True,32711,14,58,5,5.5949
305,38,ok,21,55,34,True,True,32243,22,28,21,5.8785
310,38,ok,6,20,14,True,True,32828,16,40,6,5.6104
311,38,ok,12,32,20,True,True,32945,35,27,12,5.5203
313,38,ok,21,47,26,True,True,33179,25,24,21,5.5452
316,38,ok,10,30,20,True,True,33530,20,70,10,5.6592
312,38,ok,2,6,4,True,True,33062,11,184,2,5.977
314,38,ok,6,18,12,True,True,33296,18,42,6,5.8073
315,38,ok,4,11,7,True,True,33413,16,142,4,5.8376
317,38,ok,13,32,19,True,True,33648,29,25,13,5.7
319,38,ok,16,38,22,True,True,33882,31,25,16,6.7552
320,38,ok,4,7,3,True,True,33999,27,71,4,6.85
318,38,ok,2,6,4,True,True,33765,11,103,2,7.4096
321,38,ok,5,17,12,True,True,34117,14,65,5,6.7388
322,38,ok,6,12,6,True,True,34234,20,47,6,6.9933
324,38,ok,2,6,4,True,True,34469,10,523,2,6.7312
323,38,ok,20,45,25,True,True,34352,26,27,20,6.9748
326,38,ok,4,8,4,True,True,34704,17,42,4,6.0054
327,38,ok,4,8,4,True,True,34822,14,63,4,6.0558
328,38,ok,6,16,10,True,True,34940,14,69,6,6.1132
325,38,ok,37,95,58,True,True,34587,19,27,37,6.5305
330,38,ok,2,5,3,True,True,35175,17,106,2,5.977
329,38,ok,13,25,12,True,True,35057,27,26,13,6.5012
332,38,ok,6,19,13,True,True,35410,15,71,6,6.0931
331,38,ok,16,31,15,True,True,35293,33,26,16,7.1872
333,38,ok,5,14,9,True,True,35528,12,146,5,7.2332
335,38,ok,12,32,20,True,True,35764,33,25,12,7.6812
337,38,ok,21,54,33,True,True,36000,25,25,21,7.3003
336,38,ok,2,6,4,True,True,35882,14,188,2,7.5988
338,38,ok,4,6,2,True,True,36118,17,44,4,7.6191
342,38,ok,2,4,2,True,True,36590,15,284,2,7.3899
334,38,ok,10,23,13,True,True,35646,18,42,10,8.6429
339,38,ok,4,9,5,True,True,36236,18,55,4,7.8313
340,38,ok,6,19,13,True,True,36354,30,73,6,7.7743
343,38,ok,28,82,54,True,True,36708,19,26,28,7.7547
341,38,ok,21,41,20,True,True,36472,25,26,21,7.8937
344,38,ok,4,12,8,True,True,36826,29,82,4,7.5406
348,38,ok,2,7,5,True,True,37299,16,190,2,7.6393
347,38,ok,12,26,14,True,True,37181,27,26,12,7.9758
346,38,ok,6,16,10,True,True,37062,22,45,6,8.0641
349,38,ok,21,42,21,True,True,37417,25,27,21,6.8677
345,38,ok,5,14,9,True,True,36944,14,59,5,9.8463
352,38,ok,10,23,13,True,True,37772,20,79,10,7.8988
350,38,ok,6,16,10,True,True,37536,32,46,6,8.1849
354,38,ok,2,4,2,True,True,38009,16,105,2,7.7662
353,38,ok,13,32,19,True,True,37891,27,26,13,8.0179
356,38,ok,4,10,6,True,True,38246,21,80,4,7.9449
355,38,ok,16,36,20,True,True,38128,24,31,16,8.2728
351,38,ok,4,11,7,True,True,37654,14,152,4,9.0723
357,38,ok,5,12,7,True,True,38365,18,60,5,7.9821
358,38,ok,6,19,13,True,True,38484,28,42,6,8.1687
360,38,ok,2,7,5,True,True,38721,17,559,2,7.937
359,38,ok,20,48,28,True,True,38602,26,24,20,8.7236
362,38,ok,4,10,6,True,True,38958,20,40,4,8.2365
363,38,ok,4,11,7,True,True,39077,27,57,4,7.365
361,38,ok,37,104,67,True,True,38840,20,26,37,9.6944
364,38,ok,6,22,16,True,True,39196,20,80,6,8.4241
365,38,ok,13,31,18,True,True,39315,41,24,13,8.9514
367,38,ok,16,38,22,True,True,39552,23,27,16,8.873
366,38,ok,2,5,3,True,True,39433,14,103,2,9.1793
369,38,ok,5,12,7,True,True,39790,13,146,5,8.6752
368,38,ok,6,16,10,True,True,39671,20,76,6,9.2743
372,38,ok,2,6,4,True,True,40147,16,192,2,9.0405
374,38,ok,4,10,6,True,True,40385,38,43,4,8.9702
371,38,ok,12,27,15,True,True,40028,36,24,12,9.1863
375,38,ok,4,11,7,True,True,40504,14,58,4,8.9327
376,38,ok,6,12,6,True,True,40624,36,78,6,8.8191
373,38,ok,21,46,25,True,True,40266,33,27,21,9.5973
377,38,ok,21,49,28,True,True,40743,25,28,21,10.1093
378,38,ok,2,5,3,True,True,40862,10,291,2,10.4734
370,38,ok,10,26,16,True,True,39909,16,44,10,11.6288
379,38,ok,28,78,50,True,True,40981,23,27,28,10.3333
381,38,ok,5,15,10,True,True,41220,12,65,5,9.3015
383,38,ok,12,26,14,True,True,41458,32,28,12,9.218
384,38,ok,2,10,8,True,True,41578,18,194,2,9.0699
382,38,ok,6,18,12,True,True,41339,21,43,6,9.5581
388,38,ok,10,28,18,True,True,42056,16,80,10,9.1151
386,38,ok,6,18,12,True,True,41817,19,46,6,9.3142
385,38,ok,21,50,29,True,True,41697,31,28,21,9.4023
380,38,ok,4,7,3,True,True,41100,33,76,4,10.8637
389,38,ok,13,28,15,True,True,42175,28,28,13,10.6573
387,38,ok,4,12,8,True,True,41936,20,154,4,11.5428
390,38,ok,2,4,2,True,True,42295,14,110,2,10.6632
392,38,ok,4,12,8,True,True,42534,30,78,4,10.5401
394,38,ok,6,14,8,True,True,42773,20,45,6,9.4614
391,38,ok,16,50,34,True,True,42414,31,27,16,11.2251
395,38,ok,20,45,25,True,True,42893,29,27,20,9.7661
393,38,ok,5,13,8,True,True,42654,12,66,5,11.1878
396,38,ok,2,6,4,True,True,43013,13,542,2,10.8771
398,38,ok,4,8,4,True,True,43252,26,45,4,10.6708
399,38,ok,4,11,7,True,True,43372,17,59,4,11.1335
397,38,ok,37,98,61,True,True,43132,19,28,37,11.2831
401,38,ok,13,27,14,True,True,43612,42,24,13,10.7752
402,38,ok,2,5,3,True,True,43732,13,116,2,10.7168
400,38,ok,6,16,10,True,True,43492,24,80,6,11.3325
403,38,ok,16,40,24,True,True,43851,30,26,16,11.2217
405,38,ok,5,16,11,True,True,44091,9,160,5,11.1867
404,38,ok,6,13,7,True,True,43971,19,74,6,11.5532
406,38,ok,10,33,23,True,True,44211,14,43,10,11.8041
407,38,ok,12,29,17,True,True,44331,60,26,12,10.8694
408,38,ok,2,10,8,True,True,44451,15,212,2,10.5466
410,38,ok,4,15,11,True,True,44692,20,43,4,10.2856
409,38,ok,21,52,31,True,True,44572,32,26,21,11.8355
411,38,ok,4,8,4,True,True,44812,15,55,4,11.2589
413,38,ok,21,41,20,True,True,45052,22,27,21,11.2934
414,38,ok,2,6,4,True,True,45172,13,305,2,11.1913
412,38,ok,6,14,8,True,True,44932,19,72,6,12.1869
415,38,ok,28,82,54,True,True,45293,19,27,28,11.7094
417,38,ok,5,11,6,True,True,45533,14,66,5,11.6483
418,38,ok,6,19,13,True,True,45653,20,44,6,11.7194
416,38,ok,4,8,4,True,True,45413,31,84,4,12.4079
419,38,ok,12,24,12,True,True,45774,48,27,12,11.2727
422,38,ok,6,13,7,True,True,46135,26,49,6,12.082
421,38,ok,21,48,27,True,True,46015,26,26,21,12.5274
420,38,ok,2,7,5,True,True,45894,16,201,2,12.6584
423,38,ok,4,11,7,True,True,46255,19,157,4,12.2396
424,38,ok,10,27,17,True,True,46376,18,77,10,12.2917
425,38,ok,13,31,18,True,True,46496,45,27,13,12.9026
426,38,ok,2,4,2,True,True,46617,19,110,2,12.9077
428,38,ok,4,13,9,True,True,46858,36,80,4,11.2724
427,38,ok,16,44,28,True,True,46738,21,26,16,12.8219
429,38,ok,5,12,7,True,True,46979,11,63,5,12.6068
432,38,ok,2,9,7,True,True,47341,11,582,2,12.4377
431,38,ok,20,44,24,True,True,47220,31,32,20,12.5762
430,38,ok,6,17,11,True,True,47099,21,46,6,12.8555
434,38,ok,4,13,9,True,True,47582,19,44,4,12.8246
436,38,ok,6,18,12,True,True,47824,23,77,6,12.8893
433,38,ok,37,101,64,True,True,47461,20,27,37,13.487
435,38,ok,4,10,6,True,True,47703,20,63,4,13.4242
438,38,ok,2,5,3,True,True,48065,19,112,2,13.5544
439,38,ok,16,38,22,True,True,48186,37,27,16,14.1614
440,38,ok,6,15,9,True,True,48307,24,74,6,14.2824
437,38,ok,13,30,17,True,True,47945,31,28,13,14.8564
442,38,ok,10,29,19,True,True,48549,16,45,10,13.2321
444,38,ok,2,4,2,True,True,48791,19,204,2,12.9679
443,38,ok,12,33,21,True,True,48670,40,26,12,13.5009
441,38,ok,5,13,8,True,True,48428,18,160,5,14.0985
446,38,ok,4,7,3,True,True,49033,20,49,4,13.4496
447,38,ok,4,11,7,True,True,49154,17,61,4,13.3354
448,38,ok,6,17,11,True,True,49275,47,78,6,13.1317
445,38,ok,21,48,27,True,True,48912,25,30,21,14.0189
449,38,ok,21,45,24,True,True,49396,21,27,21,14.427
450,38,ok,2,8,6,True,True,49517,16,308,2,14.496
451,38,ok,28,81,53,True,True,49639,21,28,28,13.5354
453,38,ok,5,15,10,True,True,49881,17,64,5,13.5516
452,38,ok,4,9,5,True,True,49760,39,81,4,13.9081
454,38,ok,6,15,9,True,True,50002,20,49,6,13.9646
455,38,ok,12,25,13,True,True,50124,48,28,12,14.1761
456,38,ok,2,7,5,True,True,50245,14,196,2,13.6321
457,38,ok,21,55,34,True,True,50366,33,26,21,15.3951
458,38,ok,6,23,17,True,True,50487,19,52,6,15.2548
459,38,ok,4,14,10,True,True,50609,12,158,4,14.5981
460,38,ok,10,30,20,True,True,50730,18,81,10,14.4919
463,38,ok,16,40,24,True,True,51095,35,27,16,14.5984
461,38,ok,13,31,18,True,True,50852,40,29,13,14.8021
462,38,ok,2,8,6,True,True,50973,14,114,2,14.7613
464,38,ok,4,10,6,True,True,51216,17,85,4,15.6766
465,38,ok,5,17,12,True,True,51338,12,70,5,15.5103
466,38,ok,6,17,11,True,True,51459,38,44,6,15.8116
467,38,ok,20,52,32,True,True,51581,22,29,20,15.8432
468,38,ok,2,9,7,True,True,51702,12,588,2,15.1327
470,38,ok,4,12,8,True,True,51945,26,47,4,14.4763
469,38,ok,37,94,57,True,True,51824,16,29,37,15.9635
1,39,ok,38,38,0,True,True,84,2,3,38,0.0013
2,39,ok,8,9,1,True,True,141,4,7,8,0.0008
3,39,ok,6,11,5,True,True,204,3,12,6,0.0011
4,39,ok,12,19,7,True,True,271,6,10,12,0.0018
5,39,ok,14,22,8,True,True,341,9,7,14,0.0024
6,39,ok,4,7,3,True,True,413,3,27,4,0.0022
7,39,ok,22,37,15,True,True,488,9,8,22,0.0045
8,39,ok,12,18,6,True,True,564,6,15,12,0.0041
9,39,ok,6,10,4,True,True,642,6,47,6,0.0042
10,39,ok,20,38,18,True,True,721,7,14,20,0.0071
471,38,ok,4,9,5,True,True,52067,20,62,4,15.6641
11,39,ok,14,24,10,True,True,801,10,10,14,0.0067
12,39,ok,4,8,4,True,True,883,4,37,4,0.0061
13,39,ok,22,39,17,True,True,965,9,12,22,0.0105
14,39,ok,8,13,5,True,True,1048,16,15,8,0.0085
15,39,ok,6,15,9,True,True,1133,5,20,6,0.0096
16,39,ok,12,21,9,True,True,1217,9,15,12,0.0116
17,39,ok,22,34,12,True,True,1303,10,10,22,0.015
18,39,ok,4,8,4,True,True,1390,7,98,4,0.012
20,39,ok,8,11,3,True,True,1564,9,18,8,0.0152
19,39,ok,38,77,39,True,True,1477,7,12,38,0.0245
21,39,ok,6,12,6,True,True,1652,7,25,6,0.0157
22,39,ok,12,20,8,True,True,1741,9,21,12,0.0192
23,39,ok,14,27,13,True,True,1831,11,16,14,0.0209
24,39,ok,4,8,4,True,True,1920,7,44,4,0.02
25,39,ok,22,40,18,True,True,2011,11,14,22,0.0256
26,39,ok,12,19,7,True,True,2102,11,20,12,0.0262
27,39,ok,6,14,8,True,True,2193,7,65,6,0.0251
28,39,ok,20,43,23,True,True,2285,8,20,20,0.0354
29,39,ok,14,23,9,True,True,2377,17,14,14,0.0302
30,39,ok,4,7,3,True,True,2469,6,55,4,0.0303
31,39,ok,22,43,21,True,True,2562,10,11,22,0.0385
32,39,ok,8,19,11,True,True,2655,11,23,8,0.0374
33,39,ok,6,11,5,True,True,2749,7,32,6,0.0376
34,39,ok,12,25,13,True,True,2843,13,23,12,0.0442
35,39,ok,22,36,14,True,True,2937,14,14,22,0.051
36,39,ok,4,9,5,True,True,3032,8,139,4,0.0439
37,39,ok,38,73,35,True,True,3127,9,14,38,0.0656
38,39,ok,8,15,7,True,True,3222,15,24,8,0.0509
39,39,ok,6,9,3,True,True,3318,8,30,6,0.0513
40,39,ok,12,22,10,True,True,3414,12,22,12,0.0588
41,39,ok,14,25,11,True,True,3510,22,15,14,0.0626
42,39,ok,4,8,4,True,True,3607,7,58,4,0.0599
43,39,ok,22,35,13,True,True,3703,14,14,22,0.0699
44,39,ok,12,25,13,True,True,3800,15,25,12,0.0727
45,39,ok,6,15,9,True,True,3898,7,76,6,0.07
46,39,ok,20,40,20,True,True,3995,11,25,20,0.0869
47,39,ok,14,24,10,True,True,4093,19,17,14,0.0808
48,39,ok,4,6,2,True,True,4191,8,54,4,0.0798
472,38,ok,6,14,8,True,True,52189,27,77,6,16.1912
49,39,ok,22,48,26,True,True,4289,13,15,22,0.0977
473,38,ok,13,29,16,True,True,52310,43,30,13,16.0918
50,39,ok,8,14,6,True,True,4388,17,25,8,0.0897
51,39,ok,6,15,9,True,True,4487,12,34,6,0.0943
52,39,ok,12,29,17,True,True,4586,16,23,12,0.1009
54,39,ok,4,10,6,True,True,4784,7,160,4,0.1012
53,39,ok,22,39,17,True,True,4685,10,17,22,0.111
55,39,ok,38,85,47,True,True,4884,9,15,38,0.1485
56,39,ok,8,15,7,True,True,4984,15,27,8,0.1083
57,39,ok,6,12,6,True,True,5084,11,35,6,0.1154
58,39,ok,12,23,11,True,True,5184,12,27,12,0.1376
59,39,ok,14,23,9,True,True,5285,19,16,14,0.1368
60,39,ok,4,10,6,True,True,5385,8,61,4,0.1226
474,38,ok,2,7,5,True,True,52432,13,114,2,15.9486
61,39,ok,22,49,27,True,True,5486,13,16,22,0.1548
62,39,ok,12,21,9,True,True,5587,15,27,12,0.1651
64,39,ok,20,43,23,True,True,5790,13,28,20,0.1618
63,39,ok,6,11,5,True,True,5688,9,100,6,0.1756
65,39,ok,14,24,10,True,True,5891,22,19,14,0.1587
66,39,ok,4,10,6,True,True,5993,8,65,4,0.1571
68,39,ok,8,14,6,True,True,6197,20,26,8,0.1956
69,39,ok,6,19,13,True,True,6300,11,40,6,0.1923
67,39,ok,22,44,22,True,True,6095,14,16,22,0.2697
70,39,ok,12,23,11,True,True,6402,15,28,12,0.2372
71,39,ok,22,44,22,True,True,6505,11,17,22,0.2053
72,39,ok,4,11,7,True,True,6607,9,172,4,0.177
74,39,ok,8,19,11,True,True,6813,15,29,8,0.2005
475,38,ok,16,38,22,True,True,52554,32,29,16,16.3137
76,39,ok,12,21,9,True,True,7020,13,32,12,0.2116
75,39,ok,6,17,11,True,True,6917,12,40,6,0.2172
73,39,ok,38,99,61,True,True,6710,11,17,38,0.2988
77,39,ok,14,30,16,True,True,7124,19,18,14,0.223
78,39,ok,4,11,7,True,True,7227,10,70,4,0.2129
79,39,ok,22,48,26,True,True,7331,21,18,22,0.2509
81,39,ok,6,13,7,True,True,7539,9,104,6,0.2295
80,39,ok,12,24,12,True,True,7435,10,28,12,0.2465
82,39,ok,20,39,19,True,True,7644,11,28,20,0.2847
83,39,ok,14,30,16,True,True,7748,24,19,14,0.265
84,39,ok,4,8,4,True,True,7853,8,73,4,0.2454
85,39,ok,22,49,27,True,True,7957,14,19,22,0.2946
86,39,ok,8,16,8,True,True,8062,17,28,8,0.2887
87,39,ok,6,13,7,True,True,8167,9,51,6,0.2817
476,38,ok,6,17,11,True,True,52676,17,84,6,16.1014
88,39,ok,12,19,7,True,True,8272,16,32,12,0.2824
90,39,ok,4,7,3,True,True,8483,10,203,4,0.2836
89,39,ok,22,41,19,True,True,8377,17,22,22,0.3177
92,39,ok,8,19,11,True,True,8694,11,30,8,0.3492
94,39,ok,12,20,8,True,True,8906,14,32,12,0.3372
93,39,ok,6,14,8,True,True,8800,16,41,6,0.3505
95,39,ok,14,27,13,True,True,9012,20,20,14,0.3464
91,39,ok,38,87,49,True,True,8588,10,20,38,0.4826
479,38,ok,12,30,18,True,True,53041,28,30,12,16.1588
96,39,ok,4,8,4,True,True,9118,11,82,4,0.3392
97,39,ok,22,50,28,True,True,9224,18,20,22,0.3778
477,38,ok,5,13,8,True,True,52797,22,169,5,16.731
99,39,ok,6,22,16,True,True,9437,11,104,6,0.3688
98,39,ok,12,23,11,True,True,9330,19,37,12,0.3985
100,39,ok,20,48,28,True,True,9543,11,31,20,1.3912
102,39,ok,4,12,8,True,True,9757,8,75,4,1.3285
101,39,ok,14,36,22,True,True,9650,26,20,14,1.4004
104,39,ok,8,18,10,True,True,9971,28,34,8,1.3601
103,39,ok,22,55,33,True,True,9864,26,18,22,1.3919
478,38,ok,10,24,14,True,True,52919,16,46,10,17.8596
105,39,ok,6,12,6,True,True,10078,8,45,6,1.3679
106,39,ok,12,30,18,True,True,10185,15,32,12,1.3937
107,39,ok,22,43,21,True,True,10293,17,20,22,1.4241
480,38,ok,2,8,6,True,True,53163,14,211,2,16.3762
108,39,ok,4,11,7,True,True,10400,9,203,4,1.4442
110,39,ok,8,15,7,True,True,10615,22,31,8,0.4673
111,39,ok,6,13,7,True,True,10723,9,43,6,0.4923
112,39,ok,12,28,16,True,True,10831,15,36,12,0.4773
113,39,ok,14,32,18,True,True,10939,18,21,14,0.5103
114,39,ok,4,12,8,True,True,11047,9,79,4,0.4996
109,39,ok,38,78,40,True,True,10508,14,19,38,0.6309
115,39,ok,22,49,27,True,True,11155,21,21,22,0.5426
116,39,ok,12,28,16,True,True,11263,17,32,12,0.5168
117,39,ok,6,16,10,True,True,11372,11,108,6,0.5059
118,39,ok,20,52,32,True,True,11480,12,34,20,0.5718
119,39,ok,14,30,16,True,True,11589,29,18,14,0.5519
120,39,ok,4,9,5,True,True,11698,11,78,4,0.5301
122,39,ok,8,15,7,True,True,11915,24,33,8,0.5607
121,39,ok,22,47,25,True,True,11806,23,21,22,0.5893
123,39,ok,6,10,4,True,True,12024,11,45,6,0.6115
124,39,ok,12,25,13,True,True,12133,21,32,12,0.6056
126,39,ok,4,7,3,True,True,12352,12,210,4,0.591
125,39,ok,22,48,26,True,True,12242,17,22,22,0.6857
482,38,ok,4,13,9,True,True,53407,28,45,4,16.0552
128,39,ok,8,21,13,True,True,12570,19,31,8,0.6318
127,39,ok,38,84,46,True,True,12461,15,21,38,0.7308
129,39,ok,6,13,7,True,True,12680,11,48,6,0.6289
130,39,ok,12,25,13,True,True,12790,19,37,12,0.7045
131,39,ok,14,27,13,True,True,12899,19,21,14,0.684
132,39,ok,4,13,9,True,True,13009,10,90,4,0.6568
133,39,ok,22,48,26,True,True,13119,22,26,22,0.7241
134,39,ok,12,25,13,True,True,13229,17,33,12,0.7043
135,39,ok,6,16,10,True,True,13339,9,119,6,0.7191
481,38,ok,21,54,33,True,True,53285,27,29,21,17.3681
136,39,ok,20,51,31,True,True,13449,16,32,20,0.755
137,39,ok,14,27,13,True,True,13559,21,22,14,0.8846
138,39,ok,4,13,9,True,True,13670,11,86,4,0.752
140,39,ok,8,18,10,True,True,13890,26,36,8,0.7694
139,39,ok,22,47,25,True,True,13780,18,20,22,0.7903
483,38,ok,4,11,7,True,True,53529,19,62,4,16.735
141,39,ok,6,22,16,True,True,14001,11,46,6,0.7762
143,39,ok,22,45,23,True,True,14222,16,22,22,0.8401
144,39,ok,4,8,4,True,True,14333,13,217,4,0.8188
484,38,ok,6,15,9,True,True,53651,19,76,6,16.7343
142,39,ok,12,30,18,True,True,14111,18,36,12,0.985
145,39,ok,38,86,48,True,True,14444,15,23,38,0.953
147,39,ok,6,10,4,True,True,14666,16,45,6,0.8755
146,39,ok,8,19,11,True,True,14555,17,36,8,0.9153
486,38,ok,2,5,3,True,True,53895,15,316,2,16.2786
148,39,ok,12,27,15,True,True,14777,16,33,12,1.0504
149,39,ok,14,33,19,True,True,14888,21,21,14,1.0095
150,39,ok,4,11,7,True,True,14999,11,87,4,0.881
153,39,ok,6,19,13,True,True,15333,14,124,6,1.9286
152,39,ok,12,27,15,True,True,15222,19,33,12,1.9688
151,39,ok,22,56,34,True,True,15111,21,22,22,2.044
155,39,ok,14,32,18,True,True,15557,27,21,14,1.953
485,38,ok,21,51,30,True,True,53773,24,28,21,18.1928
154,39,ok,20,40,20,True,True,15445,15,34,20,2.1015
156,39,ok,4,11,7,True,True,15668,14,86,4,1.9388
157,39,ok,22,51,29,True,True,15780,19,27,22,2.0176
158,39,ok,8,19,11,True,True,15892,31,36,8,1.9858
159,39,ok,6,19,13,True,True,16004,14,47,6,2.0355
160,39,ok,12,39,27,True,True,16116,20,37,12,2.0496
162,39,ok,4,12,8,True,True,16340,13,231,4,2.0655
161,39,ok,22,43,21,True,True,16228,17,23,22,2.1582
487,38,ok,28,83,55,True,True,54017,32,27,28,18.0631
163,39,ok,38,99,61,True,True,16452,17,20,38,2.1753
165,39,ok,6,12,6,True,True,16677,14,50,6,2.1071
166,39,ok,12,32,20,True,True,16789,20,38,12,2.1322
164,39,ok,8,19,11,True,True,16564,20,37,8,2.256
167,39,ok,14,26,12,True,True,16902,28,22,14,1.149
170,39,ok,12,21,9,True,True,17239,22,33,12,1.1544
168,39,ok,4,15,11,True,True,17014,14,87,4,1.2582
169,39,ok,22,53,31,True,True,17127,24,23,22,1.2553
171,39,ok,6,17,11,True,True,17352,14,125,6,1.2578
173,39,ok,14,31,17,True,True,17578,22,22,14,1.2583
172,39,ok,20,50,30,True,True,17465,14,36,20,1.3021
174,39,ok,4,10,6,True,True,17691,9,86,4,1.2114
175,39,ok,22,56,34,True,True,17804,19,22,22,1.3362
176,39,ok,8,15,7,True,True,17917,24,36,8,1.2984
489,38,ok,5,12,7,True,True,54261,20,59,5,16.5801
177,39,ok,6,17,11,True,True,18030,11,51,6,1.307
178,39,ok,12,28,16,True,True,18143,17,37,12,1.3957
180,39,ok,4,8,4,True,True,18370,11,238,4,1.3045
488,38,ok,4,11,7,True,True,54139,36,80,4,17.3641
179,39,ok,22,48,26,True,True,18257,24,22,22,1.4978
182,39,ok,8,21,13,True,True,18597,28,36,8,1.3895
181,39,ok,38,99,61,True,True,18483,15,21,38,1.5049
183,39,ok,6,17,11,True,True,18710,12,52,6,1.458
184,39,ok,12,29,17,True,True,18824,15,36,12,1.461
185,39,ok,14,27,13,True,True,18937,26,24,14,1.5113
186,39,ok,4,13,9,True,True,19051,11,94,4,1.4434
188,39,ok,12,30,18,True,True,19279,18,36,12,1.5707
189,39,ok,6,16,10,True,True,19393,13,124,6,2.468
187,39,ok,22,58,36,True,True,19165,26,22,22,2.6476
191,39,ok,14,27,13,True,True,19621,22,23,14,2.5205
490,38,ok,6,22,16,True,True,54383,16,45,6,18.039
190,39,ok,20,55,35,True,True,19507,15,36,20,2.6228
192,39,ok,4,13,9,True,True,19735,11,86,4,2.5525
194,39,ok,8,21,13,True,True,19963,26,39,8,2.5799
193,39,ok,22,52,30,True,True,19849,21,27,22,2.6171
195,39,ok,6,17,11,True,True,20077,15,47,6,2.6118
492,38,ok,2,8,6,True,True,54627,12,203,2,17.8119
196,39,ok,12,28,16,True,True,20192,17,37,12,2.6357
491,38,ok,12,22,10,True,True,54505,25,28,12,18.4855
197,39,ok,22,44,22,True,True,20306,21,24,22,2.7886
198,39,ok,4,8,4,True,True,20420,12,241,4,2.7949
199,39,ok,38,92,54,True,True,20535,18,27,38,2.7651
202,39,ok,12,29,17,True,True,20879,19,37,12,2.6868
200,39,ok,8,18,10,True,True,20649,39,38,8,2.8838
201,39,ok,6,17,11,True,True,20764,12,53,6,2.8055
203,39,ok,14,32,18,True,True,20993,36,27,14,2.7124
204,39,ok,4,9,5,True,True,21108,10,90,4,2.8854
206,39,ok,12,32,20,True,True,21338,17,38,12,2.8188
205,39,ok,22,54,32,True,True,21223,24,24,22,2.8799
207,39,ok,6,16,10,True,True,21453,13,139,6,2.7969
494,38,ok,6,9,3,True,True,54871,19,46,6,18.9431
208,39,ok,20,55,35,True,True,21568,15,38,20,1.8929
209,39,ok,14,26,12,True,True,21683,36,23,14,1.9989
495,38,ok,4,10,6,True,True,54994,14,161,4,17.4581
210,39,ok,4,12,8,True,True,21798,12,91,4,1.9292
493,38,ok,21,58,37,True,True,54749,36,29,21,19.264
212,39,ok,8,20,12,True,True,22028,17,43,8,1.9037
211,39,ok,22,53,31,True,True,21913,26,23,22,1.9454
496,38,ok,10,27,17,True,True,55116,18,84,10,17.2742
213,39,ok,6,18,12,True,True,22143,16,55,6,2.0615
214,39,ok,12,31,19,True,True,22259,22,41,12,2.1713
215,39,ok,22,49,27,True,True,22374,19,28,22,2.7949
218,39,ok,8,16,8,True,True,22720,24,42,8,2.9192
497,38,ok,13,27,14,True,True,55238,40,28,13,18.2851
216,39,ok,4,13,9,True,True,22489,16,246,4,3.1698
219,39,ok,6,21,15,True,True,22836,13,52,6,2.9703
217,39,ok,38,91,53,True,True,22605,17,26,38,3.1999
498,38,ok,2,5,3,True,True,55360,15,117,2,18.2755
222,39,ok,4,10,6,True,True,23183,15,91,4,2.9829
220,39,ok,12,30,18,True,True,22952,25,41,12,3.033
221,39,ok,14,33,19,True,True,23067,32,22,14,3.173
225,39,ok,6,21,15,True,True,23531,14,140,6,3.0515
223,39,ok,22,52,30,True,True,23299,28,22,22,3.1546
226,39,ok,20,49,29,True,True,23646,16,43,20,3.1196
224,39,ok,12,32,20,True,True,23415,17,38,12,3.2087
228,39,ok,4,9,5,True,True,23878,14,97,4,3.1274
227,39,ok,14,31,17,True,True,23762,26,25,14,3.2332
229,39,ok,22,49,27,True,True,23995,26,24,22,3.2714
230,39,ok,8,21,13,True,True,24111,24,38,8,3.226
500,38,ok,4,9,5,True,True,55605,28,81,4,18.5179
232,39,ok,12,30,18,True,True,24343,22,38,12,3.2348
231,39,ok,6,17,11,True,True,24227,11,54,6,3.3586
499,38,ok,16,38,22,True,True,55483,24,27,16,18.9386
233,39,ok,22,50,28,True,True,24459,19,24,22,3.3169
234,39,ok,4,9,5,True,True,24576,14,257,4,3.3904
236,39,ok,8,16,8,True,True,24809,34,37,8,3.4357
238,39,ok,12,30,18,True,True,25042,16,38,12,3.4046
237,39,ok,6,11,5,True,True,24925,16,53,6,3.4675
239,39,ok,14,34,20,True,True,25158,46,24,14,3.4441
235,39,ok,38,92,54,True,True,24692,18,26,38,3.6066
240,39,ok,4,12,8,True,True,25275,13,98,4,3.4119
241,39,ok,22,51,29,True,True,25391,21,27,22,3.5995
242,39,ok,12,29,17,True,True,25508,18,44,12,2.9571
243,39,ok,6,18,12,True,True,25625,13,143,6,2.6772
245,39,ok,14,36,22,True,True,25858,25,23,14,2.7085
244,39,ok,20,52,32,True,True,25742,14,42,20,2.8491
246,39,ok,4,9,5,True,True,25975,14,94,4,2.7678
248,39,ok,8,17,9,True,True,26209,28,40,8,2.6748
249,39,ok,6,11,5,True,True,26326,16,53,6,2.7362
247,39,ok,22,61,39,True,True,26092,23,23,22,2.8766
250,39,ok,12,34,22,True,True,26443,21,43,12,3.537
251,39,ok,22,44,22,True,True,26561,24,25,22,3.8811
252,39,ok,4,9,5,True,True,26678,12,262,4,3.871
254,39,ok,8,21,13,True,True,26912,32,40,8,3.9916
253,39,ok,38,109,71,True,True,26795,14,23,38,4.114
255,39,ok,6,16,10,True,True,27030,15,53,6,4.0006
257,39,ok,14,30,16,True,True,27264,38,24,14,4.0104
256,39,ok,12,30,18,True,True,27147,21,38,12,4.0551
260,39,ok,12,24,12,True,True,27617,19,43,12,3.9559
258,39,ok,4,12,8,True,True,27382,12,105,4,4.2533
259,39,ok,22,47,25,True,True,27499,26,26,22,4.2343
261,39,ok,6,16,10,True,True,27734,12,134,6,4.2183
263,39,ok,14,35,21,True,True,27970,45,23,14,4.2536
264,39,ok,4,12,8,True,True,28087,11,101,4,4.1524
262,39,ok,20,59,39,True,True,27852,16,43,20,4.3676
266,39,ok,8,19,11,True,True,28323,21,40,8,4.2684
267,39,ok,6,14,8,True,True,28441,13,66,6,4.2658
265,39,ok,22,55,33,True,True,28205,27,22,22,4.4527
269,39,ok,22,55,33,True,True,28676,18,25,22,4.3388
268,39,ok,12,28,16,True,True,28558,23,39,12,4.3931
270,39,ok,4,11,7,True,True,28794,10,281,4,4.3218
271,39,ok,38,106,68,True,True,28912,17,23,38,4.698
272,39,ok,8,13,5,True,True,29030,33,40,8,4.3894
273,39,ok,6,15,9,True,True,29148,14,55,6,4.417
275,39,ok,14,30,16,True,True,29385,28,23,14,4.4164
276,39,ok,4,17,13,True,True,29503,11,103,4,4.4889
277,39,ok,22,42,20,True,True,29621,26,25,22,4.6412
274,39,ok,12,38,26,True,True,29267,31,42,12,5.8454
278,39,ok,12,25,13,True,True,29740,22,40,12,5.5573
281,39,ok,14,28,14,True,True,30095,42,24,14,4.8189
279,39,ok,6,23,17,True,True,29858,13,140,6,5.7171
280,39,ok,20,50,30,True,True,29976,20,40,20,5.7808
282,39,ok,4,11,7,True,True,30213,12,99,4,4.5428
283,39,ok,22,56,34,True,True,30332,21,26,22,5.0647
284,39,ok,8,26,18,True,True,30450,29,41,8,4.9656
285,39,ok,6,13,7,True,True,30569,16,54,6,4.9248
286,39,ok,12,33,21,True,True,30687,24,41,12,5.0166
288,39,ok,4,12,8,True,True,30925,12,293,4,4.7441
287,39,ok,22,58,36,True,True,30806,27,27,22,4.8655
291,39,ok,6,16,10,True,True,31281,13,59,6,4.8128
290,39,ok,8,18,10,True,True,31162,36,40,8,5.085
289,39,ok,38,91,53,True,True,31043,20,24,38,5.311
292,39,ok,12,29,17,True,True,31400,32,43,12,4.9959
293,39,ok,14,31,17,True,True,31519,23,25,14,5.0333
295,39,ok,22,46,24,True,True,31757,26,25,22,6.1819
294,39,ok,4,9,5,True,True,31638,13,103,4,6.4532
298,39,ok,20,56,36,True,True,32114,17,42,20,6.1331
299,39,ok,14,30,16,True,True,32233,24,23,14,6.1748
297,39,ok,6,17,11,True,True,31995,12,140,6,6.4574
300,39,ok,4,10,6,True,True,32352,11,107,4,6.3329
296,39,ok,12,31,19,True,True,31876,19,41,12,6.6387
301,39,ok,22,57,35,True,True,32471,25,26,22,6.4467
302,39,ok,8,17,9,True,True,32590,30,45,8,6.2879
305,39,ok,22,54,32,True,True,32948,20,25,22,6.3843
306,39,ok,4,10,6,True,True,33068,17,270,4,6.2198
303,39,ok,6,13,7,True,True,32710,12,59,6,6.6411
304,39,ok,12,30,18,True,True,32829,16,41,12,6.6601
309,39,ok,6,22,16,True,True,33426,11,59,6,5.7005
307,39,ok,38,107,69,True,True,33187,18,24,38,6.6251
310,39,ok,12,26,14,True,True,33546,21,43,12,5.8183
312,39,ok,4,14,10,True,True,33785,17,110,4,5.674
308,39,ok,8,17,9,True,True,33307,25,41,8,6.069
313,39,ok,22,49,27,True,True,33904,39,27,22,5.7186
311,39,ok,14,30,16,True,True,33665,30,24,14,6.0528
317,39,ok,14,32,18,True,True,34383,35,25,14,6.7043
314,39,ok,12,31,19,True,True,34024,20,46,12,6.9781
315,39,ok,6,20,14,True,True,34144,12,147,6,6.9936
316,39,ok,20,51,31,True,True,34263,22,49,20,7.021
318,39,ok,4,16,12,True,True,34503,17,101,4,6.8527
320,39,ok,8,23,15,True,True,34743,35,42,8,6.6875
319,39,ok,22,55,33,True,True,34623,27,24,22,7.1665
323,39,ok,22,61,39,True,True,35103,19,26,22,7.0229
322,39,ok,12,28,16,True,True,34983,33,43,12,7.1691
324,39,ok,4,11,7,True,True,35223,16,267,4,7.0656
321,39,ok,6,16,10,True,True,34863,15,59,6,7.4569
326,39,ok,8,18,10,True,True,35463,40,43,8,6.0572
327,39,ok,6,16,10,True,True,35583,17,57,6,5.9796
325,39,ok,38,106,68,True,True,35343,16,26,38,7.3591
329,39,ok,14,37,23,True,True,35823,35,25,14,7.3491
332,39,ok,12,28,16,True,True,36184,19,49,12,7.4592
333,39,ok,6,18,12,True,True,36305,12,155,6,7.3137
328,39,ok,12,28,16,True,True,35703,17,40,12,7.9681
330,39,ok,4,15,11,True,True,35944,13,101,4,7.9364
336,39,ok,4,8,4,True,True,36666,17,102,4,7.2083
335,39,ok,14,31,17,True,True,36545,54,25,14,7.2716
334,39,ok,20,51,31,True,True,36425,20,39,20,7.3237
331,39,ok,22,58,36,True,True,36064,30,24,22,8.234
337,39,ok,22,52,30,True,True,36786,20,24,22,7.6362
338,39,ok,8,20,12,True,True,36907,27,41,8,7.5895
342,39,ok,4,8,4,True,True,37389,23,284,4,8.8338
339,39,ok,6,14,8,True,True,37027,20,58,6,9.1598
343,39,ok,38,96,58,True,True,37510,15,27,38,8.8904
340,39,ok,12,30,18,True,True,37148,23,39,12,9.1404
341,39,ok,22,44,22,True,True,37269,24,26,22,9.3371
344,39,ok,8,17,9,True,True,37631,40,44,8,9.2057
348,39,ok,4,13,9,True,True,38114,13,109,4,7.8939
345,39,ok,6,18,12,True,True,37751,17,63,6,8.3431
351,39,ok,6,22,16,True,True,38476,14,146,6,7.878
349,39,ok,22,47,25,True,True,38235,29,25,22,8.4884
346,39,ok,12,32,20,True,True,37872,25,40,12,8.9509
350,39,ok,12,26,14,True,True,38356,20,43,12,8.4105
347,39,ok,14,30,16,True,True,37993,37,25,14,8.9112
354,39,ok,4,13,9,True,True,38839,14,105,4,8.1969
353,39,ok,14,31,17,True,True,38718,31,28,14,9.3913
357,39,ok,6,16,10,True,True,39203,13,59,6,9.3299
356,39,ok,8,18,10,True,True,39082,37,44,8,9.4848
352,39,ok,20,52,32,True,True,38597,19,45,20,10.1811
358,39,ok,12,28,16,True,True,39324,20,41,12,8.6997
355,39,ok,22,53,31,True,True,38961,31,27,22,10.4393
359,39,ok,22,48,26,True,True,39445,23,27,22,8.872
365,39,ok,14,32,18,True,True,40173,31,26,14,8.4885
362,39,ok,8,25,17,True,True,39809,34,41,8,8.875
366,39,ok,4,8,4,True,True,40294,18,105,4,8.5131
361,39,ok,38,101,63,True,True,39688,20,30,38,9.3002
360,39,ok,4,11,7,True,True,39566,15,302,4,9.4711
363,39,ok,6,16,10,True,True,39930,13,60,6,9.1657
364,39,ok,12,24,12,True,True,40052,27,46,12,10.5162
368,39,ok,12,28,16,True,True,40537,26,42,12,10.3139
370,39,ok,20,54,34,True,True,40780,18,44,20,9.0914
373,39,ok,22,46,24,True,True,41145,36,26,22,9.2626
369,39,ok,6,17,11,True,True,40659,16,153,6,11.2386
371,39,ok,14,34,20,True,True,40902,38,25,14,9.761
375,39,ok,6,19,13,True,True,41388,19,59,6,9.233
374,39,ok,8,21,13,True,True,41267,44,44,8,9.436
367,39,ok,22,55,33,True,True,40416,27,27,22,12.4504
376,39,ok,12,29,17,True,True,41510,22,47,12,9.3038
372,39,ok,4,6,2,True,True,41023,16,107,4,10.4346
378,39,ok,4,9,5,True,True,41754,14,285,4,9.9457
377,39,ok,22,55,33,True,True,41632,19,25,22,10.4189
380,39,ok,8,19,11,True,True,41997,47,44,8,10.6094
382,39,ok,12,35,23,True,True,42241,28,43,12,10.6353
384,39,ok,4,8,4,True,True,42485,17,103,4,9.2202
381,39,ok,6,16,10,True,True,42119,14,62,6,11.0233
379,39,ok,38,124,86,True,True,41876,20,27,38,11.3444
383,39,ok,14,37,23,True,True,42363,33,28,14,10.4985
385,39,ok,22,49,27,True,True,42607,21,25,22,10.9191
388,39,ok,20,56,36,True,True,42973,17,46,20,10.798
387,39,ok,6,18,12,True,True,42851,17,151,6,11.211
386,39,ok,12,29,17,True,True,42729,23,43,12,11.3785
390,39,ok,4,10,6,True,True,43217,28,107,4,10.8555
389,39,ok,14,33,19,True,True,43095,34,26,14,11.4281
392,39,ok,8,16,8,True,True,43462,32,46,8,10.8462
393,39,ok,6,13,7,True,True,43584,20,65,6,11.0595
396,39,ok,4,10,6,True,True,43951,13,288,4,10.6559
391,39,ok,22,68,46,True,True,43340,33,27,22,11.2924
394,39,ok,12,40,28,True,True,43706,25,46,12,11.1817
395,39,ok,22,60,38,True,True,43828,21,28,22,11.6527
398,39,ok,8,23,15,True,True,44195,32,48,8,11.0779
399,39,ok,6,17,11,True,True,44318,13,59,6,10.7225
397,39,ok,38,122,84,True,True,44073,16,29,38,11.864
401,39,ok,14,33,19,True,True,44563,55,28,14,11.1164
400,39,ok,12,31,19,True,True,44440,24,42,12,11.3757
403,39,ok,22,52,30,True,True,44808,29,28,22,11.4998
404,39,ok,12,33,21,True,True,44930,19,43,12,11.5962
402,39,ok,4,9,5,True,True,44685,14,107,4,11.8745
406,39,ok,20,52,32,True,True,45175,18,42,20,11.6357
408,39,ok,4,12,8,True,True,45421,16,107,4,10.5936
407,39,ok,14,30,16,True,True,45298,38,26,14,12.3646
405,39,ok,6,16,10,True,True,45053,21,154,6,13.1484
409,39,ok,22,52,30,True,True,45543,26,26,22,11.6811
411,39,ok,6,17,11,True,True,45789,13,63,6,11.6745
410,39,ok,8,21,13,True,True,45666,22,47,8,11.9059
412,39,ok,12,29,17,True,True,45912,16,44,12,12.0749
415,39,ok,38,94,56,True,True,46280,24,30,38,11.9942
414,39,ok,4,12,8,True,True,46157,16,306,4,12.2644
413,39,ok,22,54,32,True,True,46034,23,27,22,12.3927
416,39,ok,8,20,12,True,True,46403,28,44,8,12.0056
417,39,ok,6,17,11,True,True,46526,17,62,6,12.0828
418,39,ok,12,34,22,True,True,46649,18,46,12,12.0604
419,39,ok,14,35,21,True,True,46772,28,25,14,12.4222
420,39,ok,4,10,6,True,True,46895,18,107,4,12.2842
421,39,ok,22,58,36,True,True,47018,28,29,22,12.5437
422,39,ok,12,29,17,True,True,47141,19,52,12,12.7553
424,39,ok,20,56,36,True,True,47387,18,46,20,12.5567
425,39,ok,14,29,15,True,True,47510,37,29,14,12.4843
423,39,ok,6,15,9,True,True,47264,14,149,6,14.2408
426,39,ok,4,8,4,True,True,47633,15,111,4,13.9709
427,39,ok,22,58,36,True,True,47756,28,27,22,13.6145
428,39,ok,8,18,10,True,True,47879,34,44,8,13.2098
430,39,ok,12,33,21,True,True,48126,26,47,12,13.1417
429,39,ok,6,14,8,True,True,48003,18,62,6,13.4187
434,39,ok,8,22,14,True,True,48619,36,44,8,13.6636
432,39,ok,4,12,8,True,True,48372,13,297,4,14.424
433,39,ok,38,85,47,True,True,48496,17,27,38,13.9579
431,39,ok,22,52,30,True,True,48249,34,28,22,14.7441
435,39,ok,6,15,9,True,True,48742,11,66,6,14.1882
440,39,ok,12,35,23,True,True,49360,23,50,12,12.9246
436,39,ok,12,28,16,True,True,48866,24,45,12,14.6028
439,39,ok,22,49,27,True,True,49236,29,27,22,13.5039
437,39,ok,14,36,22,True,True,48989,43,26,14,14.6203
438,39,ok,4,13,9,True,True,49113,18,109,4,14.0992
441,39,ok,6,23,17,True,True,49483,14,164,6,14.4322
444,39,ok,4,12,8,True,True,49854,14,117,4,13.989
442,39,ok,20,58,38,True,True,49607,20,44,20,14.8306
446,39,ok,8,17,9,True,True,50101,25,43,8,14.7477
443,39,ok,14,31,17,True,True,49730,36,31,14,15.4059
448,39,ok,12,38,26,True,True,50349,24,44,12,13.426
445,39,ok,22,56,34,True,True,49978,35,30,22,16.017
450,39,ok,4,13,9,True,True,50596,15,300,4,13.3595
449,39,ok,22,59,37,True,True,50472,34,26,22,15.2433
447,39,ok,6,16,10,True,True,50225,14,59,6,16.4876
452,39,ok,8,17,9,True,True,50844,29,45,8,14.7741
451,39,ok,38,105,67,True,True,50720,18,28,38,15.4869
455,39,ok,14,40,26,True,True,51215,36,29,14,15.0388
458,39,ok,12,26,14,True,True,51587,24,45,12,14.8047
453,39,ok,6,16,10,True,True,50967,21,62,6,17.3219
456,39,ok,4,11,7,True,True,51339,13,121,4,15.9145
454,39,ok,12,30,18,True,True,51091,19,46,12,17.9598
459,39,ok,6,15,9,True,True,51711,14,158,6,16.0082
457,39,ok,22,63,41,True,True,51463,27,27,22,17.1351
460,39,ok,20,53,33,True,True,51835,19,46,20,15.8388
461,39,ok,14,33,19,True,True,51959,37,30,14,15.7409
462,39,ok,4,16,12,True,True,52083,11,113,4,15.1966
464,39,ok,8,21,13,True,True,52331,27,48,8,15.0817
465,39,ok,6,18,12,True,True,52455,19,59,6,15.6201
463,39,ok,22,51,29,True,True,52207,29,28,22,16.5103
467,39,ok,22,63,41,True,True,52704,32,28,22,15.5649
466,39,ok,12,25,13,True,True,52580,26,44,12,16.699
468,39,ok,4,9,5,True,True,52828,15,288,4,17.5005
469,39,ok,38,101,63,True,True,52952,19,28,38,17.5978
470,39,ok,8,19,11,True,True,53076,38,46,8,17.7244
1,40,ok,39,39,0,True,True,87,2,3,39,0.0013
2,40,ok,6,8,2,True,True,145,4,13,6,0.0008
3,40,ok,12,19,7,True,True,209,5,12,12,0.0014
4,40,ok,8,14,6,True,True,277,3,26,8,0.0017
5,40,ok,27,36,9,True,True,349,5,6,27,0.0033
6,40,ok,4,7,3,True,True,423,4,52,4,0.0032
7,40,ok,30,46,16,True,True,499,6,6,30,0.0053
8,40,ok,6,11,5,True,True,577,6,38,6,0.0037
9,40,ok,15,30,15,True,True,657,6,16,15,0.0058
10,40,ok,8,14,6,True,True,738,7,26,8,0.0053
11,40,ok,24,41,17,True,True,820,7,10,24,0.0086
12,40,ok,4,6,2,True,True,903,6,106,4,0.0061
13,40,ok,39,64,25,True,True,987,5,10,39,0.0138
14,40,ok,6,9,3,True,True,1072,9,24,6,0.0082
15,40,ok,12,22,10,True,True,1158,6,21,12,0.0126
16,40,ok,8,16,8,True,True,1245,6,49,8,0.0114
17,40,ok,27,45,18,True,True,1333,9,10,27,0.0168
18,40,ok,4,9,5,True,True,1421,7,69,4,0.0125
19,40,ok,30,57,27,True,True,1510,9,11,30,0.0219
20,40,ok,6,15,9,True,True,1599,7,55,6,0.0157
21,40,ok,15,34,19,True,True,1690,9,24,15,0.0205
22,40,ok,8,19,11,True,True,1780,7,32,8,0.0196
23,40,ok,24,50,26,True,True,1872,11,13,24,0.0276
24,40,ok,4,10,6,True,True,1963,7,155,4,0.0216
25,40,ok,39,81,42,True,True,2056,8,12,39,0.0385
26,40,ok,6,12,6,True,True,2148,10,32,6,0.0251
473,39,ok,14,36,22,True,True,53449,25,29,14,15.6385
27,40,ok,12,24,12,True,True,2242,8,25,12,0.0303
28,40,ok,8,14,6,True,True,2335,8,59,8,0.0305
29,40,ok,27,73,46,True,True,2429,11,12,27,0.0459
30,40,ok,4,11,7,True,True,2524,6,89,4,0.0316
32,40,ok,6,9,3,True,True,2714,11,59,6,0.0355
31,40,ok,30,57,27,True,True,2619,13,13,30,0.0515
33,40,ok,15,42,27,True,True,2810,11,26,15,0.0459
34,40,ok,8,15,7,True,True,2906,9,37,8,0.0503
35,40,ok,24,50,26,True,True,3002,12,12,24,0.0553
36,40,ok,4,8,4,True,True,3099,8,177,4,0.0493
38,40,ok,6,17,11,True,True,3293,11,34,6,0.0582
37,40,ok,39,98,59,True,True,3196,10,12,39,0.075
40,40,ok,8,18,10,True,True,3489,8,70,8,0.057
39,40,ok,12,25,13,True,True,3391,11,28,12,0.0675
42,40,ok,4,8,4,True,True,3686,7,92,4,0.0693
41,40,ok,27,61,34,True,True,3587,12,14,27,0.0766
44,40,ok,6,15,9,True,True,3884,9,63,6,0.0749
43,40,ok,30,66,36,True,True,3785,9,13,30,0.085
46,40,ok,8,18,10,True,True,4083,8,34,8,0.0759
45,40,ok,15,31,16,True,True,3983,11,29,15,0.0791
48,40,ok,4,10,6,True,True,4283,6,196,4,0.0825
47,40,ok,24,50,26,True,True,4183,17,14,24,0.0939
50,40,ok,6,14,8,True,True,4484,8,41,6,0.0863
49,40,ok,39,83,44,True,True,4384,10,14,39,0.1191
51,40,ok,12,27,15,True,True,4585,12,33,12,0.0975
52,40,ok,8,20,12,True,True,4686,8,75,8,0.0982
54,40,ok,4,10,6,True,True,4889,8,110,4,0.1031
53,40,ok,27,48,21,True,True,4788,17,14,27,0.1402
471,39,ok,6,20,14,True,True,53201,14,61,6,18.8014
472,39,ok,12,33,21,True,True,53325,25,43,12,17.003
56,40,ok,6,13,7,True,True,5093,13,69,6,0.1118
55,40,ok,30,65,35,True,True,4991,19,15,30,0.1357
57,40,ok,15,44,29,True,True,5195,8,33,15,0.1772
58,40,ok,8,13,5,True,True,5298,11,41,8,0.1199
60,40,ok,4,9,5,True,True,5503,10,213,4,0.1263
59,40,ok,24,51,27,True,True,5400,11,19,24,0.1624
62,40,ok,6,16,10,True,True,5709,14,47,6,0.1371
61,40,ok,39,86,47,True,True,5606,15,14,39,0.1852
63,40,ok,12,26,14,True,True,5813,17,34,12,0.1484
64,40,ok,8,15,7,True,True,5916,10,81,8,0.1486
474,39,ok,4,11,7,True,True,53574,13,115,4,16.8657
66,40,ok,4,11,7,True,True,6124,8,118,4,0.154
65,40,ok,27,63,36,True,True,6020,19,18,27,0.1984
67,40,ok,30,77,47,True,True,6228,12,15,30,0.1966
68,40,ok,6,14,8,True,True,6332,11,89,6,0.1798
69,40,ok,15,34,19,True,True,6437,9,37,15,1.0993
70,40,ok,8,18,10,True,True,6542,12,41,8,1.0967
71,40,ok,24,48,24,True,True,6646,12,15,24,1.1166
72,40,ok,4,10,6,True,True,6751,12,227,4,1.095
73,40,ok,39,90,51,True,True,6857,12,18,39,1.1804
74,40,ok,6,14,8,True,True,6962,13,46,6,0.215
75,40,ok,12,24,12,True,True,7067,14,38,12,0.2218
76,40,ok,8,19,11,True,True,7173,9,79,8,0.2202
77,40,ok,27,56,29,True,True,7279,15,18,27,0.2477
475,39,ok,22,50,28,True,True,53698,24,30,22,17.5199
78,40,ok,4,12,8,True,True,7385,10,111,4,0.2345
79,40,ok,30,82,52,True,True,7491,17,17,30,0.2795
80,40,ok,6,14,8,True,True,7597,14,88,6,0.2462
81,40,ok,15,35,20,True,True,7703,9,37,15,0.2656
82,40,ok,8,24,16,True,True,7810,11,45,8,0.2488
83,40,ok,24,45,21,True,True,7917,18,18,24,0.2854
84,40,ok,4,12,8,True,True,8023,10,228,4,0.2754
86,40,ok,6,15,9,True,True,8237,16,49,6,0.2638
477,39,ok,6,15,9,True,True,53947,17,158,6,17.1432
87,40,ok,12,25,13,True,True,8345,11,41,12,0.3004
88,40,ok,8,18,10,True,True,8452,10,77,8,0.2883
85,40,ok,39,108,69,True,True,8130,14,17,39,0.3855
89,40,ok,27,60,33,True,True,8559,14,17,27,0.3261
90,40,ok,4,13,9,True,True,8667,13,119,4,0.3205
91,40,ok,30,71,41,True,True,8775,12,18,30,0.3679
92,40,ok,6,13,7,True,True,8883,14,85,6,0.3624
94,40,ok,8,15,7,True,True,9099,12,45,8,0.3401
93,40,ok,15,36,21,True,True,8991,11,39,15,0.3524
95,40,ok,24,48,24,True,True,9207,16,17,24,0.3731
96,40,ok,4,11,7,True,True,9315,9,237,4,0.3275
479,39,ok,14,29,15,True,True,54196,36,30,14,17.159
97,40,ok,39,89,50,True,True,9424,16,18,39,0.4355
476,39,ok,12,23,11,True,True,53822,29,47,12,18.362
98,40,ok,6,14,8,True,True,9533,13,48,6,0.3812
99,40,ok,12,29,17,True,True,9641,19,43,12,0.4245
100,40,ok,8,22,14,True,True,9750,14,92,8,0.3782
102,40,ok,4,11,7,True,True,9968,9,130,4,0.3847
101,40,ok,27,55,28,True,True,9859,16,17,27,0.4352
104,40,ok,6,16,10,True,True,10187,21,88,6,0.398
103,40,ok,30,71,41,True,True,10077,18,19,30,0.4463
105,40,ok,15,35,20,True,True,10296,13,44,15,0.4543
106,40,ok,8,20,12,True,True,10406,10,57,8,0.4267
107,40,ok,24,47,23,True,True,10515,15,20,24,0.4806
108,40,ok,4,12,8,True,True,10625,11,227,4,0.485
110,40,ok,6,16,10,True,True,10845,15,51,6,0.4602
109,40,ok,39,93,54,True,True,10735,15,19,39,0.5262
111,40,ok,12,32,20,True,True,10955,18,42,12,0.4878
112,40,ok,8,23,15,True,True,11065,12,86,8,0.4728
113,40,ok,27,64,37,True,True,11176,19,18,27,0.5313
114,40,ok,4,15,11,True,True,11286,10,126,4,0.4961
115,40,ok,30,65,35,True,True,11396,14,19,30,0.5577
116,40,ok,6,13,7,True,True,11507,13,91,6,0.5247
117,40,ok,15,30,15,True,True,11618,15,47,15,0.559
118,40,ok,8,17,9,True,True,11729,11,54,8,0.5373
119,40,ok,24,54,30,True,True,11839,20,20,24,0.5851
120,40,ok,4,14,10,True,True,11950,11,252,4,0.5743
122,40,ok,6,18,12,True,True,12173,13,51,6,0.5608
121,40,ok,39,86,47,True,True,12062,17,18,39,0.6368
482,39,ok,8,21,13,True,True,54569,32,45,8,17.4903
481,39,ok,22,58,36,True,True,54445,31,29,22,17.6321
123,40,ok,12,27,15,True,True,12284,14,40,12,1.5463
478,39,ok,20,54,34,True,True,54071,17,44,20,19.9827
124,40,ok,8,23,15,True,True,12395,14,96,8,1.5598
125,40,ok,27,61,34,True,True,12507,17,20,27,1.5785
126,40,ok,4,11,7,True,True,12618,10,133,4,1.5944
128,40,ok,6,14,8,True,True,12842,14,92,6,1.5267
127,40,ok,30,63,33,True,True,12730,16,20,30,1.6658
129,40,ok,15,41,26,True,True,12954,13,39,15,1.6254
480,39,ok,4,14,10,True,True,54320,16,114,4,18.8215
130,40,ok,8,21,13,True,True,13066,16,59,8,1.6009
131,40,ok,24,53,29,True,True,13178,22,19,24,1.6584
483,39,ok,6,22,16,True,True,54694,16,67,6,17.8793
132,40,ok,4,11,7,True,True,13290,13,252,4,0.6728
134,40,ok,6,23,17,True,True,13514,12,50,6,0.7012
133,40,ok,39,93,54,True,True,13402,13,19,39,0.8211
137,40,ok,27,64,37,True,True,13852,22,22,27,0.7764
135,40,ok,12,36,24,True,True,13627,14,42,12,0.8769
136,40,ok,8,21,13,True,True,13739,12,99,8,0.8541
139,40,ok,30,64,34,True,True,14077,16,19,30,0.8231
140,40,ok,6,17,11,True,True,14190,17,104,6,0.8331
138,40,ok,4,11,7,True,True,13964,14,135,4,0.9195
141,40,ok,15,33,18,True,True,14303,14,43,15,0.811
143,40,ok,24,52,28,True,True,14529,19,21,24,0.8587
144,40,ok,4,11,7,True,True,14642,11,256,4,0.8162
146,40,ok,6,14,8,True,True,14868,17,58,6,0.8355
142,40,ok,8,19,11,True,True,14416,13,57,8,0.9993
147,40,ok,12,33,21,True,True,14982,15,44,12,0.8521
145,40,ok,39,109,70,True,True,14755,13,20,39,1.0671
148,40,ok,8,17,9,True,True,15095,18,96,8,1.0242
149,40,ok,27,62,35,True,True,15209,20,20,27,0.9221
485,39,ok,22,48,26,True,True,54943,27,27,22,16.858
152,40,ok,6,17,11,True,True,15550,17,114,6,0.924
151,40,ok,30,64,34,True,True,15436,21,20,30,1.1219
150,40,ok,4,11,7,True,True,15322,12,141,4,1.1452
153,40,ok,15,43,28,True,True,15664,13,42,15,1.0598
156,40,ok,4,11,7,True,True,16006,13,265,4,0.9476
484,39,ok,12,28,16,True,True,54818,29,46,12,18.9753
158,40,ok,6,18,12,True,True,16234,15,59,6,0.9957
157,40,ok,39,107,68,True,True,16120,17,22,39,1.1173
155,40,ok,24,55,31,True,True,15892,25,22,24,1.331
160,40,ok,8,28,20,True,True,16463,14,100,8,0.9984
154,40,ok,8,22,14,True,True,15778,16,56,8,1.3707
488,39,ok,8,14,6,True,True,55317,39,45,8,16.6263
159,40,ok,12,32,20,True,True,16348,16,45,12,1.415
164,40,ok,6,14,8,True,True,16921,14,97,6,1.0649
163,40,ok,30,65,35,True,True,16806,17,21,30,1.1258
162,40,ok,4,10,6,True,True,16692,10,148,4,1.213
161,40,ok,27,59,32,True,True,16577,20,22,27,1.3959
487,39,ok,38,93,55,True,True,55192,21,26,38,18.3165
165,40,ok,15,42,27,True,True,17036,19,48,15,2.1778
166,40,ok,8,16,8,True,True,17150,14,56,8,2.1493
167,40,ok,24,54,30,True,True,17265,21,24,24,2.2922
168,40,ok,4,10,6,True,True,17380,14,269,4,2.1907
170,40,ok,6,17,11,True,True,17610,14,58,6,2.1943
169,40,ok,39,95,56,True,True,17495,19,20,39,2.2845
171,40,ok,12,29,17,True,True,17725,17,47,12,2.129
172,40,ok,8,22,14,True,True,17841,11,103,8,2.1457
486,39,ok,4,14,10,True,True,55068,14,303,4,19.1977
174,40,ok,4,14,10,True,True,18071,10,154,4,2.2709
175,40,ok,30,86,56,True,True,18187,17,21,30,2.4242
176,40,ok,6,15,9,True,True,18302,18,111,6,2.1932
173,40,ok,27,63,36,True,True,17956,26,21,27,2.6111
178,40,ok,8,26,18,True,True,18533,12,56,8,2.2242
177,40,ok,15,41,26,True,True,18418,20,45,15,2.3159
179,40,ok,24,51,27,True,True,18649,24,23,24,2.4707
180,40,ok,4,12,8,True,True,18765,12,283,4,2.4296
182,40,ok,6,15,9,True,True,18996,14,55,6,1.3712
183,40,ok,12,30,18,True,True,19112,19,49,12,1.4118
184,40,ok,8,24,16,True,True,19228,13,106,8,1.5827
185,40,ok,27,60,33,True,True,19344,26,20,27,1.5098
181,40,ok,39,103,64,True,True,18880,18,21,39,2.8982
186,40,ok,4,11,7,True,True,19460,14,153,4,1.6534
187,40,ok,30,70,40,True,True,19577,17,21,30,1.6041
189,40,ok,15,39,24,True,True,19809,14,48,15,1.533
188,40,ok,6,23,17,True,True,19693,22,103,6,1.5581
190,40,ok,8,25,17,True,True,19925,16,61,8,1.5003
489,39,ok,6,15,9,True,True,55442,20,61,6,19.1323
490,39,ok,12,32,20,True,True,55566,39,44,12,19.1315
192,40,ok,4,13,9,True,True,20158,12,272,4,1.7041
191,40,ok,24,52,28,True,True,20042,25,21,24,1.8809
491,39,ok,14,35,21,True,True,55691,51,27,14,19.2348
194,40,ok,6,10,4,True,True,20392,17,62,6,1.6339
196,40,ok,8,21,13,True,True,20625,16,106,8,1.6228
193,40,ok,39,104,65,True,True,20275,17,20,39,1.9362
195,40,ok,12,32,20,True,True,20508,16,48,12,2.133
495,39,ok,6,15,9,True,True,56190,22,160,6,18.1909
197,40,ok,27,71,44,True,True,20742,17,25,27,2.724
492,39,ok,4,9,5,True,True,55816,15,104,4,20.3946
200,40,ok,6,12,6,True,True,21092,14,102,6,2.5782
198,40,ok,4,9,5,True,True,20859,12,154,4,2.682
494,39,ok,12,26,14,True,True,56065,21,46,12,19.1845
201,40,ok,15,48,33,True,True,21209,17,49,15,2.6939
199,40,ok,30,74,44,True,True,20976,17,23,30,2.8729
493,39,ok,22,53,31,True,True,55941,26,30,22,19.4065
203,40,ok,24,50,26,True,True,21444,25,20,24,2.7088
497,39,ok,14,35,21,True,True,56440,36,30,14,17.9717
202,40,ok,8,20,12,True,True,21327,17,58,8,2.8429
207,40,ok,12,32,20,True,True,21913,22,48,12,2.7493
204,40,ok,4,7,3,True,True,21561,15,312,4,2.9541
208,40,ok,8,27,19,True,True,22030,14,105,8,2.8048
206,40,ok,6,14,8,True,True,21795,14,59,6,2.8462
209,40,ok,27,69,42,True,True,22148,28,21,27,2.8676
210,40,ok,4,14,10,True,True,22265,16,156,4,2.7755
205,40,ok,39,102,63,True,True,21678,16,21,39,3.2866
211,40,ok,30,73,43,True,True,22383,17,21,30,3.0487
212,40,ok,6,17,11,True,True,22500,14,111,6,2.9137
214,40,ok,8,24,16,True,True,22736,14,61,8,3.0356
216,40,ok,4,16,12,True,True,22972,11,306,4,2.8891
213,40,ok,15,41,26,True,True,22618,18,49,15,3.1764
215,40,ok,24,61,37,True,True,22854,25,24,24,3.2288
498,39,ok,4,13,9,True,True,56565,11,117,4,18.8778
496,39,ok,20,57,37,True,True,56315,17,47,20,19.7261
221,40,ok,27,65,38,True,True,23562,23,23,27,2.2366
222,40,ok,4,7,3,True,True,23680,12,162,4,2.1411
219,40,ok,12,28,16,True,True,23325,21,52,12,2.3139
220,40,ok,8,18,10,True,True,23444,18,114,8,2.3652
217,40,ok,39,94,55,True,True,23090,22,21,39,3.4217
218,40,ok,6,11,5,True,True,23207,18,64,6,3.0907
224,40,ok,6,14,8,True,True,23916,22,111,6,2.2229
500,39,ok,8,19,11,True,True,56815,39,44,8,17.528
223,40,ok,30,83,53,True,True,23798,19,22,30,2.4208
225,40,ok,15,44,29,True,True,24035,20,48,15,2.2807
227,40,ok,24,60,36,True,True,24272,23,23,24,2.3156
228,40,ok,4,10,6,True,True,24390,11,309,4,2.2019
226,40,ok,8,21,13,True,True,24153,15,61,8,2.539
229,40,ok,39,110,71,True,True,24509,19,23,39,3.4029
231,40,ok,12,28,16,True,True,24746,19,50,12,3.2628
230,40,ok,6,14,8,True,True,24627,17,60,6,3.6896
234,40,ok,4,14,10,True,True,25102,13,162,4,3.467
236,40,ok,6,17,11,True,True,25340,16,112,6,3.4295
235,40,ok,30,71,41,True,True,25221,23,26,30,3.4666
233,40,ok,27,65,38,True,True,24983,19,22,27,3.5771
232,40,ok,8,25,17,True,True,24864,16,110,8,3.8672
238,40,ok,8,19,11,True,True,25578,16,62,8,3.6015
239,40,ok,24,59,35,True,True,25697,36,26,24,3.668
240,40,ok,4,14,10,True,True,25816,12,291,4,3.5744
241,40,ok,39,100,61,True,True,25935,16,24,39,3.6749
237,40,ok,15,39,24,True,True,25459,18,48,15,4.037
242,40,ok,6,13,7,True,True,26054,22,60,6,3.7959
243,40,ok,12,31,19,True,True,26173,20,50,12,3.8839
244,40,ok,8,29,21,True,True,26293,13,130,8,3.7462
499,39,ok,22,53,31,True,True,56690,36,26,22,20.8882
246,40,ok,4,15,11,True,True,26531,11,152,4,3.5943
245,40,ok,27,62,35,True,True,26412,19,23,27,3.7852
247,40,ok,30,82,52,True,True,26651,21,24,30,3.8367
249,40,ok,15,40,25,True,True,26890,14,50,15,3.74
248,40,ok,6,16,10,True,True,26770,14,115,6,3.9424
252,40,ok,4,15,11,True,True,27249,14,302,4,3.9363
250,40,ok,8,21,13,True,True,27009,14,62,8,4.0592
254,40,ok,6,21,15,True,True,27488,18,61,6,3.9101
256,40,ok,8,23,15,True,True,27728,15,118,8,3.8509
255,40,ok,12,28,16,True,True,27608,24,52,12,3.9873
257,40,ok,27,74,47,True,True,27847,19,21,27,3.9563
253,40,ok,39,93,54,True,True,27368,19,22,39,4.2956
251,40,ok,24,60,36,True,True,27129,24,24,24,4.6293
259,40,ok,30,77,47,True,True,28087,25,22,30,4.0184
260,40,ok,6,17,11,True,True,28207,21,121,6,3.9149
258,40,ok,4,13,9,True,True,27967,18,163,4,5.2352
264,40,ok,4,10,6,True,True,28688,15,312,4,3.9715
262,40,ok,8,19,11,True,True,28448,18,68,8,4.1788
263,40,ok,24,57,33,True,True,28568,29,22,24,4.2546
261,40,ok,15,42,27,True,True,28327,16,55,15,4.5319
265,40,ok,39,101,62,True,True,28808,21,27,39,4.514
267,40,ok,12,37,25,True,True,29049,15,54,12,4.3365
266,40,ok,6,14,8,True,True,28928,15,73,6,4.5805
268,40,ok,8,24,16,True,True,29169,23,128,8,4.2675
270,40,ok,4,18,14,True,True,29410,15,174,4,4.2091
269,40,ok,27,75,48,True,True,29289,24,23,27,4.5346
274,40,ok,8,24,16,True,True,29892,15,67,8,4.4731
276,40,ok,4,12,8,True,True,30134,15,327,4,4.4332
279,40,ok,12,32,20,True,True,30496,22,55,12,4.414
271,40,ok,30,78,48,True,True,29530,20,24,30,5.1405
272,40,ok,6,13,7,True,True,29651,16,116,6,5.0774
278,40,ok,6,24,18,True,True,30375,14,63,6,4.6719
273,40,ok,15,35,20,True,True,29772,18,49,15,4.9793
275,40,ok,24,55,31,True,True,30013,20,24,24,4.9894
277,40,ok,39,95,56,True,True,30254,24,24,39,4.8078
284,40,ok,6,18,12,True,True,31101,22,123,6,5.6265
281,40,ok,27,65,38,True,True,30738,23,22,27,5.8044
286,40,ok,8,27,19,True,True,31343,20,65,8,5.572
280,40,ok,8,28,20,True,True,30617,15,119,8,6.1549
285,40,ok,15,46,31,True,True,31222,16,57,15,5.798
283,40,ok,30,79,49,True,True,30980,21,26,30,5.9605
282,40,ok,4,10,6,True,True,30859,15,172,4,6.083
290,40,ok,6,14,8,True,True,31828,21,69,6,4.8582
289,40,ok,39,108,69,True,True,31706,21,24,39,4.9684
292,40,ok,8,19,11,True,True,32070,13,119,8,4.7742
287,40,ok,24,59,35,True,True,31464,30,24,24,6.5599
288,40,ok,4,12,8,True,True,31585,16,340,4,6.4024
291,40,ok,12,27,15,True,True,31949,19,59,12,5.3684
296,40,ok,6,17,11,True,True,32556,22,112,6,5.2492
294,40,ok,4,10,6,True,True,32313,14,169,4,5.6152
293,40,ok,27,71,44,True,True,32192,35,22,27,5.7589
298,40,ok,8,20,12,True,True,32799,17,63,8,5.1588
297,40,ok,15,32,17,True,True,32678,16,55,15,5.27
300,40,ok,4,12,8,True,True,33043,11,330,4,5.1156
295,40,ok,30,63,33,True,True,32435,24,23,30,5.9097
299,40,ok,24,54,30,True,True,32921,23,24,24,5.3976
301,40,ok,39,83,44,True,True,33164,19,23,39,6.4809
303,40,ok,12,31,19,True,True,33408,21,56,12,6.2607
302,40,ok,6,18,12,True,True,33286,21,71,6,6.2701
304,40,ok,8,34,26,True,True,33530,17,117,8,6.162
305,40,ok,27,66,39,True,True,33652,16,26,27,6.6229
310,40,ok,8,16,8,True,True,34262,20,74,8,6.4441
307,40,ok,30,73,43,True,True,33895,19,24,30,6.5824
306,40,ok,4,10,6,True,True,33774,12,174,4,7.0193
309,40,ok,15,39,24,True,True,34139,19,53,15,6.9855
311,40,ok,24,63,39,True,True,34384,22,26,24,5.5758
308,40,ok,6,16,10,True,True,34017,18,118,6,7.1713
312,40,ok,4,10,6,True,True,34506,11,339,4,5.7643
313,40,ok,39,109,70,True,True,34628,19,25,39,5.794
315,40,ok,12,33,21,True,True,34872,16,56,12,5.8197
314,40,ok,6,22,16,True,True,34750,27,69,6,5.9562
316,40,ok,8,20,12,True,True,34995,22,121,8,5.9006
318,40,ok,4,15,11,True,True,35239,15,177,4,5.7663
320,40,ok,6,14,8,True,True,35484,18,125,6,5.7019
317,40,ok,27,69,42,True,True,35117,23,24,27,7.6442
323,40,ok,24,59,35,True,True,35852,25,30,24,7.1512
319,40,ok,30,80,50,True,True,35362,37,24,30,7.8323
322,40,ok,8,26,18,True,True,35729,15,68,8,7.7735
321,40,ok,15,39,24,True,True,35607,15,60,15,7.8784
324,40,ok,4,13,9,True,True,35974,19,331,4,7.209
325,40,ok,39,99,60,True,True,36097,19,26,39,7.3158
327,40,ok,12,36,24,True,True,36342,19,53,12,7.2572
326,40,ok,6,17,11,True,True,36219,16,67,6,7.5438
329,40,ok,27,67,40,True,True,36587,29,26,27,7.2426
331,40,ok,30,80,50,True,True,36833,23,24,30,7.4404
328,40,ok,8,21,13,True,True,36465,17,120,8,7.7662
330,40,ok,4,12,8,True,True,36710,14,173,4,7.8853
333,40,ok,15,33,18,True,True,37079,19,55,15,6.4296
332,40,ok,6,14,8,True,True,36956,21,122,6,6.7577
335,40,ok,24,65,41,True,True,37325,23,25,24,6.3866
334,40,ok,8,22,14,True,True,37202,14,66,8,6.5359
338,40,ok,6,15,9,True,True,37694,23,65,6,7.3826
336,40,ok,4,9,5,True,True,37448,16,343,4,7.556
337,40,ok,39,113,74,True,True,37571,22,27,39,8.0981
342,40,ok,4,17,13,True,True,38186,12,167,4,7.4524
341,40,ok,27,69,42,True,True,38063,29,26,27,7.876
340,40,ok,8,18,10,True,True,37940,19,116,8,8.0976
339,40,ok,12,33,21,True,True,37817,24,60,12,8.2381
345,40,ok,15,39,24,True,True,38556,18,56,15,7.8082
343,40,ok,30,72,42,True,True,38309,21,24,30,8.212
346,40,ok,8,13,5,True,True,38679,26,76,8,8.2686
348,40,ok,4,7,3,True,True,38926,16,330,4,7.9268
347,40,ok,24,71,47,True,True,38803,38,25,24,8.3475
344,40,ok,6,15,9,True,True,38433,20,121,6,8.6081
349,40,ok,39,91,52,True,True,39050,22,23,39,8.139
351,40,ok,12,34,22,True,True,39296,30,52,12,8.234
350,40,ok,6,13,7,True,True,39173,15,67,6,8.7683
352,40,ok,8,31,23,True,True,39420,16,123,8,8.9173
353,40,ok,27,66,39,True,True,39544,27,25,27,8.8656
354,40,ok,4,11,7,True,True,39667,24,183,4,8.9372
355,40,ok,30,72,42,True,True,39791,23,25,30,8.7748
359,40,ok,24,55,31,True,True,40286,27,24,24,8.4806
360,40,ok,4,12,8,True,True,40409,19,334,4,8.3085
356,40,ok,6,20,14,True,True,39914,20,127,6,9.193
358,40,ok,8,24,16,True,True,40162,16,75,8,9.1189
357,40,ok,15,48,33,True,True,40038,18,61,15,9.3634
362,40,ok,6,16,10,True,True,40657,21,67,6,8.6957
361,40,ok,39,101,62,True,True,40533,17,29,39,10.1682
363,40,ok,12,29,17,True,True,40781,19,57,12,9.6636
365,40,ok,27,60,33,True,True,41029,25,24,27,9.6667
364,40,ok,8,22,14,True,True,40905,17,124,8,10.2315
368,40,ok,6,25,19,True,True,41401,23,126,6,9.1269
367,40,ok,30,73,43,True,True,41277,32,24,30,9.1701
370,40,ok,8,26,18,True,True,41649,18,70,8,8.7745
366,40,ok,4,11,7,True,True,41153,14,186,4,11.1551
371,40,ok,24,73,49,True,True,41773,24,26,24,9.034
374,40,ok,6,13,7,True,True,42146,26,70,6,9.0231
372,40,ok,4,11,7,True,True,41897,16,342,4,9.5022
375,40,ok,12,27,15,True,True,42270,24,56,12,9.2203
369,40,ok,15,44,29,True,True,41525,15,60,15,11.1632
377,40,ok,27,71,44,True,True,42518,28,24,27,10.1568
376,40,ok,8,31,23,True,True,42394,17,128,8,10.3089
378,40,ok,4,10,6,True,True,42643,23,176,4,10.2637
380,40,ok,6,10,4,True,True,42892,25,135,6,9.9619
373,40,ok,39,116,77,True,True,42021,25,26,39,11.4685
379,40,ok,30,72,42,True,True,42767,28,26,30,11.2039
382,40,ok,8,23,15,True,True,43141,17,74,8,9.2349
381,40,ok,15,33,18,True,True,43016,14,54,15,10.931
384,40,ok,4,10,6,True,True,43390,12,350,4,10.4456
387,40,ok,12,39,27,True,True,43763,22,55,12,10.3472
388,40,ok,8,29,21,True,True,43888,16,126,8,10.3779
383,40,ok,24,58,34,True,True,43265,27,26,24,11.3182
386,40,ok,6,18,12,True,True,43639,21,69,6,11.1273
385,40,ok,39,94,55,True,True,43514,18,24,39,11.5102
389,40,ok,27,60,33,True,True,44013,29,26,27,11.0239
390,40,ok,4,14,10,True,True,44137,17,190,4,10.9868
395,40,ok,24,64,40,True,True,44761,23,24,24,9.7581
391,40,ok,30,84,54,True,True,44262,29,25,30,11.4892
394,40,ok,8,27,19,True,True,44636,15,69,8,10.0859
393,40,ok,15,43,28,True,True,44512,15,56,15,10.2726
392,40,ok,6,20,14,True,True,44387,38,130,6,12.6609
398,40,ok,6,19,13,True,True,45136,22,73,6,10.8404
399,40,ok,12,34,22,True,True,45261,28,58,12,10.7241
396,40,ok,4,8,4,True,True,44886,19,357,4,11.6748
400,40,ok,8,21,13,True,True,45386,20,121,8,10.9792
401,40,ok,27,78,51,True,True,45511,26,28,27,11.1389
397,40,ok,39,97,58,True,True,45011,21,24,39,12.1102
402,40,ok,4,12,8,True,True,45636,17,203,4,11.0063
404,40,ok,6,23,17,True,True,45886,23,127,6,11.2912
406,40,ok,8,23,15,True,True,46137,20,72,8,10.0838
407,40,ok,24,58,34,True,True,46262,25,25,24,11.593
409,40,ok,39,98,59,True,True,46512,25,24,39,11.4608
408,40,ok,4,11,7,True,True,46387,14,339,4,11.606
403,40,ok,30,78,48,True,True,45761,27,26,30,13.504
412,40,ok,8,28,20,True,True,46888,21,136,8,11.4132
405,40,ok,15,44,29,True,True,46011,23,57,15,13.0598
411,40,ok,12,33,21,True,True,46763,21,58,12,12.4904
410,40,ok,6,14,8,True,True,46638,21,75,6,13.1885
414,40,ok,4,7,3,True,True,47139,11,192,4,11.8959
415,40,ok,30,84,54,True,True,47264,22,24,30,12.2002
416,40,ok,6,13,7,True,True,47390,24,125,6,12.147
413,40,ok,27,76,49,True,True,47014,30,27,27,14.36
420,40,ok,4,10,6,True,True,47892,21,345,4,12.3605
417,40,ok,15,42,27,True,True,47515,21,56,15,13.2237
422,40,ok,6,14,8,True,True,48143,23,70,6,12.2022
418,40,ok,8,28,20,True,True,47641,21,71,8,13.4352
423,40,ok,12,20,8,True,True,48269,31,60,12,12.5466
421,40,ok,39,114,75,True,True,48018,18,24,39,13.9522
419,40,ok,24,63,39,True,True,47766,25,27,24,14.5348
424,40,ok,8,23,15,True,True,48395,18,136,8,14.1389
425,40,ok,27,73,46,True,True,48520,21,26,27,14.0356
427,40,ok,30,79,49,True,True,48772,39,26,30,12.819
428,40,ok,6,13,7,True,True,48898,29,122,6,12.7753
430,40,ok,8,21,13,True,True,49149,19,73,8,12.6232
426,40,ok,4,10,6,True,True,48646,19,183,4,13.9815
429,40,ok,15,42,27,True,True,49023,20,59,15,15.2218
433,40,ok,39,108,69,True,True,49527,24,28,39,14.1432
431,40,ok,24,66,42,True,True,49275,35,25,24,14.477
434,40,ok,6,16,10,True,True,49653,26,75,6,14.3602
435,40,ok,12,36,24,True,True,49779,21,61,12,14.4336
432,40,ok,4,11,7,True,True,49401,15,346,4,15.395
437,40,ok,27,65,38,True,True,50031,27,24,27,13.6099
436,40,ok,8,27,19,True,True,49905,21,133,8,13.7802
438,40,ok,4,15,11,True,True,50157,12,198,4,13.8616
440,40,ok,6,16,10,True,True,50409,23,120,6,14.3933
439,40,ok,30,82,52,True,True,50283,28,28,30,16.048
441,40,ok,15,44,29,True,True,50535,21,56,15,16.1148
442,40,ok,8,19,11,True,True,50661,20,71,8,15.5477
444,40,ok,4,10,6,True,True,50914,20,359,4,14.1725
446,40,ok,6,16,10,True,True,51166,21,75,6,15.1806
443,40,ok,24,65,41,True,True,50787,26,25,24,18.3026
445,40,ok,39,124,85,True,True,51040,23,29,39,16.149
448,40,ok,8,26,18,True,True,51419,17,139,8,15.1892
450,40,ok,4,12,8,True,True,51671,18,201,4,14.8278
449,40,ok,27,66,39,True,True,51545,28,24,27,15.173
451,40,ok,30,72,42,True,True,51798,33,26,30,14.837
447,40,ok,12,30,18,True,True,51292,27,56,12,16.0567
452,40,ok,6,12,6,True,True,51924,20,135,6,16.2851
454,40,ok,8,22,14,True,True,52177,23,81,8,15.5958
456,40,ok,4,14,10,True,True,52430,20,363,4,15.4476
458,40,ok,6,10,4,True,True,52683,25,78,6,15.3037
453,40,ok,15,44,29,True,True,52051,19,57,15,17.0856
457,40,ok,39,108,69,True,True,52557,23,29,39,15.9323
455,40,ok,24,61,37,True,True,52304,30,27,24,16.7446
459,40,ok,12,27,15,True,True,52810,23,60,12,16.0137
460,40,ok,8,20,12,True,True,52936,19,128,8,15.9633
463,40,ok,30,83,53,True,True,53316,37,26,30,15.3755
462,40,ok,4,8,4,True,True,53190,17,192,4,15.7212
461,40,ok,27,75,48,True,True,53063,31,27,27,16.4058
465,40,ok,15,42,27,True,True,53570,19,59,15,16.4159
466,40,ok,8,24,16,True,True,53697,18,78,8,16.3553
467,40,ok,24,64,40,True,True,53823,24,26,24,15.6487
464,40,ok,6,19,13,True,True,53443,28,132,6,16.9424
468,40,ok,4,9,5,True,True,53950,16,355,4,17.0674
470,40,ok,6,16,10,True,True,54204,20,75,6,15.7999
469,40,ok,39,96,57,True,True,54077,21,26,39,17.7508
471,40,ok,12,34,22,True,True,54331,23,56,12,16.9407
472,40,ok,8,28,20,True,True,54458,13,133,8,16.237
473,40,ok,27,78,51,True,True,54585,29,26,27,18.4567
474,40,ok,4,11,7,True,True,54712,21,187,4,17.909
475,40,ok,30,82,52,True,True,54839,23,29,30,16.937
476,40,ok,6,17,11,True,True,54966,29,123,6,16.4245
478,40,ok,8,26,18,True,True,55220,14,77,8,17.5644
477,40,ok,15,33,18,True,True,55093,26,63,15,18.0173
479,40,ok,24,57,33,True,True,55347,32,28,24,17.682
480,40,ok,4,15,11,True,True,55474,14,344,4,17.7208
482,40,ok,6,12,6,True,True,55728,25,76,6,17.3196
481,40,ok,39,112,73,True,True,55601,21,27,39,17.9856
483,40,ok,12,33,21,True,True,55855,25,59,12,16.8525
484,40,ok,8,22,14,True,True,55983,15,132,8,16.7382
486,40,ok,4,15,11,True,True,56237,17,185,4,17.1609
485,40,ok,27,72,45,True,True,56110,34,25,27,17.9636
488,40,ok,6,21,15,True,True,56492,23,133,6,17.1274
487,40,ok,30,77,47,True,True,56364,36,26,30,17.5428
489,40,ok,15,44,29,True,True,56619,19,57,15,17.3029
490,40,ok,8,30,22,True,True,56746,15,77,8,17.1483
491,40,ok,24,53,29,True,True,56874,28,27,24,17.2138
492,40,ok,4,16,12,True,True,57001,18,375,4,15.6934
493,40,ok,39,107,68,True,True,57128,22,29,39,15.967
494,40,ok,6,15,9,True,True,57256,30,73,6,15.463
495,40,ok,12,44,32,True,True,57383,28,61,12,14.9214
496,40,ok,8,20,12,True,True,57511,27,137,8,14.9664
497,40,ok,27,61,34,True,True,57638,30,26,27,15.1414
498,40,ok,4,12,8,True,True,57766,20,190,4,14.964
499,40,ok,30,73,43,True,True,57893,25,27,30,13.8595
500,40,ok,6,11,5,True,True,58021,19,133,6,13.632
